Youtube,Link,ProjectName,Developer,AreaName,PropertyType,StartingPrice,ImageLink,"Lat,Lng",Language,Tours,PDF,RedSticker,Green Sticker,New/Hot,Free Sticker,Tags,LifeStyle,Handover,Payment Plan,Bedrooms,LinkRu,LinkAr
N/A,https://opr.ae/projects/apartments-and-penthouses-new-residential-complex-emaar-beachfront,New project by Emaar Properties,Emaar,Emaar Beachfront,"Apartments, Penthouses",3660000,https://cdn.opr.ae/upload/photo/Emaar%20beachfront%20new.jpg,"25.096429, 55.139774",EN,N/A,N/A,Coming Soon,N/A,N/A,N/A,N/A,"Dubai Luxury Living, Beachfront Living, Waterfront Living",Q3 2029,80/20 Payment Plan,"1BR, 2BR, 3BR, 4BR",https://opr.ae/ru/projects/apartments-and-penthouses-new-residential-complex-emaar-beachfront,https://opr.ae/ar/projects/apartments-and-penthouses-new-residential-complex-emaar-beachfront
N/A,https://opr.ae/projects/villas-and-mansions-new-phase-palm-jebel-ali-dubai,A new phase on Palm Jebel Ali,Nakheel,Palm Jebel Ali,Villas,18100000,https://cdn.opr.ae/upload/photo/Palm%20Jebel%20Ali%20%E2%80%94%20Dubai's%20New%20Magnificent%20Project.jpg,N/A,EN,N/A,https://cdn.opr.ae/upload/brochures/PJA_Brochure.pdf,80/20 Payment Plan,Coming Soon,N/A,N/A,N/A,Dubai Luxury Living,Q4 2028,80/20 Payment Plan,"5BR, 6BR",https://opr.ae/ru/projects/villas-and-mansions-new-phase-palm-jebel-ali-dubai,https://opr.ae/ar/projects/villas-and-mansions-new-phase-palm-jebel-ali-dubai
N/A,https://opr.ae/projects/bay-grove-residences-by-nakheel-properties-on-dubai-islands,Bay Grove Residences,Nakheel,Dubai Islands,"Apartments, Duplexes, Penthouses",1900000,https://cdn.opr.ae/upload/photo/Bay%20Grove%20Residences.jpg,"25.305331, 55.319754",EN,N/A,https://cdn.opr.ae/upload/brochures/BayGrove%20Phase%202%20Brochure.pdf,70/30 Payment Plan,N/A,N/A,N/A,N/A,"Dubai Luxury Living, Beachfront Living, Waterfront Living",Q3 2028,70/30 Payment Plan,"1BR, 2BR, 3BR, 4BR",https://opr.ae/ru/projects/bay-grove-residences-by-nakheel-properties-on-dubai-islands,https://opr.ae/ar/projects/bay-grove-residences-by-nakheel-properties-on-dubai-islands
N/A,https://opr.ae/projects/six-senses-residences-dubai-marina-by-select-group,Six Senses Residences⠀⠀,Select Group,Dubai Marina,"Apartments, Penthouses, Duplexes",5800000,https://cdn.opr.ae/photo/Six%20Senses%20Residences%202.jpg,"25.05216, 55.09013",EN,N/A,https://cdn.opr.ae/brochures/SixSensesResidencesDubaiMarinaBrochure.pdf,40/60 Payment Plan,HOT!,N/A,N/A,N/A,"Dubai Luxury Living, Branded Residences",Q3 2028,40/60 Payment Plan,"2BR, 3BR, 4BR, 5BR",https://opr.ae/ru/projects/six-senses-residences-dubai-marina-by-select-group,https://opr.ae/ar/projects/six-senses-residences-dubai-marina-by-select-group
N/A,https://opr.ae/projects/ellington-cove-ellington-properties-dubai-islands,Ellington Cove,Ellington Properties,Dubai Islands,"Studios, Apartments, Penthouses, Duplexes",N/A,https://cdn.opr.ae/upload/photo/Ellington%20Cove%20by%20Ellington%20Properties.jpg,"25.295976, 55.293030",EN,N/A,https://cdn.opr.ae/upload/brochures/Ellington%20Cove%20I%20-Slim%20Brochure.pdf,Coming Soon,N/A,N/A,N/A,N/A,Dubai Luxury Living,Q2 2028,70/30 Payment Plan,"1BR, 2BR, 3BR, 4BR",https://opr.ae/ru/projects/ellington-cove-ellington-properties-dubai-islands,https://opr.ae/ar/projects/ellington-cove-ellington-properties-dubai-islands
N/A,https://opr.ae/projects/apartments-penthouse-and-townhouses-rena-dubai-islands,Rena,Avenew Development,Dubai Islands,"Apartments, Penthouse, Townhouses",2500000,https://cdn.opr.ae/upload/photo/RENA.jpg,"25.322917, 55.323487",EN,N/A,https://cdn.opr.ae/upload/brochures/Rena%20by%20AVENEW%20Brochure.pdf,Coming Soon,N/A,N/A,N/A,N/A,"Beachfront Living, Waterfront Living",Q2 2027,60/40 Payment Plan,"1BR, 2BR, 3BR",https://opr.ae/ru/projects/apartments-penthouse-and-townhouses-rena-dubai-islands,https://opr.ae/ar/projects/apartments-penthouse-and-townhouses-rena-dubai-islands
N/A,https://opr.ae/projects/hillsedge-emaar-properties-dubai-hills-estate-dubai,Hillsedge,Emaar,Dubai Hills Estate,Apartments,1840000,https://cdn.opr.ae/upload/photo/HILLSEDGE.jpg,"25.114243, 55.253620",EN,N/A,https://cdn.opr.ae/upload/brochures/HILLSEDGE_DHE_BROCHURE.pdf,Coming Soon,N/A,N/A,N/A,N/A,Dubai Luxury Living,Q1 2029,80/20 Payment Plan,"1BR, 2BR",https://opr.ae/ru/projects/hillsedge-emaar-properties-dubai-hills-estate-dubai,https://opr.ae/ar/projects/hillsedge-emaar-properties-dubai-hills-estate-dubai
N/A,https://opr.ae/projects/apartments-riverside-views-damac-properties,Riverside Views,DAMAC,Riverside,Apartments,888000,https://cdn.opr.ae/upload/photo/Riverside%20Views.jpg,"24.977955, 55.232726",EN,N/A,https://cdn.opr.ae/upload/brochures/Riverside%20brochure-V4-1.pdf,Coming Soon,N/A,N/A,N/A,N/A,"Dubai Luxury Living, Waterfront Living, Beachfront Living, Branded Residences",N/A,N/A,"1BR, 2BR",https://opr.ae/ru/projects/apartments-riverside-views-damac-properties,https://opr.ae/ar/projects/apartments-riverside-views-damac-properties
N/A,https://opr.ae/projects/florine-beach-residences-sobha-realty-sobha-siniya-island,Florine Beach Residences,Sobha,Sobha Siniya Island (Umm Al Quwain),"Apartments, Duplexes",1210000,https://cdn.opr.ae/upload/photo/Florine%20Beach%20Residences.jpg,"25.609482, 55.632373",EN,N/A,https://cdn.opr.ae/upload/brochures/Florine%20Beach%20Residences%20Brochure.pdf,Coming Soon,N/A,N/A,N/A,N/A,"Beachfront Living, Waterfront Living",Q3 2028,60/40 Payment Plan,"1BR, 2BR, 3BR",https://opr.ae/ru/projects/florine-beach-residences-sobha-realty-sobha-siniya-island
N/A,https://opr.ae/projects/eden-hills-by-hh-development-in-mbr-city,Eden Hills,H&H Development,Dubai Hills Estate,"Land Plots, Villas",17500000,https://cdn.opr.ae/upload/photo/2024_11_13_Eden%20Hills%20Event_Presentation_Final-91.jpg,"25.106996, 55.267368",EN,N/A,https://cdn.opr.ae/upload/brochures/Eden%20Hills%20Event_Brochure.pdf,50/50 Payment Plan,Coming Soon,N/A,N/A,N/A,Green Nature Living,Q2 2027,50/50 Payment Plan,"5BR, 6BR",https://opr.ae/ru/projects/eden-hills-by-hh-development-in-mbr-city,https://opr.ae/ar/projects/eden-hills-by-hh-development-in-mbr-city
N/A,https://opr.ae/projects/damac-islands-by-damac-properties-in-dubailand,DAMAC Islands,DAMAC,Dubailand,"Villas, Townhouses",2600000,https://cdn.opr.ae/upload/photo/dubai%20islands.jpg,"25.024720, 55.290088",EN,N/A,N/A,Coming Soon,Special Offer,N/A,N/A,N/A,"Dubai Luxury Living, Beachfront Living, Waterfront Living",N/A,N/A,"4BR, 5BR, 6BR, 7BR",https://opr.ae/ru/projects/damac-islands-by-damac-properties-in-dubailand,https://opr.ae/ar/projects/damac-islands-by-damac-properties-in-dubailand
https://youtu.be/bFrmNNQw9Cs,https://opr.ae/projects/damac-bay-2-by-cavalli-apartments-in-dubai-harbour-for-sale,DAMAC Bay 2 by Cavalli,DAMAC,Dubai Harbour,Apartments,3300000,https://i.1.creatium.io/b7/17/1e/2b0f87de016c16f8daa267b6d5abd4279d/header.jpg,"25.092631, 55.143932",EN,N/A,https://cdn.opr.ae/brochures/damac-bay-2.pdf,80/20 Payment Plan,Special Offer,N/A,N/A,N/A,"Dubai Luxury Living, Waterfront Living, Beachfront Living, Branded Residences",N/A,80/20 Payment Plan,"1BR, 2BR, 3BR, 4BR, 5BR",https://opr.ae/ru/projects/damac-bay-2-by-cavalli-apartments-in-dubai-harbour-for-sale,https://opr.ae/ar/projects/damac-bay-2-by-cavalli-apartments-in-dubai-harbour-for-sale
https://youtu.be/A39x8Wz1un0,https://opr.ae/projects/damac-bay-by-cavalli-apartments-in-dubai-harbour-for-sale,DAMAC Bay by Cavalli,DAMAC,Dubai Harbour,Apartments,3300000,https://i.1.creatium.io/64/00/6c/6c6d0c0e7e4fd70a366b97f103b21f2fea/1161x832q8/header.jpg,"25.092631, 55.143932",EN,N/A,https://cdn.opr.ae/brochures/damac-bay.pdf,80/20 Payment Plan,N/A,N/A,N/A,N/A,"Dubai Luxury Living, Waterfront Living, Beachfront Living, Branded Residences",N/A,80/20 Payment Plan,N/A,https://opr.ae/ru/projects/damac-bay-by-cavalli-apartments-in-dubai-harbour-for-sale,https://opr.ae/ar/projects/damac-bay-by-cavalli-apartments-in-dubai-harbour-for-sale
N/A,https://opr.ae/projects/community-damac-properties,Riverside ,DAMAC,Dubai Investments Park,"Villas, Townhouses",1900000,https://cdn.opr.ae/upload/photo/Damac%20Riverside.jpg,"24.976160, 55.233197",EN,N/A,https://cdn.opr.ae/brochures/Riverside%20Presentation.pdf,70/30 Payment Plan,Coming Soon,N/A,N/A,N/A,Dubai Luxury Living,N/A,70/30 Payment Plan,"3BR, 4BR, 5BR",https://opr.ae/ru/projects/community-damac-properties,https://opr.ae/ar/projects/community-damac-properties
N/A,https://opr.ae/projects/townhouses-sun-city-complex-dubailand-dubai,Sun City,DAMAC,Dubailand,Townhouses,2720000,https://cdn.opr.ae/upload/photo/DAMAC%20SUN%20CITY%20PRESENTATION%20header.jpg,"25.024720, 55.290088",EN,N/A,https://cdn.opr.ae/upload/brochures/DAMAC%20SUN%20CITY%20BROCHURE_DIGITAL.pdf,75/25 Payment Plan,Coming Soon,N/A,N/A,N/A,Dubai Luxury Living,Q1 2028,75/25 Payment Plan,"4BR, 5BR",https://opr.ae/ru/projects/townhouses-sun-city-complex-dubailand-dubai,https://opr.ae/ar/projects/townhouses-sun-city-complex-dubailand-dubai
N/A,https://opr.ae/projects/violet-by-damac-properties-in-damac-hills-2,Violet,DAMAC,DAMAC Hills 2,Townhouses,1870000,https://cdn.opr.ae/upload/photo/VIOLET.jpg,"24.986125, 55.390200",EN,N/A,https://cdn.opr.ae/upload/brochures/D2%20-%20VIOLET%20-%20BROCHURE%20(EN).pdf,70/30 Payment Plan,Coming Soon,N/A,N/A,N/A,Green Nature Living,Q3 2026,70/30 Payment Plan,4BR,https://opr.ae/ru/projects/violet-by-damac-properties-in-damac-hills-2,https://opr.ae/ar/projects/violet-by-damac-properties-in-damac-hills-2
N/A,https://opr.ae/projects/nawayef-park-views-modon-properties-hudayriyat-island-abu-dhabi,Nawayef Park Views,Modon,Hudayriyat Island (Abu Dhabi Emirate),Apartments,2000000,https://cdn.opr.ae/upload/photo/Nawayef%20Park%20Views.jpg,"24.414005, 54.353670",EN,N/A,https://cdn.opr.ae/upload/brochures/Nawayef%20Park%20Views%20Without%20Floorplans%20by%20Modon.pdf,Coming Soon,N/A,N/A,N/A,N/A,"Beachfront Living, Waterfront Living",Q1 2028,60/40 Payment Plan,"1BR, 2BR, 3BR, 4BR",https://opr.ae/ru/projects/nawayef-park-views-modon-properties-hudayriyat-island-abu-dhabi,https://opr.ae/ar/projects/nawayef-park-views-modon-properties-hudayriyat-island-abu-dhabi
N/A,https://opr.ae/projects/fortune-bay-residences-topero-properties-al-marjan-island-ras-al-khaimah,Fortune Bay Residences,Topero Properties,Al Marjan Island (Ras Al Khaimah Emirate),Apartments,2500000,https://cdn.opr.ae/upload/photo/Fortune%20Bay%20Residences%20by%20Topero%20Properties.jpg,"25.674608, 55.740740",EN,N/A,https://cdn.opr.ae/upload/brochures/Fortune%20Bay%20Residences.pdf,Coming Soon,N/A,N/A,N/A,N/A,"Beachfront Living, Waterfront Living",Q4 2026,70/30 Payment Plan,"1BR, 2BR, 3BR",https://opr.ae/ru/projects/fortune-bay-residences-topero-properties-al-marjan-island-ras-al-khaimah,https://opr.ae/ar/projects/fortune-bay-residences-topero-properties-al-marjan-island-ras-al-khaimah
N/A,https://opr.ae/projects/orise-beyond-dubai-maritime-city-dubai,Orise,BEYOND,Dubai Maritime City,"Apartments, Penthouses, Chalets",1900000,https://cdn.opr.ae/upload/photo/ORISE.jpg,"25.273898, 55.266946",EN,N/A,https://cdn.opr.ae/upload/brochures/ORISE%20BROCHURE.pdf,Coming Soon,N/A,N/A,N/A,N/A,"Beachfront Living, Waterfront Living",Q1 2028,50/50 Payment Plan,"1BR, 2BR, 3BR, 4BR",https://opr.ae/ru/projects/orise-beyond-dubai-maritime-city-dubai,https://opr.ae/ar/projects/orise-beyond-dubai-maritime-city-dubai
N/A,https://opr.ae/projects/liv-maritime-liv-developers-dubai-maritime-city-dubai,LIV Maritime,LIV Developers,Dubai Maritime City,"Apartments, Townhouses, Duplexes",1500000,https://cdn.opr.ae/upload/photo/LIV%20Maritime.jpg,"25.270627, 55.268945",EN,N/A,https://cdn.opr.ae/upload/brochures/LIV%20Maritime%20Brochure.pdf,Coming Soon,N/A,N/A,N/A,N/A,"Beachfront Living, Waterfront Living",Q4 2028,45/55 Payment Plan,"1BR, 2BR, 3BR",https://opr.ae/ru/projects/liv-maritime-liv-developers-dubai-maritime-city-dubai,https://opr.ae/ar/projects/liv-maritime-liv-developers-dubai-maritime-city-dubai
N/A,https://opr.ae/projects/farm-grove-emaar-properties-valley,Farm Grove,Emaar,The Valley,Villas,4440000,https://cdn.opr.ae/upload/photo/Farm%20Grove%20by%20Emaar%20Properties.jpg,"25.018754, 55.439237",EN,N/A,https://cdn.opr.ae/upload/brochures/FARM%20GROVE%20THE%20VALLEY%20BROCHURE-1.pdf,Coming Soon,N/A,N/A,N/A,N/A,Dubai Luxury Living,Q4 2028,80/20 Payment Plan,"4BR, 5BR",https://opr.ae/ru/projects/farm-grove-emaar-properties-valley,https://opr.ae/ar/projects/farm-grove-emaar-properties-valley
N/A,https://opr.ae/projects/valores-residences-valores-development-al-furjan-dubai,Valores Residences,Valores Development,Al Furjan,Apartments,880000,https://cdn.opr.ae/upload/photo/Valores.jpg,"25.018123, 55.128132",EN,N/A,https://cdn.opr.ae/upload/brochures/Valores_Factsheet_OnePage_V14.pdf,Coming Soon,N/A,N/A,N/A,N/A,Dubai Luxury Living,Q3 2027,55/45 Payment Plan,"1BR, 2BR, 3BR",https://opr.ae/ru/projects/valores-residences-valores-development-al-furjan-dubai,https://opr.ae/ar/projects/valores-residences-valores-development-al-furjan-dubai
N/A,https://opr.ae/projects/cotier-house-imtiaz-developments-dubai-islands,Côtier House,Imtiaz,Dubai Islands,"Apartments, Townhouses, Duplexes",2400000,https://cdn.opr.ae/upload/photo/C%C3%B4tier%20House%20by%20Imtiaz%20Developments.jpg,"25.287444, 55.294041",EN,N/A,N/A,Coming Soon,N/A,N/A,N/A,N/A,Dubai Luxury Living,Q1 2027,N/A,"1BR, 2BR, 3BR, 4BR",https://opr.ae/ru/projects/cotier-house-imtiaz-developments-dubai-islands,https://opr.ae/ar/projects/cotier-house-imtiaz-developments-dubai-islands
N/A,https://opr.ae/projects/trump-tower-jeddah-dar-global-jeddah,Trump Tower Jeddah,DarGlobal,Jeddah (Saudi Arabia),"Apartments, Penthouses",2000000,https://cdn.opr.ae/upload/photo/Trump%20Tower%20Jeddah.jpg,N/A,EN,N/A,https://cdn.opr.ae/upload/brochures/Trump%20Tower%20Jeddah%20Brochure.pdf,Coming Soon,N/A,N/A,N/A,N/A,"Beachfront Living, Waterfront Living",Q4 2029,90/10 Payment Plan,"1BR, 2BR, 3BR, 4BR",https://opr.ae/ru/projects/trump-tower-jeddah-dar-global-jeddah,https://opr.ae/ar/projects/trump-tower-jeddah-dar-global-jeddah
N/A,https://opr.ae/projects/essenl1fe-residence-object-1-jumeirah-village-triangle-dubai,ESSENL1FE Residence,Object One,Jumeirah Village Triangle (JVT),"Studios, Apartments",1200000,https://cdn.opr.ae/upload/photo/ESSENL1FE%20Residence%20by%20Object%201.jpg,"25.039784, 55.183283",EN,N/A,https://cdn.opr.ae/upload/brochures/ESSENL1FE_Brochure_mpp.pdf,Coming Soon,N/A,N/A,N/A,N/A,Dubai Luxury Living,Q4 2027,60/40 Payment Plan,"1BR, 2BR",https://opr.ae/ru/projects/essenl1fe-residence-object-1-jumeirah-village-triangle-dubai,https://opr.ae/ar/projects/essenl1fe-residence-object-1-jumeirah-village-triangle-dubai
N/A,https://opr.ae/projects/bo-monde-majid-al-futtaim-tilal-al-ghaf-dubai,BO MONDE,Majid Al Futtaim,Tilal Al Ghaf,Mansions,32000000,https://cdn.opr.ae/upload/photo/BO%20MONDE%20by%20Majid%20Al%20Futtaim.jpg,"25.023337, 55.176163",EN,N/A,https://cdn.opr.ae/upload/brochures/TAG%20-%20Bo%20Monde%20Brochure%20ENG.pdf,Coming Soon,N/A,N/A,N/A,N/A,Green Nature Living,N/A,N/A,"5BR, 6BR",https://opr.ae/ru/projects/bo-monde-majid-al-futtaim-tilal-al-ghaf-dubai,https://opr.ae/ar/projects/bo-monde-majid-al-futtaim-tilal-al-ghaf-dubai
N/A,https://opr.ae/projects/gem-residences-eagle-hills-maryam-island-sharjah,GEM Residences,Eagle Hills,Maryam Island (Sharjah Emirate),"Apartments, Penthouses, Townhouses",888000,https://cdn.opr.ae/upload/photo/GEM%20Residences%20by%20Eagle%20Hills.jpg,"25.323416, 55.363085",EN,N/A,https://cdn.opr.ae/upload/brochures/GEM%20Leaflet%20A4.pdf,Coming Soon,N/A,N/A,N/A,N/A,"Beachfront Living, Waterfront Living",Q4 2027,30/70 Payment Plan,"1BR, 2BR, 3BR, 4BR",https://opr.ae/ru/projects/gem-residences-eagle-hills-maryam-island-sharjah,https://opr.ae/ar/projects/gem-residences-eagle-hills-maryam-island-sharjah
N/A,https://opr.ae/projects/marina-place-emaar-properties-rashid-yachts-marina,Marina Place,Emaar,Rashid Yachts & Marina,"Apartments, Townhouses",2080000,https://cdn.opr.ae/upload/photo/Marina%20Place%20by%20Emaar%20Properties.jpg,"25.258699, 55.279785",EN,N/A,https://cdn.opr.ae/upload/brochures/BROCHURE%20MARINA%20PLACE%20RYM%20.pdf,Coming Soon,N/A,N/A,N/A,N/A,Dubai Luxury Living,Q4 2028,80/20 Payment Plan,"1BR, 2BR, 3BR",https://opr.ae/ru/projects/marina-place-emaar-properties-rashid-yachts-marina,https://opr.ae/ar/projects/marina-place-emaar-properties-rashid-yachts-marina
N/A,https://opr.ae/projects/skyvue-solair-sobha-realty-sobha-hartland-2,Skyvue Solair,Sobha,Sobha Hartland II,"Apartments, Full floors",1300000,https://cdn.opr.ae/upload/photo/Skyvue%20Solair%20by%20Sobha%20Realty.jpg,"25.172164, 55.332149",EN,N/A,https://cdn.opr.ae/upload/brochures/SKYVUE%20SOLAIR-%20OPP%20DOC.pdf,Coming Soon,N/A,N/A,N/A,N/A,Dubai Luxury Living,N/A,60/40 Payment Plan,"1BR, 2BR, 3BR",https://opr.ae/ru/projects/skyvue-solair-sobha-realty-sobha-hartland-2,https://opr.ae/ar/projects/skyvue-solair-sobha-realty-sobha-hartland-2
N/A,https://opr.ae/projects/apartments-and-penthouses-mandarin-oriental-residences-saadiyat-cultural-district,Mandarin Oriental Residences,Aldar,Saadiyat Island (Abu Dhabi Emirate),"Apartments, Penthouses",6200000,https://cdn.opr.ae/upload/photo/Mandarin%20Oriental%20Residences.jpg,"24.534743, 54.432559",EN,N/A,N/A,Coming Soon,N/A,N/A,N/A,N/A,Green Nature Living,Q3 2028,65/35 Payment Plan,"1BR, 2BR, 3BR, 4BR, 5BR",https://opr.ae/ru/projects/apartments-and-penthouses-mandarin-oriental-residences-saadiyat-cultural-district,https://opr.ae/ar/projects/apartments-and-penthouses-mandarin-oriental-residences-saadiyat-cultural-district
N/A,https://opr.ae/projects/studios-and-apartments-binghatti-elite-dubai-production-city,Binghatti Elite,Binghatti,Dubai Production City,"Studios, Apartments",616000,https://cdn.opr.ae/upload/photo/Binghatti%20Elite.jpg,"25.038761, 55.190574",EN,N/A,https://cdn.opr.ae/upload/brochures/Binghatti%20Elite_brochure_mpp.pdf,Coming Soon,N/A,N/A,N/A,N/A,Dubai Luxury Living,Q2 2026,70/30 Payment Plan,"Studios,1BR",https://opr.ae/ru/projects/studios-and-apartments-binghatti-elite-dubai-production-city,https://opr.ae/ar/projects/studios-and-apartments-binghatti-elite-dubai-production-city
N/A,https://opr.ae/projects/offices-and-commercial-half-and-full-floors-one-barsha-heights,The One,Prestige One Developments,Barsha Heights,"Offices, Commercial Half and Full floors",13540800,https://cdn.opr.ae/upload/photo/The%20One.jpg,"25.098899, 55.176259",EN,N/A,https://cdn.opr.ae/upload/brochures/Brochure_THE%20ONE.pdf,Coming Soon,N/A,N/A,N/A,N/A,Dubai Luxury Living,Q4 2026,70/30 Payment Plan,Commercial property,https://opr.ae/ru/projects/offices-and-commercial-half-and-full-floors-one-barsha-heights,https://opr.ae/ar/projects/offices-and-commercial-half-and-full-floors-one-barsha-heights
N/A,https://opr.ae/projects/apartments-duplexes-penthouses-and-chalets-on-la-mazzoni-on-al-marjan-island,La Mazzoni,The Luxe Developers,Al Marjan Island (Ras Al Khaimah Emirate),"Apartments, Duplex Penthouses, Chalets",2000000,https://cdn.opr.ae/upload/photo/La%20Mazzoni.jpg,"25.691458, 55.738878",EN,N/A,https://cdn.opr.ae/upload/brochures/La%20Mazzoni-Brochure.pdf,Coming Soon,N/A,N/A,N/A,N/A,"Beachfront Living, Waterfront Living",Q4 2028,70/30 Payment Plan,"1BR, 2BR, 3BR, 4BR, 5BR",https://opr.ae/ru/projects/apartments-duplexes-penthouses-and-chalets-on-la-mazzoni-on-al-marjan-island,https://opr.ae/ar/projects/apartments-duplexes-penthouses-and-chalets-on-la-mazzoni-on-al-marjan-island
N/A,https://opr.ae/projects/apartments-and-duplexes-in-lexington-in-town-square-dubai,Lexington,NSHAMA,Town Square Dubai,"Apartments, Duplexes",916000,https://cdn.opr.ae/upload/photo/Lexington.jpg,"25.003432, 55.287596",EN,N/A,https://cdn.opr.ae/upload/brochures/Lexington-Brochure.pdf,Coming Soon,N/A,N/A,N/A,N/A,Dubai Luxury Living,Q3 2027,50/50 Payment Plan,"1BR, 2BR, 3BR",https://opr.ae/ru/projects/apartments-and-duplexes-in-lexington-in-town-square-dubai,https://opr.ae/ar/projects/apartments-and-duplexes-in-lexington-in-town-square-dubai
N/A,https://opr.ae/projects/studios-and-apartments-in-cove-edition-3-in-dubailand,Cove Edition 3,Imtiaz,Dubailand,"Studios, Apartments",905000,https://cdn.opr.ae/upload/photo/Cove.jpg,"25.098496, 55.373793",EN,N/A,https://cdn.opr.ae/upload/brochures/Cove%20Edition%20Broxhure.pdf,Coming Soon,N/A,N/A,N/A,N/A,Dubai Luxury Living,Q4 2026,50/50 Payment Plan,"1BR, 2BR",https://opr.ae/ru/projects/studios-and-apartments-in-cove-edition-3-in-dubailand,https://opr.ae/ar/projects/studios-and-apartments-in-cove-edition-3-in-dubailand
N/A,https://opr.ae/projects/apartments-studios-sky-villas-and-townhouses-in-saas-hills-in-dubai-science-park,SAAS Hills,SAAS Properties,Dubai Science Park,"Apartments,Studios, Sky villas, Townhouses",1600000,https://cdn.opr.ae/upload/photo/SAAS%20Hills%20by%20SAAS%20Properties.jpg,"25.080418, 55.248935",EN,N/A,https://cdn.opr.ae/upload/brochures/Final%20Saas%20Hills%20Brochure%20V2.pdf,Coming Soon,N/A,N/A,N/A,N/A,Dubai Luxury Living,Q4 2027,3 Available Payment Plans,"1BR, 2BR, 3BR, 4BR, 5BR",https://opr.ae/ru/projects/apartments-studios-sky-villas-and-townhouses-in-saas-hills-in-dubai-science-park,https://opr.ae/ar/projects/apartments-studios-sky-villas-and-townhouses-in-saas-hills-in-dubai-science-park
N/A,https://opr.ae/projects/apartments-and-studios-in-samana-resorts-in-dubai-production-city,SAMANA Resorts,SAMANA Developers,Dubai Production City,"Studios, Apartments",1040000,https://cdn.opr.ae/upload/photo/SAMANA%20RESORT.jpg,"25.039068, 55.192936",EN,N/A,https://cdn.opr.ae/upload/brochures/SAMANA%20RESORTS%20BROCHURE.pdf,Coming Soon,N/A,N/A,N/A,N/A,Dubai Luxury Living,Q2 2028,2 Available Payment Plans,"1BR, 2BR, 3BR",https://opr.ae/ru/projects/apartments-and-studios-in-samana-resorts-in-dubai-production-city,https://opr.ae/ar/projects/apartments-and-studios-in-samana-resorts-in-dubai-production-city
N/A,https://opr.ae/projects/studios-apartments-and-duplexes-in-the-hillgate-in-dubai-silicon-oasis,The Hillgate,Ellington Properties,Dubai Silicon Oasis,"Studios, Apartments, Duplexes",781000,https://cdn.opr.ae/upload/photo/The%20Hillgate.jpg,"25.111333, 55.383495",EN,N/A,https://cdn.opr.ae/upload/brochures/The%20Hillgate%20-%20Brochure.pdf,Coming Soon,N/A,N/A,N/A,N/A,Dubai Luxury Living,Q4 2027,70/30 Payment Plan,"1BR, 2BR, 3BR",https://opr.ae/ru/projects/studios-apartments-and-duplexes-in-the-hillgate-in-dubai-silicon-oasis,https://opr.ae/ar/projects/studios-apartments-and-duplexes-in-the-hillgate-in-dubai-silicon-oasis
N/A,https://opr.ae/projects/apartments-in-sunset-bay-one-on-dubai-islands,Sunset Bay One,Imtiaz,Dubai Islands,Apartments,1700000,https://cdn.opr.ae/upload/photo/Sunset%20Bay.jpg,"25.288948, 55.296679",EN,N/A,https://cdn.opr.ae/upload/brochures/Sunset%20Bay%20by%20Imtiaz%20-%20Brochure.pdf,Coming Soon,N/A,N/A,N/A,N/A,Dubai Luxury Living,Q4 2026,60/40 Payment Plan,"1BR, 2BR, 3BR",https://opr.ae/ru/projects/apartments-in-sunset-bay-one-on-dubai-islands,https://opr.ae/ar/projects/apartments-in-sunset-bay-one-on-dubai-islands
N/A,https://opr.ae/projects/apartments-in-zephyra-on-dubai-islands-dubai,Zephyra,Arsenal East,Dubai Islands,Apartments,1550000,https://cdn.opr.ae/upload/photo/Zephyra.jpg,"25.290069, 55.300413",EN,N/A,N/A,Coming Soon,N/A,N/A,N/A,N/A,Dubai Luxury Living,Q4 2027,60/40 Payment Plan,"1BR, 2BR, 3BR",https://opr.ae/ru/projects/apartments-in-zephyra-on-dubai-islands-dubai,https://opr.ae/ar/projects/apartments-in-zephyra-on-dubai-islands-dubai
N/A,https://opr.ae/projects/townhouses-in-la-tilia-in-villanova-dubailand-dubai,La Tilia,Dubai Properties,Villanova,Townhouses,2690000,https://cdn.opr.ae/upload/photo/La%20Tilia%20by%20Dubai%20Properties.jpg,"25.070122, 55.341659",EN,N/A,https://cdn.opr.ae/upload/brochures/La%20Tilia%20Brochure.pdf,Coming Soon,N/A,N/A,N/A,N/A,Dubai Luxury Living,Q3 2028,60/40 Payment Plan,"3BR, 4BR, 5BR",https://opr.ae/ru/projects/townhouses-in-la-tilia-in-villanova-dubailand-dubai,https://opr.ae/ar/projects/townhouses-in-la-tilia-in-villanova-dubailand-dubai
N/A,https://opr.ae/projects/apartments-in-terra-heights-in-emaar-expo-living-expo-city-dubai,Terra Heights,Emaar,Expo City Dubai,Apartments,1500000,https://cdn.opr.ae/upload/photo/Terra%20Heghts.jpg,"24.961155, 55.151198",EN,N/A,https://cdn.opr.ae/upload/brochures/TERRA_HEIGHTS_XL_BROCHURE.pdf,Coming Soon,N/A,N/A,N/A,N/A,Dubai Luxury Living,Q1 2029,80/20 Payment Plan,"1BR, 2BR",https://opr.ae/ru/projects/apartments-in-terra-heights-in-emaar-expo-living-expo-city-dubai,https://opr.ae/ar/projects/apartments-in-terra-heights-in-emaar-expo-living-expo-city-dubai
N/A,https://opr.ae/projects/apartments-townhouses-and-a-penthouse-on-al-reem-island,Canal by M,Gefinor,Al Reem Island (Abu Dhabi Emirate),"Apartments, Townhouses, Penthouses",2600000,https://cdn.opr.ae/upload/photo/Canal%20by%20M.jpg,"24.498571, 54.409176",EN,N/A,https://cdn.opr.ae/upload/brochures/Canal%20By%20M%20-%20E%20Brochure.pdf,Coming Soon,N/A,N/A,N/A,N/A,"Beachfront Living, Waterfront Living",Q3 2026,30/70 Payment Plan,"2BR, 3BR, 4BR",https://opr.ae/ru/projects/apartments-townhouses-and-a-penthouse-on-al-reem-island,https://opr.ae/ar/projects/apartments-townhouses-and-a-penthouse-on-al-reem-island
N/A,https://opr.ae/projects/villas-in-neptune-in-riyadh-ksa,Neptune,DarGlobal,Riyadh,Villas,2800000,https://cdn.opr.ae/upload/photo/NEPTUNE.jpg,"24.843010, 46.737929",EN,N/A,https://cdn.opr.ae/upload/brochures/Neptune_Brochure.pdf,Coming Soon,N/A,N/A,N/A,N/A,Green Nature Living,Q2 2027,20/80 Payment Plan,5BR,https://opr.ae/ru/projects/villas-in-neptune-in-riyadh-ksa,https://opr.ae/ar/projects/villas-in-neptune-in-riyadh-ksa
N/A,https://opr.ae/projects/villas-and-mansions-in-knightsbridge-in-district-11-meydan,Knightsbridge,LEOS Developments,District 11 Meydan,"Villas, Mansions",13000000,https://cdn.opr.ae/upload/photo/Knightsbridge%20by%20LEOS%20Developments.jpg,"25.129968, 55.349494",EN,N/A,https://cdn.opr.ae/upload/brochures/Knightsbridge_Phase%202_Brochure_EN.pdf,Coming Soon,N/A,N/A,N/A,N/A,Dubai Luxury Living,Q4 2027,N/A,"5BR, 6BR",https://opr.ae/ru/projects/villas-and-mansions-in-knightsbridge-in-district-11-meydan,https://opr.ae/ar/projects/villas-and-mansions-in-knightsbridge-in-district-11-meydan
N/A,https://opr.ae/projects/apartments-and-studios-in-onda-by-kasco-in-business-bay,ONDA,KASCO,Business Bay,"Studios, Apartments",1700000,https://cdn.opr.ae/upload/photo/ONDA.jpg,"25.178616, 55.274034",EN,N/A,https://cdn.opr.ae/upload/brochures/ONDA_Main%20Brochure.pdf,Coming Soon,N/A,N/A,N/A,N/A,Dubai Luxury Living,Q3 2027,40/60 Payment Plan,"1BR, 2BR, 3BR",https://opr.ae/ru/projects/apartments-and-studios-in-onda-by-kasco-in-business-bay,https://opr.ae/ar/projects/apartments-and-studios-in-onda-by-kasco-in-business-bay
N/A,https://opr.ae/projects/apartments-and-duplexes-in-coraline-beach-residences-on-sobha-siniya-island,Coraline Beach Residences,Sobha,Sobha Siniya Island (Umm Al Quwain),"Apartments, Duplexes",N/A,https://cdn.opr.ae/upload/photo/CORALINE.jpg,"25.594939, 55.610215",EN,N/A,https://cdn.opr.ae/upload/brochures/CORALINE%20BROCHURE.pdf,Coming Soon,N/A,N/A,N/A,N/A,"Beachfront Living, Waterfront Living",N/A,N/A,"1BR, 2BR, 3BR",https://opr.ae/ru/projects/apartments-and-duplexes-in-coraline-beach-residences-on-sobha-siniya-island,https://opr.ae/ar/projects/apartments-and-duplexes-in-coraline-beach-residences-on-sobha-siniya-island
N/A,https://opr.ae/projects/apartments-and-duplexes-in-aquamarine-beach-residences-on-sobha-siniya-island,Aquamarine Beach Residences,Sobha,Sobha Siniya Island (Umm Al Quwain),"Apartments, Duplexes",1180000,https://cdn.opr.ae/upload/photo/AQUAMARINE.jpg,"25.594939, 55.610215",EN,N/A,https://cdn.opr.ae/upload/brochures/aquamarine-brochure.pdf,Coming Soon,N/A,N/A,N/A,N/A,"Beachfront Living, Waterfront Living",Q2 2028,60/40 Payment Plan,"1BR, 2BR, 3BR",https://opr.ae/ru/projects/apartments-and-duplexes-in-aquamarine-beach-residences-on-sobha-siniya-island,https://opr.ae/ar/projects/apartments-and-duplexes-in-aquamarine-beach-residences-on-sobha-siniya-island
N/A,https://opr.ae/projects/apartments-in-vitalia-residences-on-palm-jumeirah-dubai,Vitalia Residences,Pinnacle Developers,Palm Jumeirah,Apartments,7900000,https://cdn.opr.ae/upload/photo/Vitalia%20Residences%20by%20Pinnacle%20Developers.jpg,"25.140166, 55.141868",EN,N/A,https://cdn.opr.ae/upload/brochures/Brochure_Vitalia%20Palm%20Jumeirah%20Residences.pdf,Coming Soon,N/A,N/A,N/A,N/A,"Beachfront Living, Waterfront Living",Q4 2026,40/60 Payment Plan,"2BR, 3BR, 4BR",https://opr.ae/ru/projects/apartments-in-vitalia-residences-on-palm-jumeirah-dubai,https://opr.ae/ar/projects/apartments-in-vitalia-residences-on-palm-jumeirah-dubai
N/A,https://opr.ae/projects/apartments-duplexes-sky-villas-and-sky-palaces-in-rivage-on-al-reem-island,Rivage,Deyaar,Al Reem Island (Abu Dhabi Emirate),"Apartments, Duplexes, Sky villas, Sky palaces",1180000,https://cdn.opr.ae/upload/photo/Rivage%20by%20Deyaar.jpg,N/A,EN,N/A,https://cdn.opr.ae/upload/brochures/Rivage%20presentation.pdf,Coming Soon,N/A,N/A,N/A,N/A,"Beachfront Living, Waterfront Living",Q4 2027,50/50 Payment Plan,"1BR, 2BR, 3BR",https://opr.ae/ru/projects/apartments-duplexes-sky-villas-and-sky-palaces-in-rivage-on-al-reem-island,https://opr.ae/ar/projects/apartments-duplexes-sky-villas-and-sky-palaces-in-rivage-on-al-reem-island
N/A,https://opr.ae/projects/apartments-in-lacina-in-ghaf-woods-dubai,Lacina,Majid Al Futtaim,Dubailand,Apartments,1300000,https://cdn.opr.ae/upload/photo/Lacina.jpg,"25.076392, 55.316320",EN,N/A,https://cdn.opr.ae/upload/brochures/MAF%20Ghaf%20Woods%20-%20Lacina%20Fact%20Sheet.pdf,Coming Soon,N/A,N/A,N/A,N/A,Green Nature Living,Q4 2028,60/40 Payment Plan,"1BR, 2BR, 3BR",https://opr.ae/ru/projects/apartments-in-lacina-in-ghaf-woods-dubai,https://opr.ae/ar/projects/apartments-in-lacina-in-ghaf-woods-dubai
N/A,https://opr.ae/projects/apartments-and-townhouses-in-mamsha-gardens-in-saadiyat-cultural-district,Mamsha Gardens,Aldar,Saadiyat Island (Abu Dhabi Emirate),"Apartments, Townhouses",3100000,https://cdn.opr.ae/upload/photo/MAMSHA%20GARDENS.pdf.jpg,N/A,EN,N/A,https://cdn.opr.ae/upload/brochures/MAMSHA%20GARDENS_BROCHURES.pdf,Coming Soon,N/A,N/A,N/A,N/A,"Beachfront Living, Waterfront Living",Q2 2028,65/35 Payment Plan,"1BR, 2BR, 3BR",https://opr.ae/ru/projects/apartments-and-townhouses-in-mamsha-gardens-in-saadiyat-cultural-district,https://opr.ae/ar/projects/apartments-and-townhouses-in-mamsha-gardens-in-saadiyat-cultural-district
N/A,https://opr.ae/projects/waldorf-astoria-residences-ras-al-khaimah-al-hamra-village,Waldorf Astoria Residences,Al Hamra Group,Al Hamra Village (Ras Al Khaimah Emirate),"Apartments, Duplex Penthouses, Triplex",9000000,https://cdn.opr.ae/upload/photo/Waldorf%20Astoria%20Residences%20%E2%80%93%20Ras%20Al%20Khaimah.jpg,"25.685418, 55.773254",EN,N/A,https://cdn.opr.ae/upload/brochures/Waldorf%20Astoria%20Residences%20Project%20Presentation.pdf,Coming Soon,N/A,N/A,N/A,N/A,"Beachfront Living, Waterfront Living",Q4 2026,50/50 Payment Plan,"2BR, 3BR, 4BR, 5BR",https://opr.ae/ru/projects/waldorf-astoria-residences-ras-al-khaimah-al-hamra-village,https://opr.ae/ar/projects/waldorf-astoria-residences-ras-al-khaimah-al-hamra-village
N/A,https://opr.ae/projects/villas-sharjah-garden-city-al-belaida-sharjah,Sharjah Garden City,Shoumous Properties,Al Belaida (Sharjah Emirate),Villas,2500000,https://cdn.opr.ae/upload/photo/Sharjah%20Garden%20City.jpg,"25.197633, 55.636128",EN,N/A,https://cdn.opr.ae/upload/brochures/Sharjah%20Garden%20City%20Brochure.pdf,Coming Soon,N/A,N/A,N/A,N/A,Dubai Luxury Living,Q4 2026,30/70 Payment Plan,"3BR, 4BR, 5BR",Error,https://opr.ae/ar/projects/villas-sharjah-garden-city-al-belaida-sharjah
N/A,https://opr.ae/projects/townhouses-villas-and-mansions-arim-hayyan-sharjah,Arim,Alef Group,Hayyan (Sharjah Emirate),"Villas, Townhouses",N/A,https://cdn.opr.ae/upload/photo/Arim%20by%20Alef%20Group.jpg,"25.281246, 55.577269",EN,N/A,https://cdn.opr.ae/upload/brochures/Arim-Brochure-Hayyan-by-Alef.pdf,Coming Soon,N/A,N/A,N/A,N/A,Dubai Luxury Living,N/A,N/A,"2BR, 3BR, 4BR, 5BR, 6BR, 7BR",https://opr.ae/ru/projects/townhouses-villas-and-mansions-arim-hayyan-sharjah,https://opr.ae/ar/projects/townhouses-villas-and-mansions-arim-hayyan-sharjah
N/A,https://opr.ae/projects/apartments-olfah-community-muweilah-sharjah,Olfah,Alef Group,Muweilah (Sharjah Emirate),Apartments,669000,https://cdn.opr.ae/upload/photo/Olfah%20by%20Alef%20Group.jpg,"25.282697, 55.456114",EN,N/A,https://cdn.opr.ae/upload/brochures/Olfah-brochure.pdf,Coming Soon,N/A,N/A,N/A,N/A,Dubai Luxury Living,Q1 2029,60/40 Payment Plan,"1BR, 3BR",https://opr.ae/ru/projects/apartments-olfah-community-muweilah-sharjah,https://opr.ae/ar/projects/apartments-olfah-community-muweilah-sharjah
N/A,https://opr.ae/projects/villas-althuraya-island-ajmal-makan-city-sharjah,AlThuraya Island,Ajmal Makan,Ajmal Makan City (Sharjah Emirate),Villas,3900000,https://cdn.opr.ae/upload/photo/AlThuraya%20Island%20by%20Ajmal%20Makan.jpg,"25.500595, 55.532785",EN,N/A,https://cdn.opr.ae/upload/brochures/AlThuraya%20Island%20by%20Ajmal%20Makan%20Brochure.pdf,Coming Soon,N/A,N/A,N/A,N/A,Dubai Luxury Living,Q4 2027,40/60 Payment Plan,"5BR, 6BR, 8BR",https://opr.ae/ru/projects/villas-althuraya-island-ajmal-makan-city-sharjah,https://opr.ae/ar/projects/villas-althuraya-island-ajmal-makan-city-sharjah
N/A,https://opr.ae/projects/apartments-beach-walk-grand-dubai-islands-dubai,Beach Walk Grand,Imtiaz,Dubai Islands,Apartments,2100000,https://cdn.opr.ae/upload/photo/Beach%20Walk%20Grand.jpg,"25.301532, 55.301746",EN,N/A,N/A,Coming Soon,N/A,N/A,N/A,N/A,Dubai Luxury Living,N/A,N/A,"1BR, 2BR",https://opr.ae/ru/projects/apartments-beach-walk-grand-dubai-islands-dubai,https://opr.ae/ar/projects/apartments-beach-walk-grand-dubai-islands-dubai
N/A,https://opr.ae/projects/rove-home-dubai-marina-irth-group-dubai-marina,Rove Home Dubai Marina,IRTH,Dubai Marina,"Studios, Apartments, Sky lofts",1350000,https://cdn.opr.ae/upload/photo/Rove%20Home%20Dubai%20Marina.jpg,"25.074617, 55.139411",EN,N/A,https://cdn.opr.ae/upload/brochures/ROVE%20HOME%20DUBAI%20MARINA%20BROCHURE.pdf,Coming Soon,N/A,N/A,N/A,N/A,"Beachfront Living, Waterfront Living",Q4 2027,50/50 Payment Plan,"Studios,1BR, 2BR",https://opr.ae/ru/projects/studios-and-apartments-branded-complex-dubai-marina-dubai,https://opr.ae/ar/projects/studios-and-apartments-branded-complex-dubai-marina-dubai
N/A,https://opr.ae/projects/apartments-and-duplexes-berkshire-park-complex-town-square-dubai-dubai,BERKSHIRE Park,NSHAMA,Town Square Dubai,"Apartments, Duplexes",925000,https://cdn.opr.ae/upload/photo/Berkshire.jpg,"25.009036, 55.289095",EN,N/A,https://cdn.opr.ae/upload/brochures/Berkshire-Park-Brochur.pdf,Coming Soon,N/A,N/A,N/A,N/A,Dubai Luxury Living,N/A,50/50 Payment Plan,"1BR, 2BR, 3BR",https://opr.ae/ru/projects/apartments-and-duplexes-berkshire-park-complex-town-square-dubai-dubai,https://opr.ae/ar/projects/apartments-and-duplexes-berkshire-park-complex-town-square-dubai-dubai
N/A,https://opr.ae/projects/studios-and-apartments-samana-barari-lagoons-complex-majan-dubai,SAMANA Barari Lagoons,SAMANA Developers,Majan,"Studios, Apartments, Duplexes",769000,https://cdn.opr.ae/upload/photo/SAMANA-BARARI-LAGOONS.jpg,"25.095762, 55.320530",EN,N/A,https://cdn.opr.ae/upload/brochures/SAMANA-BARARI-LAGOONS-BROCHURE.pdf,Coming Soon,N/A,N/A,N/A,N/A,Dubai Luxury Living,N/A,N/A,"Studios,1BR, 2BR, 3BR",https://opr.ae/ru/projects/studios-and-apartments-samana-barari-lagoons-complex-majan-dubai,https://opr.ae/ar/projects/studios-and-apartments-samana-barari-lagoons-complex-majan-dubai
N/A,https://opr.ae/projects/townhouses-greenville-community-emaar-south-dubai,Greenville,Emaar,Emaar South,Townhouses,3200000,https://cdn.opr.ae/upload/photo/GREENVILLE.jpg,"24.855345, 55.106395",EN,N/A,https://cdn.opr.ae/upload/brochures/GREENVILLE-BROCHURE.pdf,Coming Soon,N/A,N/A,N/A,N/A,Dubai Luxury Living,Q1 2029,80/20 Payment Plan,"3BR, 4BR",https://opr.ae/ru/projects/townhouses-greenville-community-emaar-south-dubai,https://opr.ae/ar/projects/townhouses-greenville-community-emaar-south-dubai
N/A,https://opr.ae/projects/apartments-villa-and-penthouse-highgrove-complex-mbr-city-dubai,The Highgrove,Ellington Properties,MBR City,"Apartments, Villa, Penthouses",N/A,https://cdn.opr.ae/upload/photo/The%20Highgrove.jpg,"25.191437, 55.323517",EN,N/A,https://cdn.opr.ae/upload/brochures/The%20Highgrove%20-%20Slim%20Brochure.pdf,Coming Soon,N/A,N/A,N/A,N/A,"Dubai Luxury Living, Beachfront Living, Waterfront Living",Q4 2027,70/30 Payment Plan,"1BR, 2BR, 3BR",https://opr.ae/ru/projects/apartments-villa-and-penthouse-highgrove-complex-mbr-city-dubai,https://opr.ae/ar/projects/apartments-villa-and-penthouse-highgrove-complex-mbr-city-dubai
N/A,https://opr.ae/projects/studios-and-apartments-one-central-rak-central-ras-al-khaimah,One Central,Pantheon,RAK Central (Ras Al Khaimah Emirate),"Studios, Apartments",1150000,https://cdn.opr.ae/upload/photo/One%20Central%20by%20Pantheon.jpg,"25.690213, 55.795303",EN,N/A,https://cdn.opr.ae/upload/brochures/One%20Central%20by%20Pantheon.pdf,Coming Soon,N/A,N/A,N/A,N/A,Waterfront Living,Q4 2027,80/20 Payment Plan,"Studios,1BR, 2BR",https://opr.ae/ru/projects/studios-and-apartments-one-central-rak-central-ras-al-khaimah,https://opr.ae/ar/projects/studios-and-apartments-one-central-rak-central-ras-al-khaimah
N/A,https://opr.ae/projects/studios-and-apartments-binghatti-skyrise-business-bay-dubai,Binghatti Skyrise,Binghatti,Business Bay,"Studios, Apartments",1650000,https://cdn.opr.ae/upload/photo/Skyrise.jpg,"25.190216, 55.272019",EN,N/A,N/A,Coming Soon,N/A,N/A,N/A,N/A,Dubai Luxury Living,Q4 2026,70/30 Payment Plan,"Studios,1BR, 2BR, 3BR",https://opr.ae/ru/projects/studios-and-apartments-binghatti-skyrise-business-bay-dubai,https://opr.ae/ar/projects/studios-and-apartments-binghatti-skyrise-business-bay-dubai
N/A,https://opr.ae/projects/townhouses-maysan-community-al-reem-island-abu-dhabi,Maysan,Modon,Al Reem Island (Abu Dhabi Emirate),Townhouses,3300000,https://cdn.opr.ae/upload/photo/MAYSAN.jpg,N/A,EN,N/A,https://cdn.opr.ae/upload/brochures/Maysan_Brochure.pdf,Coming Soon,N/A,N/A,N/A,N/A,Waterfront Living,Q4 2027,N/A,"3BR, 4BR",https://opr.ae/ru/projects/townhouses-maysan-community-al-reem-island-abu-dhabi,https://opr.ae/ar/projects/townhouses-maysan-community-al-reem-island-abu-dhabi
N/A,https://opr.ae/projects/studios-and-apartments-pelagos-dubai-marina-dubai,Pelagos,IGO,Dubai Marina,"Studios, Apartments",1900000,https://cdn.opr.ae/upload/photo/PELAGOS.jpg,"25.086822, 55.144340",EN,N/A,https://cdn.opr.ae/upload/brochures/Pelagos-Presentation.pdf,Coming Soon,N/A,N/A,N/A,N/A,"Dubai Luxury Living, Beachfront Living, Waterfront Living",Q1 2026,50/50 Payment Plan,"Studios,1BR, 2BR",https://opr.ae/ru/projects/studios-and-apartments-pelagos-dubai-marina-dubai,https://opr.ae/ar/projects/studios-and-apartments-pelagos-dubai-marina-dubai
N/A,https://opr.ae/projects/studios-and-apartments-hillviews-dubai-science-park-dubai,Hillviews,Binghatti,Dubai Science Park,"Studios, Apartments",1200000,https://cdn.opr.ae/upload/photo/Hillviews.jpg,"25.084010, 55.247495",EN,N/A,https://cdn.opr.ae/upload/brochures/Hillviews-Digital-Brochure.pdf,Coming Soon,N/A,N/A,N/A,N/A,Dubai Luxury Living,Q1 2026,N/A,"Studios,1BR, 2BR",https://opr.ae/ru/projects/studios-and-apartments-hillviews-dubai-science-park-dubai,https://opr.ae/ar/projects/studios-and-apartments-hillviews-dubai-science-park-dubai
N/A,https://opr.ae/projects/apartments-duplexes-and-penthouse-muraba-veil-al-wasl-jumeirah-dubai,Muraba Veil,Muraba,Dubai Water Canal,"Apartments, Duplexes, Penthouses",18000000,https://cdn.opr.ae/upload/photo/Muraba%20Veil.jpg,"25.192257, 55.254481",EN,N/A,N/A,70/30 Payment Plan,N/A,N/A,N/A,N/A,"Dubai Luxury Living, Beachfront Living, Waterfront Living",Q4 2028,75/25 Payment Plan,"2BR, 3BR, 4BR",https://opr.ae/ru/projects/apartments-duplexes-and-penthouse-muraba-veil-al-wasl-jumeirah-dubai,https://opr.ae/ar/projects/apartments-duplexes-and-penthouse-muraba-veil-al-wasl-jumeirah-dubai
N/A,https://opr.ae/projects/apartments-sidr-residences-expo-city-dubai-dubai,Sidr Residences,Expo Dubai Group,Expo City Dubai,Apartments,1880000,https://cdn.opr.ae/upload/photo/Sidr%20Residences.jpg,"24.957584, 55.149909",EN,N/A,N/A,Coming Soon,N/A,N/A,N/A,N/A,"Dubai Luxury Living, Beachfront Living, Waterfront Living",2027,70/30 Payment Plan,"1BR, 2BR, 3BR, 4BR",https://opr.ae/ru/projects/apartments-sidr-residences-expo-city-dubai-dubai,https://opr.ae/ar/projects/apartments-sidr-residences-expo-city-dubai-dubai
N/A,https://opr.ae/projects/apartments-and-penthouses-eden-house-park-community-jumeirah-dubai,Eden House The Park,H&H Development,Jumeirah,"Apartments, Penthouses",3240000,https://cdn.opr.ae/upload/photo/EDEN%20HOUSE%20THE%20PARK.jpg,"25.187766, 55.249761",EN,N/A,https://cdn.opr.ae/upload/brochures/EDEN%20HOUSE%20THE%20PARK%20Brochure%20.pdf,Coming Soon,N/A,N/A,N/A,N/A,"Dubai Luxury Living, Beachfront Living, Waterfront Living",Q1 2027,40/60 Payment Plan,"1BR, 2BR, 3BR, 4BR, 5BR",https://opr.ae/ru/projects/apartments-and-penthouses-eden-house-park-community-jumeirah-dubai,https://opr.ae/ar/projects/apartments-and-penthouses-eden-house-park-community-jumeirah-dubai
N/A,https://opr.ae/projects/luxurious-villas-eden-house-dubai-hills-community-located-dubai-hills-estate-dubai,Eden House Dubai Hills,H&H Development,Dubai Hills Estate,Villas,N/A,https://cdn.opr.ae/upload/photo/Eden%20House%20VILLAS.jpg,N/A,EN,N/A,https://cdn.opr.ae/upload/brochures/Eden%20House%20Dubai%20Hills%20Digital%20Brochure.pdf,Coming Soon,N/A,N/A,N/A,N/A,"Beachfront Living, Waterfront Living",N/A,N/A,5BR,https://opr.ae/ru/projects/luxurious-villas-eden-house-dubai-hills-community-located-dubai-hills-estate-dubai,https://opr.ae/ar/projects/luxurious-villas-eden-house-dubai-hills-community-located-dubai-hills-estate-dubai
N/A,https://opr.ae/projects/la-mer-by-elie-saab-by-arte-developments-on-al-marjan-island,La Mer by Elie Saab,ARTE Developments,Al Marjan Island (Ras Al Khaimah Emirate),"Apartments, Penthouses, Villas, Chalets",N/A,https://cdn.opr.ae/upload/photo/LA-MER-ELIE-SAAB.jpg,"25.680430, 55.750019",EN,N/A,https://cdn.opr.ae/upload/brochures/LA-MER-ELIE-SAAB-RAK-BROCHURE.pdf,Coming Soon,N/A,N/A,N/A,N/A,"Beachfront Living, Waterfront Living",Q1 2028,50/50 Payment Plan,"1BR, 2BR, 3BR, 4BR",https://opr.ae/ru/projects/la-mer-by-elie-saab-by-arte-developments-on-al-marjan-island,https://opr.ae/ar/projects/la-mer-by-elie-saab-by-arte-developments-on-al-marjan-island
N/A,https://opr.ae/projects/the-beach-vista-by-range-developments-on-al-marjan-island,The Beach Vista,Range Properties,Al Marjan Island (Ras Al Khaimah Emirate),"Studios, Apartments",1140000,https://cdn.opr.ae/upload/photo/The%20Beach%20Vista%20by%20Range.jpg,N/A,EN,N/A,https://cdn.opr.ae/upload/brochures/The%20Beach%20Vista%20by%20Range%20Developments%20Brochure.pdf,70/30 Payment Plan,N/A,N/A,N/A,N/A,"Beachfront Living, Waterfront Living",Q4 2027,70/30 Payment Plan,"Studios,1BR, 2BR",https://opr.ae/ru/projects/the-beach-vista-by-range-developments-on-al-marjan-island,https://opr.ae/ar/projects/the-beach-vista-by-range-developments-on-al-marjan-island
N/A,https://opr.ae/projects/marina-cove-by-emaar-properties-in-dubai-marina,Marina Cove,Emaar,Dubai Marina,Apartments,N/A,https://cdn.opr.ae/upload/photo/Marina-Cove-opr.jpg,"25.077905, 55.142322",EN,N/A,N/A,Something special is coming soon,N/A,N/A,N/A,N/A,"Dubai Luxury Living, Waterfront Living",N/A,N/A,N/A,https://opr.ae/ru/projects/marina-cove-by-emaar-properties-in-dubai-marina,https://opr.ae/ar/projects/marina-cove-by-emaar-properties-in-dubai-marina
N/A,https://opr.ae/projects/sunshine-bay-by-source-of-fate-properties-on-al-marjan-island,Sunshine Bay,Fate Properties,Al Marjan Island (Ras Al Khaimah Emirate),Apartments,N/A,https://cdn.opr.ae/upload/photo/Sunshine%20Bay%20RAK.jpg,"25.682913, 55.745583",EN,N/A,N/A,40/60 Payment Plan,N/A,N/A,N/A,N/A,"Beachfront Living, Waterfront Living",N/A,40/60 Payment Plan,N/A,https://opr.ae/ru/projects/sunshine-bay-by-source-of-fate-properties-on-al-marjan-island,https://opr.ae/ar/projects/sunshine-bay-by-source-of-fate-properties-on-al-marjan-island
N/A,https://opr.ae/projects/apartments-alba-palm-jumeirah-dubai,The Alba,OMNIYAT,Palm Jumeirah,Apartments,20000000,https://cdn.opr.ae/upload/photo/The%20Alba%20by%20OMNIYAT.jpg,N/A,EN,N/A,N/A,50/50 Payment Plan,Coming Soon,N/A,N/A,N/A,"Dubai Luxury Living, Waterfront Living",N/A,50/50 Payment Plan,"2BR, 3BR",https://opr.ae/ru/projects/apartments-alba-palm-jumeirah-dubai,https://opr.ae/ar/projects/apartments-alba-palm-jumeirah-dubai
N/A,https://opr.ae/projects/the-coral-collection-by-nakheel-properties-on-palm-jebel-ali,The Coral Collection on Palm Jebel Ali,Nakheel,Palm Jebel Ali,Villas,29000000,https://cdn.opr.ae/photo/CORAL%20COLLECTION.jpg,"24.994638,54.981251",EN,N/A,https://cdn.opr.ae/brochures/Coral%20Villas%20Brochure.pdf,80/20 Payment Plan,N/A,N/A,N/A,N/A,"Dubai Luxury Living, Waterfront Living",2027,80/20 Payment Plan,7BR,https://opr.ae/ru/projects/the-coral-collection-by-nakheel-properties-on-palm-jebel-ali,https://opr.ae/ar/projects/the-coral-collection-by-nakheel-properties-on-palm-jebel-ali
N/A,https://opr.ae/projects/the-beach-collection-by-nakheel-properties-on-palm-jebel-ali,The Beach Collection on Palm Jebel Ali,Nakheel,Palm Jebel Ali,Villas,20000000,https://i.1.creatium.io/disk2/67/8d/a3/36015658aba383154ebdee4f69bfb0403b/3304x1858q8/page6_image21.jpg,"25.005728, 54.982777",EN,N/A,https://cdn.opr.ae/brochures/The-Beach-Collection-Brochure%20.pdf,80/20 Payment Plan,N/A,N/A,N/A,N/A,"Dubai Luxury Living, Waterfront Living",2027,80/20 Payment Plan,"5BR, 6BR",https://opr.ae/ru/projects/the-beach-collection-by-nakheel-properties-on-palm-jebel-ali,https://opr.ae/ar/projects/the-beach-collection-by-nakheel-properties-on-palm-jebel-ali
N/A,https://opr.ae/projects/onesankari-in-marasi-marina-business-bay,Regent residences Dubai. Sankari Place,Sankari Properties,Business Bay,"Apartments, Penthouses",39000000,https://cdn.opr.ae/upload/photo/Regent%20Residences%20Dubai.%20Sankari%20Place%20.jpg,"25.187756, 55.286555",EN,N/A,"https://cdn.opr.ae/upload/brochures/Regent%20Residences%20Dubai,%20Sankari%20Place%20-%20Digital%20Brochure.pdf",50/50 Payment Plan,N/A,N/A,N/A,N/A,"Dubai Luxury Living, Waterfront Living",Q4 2027,50/50 Payment Plan,"3BR, 4BR, 5BR",https://opr.ae/ru/projects/onesankari-in-marasi-marina-business-bay,https://opr.ae/ar/projects/onesankari-in-marasi-marina-business-bay
N/A,https://opr.ae/projects/south-garden-by-wasl-in-wasl-gate-dubai,South Garden,wasl,Wasl Gate,"Studios, Apartments",650000,https://cdn.opr.ae/upload/photo/SOUTH%20GARDEN.jpg,"25.020292, 55.105806",EN,N/A,https://cdn.opr.ae/upload/brochures/South%20Garden%20Brochure.pdf,60/40 Payment Plan,N/A,N/A,N/A,N/A,"Dubai Luxury Living, Green Nature Living",N/A,60/40 Payment Plan,"Studios,1BR, 2BR, 3BR",https://opr.ae/ru/projects/south-garden-by-wasl-in-wasl-gate-dubai,https://opr.ae/ar/projects/south-garden-by-wasl-in-wasl-gate-dubai
N/A,https://opr.ae/projects/skyscape-aura-by-sobha-realty-in-sobha-hartland-2-dubai,Skyscape Aura,Sobha,Sobha Hartland II,Apartments,1700000,https://cdn.opr.ae/upload/photo/Skyscape%20Aura.jpg,"25.171722, 55.329395",EN,N/A,https://cdn.opr.ae/upload/brochures/One%20Pager%20Skyscape%20Aura.pdf,N/A,N/A,N/A,N/A,N/A,"Dubai Luxury Living, Green Nature Living",N/A,N/A,"1BR, 2BR, 3BR",https://opr.ae/ru/projects/skyscape-aura-by-sobha-realty-in-sobha-hartland-2-dubai,https://opr.ae/ar/projects/skyscape-aura-by-sobha-realty-in-sobha-hartland-2-dubai
N/A,https://opr.ae/projects/apartments-w-residences-dubai-jumeirah-lakes-towers-complex-jlt-dubai,W Residences Dubai – Jumeirah Lakes Towers,Signature Developers,Jumeirah Lake Towers (JLT),Apartments,2200000,https://cdn.opr.ae/upload/photo/W%20Residences%20Dubai%20-%20Jumeirah%20Lakes%20Towers.jpg,"25.076005, 55.151463",EN,N/A,https://cdn.opr.ae/upload/brochures/Brochure_W%20Residences%20Dubai%20-%20Jumeirah%20Lakes%20Towers.pdf,65/35 Payment Plan,N/A,N/A,N/A,N/A,"Dubai Luxury Living, Waterfront Living",Q4 2028,65/35 Payment Plan,"1BR, 2BR, 3BR",https://opr.ae/ru/projects/apartments-w-residences-dubai-jumeirah-lakes-towers-complex-jlt-dubai,https://opr.ae/ar/projects/apartments-w-residences-dubai-jumeirah-lakes-towers-complex-jlt-dubai
N/A,https://opr.ae/projects/studios-and-apartments-franck-muller-vanguard-dubai-marina-dubai,Franck Muller Vanguard,London Gate,Dubai Marina,"Studios, Apartments",1250000,https://cdn.opr.ae/upload/photo/Vanguard.jpg,"25.088390, 55.1517090",EN,N/A,https://cdn.opr.ae/upload/brochures/Vanguard%20Main%20Brochure.pdf,30/70 Payment Plan,N/A,N/A,N/A,N/A,"Dubai Luxury Living, Waterfront Living",Q3 2027,30/70 Payment Plan,"1BR, 2BR, 3BR",https://opr.ae/ru/projects/studios-and-apartments-franck-muller-vanguard-dubai-marina-dubai,https://opr.ae/ar/projects/studios-and-apartments-franck-muller-vanguard-dubai-marina-dubai
N/A,https://opr.ae/projects/vida-residences-club-point-by-emaar-properties-in-dubai-hills-estate,Vida Residences Club Point,Emaar,Dubai Hills Estate,Apartments,1650000,https://cdn.opr.ae/upload/photo/VIDA_RESIDENCES_CLUB_POINT.jpg,"25.108668, 55.243827",EN,N/A,https://cdn.opr.ae/upload/brochures/VIDA_RESIDENCES_CLUB_POINT_BROCHURE.pdf,80/20 Payment Plan,N/A,N/A,N/A,N/A,"Dubai Luxury Living, Green Nature Living",Q1 2029,80/20 Payment Plan,"1BR, 2BR, 3BR",https://opr.ae/ru/projects/vida-residences-club-point-by-emaar-properties-in-dubai-hills-estate,https://opr.ae/ar/projects/vida-residences-club-point-by-emaar-properties-in-dubai-hills-estate
N/A,https://opr.ae/projects/porto-view-by-emaar-properties-in-rashid-yachts-and-marina,Porto View,Emaar,Rashid Yachts & Marina,"Apartments, Townhouses",1930000,https://cdn.opr.ae/upload/photo/PORTOVIEW.jpg,"25.266495, 55.284974",EN,N/A,https://cdn.opr.ae/upload/brochures/PORTO_VIEW_BROCHURE.pdf,80/20 Payment Plan,N/A,N/A,N/A,N/A,"Dubai Luxury Living, Waterfront Living",Q4 2028,80/20 Payment Plan,"1BR, 2BR, 3BR",https://opr.ae/ru/projects/porto-view-by-emaar-properties-in-rashid-yachts-and-marina,https://opr.ae/ar/projects/porto-view-by-emaar-properties-in-rashid-yachts-and-marina
N/A,https://opr.ae/projects/pier-point-by-emaar-properties-in-rashid-yachts-and-marina,Pier Point,Emaar,Rashid Yachts & Marina,"Apartments, Townhouses",1930000,https://cdn.opr.ae/upload/photo/PIERPOINT.jpg,"25.266495, 55.284974",EN,N/A,https://cdn.opr.ae/upload/brochures/BROCHURE_PIER-POINT.pdf,80/20 Payment Plan,N/A,N/A,N/A,N/A,"Dubai Luxury Living, Waterfront Living",Q4 2028,80/20 Payment Plan,"1BR, 2BR, 3BR",https://opr.ae/ru/projects/pier-point-by-emaar-properties-in-rashid-yachts-and-marina,https://opr.ae/ar/projects/pier-point-by-emaar-properties-in-rashid-yachts-and-marina
N/A,https://opr.ae/projects/new-project-on-al-maryah-island-abu-dhabi,New project on Al Maryah Island,N/A,Al Maryah Island (Abu Dhabi Emirate),"Apartments, Duplexes, Penthouses",N/A,"https://cdn.opr.ae/upload/photo/New%20project%20on%20Al%20Maryah%20Island,%20Abu%20Dhabi.jpg",N/A,EN,N/A,N/A,Coming Soon,N/A,N/A,N/A,N/A,Waterfront Living,N/A,N/A,"1BR, 2BR, 3BR, 4BR",https://opr.ae/ru/projects/new-project-on-al-maryah-island-abu-dhabi,https://opr.ae/ar/projects/new-project-on-al-maryah-island-abu-dhabi
N/A,https://opr.ae/projects/apartments-duplexes-and-penthouses-saria-dubai-maritime-city-dubai,SARIA,BEYOND,Dubai Maritime City,"Apartments, Duplexes, Townhouses",2000000,https://cdn.opr.ae/upload/photo/SARIA.jpg,"25.267809, 55.259139",EN,N/A,https://cdn.opr.ae/upload/brochures/SARIA_BROCHURE_ENG.pdf,50/50 Payment Plan,N/A,N/A,N/A,N/A,Dubai Luxury Living,Q1 2028,50/50 Payment Plan,"1BR, 2BR, 3BR, 4BR",https://opr.ae/ru/projects/apartments-duplexes-and-penthouses-saria-dubai-maritime-city-dubai,https://opr.ae/ar/projects/apartments-duplexes-and-penthouses-saria-dubai-maritime-city-dubai
N/A,https://opr.ae/projects/townhouses-greenridge-emaar-south-dubai,Greenridge,Emaar,Emaar South,Townhouses,2900000,https://cdn.opr.ae/upload/photo/Greenridge.jpg,"24.857229, 55.161576",EN,N/A,https://cdn.opr.ae/upload/brochures/Greenridge%20Brochure.pdf,80/20 Payment Plan,N/A,N/A,N/A,N/A,Dubai Luxury Living,Q4 2028,80/20 Payment Plan,"3BR, 4BR",https://opr.ae/ru/projects/townhouses-greenridge-emaar-south-dubai,https://opr.ae/ar/projects/townhouses-greenridge-emaar-south-dubai
N/A,https://opr.ae/projects/apartments-and-duplexes-hillcrest-town-square-dubai,Hillcrest,NSHAMA,Town Square Dubai,"Apartments, Duplexes",981000,https://cdn.opr.ae/upload/photo/HILLCREST.jpg,"25.003783, 55.287393",EN,N/A,https://cdn.opr.ae/upload/brochures/HILLCREST-Brochure.pdf,50/50 Payment Plan,Coming Soon,N/A,N/A,N/A,Dubai Luxury Living,Q2 2027,50/50 Payment Plan,"1BR, 2BR, 3BR",https://opr.ae/ru/projects/apartments-and-duplexes-hillcrest-town-square-dubai,https://opr.ae/ar/projects/apartments-and-duplexes-hillcrest-town-square-dubai
N/A,https://opr.ae/projects/golf-hillside-by-emaar-properties-in-dubai-hills-estate,Golf Hillside,Emaar,Dubai Hills Estate,Apartments,1590000,https://cdn.opr.ae/upload/photo/Golf%20Hillside%20by%20Emaar%20Properties.jpg,N/A,EN,N/A,N/A,80/20 Payment Plan,N/A,N/A,N/A,N/A,Dubai Luxury Living,Q4 2028,80/20 Payment Plan,"1BR, 2BR, 3BR",https://opr.ae/ru/projects/golf-hillside-by-emaar-properties-in-dubai-hills-estate,https://opr.ae/ar/projects/golf-hillside-by-emaar-properties-in-dubai-hills-estate
N/A,https://opr.ae/projects/villas-yas-riva-complex-yas-island-abu-dhabi,Yas Riva,Aldar,Yas Island (Abu Dhabi Emirate),Villas,8300000,https://cdn.opr.ae/upload/photo/Yas%20Riva.jpg,N/A,EN,N/A,https://cdn.opr.ae/upload/brochures/Yas%20Riva%20-%20Brochure.pdf,50/50 Payment Plan,N/A,N/A,N/A,N/A,"Beachfront Living, Waterfront Living",Q3 2028,50/50 Payment Plan,"4BR,5BR, 6BR",https://opr.ae/ru/projects/villas-yas-riva-complex-yas-island-abu-dhabi,https://opr.ae/ar/projects/villas-yas-riva-complex-yas-island-abu-dhabi
N/A,https://opr.ae/projects/apartments-and-studios-complex-playa-del-sol-al-marjan-island-ras-al-khaimah,Playa Del Sol,Ellington Properties,Al Marjan Island (Ras Al Khaimah Emirate),"Studios, Apartments",1700000,https://cdn.opr.ae/upload/photo/Playa%20Del%20Sol%20by%20Ellington%20Properties.jpg,"25.681238, 55.740484",EN,N/A,N/A,50/50 Payment Plan,N/A,N/A,N/A,N/A,"Beachfront Living, Waterfront Living",N/A,50/50 Payment Plan,"1BR, 2BR, 3BR, 4BR",https://opr.ae/ru/projects/apartments-and-studios-complex-playa-del-sol-al-marjan-island-ras-al-khaimah,https://opr.ae/ar/projects/apartments-and-studios-complex-playa-del-sol-al-marjan-island-ras-al-khaimah
N/A,https://opr.ae/projects/coastal-villas-by-darglobal-in-aida-muscat,Coastal Villas,DarGlobal,Muscat (The Sultanate of Oman),Villas,N/A,https://cdn.opr.ae/upload/photo/Coastal.jpg,N/A,EN,N/A,https://cdn.opr.ae/upload/brochures/Coastal%20Brochure.pdf,2 Available Payment Plans,N/A,N/A,N/A,N/A,"Beachfront Living, Waterfront Living",Q4 2027,N/A,3BR,https://opr.ae/ru/projects/coastal-villas-by-darglobal-in-aida-muscat,https://opr.ae/ar/projects/coastal-villas-by-darglobal-in-aida-muscat
N/A,https://opr.ae/projects/lavita-by-emaar-properties-in-the-oasis,Lavita,Emaar,Dubailand,Villas,40000000,https://cdn.opr.ae/upload/photo/LAVITA_OASIS.jpg,N/A,EN,N/A,https://cdn.opr.ae/upload/brochures/Lavita%20Mansions.pdf,80/20 Payment Plan,N/A,N/A,N/A,N/A,"Dubai Luxury Living, Waterfront Living",Q4 2028,80/20 Payment Plan,"6BR, 7BR",https://opr.ae/ru/projects/lavita-by-emaar-properties-in-the-oasis,https://opr.ae/ar/projects/lavita-by-emaar-properties-in-the-oasis
N/A,https://opr.ae/projects/sobha-solis-by-sobha-realty-in-motor-city-dubai,Sobha Solis,Sobha,Motor City,Apartments,1070000,https://cdn.opr.ae/upload/photo/Sobha%20Solis.jpg,N/A,EN,N/A,https://cdn.opr.ae/upload/brochures/Sobha%20Solis%20Brochure.pdf,60/40 Payment Plan,N/A,N/A,N/A,N/A,Dubai Luxury Living,N/A,60/40 Payment Plan,"1BR, 2BR, 3BR",https://opr.ae/ru/projects/sobha-solis-by-sobha-realty-in-motor-city-dubai,https://opr.ae/ar/projects/sobha-solis-by-sobha-realty-in-motor-city-dubai
N/A,https://opr.ae/projects/bloom-living-almeria-by-bloom-properties-in-zayed-city,Bloom Living Almeria,Bloom Properties,Zayed City (Abu Dhabi Emirate),Villas,3850000,https://cdn.opr.ae/upload/photo/Almeria.jpg,N/A,EN,N/A,https://cdn.opr.ae/upload/brochures/Almeria-Brochure.pdf,3 Available Payment Plans,N/A,N/A,N/A,N/A,Green Nature Living,Q4 2027,N/A,"3BR, 4BR, 5BR, 6BR",https://opr.ae/ru/projects/bloom-living-almeria-by-bloom-properties-in-zayed-city,https://opr.ae/ar/projects/bloom-living-almeria-by-bloom-properties-in-zayed-city
N/A,https://opr.ae/projects/studios-and-apartments-evergr1n-house-jumeirah-garden-city,EVERGR1N HOUSE,Object One,Jumeirah Garden City,"Studios, Apartments",N/A,https://cdn.opr.ae/upload/photo/EVERGR1N%20HOUSE%20by%20Object%20One.jpg,"25.190961, 55.265474",EN,N/A,https://cdn.opr.ae/upload/brochures/EVERGR1N%20Brochure%20ENG.pdf,50/50 Payment Plan,Coming Soon,N/A,N/A,N/A,Dubai Luxury Living,Q2 2026,50/50 Payment Plan,"Studios,1BR, 2BR",https://opr.ae/ru/projects/studios-and-apartments-evergr1n-house-jumeirah-garden-city,https://opr.ae/ar/projects/studios-and-apartments-evergr1n-house-jumeirah-garden-city
N/A,https://opr.ae/projects/apartments-delphine-beach-residences-sobha-siniya-island,Delphine Beach Residences,Sobha,Sobha Siniya Island (Umm Al Quwain),Apartments,1100000,https://cdn.opr.ae/upload/photo/Delphine%20Beach%20Residences%20by%20Sobha%20Realty.jpg,"25.611346, 55.633635",EN,N/A,https://cdn.opr.ae/upload/brochures/Delphine%20Beach%20Residences.pdf,60/40 Payment Plan,Coming Soon,N/A,N/A,N/A,"Beachfront Living, Waterfront Living",N/A,60/40 Payment Plan,"1BR, 2BR, 3BR",https://opr.ae/ru/projects/apartments-delphine-beach-residences-sobha-siniya-island,https://opr.ae/ar/projects/apartments-delphine-beach-residences-sobha-siniya-island
N/A,https://opr.ae/projects/address-residences-dubai-hills-estate-emaar-properties-dubai-hills-estate,Address Residences Dubai Hills Estate,Emaar,Dubai Hills Estate,Apartments,2000000,https://cdn.opr.ae/upload/photo/Address%20Residences%20Dubai%20Hills%20Estate.jpg,"25.104917, 55.240937",EN,N/A,https://cdn.opr.ae/upload/brochures/ADDRESS_RESIDENCES_DHE_BROCHURE.pdf,80/20 Payment Plan,Coming Soon,N/A,N/A,N/A,Dubai Luxury Living,Q1 2029,80/20 Payment Plan,"1BR, 2BR, 3BR",https://opr.ae/ru/projects/address-residences-dubai-hills-estate-emaar-properties-dubai-hills-estate,https://opr.ae/ar/projects/address-residences-dubai-hills-estate-emaar-properties-dubai-hills-estate
N/A,https://opr.ae/projects/hyde-residences-dubai-hills-city-view-and-evolutions-dubai-hills-estate,Hyde Residences Dubai Hills,City View,Dubai Hills Estate,Apartments,1800000,https://cdn.opr.ae/upload/photo/Hyde%20Residences.jpg,"25.104017, 55.242495",EN,N/A,https://cdn.opr.ae/upload/brochures/Hyde%20Residences%20Brochure.pdf,50/50 Payment Plan,Coming Soon,N/A,N/A,N/A,Dubai Luxury Living,Q2 2027,50/50 Payment Plan,"1BR, 2BR, 3BR",https://opr.ae/ru/projects/hyde-residences-dubai-hills-city-view-and-evolutions-dubai-hills-estate,https://opr.ae/ar/projects/hyde-residences-dubai-hills-city-view-and-evolutions-dubai-hills-estate
N/A,https://opr.ae/projects/layla-residences-eagle-hills-al-maryam-island,Layla Residences,Eagle Hills,Al Belaida (Sharjah Emirate),Apartments,1000000,https://cdn.opr.ae/upload/photo/Layla%20Residences%20by%20Eagle%20Hills.jpg,"25.324120, 55.362388",EN,N/A,N/A,30/70 Payment Plan,Coming Soon,N/A,N/A,N/A,Green Nature Living,Q1 2027,30/70 Payment Plan,"1BR, 2BR, 3BR",https://opr.ae/ru/projects/layla-residences-eagle-hills-al-maryam-island,https://opr.ae/ar/projects/layla-residences-eagle-hills-al-maryam-island
N/A,https://opr.ae/projects/acres-estates-meraas-acres-villas,The Acres Estates,Meraas,The Acres,Villas,13500000,https://cdn.opr.ae/photo/The%20Acres%20Villas.jpg,"25.048054, 55.297625",EN,N/A,https://cdn.opr.ae/upload/brochures/The%20Acres%20Estates%20Presentation.pdf,65/35 Payment Plan,Coming Soon,N/A,N/A,N/A,"Dubai Luxury Living, Waterfront Living, Branded Residences",N/A,65/35 Payment Plan,"5BR, 6BR, 7BR",https://opr.ae/ru/projects/acres-estates-meraas-acres-villas,https://opr.ae/ar/projects/acres-estates-meraas-acres-villas
N/A,https://opr.ae/projects/nesba-3-by-arada-in-aljada-sharjah,Nesba 3,Arada,Aljada (Sharjah Emirate),Apartments,918000,https://cdn.opr.ae/upload/photo/Nesba%203.jpg,N/A,EN,N/A,https://cdn.opr.ae/upload/brochures/Nesba%203%20Brochure.pdf,45/55 Payment Plan,N/A,N/A,N/A,N/A,Green Nature Living,Q2 2027,45/55 Payment Plan,"1BR, 2BR, 3BR",https://opr.ae/ru/projects/nesba-3-by-arada-in-aljada-sharjah,https://opr.ae/ar/projects/nesba-3-by-arada-in-aljada-sharjah
N/A,https://opr.ae/projects/palmiera-3-by-emaar-properties-in-the-oasis-dubailand,Palmiera 3,Emaar,Dubailand,Villas,9180000,https://cdn.opr.ae/upload/photo/PALMIERA3_THE_OASIS.jpg,"25.008560, 55.214270",EN,N/A,https://cdn.opr.ae/upload/brochures/OASIS_PALMIERA_BROCHURE.pdf,80/20 Payment Plan,N/A,N/A,N/A,N/A,"Dubai Luxury Living, Waterfront Living",Q4 2028,80/20 Payment Plan,4BR,https://opr.ae/ru/projects/palmiera-3-by-emaar-properties-in-the-oasis-dubailand,https://opr.ae/ar/projects/palmiera-3-by-emaar-properties-in-the-oasis-dubailand
N/A,https://opr.ae/projects/address-residences-at-dubai-creek-harbour-by-emaar-properties,Address Residences,Emaar,Dubai Creek Harbour,Apartments,2000000,https://cdn.opr.ae/upload/photo/Address%20Residences%20Dubai%20Creek%20Harbour.jpg,"25.207316, 55.350070",EN,N/A,N/A,80/20 Payment Plan,Coming Soon,N/A,N/A,N/A,Dubai Luxury Living,Q1 2029,80/20 Payment Plan,"1BR, 2BR, 3BR",https://opr.ae/ru/projects/address-residences-at-dubai-creek-harbour-by-emaar-properties,https://opr.ae/ar/projects/address-residences-at-dubai-creek-harbour-by-emaar-properties
N/A,https://opr.ae/projects/heights-country-club-wellness-emaar-properties,The Heights Country Club & Wellness ,Emaar,Dubai Investments Park,"Villas, Townhouses",2490000,https://cdn.opr.ae/upload/photo/THE_HEIGHTS_DESTINATION.jpg,"24.961577, 55.252358",EN,N/A,N/A,N/A,Coming Soon,N/A,N/A,N/A,Dubai Luxury Living,N/A,N/A,N/A,https://opr.ae/ru/projects/heights-country-club-wellness-emaar-properties,https://opr.ae/ar/projects/heights-country-club-wellness-emaar-properties
N/A,https://opr.ae/projects/greenway-by-emaar-properties-in-emaar-south-dubai,Greenway,Emaar,Emaar South,Townhouses,2900000,https://cdn.opr.ae/photo/Greenway.jpg,"24.851717, 55.154589",EN,N/A,https://cdn.opr.ae/brochures/GREENWAY_ES_BROCHURE.pdf,90/10 Payment Plan,Coming Soon,N/A,N/A,N/A,"Green Nature Living, Near Golf Course",Q2 2028,90/10 Payment Plan,"3BR, 4BR",https://opr.ae/ru/projects/greenway-by-emaar-properties-in-emaar-south-dubai,https://opr.ae/ar/projects/greenway-by-emaar-properties-in-emaar-south-dubai
N/A,https://opr.ae/projects/parkland-by-emaar-properties-in-dubai-hills-estate,Parkland,Emaar,Dubai Hills Estate,Apartments,N/A,https://cdn.opr.ae/upload/photo/PARKLAND.jpg,"25.104175, 55.242383",EN,N/A,https://cdn.opr.ae/upload/brochures/PARKLAND_DHE_BROCHURE.pdf,80/20 Payment Plan,N/A,N/A,N/A,N/A,"Dubai Luxury Living, Green Nature Living",Q4 2028,80/20 Payment Plan,"1BR, 2BR, 3BR",https://opr.ae/ru/projects/parkland-by-emaar-properties-in-dubai-hills-estate,https://opr.ae/ar/projects/parkland-by-emaar-properties-in-dubai-hills-estate
N/A,https://opr.ae/projects/belgrove-residences-by-ellington-properties-in-meydan-horizon,Belgrove Residences,Ellington Properties,Meydan Horizon,Apartments,1600000,https://cdn.opr.ae/upload/photo/Belgrove%20Residences.jpg,"25.183520, 55.326024",EN,N/A,https://cdn.opr.ae/upload/brochures/Belgrove%20Residences-%20Brochure.pdf,70/30 Payment Plan,N/A,N/A,N/A,N/A,"Green Nature Living, Waterfront Living",Q3 2027,70/30 Payment Plan,"1BR, 2BR, 3BR",https://opr.ae/ru/projects/belgrove-residences-by-ellington-properties-in-meydan-horizon,https://opr.ae/ar/projects/belgrove-residences-by-ellington-properties-in-meydan-horizon
N/A,https://opr.ae/projects/sobha-elwood-by-sobha-realty-in-dubailand,Elwood,Sobha,Dubailand,Villas,7900000,https://cdn.opr.ae/upload/photo/Sobha%20Elwood.jpg,"25.021831, 55.446298",EN,N/A,https://cdn.opr.ae/upload/brochures/Sobha%20Elwood%20Brochure.pdf,60/40 Payment Plan,N/A,N/A,N/A,N/A,Green Nature Living,2027-2028,60/40 Payment Plan,"4BR, 5BR, 6BR",https://opr.ae/ru/projects/sobha-elwood-by-sobha-realty-in-dubailand,https://opr.ae/ar/projects/sobha-elwood-by-sobha-realty-in-dubailand
N/A,https://opr.ae/projects/haven-bay-by-driven-and-metac-on-dubai-islands,Haven Bay,Driven and Metac,Dubai Islands,"Apartments, Duplexes",1300000,https://cdn.opr.ae/upload/photo/Haven%20Bay%20(Driven&Metac).jpg,N/A,EN,N/A,N/A,40/60 Payment Plan,N/A,N/A,N/A,N/A,"Beachfront Living, Waterfront Living",Q4 2026,40/60 Payment Plan,"1BR, 2BR, 3BR, 4BR",https://opr.ae/ru/projects/haven-bay-by-driven-and-metac-on-dubai-islands,https://opr.ae/ar/projects/haven-bay-by-driven-and-metac-on-dubai-islands
N/A,https://opr.ae/projects/golf-point-by-emaar-properties-in-emaar-south,Golf Point,Emaar,Emaar South,Apartments,850000,https://cdn.opr.ae/upload/photo/GOLF_POINT.jpg,"24.860992, 55.144085",EN,N/A,https://cdn.opr.ae/upload/brochures/GOLF_POINT_BROCHURE.pdf,80/20 Payment Plan,N/A,N/A,N/A,N/A,Green Nature Living,Q4 2028,80/20 Payment Plan,"1BR, 2BR, 3BR",https://opr.ae/ru/projects/golf-point-by-emaar-properties-in-emaar-south,https://opr.ae/ar/projects/golf-point-by-emaar-properties-in-emaar-south
N/A,https://opr.ae/projects/selene-beach-residences-by-sobha-realty,"Selene, Beach Residences",Sobha,Sobha Siniya Island (Umm Al Quwain),Apartments,1100000,https://cdn.opr.ae/upload/photo/Selene%20Beach%20Residences.jpg,"25.604920, 55.627777",EN,N/A,https://cdn.opr.ae/upload/brochures/Selene%20Beach%20Residences%20Brochure.pdf,Coming Soon,N/A,N/A,N/A,N/A,"Beachfront Living, Waterfront Living",N/A,N/A,"1BR, 2BR, 3BR",https://opr.ae/ru/projects/selene-beach-residences-by-sobha-realty,https://opr.ae/ar/projects/selene-beach-residences-by-sobha-realty
N/A,https://opr.ae/projects/haya-on-the-park-by-nshama-in-town-square-dubai,HAYA,NSHAMA,Town Square Dubai,Apartments,851000,https://cdn.opr.ae/upload/photo/HAYA.jpg,"25.004298, 55.289833",EN,N/A,https://cdn.opr.ae/upload/brochures/HAYA%20Brochure.pdf,60/40 Payment Plan,N/A,N/A,N/A,N/A,Green Nature Living,Q1 2027,60/40 Payment Plan,"1BR, 2BR, 3BR",https://opr.ae/ru/projects/haya-on-the-park-by-nshama-in-town-square-dubai,https://opr.ae/ar/projects/haya-on-the-park-by-nshama-in-town-square-dubai
N/A,https://opr.ae/projects/dusk-by-binghatti-by-binghatti-in-jvc,Dusk,Binghatti Properties,Jumeirah Village Circle (JVC),"Studios, Apartments, Retails",1620000,https://cdn.opr.ae/upload/photo/Dusk.jpg,"25.070291, 55.207296",EN,N/A,https://cdn.opr.ae/upload/brochures/Dusk-by-Binghatti-Digital-Brochure.pdf,50/50 Payment Plan,N/A,N/A,N/A,N/A,"Dubai Luxury Living, Green Nature Living",N/A,50/50 Payment Plan,"Studios,1BR",https://opr.ae/ru/projects/dusk-by-binghatti-by-binghatti-in-jvc,https://opr.ae/ar/projects/dusk-by-binghatti-by-binghatti-in-jvc
N/A,https://opr.ae/projects/club-place-by-emaar-properties-in-dubai-hills-estate,Club Place,Emaar,Dubai Hills Estate,Apartments,1480000,https://cdn.opr.ae/upload/photo/CLUB_PLACE.jpg,"25.126511, 55.260550",EN,N/A,https://cdn.opr.ae/upload/brochures/CLUB_PLACE_DHE_BROCHURE.pdf,80/20 Payment Plan,N/A,N/A,N/A,N/A,"Dubai Luxury Living, Green Nature Living",Q4 2028,20/80 Payment Plan,"1BR, 2BR, 3BR",https://opr.ae/ru/projects/club-place-by-emaar-properties-in-dubai-hills-estate,https://opr.ae/ar/projects/club-place-by-emaar-properties-in-dubai-hills-estate
N/A,https://opr.ae/projects/the-arthouse-by-aldar-properties-in-saadiyat-grove,The Arthouse,Aldar,Saadiyat Grove (Abu Dhabi Emirate),"Apartments, Sky Villas",3300000,https://cdn.opr.ae/upload/photo/Arthouse.jpg,"24.537344, 54.403186",EN,N/A,https://cdn.opr.ae/upload/brochures/Arthouse_Brochure.pdf,65/35 Payment Plan,N/A,N/A,N/A,N/A,Green Nature Living,Q1 2025,65/35 Payment Plan,"1BR, 2BR, 3BR, 5BR",https://opr.ae/ru/projects/the-arthouse-by-aldar-properties-in-saadiyat-grove,https://opr.ae/ar/projects/the-arthouse-by-aldar-properties-in-saadiyat-grove
N/A,https://opr.ae/projects/takaya-by-union-properties-in-motor-city,Takaya,Union Properties,Motor City,"Apartments, Villas, Townhouses",N/A,https://cdn.opr.ae/upload/photo/Takaya%20by%20Union%20Properties.jpg,"25.047285, 55.234919",EN,N/A,N/A,Coming Soon,N/A,N/A,N/A,N/A,Green Nature Living,N/A,N/A,N/A,https://opr.ae/ru/projects/takaya-by-union-properties-in-motor-city,https://opr.ae/ar/projects/takaya-by-union-properties-in-motor-city
N/A,https://opr.ae/projects/one-residence-by-ginco-properties-in-downtown-dubai,ONE RESIDENCE,GINCO Properties,Downtown Dubai,"Studios, Apartments, Penthouses",1980000,https://cdn.opr.ae/upload/photo/ONE%20RESIDENCE.jpg,"25.194108, 55.285326",EN,N/A,https://cdn.opr.ae/upload/brochures/One%20Residence%20-%20Brochure.pdf,50/50 Payment Plan,N/A,N/A,N/A,N/A,Dubai Luxury Living,Q1 2027,50/50 Payment Plan,"Studios,1BR, 2BR, 3BR, 4BR",https://opr.ae/ru/projects/one-residence-by-ginco-properties-in-downtown-dubai,https://opr.ae/ar/projects/one-residence-by-ginco-properties-in-downtown-dubai
N/A,https://opr.ae/projects/altus-by-emaar-properties-in-dubai-creek-harbour,ALTUS,Emaar,Dubai Creek Harbour,Apartments,1600000,https://cdn.opr.ae/upload/photo/ALTUS_EMAAR.jpg,"25.207201, 55.353140",EN,N/A,https://cdn.opr.ae/upload/brochures/ALTUS_DCH_ONEPAGER.pdf,80/20 Payment Plan,N/A,N/A,N/A,N/A,Green Nature Living,Q1 2028,80/20 Payment Plan,"1BR, 2BR, 3BR",https://opr.ae/ru/projects/altus-by-emaar-properties-in-dubai-creek-harbour,https://opr.ae/ar/projects/altus-by-emaar-properties-in-dubai-creek-harbour
N/A,https://opr.ae/projects/coral-beach-villas-by-sobha-realty-on-sobha-siniya-island,Coral Beach Villas,Sobha,Sobha Siniya Island (Umm Al Quwain),Villas,16600000,https://cdn.opr.ae/upload/photo/CORAL%20BEACH%20SOBHA.jpg,"25.604920, 55.627777",EN,N/A,N/A,60/40 Payment Plan,Coming Soon,N/A,N/A,N/A,"Beachfront Living, Waterfront Living",Q4 2028,60/40 Payment Plan,"5BR, 6BR",https://opr.ae/ru/projects/coral-beach-villas-by-sobha-realty-on-sobha-siniya-island,https://opr.ae/ar/projects/coral-beach-villas-by-sobha-realty-on-sobha-siniya-island
N/A,https://opr.ae/projects/palm-groove-villas-by-sobha-realty-on-sobha-siniya-island,Palm Groove Villas,Sobha,Sobha Siniya Island (Umm Al Quwain),Villas,10500000,https://cdn.opr.ae/upload/photo/Palm%20Grove%20Villas.jpg,"25.604920, 55.627777",EN,N/A,N/A,60/40 Payment Plan,Coming Soon,N/A,N/A,N/A,"Beachfront Living, Waterfront Living",Q4 2028,60/40 Payment Plan,4BR,https://opr.ae/ru/projects/palm-groove-villas-by-sobha-realty-on-sobha-siniya-island,https://opr.ae/ar/projects/palm-groove-villas-by-sobha-realty-on-sobha-siniya-island
N/A,https://opr.ae/projects/samana-ocean-pearl-by-samana-developers-on-dubai-islands,Ocean Pearl,SAMANA Developers,Dubai Islands,"Studios, Apartments",1600000,https://cdn.opr.ae/upload/photo/SAMANA%20OCEAN%20PEARL.jpg,"25.299865, 55.314790",EN,N/A,https://cdn.opr.ae/upload/brochures/SAMANA%20OCEAN%20PEARL%20BROCHURE.pdf,20/80 Payment Plan,N/A,N/A,N/A,N/A,"Dubai Luxury Living, Beachfront Living, Waterfront Living",2027-2028,20/80 Payment Plan,"1BR, 2BR, 3BR, 4BR",https://opr.ae/ru/projects/samana-ocean-pearl-by-samana-developers-on-dubai-islands,https://opr.ae/ar/projects/samana-ocean-pearl-by-samana-developers-on-dubai-islands
N/A,https://opr.ae/projects/shoreline-by-damac-properties-on-al-marjan-island,Shoreline,DAMAC,Al Marjan Island (Ras Al Khaimah Emirate),Apartments,2000000,https://cdn.opr.ae/upload/photo/Shoreline.jpg,"25.68636, 55.74243",EN,N/A,https://cdn.opr.ae/upload/brochures/RAK%20%E2%80%93%20SHORELINE%20BY%20DAMAC.pdf,70/30 Payment Plan,N/A,N/A,N/A,N/A,"Beachfront Living, Waterfront Living",Q3 2028,70/30 Payment Plan,N/A,https://opr.ae/ru/projects/shoreline-by-damac-properties-on-al-marjan-island,https://opr.ae/ar/projects/shoreline-by-damac-properties-on-al-marjan-island
N/A,https://opr.ae/projects/samana-avenue-by-samana-developers,SAMANA Avenue,SAMANA Developers,Dubailand,"Studios, Apartments",1000000,https://cdn.opr.ae/upload/photo/SAMANA%20Avenue.jpg,"25.084247, 55.384761",EN,N/A,https://cdn.opr.ae/upload/brochures/SAMANA%20AVENUE.pdf,70/30 Payment Plan,N/A,N/A,N/A,N/A,Green Nature Living,N/A,70/30 Payment Plan,"Studios,1BR, 2BR",https://opr.ae/ru/projects/samana-avenue-by-samana-developers,https://opr.ae/ar/projects/samana-avenue-by-samana-developers
N/A,https://opr.ae/projects/the-pier-residence-by-the-devmark-group-in-dubai-maritime-city,The Pier Residence,The Devmark Group,Dubai Maritime City,Apartments,1600000,https://cdn.opr.ae/upload/photo/The%20Pier%20Residence.jpg,"25.267454, 55.270506",EN,N/A,https://cdn.opr.ae/upload/brochures/Brochure_The%20Pier%20Residence.pdf,60/40 Payment Plan,N/A,N/A,N/A,N/A,"Dubai Luxury Living, Beachfront Living, Waterfront Living",2027,60/40 Payment Plan,"1BR, 2BR, 3BR",https://opr.ae/ru/projects/the-pier-residence-by-the-devmark-group-in-dubai-maritime-city,https://opr.ae/ar/projects/the-pier-residence-by-the-devmark-group-in-dubai-maritime-city
N/A,https://opr.ae/projects/park-beach-residence-by-deca-properties-on-al-marjan-island,Park Beach Residence,Deca Properties,Al Marjan Island (Ras Al Khaimah Emirate),"Studios, Apartments",900000,https://cdn.opr.ae/upload/photo/Park%20Beach%20Residence.jpg,"25.690971, 55.740884",EN,N/A,https://cdn.opr.ae/upload/brochures/Park%20Beach%20Brochure.pdf,50/50 Payment Plan,N/A,N/A,N/A,N/A,"Beachfront Living, Waterfront Living",Q2 2027,50/50 Payment Plan,"Studios,1BR",https://opr.ae/ru/projects/park-beach-residence-by-deca-properties-on-al-marjan-island,https://opr.ae/ar/projects/park-beach-residence-by-deca-properties-on-al-marjan-island
N/A,https://opr.ae/projects/avena-and-avena-2-by-emaar-properties-in-the-valley-2,Avena & Avena 2,Emaar,The Valley 2,Villas,4360000,https://cdn.opr.ae/upload/photo/Avena%20and%20Avena%202%20by%20Emaar%20Properties%20in%20The%20Valley%202.jpg,"25.005258, 55.436836",EN,N/A,https://cdn.opr.ae/upload/brochures/AVENA-FP.pdf,80/20 Payment Plan,N/A,N/A,N/A,N/A,Green Nature Living,Q3 2028,80/20 Payment Plan,4BR,https://opr.ae/ru/projects/avena-and-avena-2-by-emaar-properties-in-the-valley-2,https://opr.ae/ar/projects/avena-and-avena-2-by-emaar-properties-in-the-valley-2
N/A,https://opr.ae/projects/aqua-arc-by-bnw-properties-on-al-marjan-island,Aqua Arc,BNW Properties,Al Marjan Island (Ras Al Khaimah Emirate),"Apartments, Sky Villas, Townhouses",2230000,https://cdn.opr.ae/upload/photo/Aqua%20Arc%20(RAK).jpg,"25.690971, 55.740884",EN,N/A,N/A,70/30 Payment Plan,N/A,N/A,N/A,N/A,"Beachfront Living, Waterfront Living",Q2 2027,70/30 Payment Plan,"1BR, 2BR, 3BR, 4BR",https://opr.ae/ru/projects/aqua-arc-by-bnw-properties-on-al-marjan-island,https://opr.ae/ar/projects/aqua-arc-by-bnw-properties-on-al-marjan-island
N/A,https://opr.ae/projects/sofitel-residences-dubai-by-azha-development,Sofitel Residences,Azha Development,Downtown Dubai,"Apartments, Penthouses",2500000,https://cdn.opr.ae/upload/photo/Sofitel%20Residences.jpg,"25.193701, 55.283150",EN,N/A,https://cdn.opr.ae/upload/brochures/Sofitel_Brochure.pdf,Coming soon,N/A,N/A,N/A,N/A,Dubai Luxury Living,Q4 2026,40/60 Payment Plan,"1BR, 2BR, 3BR, 4BR, 5BR",https://opr.ae/ru/projects/sofitel-residences-dubai-by-azha-development,https://opr.ae/ar/projects/sofitel-residences-dubai-by-azha-development
N/A,https://opr.ae/projects/skyscape-altius-by-sobha-realty-in-sobha-hartland-2,Skyscape Altius,Sobha,Sobha Hartland II,Apartments,1560000,https://cdn.opr.ae/upload/photo/Skyscape%20Altius.jpg,"25.171855, 55.329314",EN,N/A,https://cdn.opr.ae/upload/brochures/Brochure%20-%20SKYSCAPE%20ALTIUS.pdf,60/40 Payment Plan,Coming Soon,N/A,N/A,N/A,Dubai Luxury Living,Q4 2028,60/40 Payment Plan,"1BR, 2BR, 3BR",https://opr.ae/ru/projects/skyscape-altius-by-sobha-realty-in-sobha-hartland-2,https://opr.ae/ar/projects/skyscape-altius-by-sobha-realty-in-sobha-hartland-2
N/A,https://opr.ae/projects/nb-collection-by-rak-properties-on-hayat-island,NB Collection,RAK Properties,Hayat Island (Ras Al Khaimah Emirate),Villas,17000000,https://cdn.opr.ae/upload/photo/NB%20Collection%20RAK.jpg,"25.723334, 55.840883",EN,N/A,https://cdn.opr.ae/upload/brochures/NB%20Brochure.pdf,60/40 Payment Plan,Coming Soon,N/A,N/A,N/A,"Beachfront Living, Waterfront Living",Q4 2026,60/40 Payment Plan,4BR,https://opr.ae/ru/projects/nb-collection-by-rak-properties-on-hayat-island,https://opr.ae/ar/projects/nb-collection-by-rak-properties-on-hayat-island
N/A,https://opr.ae/projects/ocean-cove-by-emaar-properties,Ocean Cove,Emaar,Rashid Yachts & Marina,Apartments,1760000,https://cdn.opr.ae/upload/photo/Ocean%20Cove.jpg,"25.256044, 55.279628",EN,N/A,https://cdn.opr.ae/upload/brochures/OCEAN_COVE_BROCHURE.pdf,80/20 Payment Plan,Coming Soon,N/A,N/A,N/A,"Dubai Luxury Living, Waterfront Living",Q3 2028,80/20 Payment Plan,"1BR, 2BR, 3BR",https://opr.ae/ru/projects/ocean-cove-by-emaar-properties,https://opr.ae/ar/projects/ocean-cove-by-emaar-properties
N/A,https://opr.ae/projects/trump-hotel-by-darglobal-and-omran-group-in-muscat,Trump Hotel,DarGlobal,Muscat (The Sultanate of Oman),Hotel suites,1300000,https://cdn.opr.ae/upload/photo/Trump%20Hotel.jpg,"23.529569, 58.675125",EN,N/A,https://cdn.opr.ae/upload/brochures/Trump%20Hotel%20Factsheet.pdf,90/10 Payment Plan,Coming Soon,N/A,N/A,N/A,Beachfront Living,Q4 2028,90/10 Payment Plan,N/A,https://opr.ae/ru/projects/trump-hotel-by-darglobal-and-omran-group-in-muscat,https://opr.ae/ar/projects/trump-hotel-by-darglobal-and-omran-group-in-muscat
N/A,https://opr.ae/projects/trump-cliff-villas-by-darglobal-and-omran-group-in-muscat,Trump Cliff Villas,DarGlobal,Muscat (The Sultanate of Oman),Villas,3700000,https://cdn.opr.ae/upload/photo/Trump%20residences.jpg,"23.529569, 58.675125",EN,N/A,https://cdn.opr.ae/upload/brochures/Trump%20Villas%20Factsheet.pdf,90/10 Payment Plan,Coming Soon,N/A,N/A,N/A,Beachfront Living,Q4 2028,90/10 Payment Plan,3BR,https://opr.ae/ru/projects/trump-cliff-villas-by-darglobal-and-omran-group-in-muscat,https://opr.ae/ar/projects/trump-cliff-villas-by-darglobal-and-omran-group-in-muscat
N/A,https://opr.ae/projects/marina-views-by-emaar-properties,Marina Views,Emaar,Rashid Yachts & Marina,Apartments,1650000,https://cdn.opr.ae/upload/photo/Marina%20Views%20by%20Emaar%20.jpg,"25.258115, 55.275397",EN,N/A,https://cdn.opr.ae/upload/brochures/MARINA_VIEWS_BROCHURE.pdf,80/20 Payment Plan,Coming Soon,N/A,N/A,N/A,"Dubai Luxury Living, Waterfront Living",Q4 2028,80/20 Payment Plan,"1BR, 2BR, 3BR, 4BR",https://opr.ae/ru/projects/marina-views-by-emaar-properties,https://opr.ae/ar/projects/marina-views-by-emaar-properties
N/A,https://opr.ae/projects/savannah-by-nshama-in-town-square-dubai,Savannah,NSHAMA,Town Square Dubai,"Apartments, Duplexes",809000,https://cdn.opr.ae/upload/photo/SAVANNAH.jpg,"25.004300, 55.287466",EN,N/A,https://cdn.opr.ae/upload/brochures/SAVANNAH-Brochure-Final.pdf,60/40 Payment Plan,Coming Soon,N/A,N/A,N/A,Green Nature Living,Q3 2027,60/40 Payment Plan,"1BR, 2BR, 3BR",https://opr.ae/ru/projects/savannah-by-nshama-in-town-square-dubai,https://opr.ae/ar/projects/savannah-by-nshama-in-town-square-dubai
N/A,https://opr.ae/projects/fairmont-residences-solara-tower-dubai-by-sol-properties,Fairmont Residences,SOL Properties,Downtown Dubai,"Apartments, Penthouses",N/A,https://cdn.opr.ae/upload/photo/Fairmont%20Residences%20Solara%20Tower.jpg,"25.189793, 55.271872",EN,N/A,https://cdn.opr.ae/upload/brochures/Fairmont%20Residences_Solara%20Tower%20Dubai_Factsheet%20(1).pdf,60/40 Payment Plan,Coming Soon,N/A,N/A,N/A,Dubai Luxury Living,Q3 2027,60/40 Payment Plan,N/A,https://opr.ae/ru/projects/fairmont-residences-solara-tower-dubai-by-sol-properties,https://opr.ae/ar/projects/fairmont-residences-solara-tower-dubai-by-sol-properties
N/A,https://opr.ae/projects/townhouses-velora-and-venera-valley-2-dubai,Velora & Venera,Emaar,The Valley 2,Townhouses,2480000,https://cdn.opr.ae/upload/photo/VENERA&VELORA.jpg,"25.005258, 55.436836",EN,N/A,N/A,80/20 Payment Plan,First townhouse clusters,N/A,N/A,N/A,Green Nature Living,Q3 2028,80/20 Payment Plan,"3BR, 4BR",https://opr.ae/ru/projects/townhouses-velora-and-venera-valley-2-dubai,https://opr.ae/ar/projects/townhouses-velora-and-venera-valley-2-dubai
N/A,https://opr.ae/projects/tonino-lamborghini-residences,Tonino Lamborghini Residences,Gulf Land Property Developers,Meydan,Apartments,3000000,https://cdn.opr.ae/upload/photo/Gulf%20Land%20x%20Tonino%20Lamborghini%20Residences.jpg,"25.161009, 55.326232",EN,N/A,https://cdn.opr.ae/upload/brochures/Gulf%20Land%20x%20Tonino%20Lamborghini%20Residences%20DUbai.pdf,70/30 Payment Plan,Coming Soon,N/A,N/A,N/A,Dubai Luxury Living,Q1 2027,70/30 Payment Plan,"1BR, 2BR, 3BR, 4BR",https://opr.ae/ru/projects/tonino-lamborghini-residences,https://opr.ae/ar/projects/tonino-lamborghini-residences
N/A,https://opr.ae/projects/verdes-haven-aldar-properties-dubailand-dubai,Verdes by Haven,Aldar,Dubailand,"Apartments, Duplexes",990000,https://cdn.opr.ae/upload/photo/Verdes%20by%20Haven%20by%20Aldar%20Properties.jpg,"25.080879, 55.375805",EN,N/A,N/A,60/40 Payment Plan,Coming Soon,N/A,N/A,N/A,Dubai Luxury Living,Q2 2028,60/40 Payment Plan,"1BR, 2BR, 3BR",https://opr.ae/ru/projects/verdes-haven-aldar-properties-dubailand-dubai,https://opr.ae/ar/projects/verdes-haven-aldar-properties-dubailand-dubai
N/A,https://opr.ae/projects/watercrest-ellington-properties-mbr-city-dubai,The Watercrest,Ellington Properties,MBR City,"Townhouses, Villas",5000000,https://cdn.opr.ae/upload/photo/The%20Watercrest%20by%20Ellington.jpg,"25.126951, 55.350098",EN,N/A,N/A,70/30 Payment Plan,Coming Soon,N/A,N/A,N/A,Dubai Luxury Living,Q4 2027,70/30 Payment Plan,"3BR, 4BR",https://opr.ae/ru/projects/watercrest-ellington-properties-mbr-city-dubai,https://opr.ae/ar/projects/watercrest-ellington-properties-mbr-city-dubai
N/A,https://opr.ae/projects/arada-cbd-arada-aljada-sharjah,Arada CBD,Arada,Aljada (Sharjah Emirate),Commercial real estate,N/A,https://cdn.opr.ae/upload/photo/Arada%20CBD.jpg,N/A,EN,N/A,https://cdn.opr.ae/upload/brochures/Arada%20CBD%20brochure.pdf,50/50 Payment Plan,Coming Soon,N/A,N/A,N/A,Dubai Luxury Living,Q4 2025,50/50 Payment Plan,N/A,https://opr.ae/ru/projects/arada-cbd-arada-aljada-sharjah,https://opr.ae/ar/projects/arada-cbd-arada-aljada-sharjah
N/A,https://opr.ae/projects/rove-home-sharjah-by-arada-in-aljada-sharjah,Rove Home Aljada,Arada,Aljada (Sharjah Emirate),Apartments,1500000,https://cdn.opr.ae/upload/photo/rove_home_sharjah_by_arada_in_aljada.jpg,N/A,EN,N/A,N/A,45/55 Payment Plan,Coming Soon,N/A,N/A,N/A,Dubai Luxury Living,N/A,45/55 Payment Plan,"1BR, 2BR, 3BR",https://opr.ae/ru/projects/rove-home-sharjah-by-arada-in-aljada-sharjah,https://opr.ae/ar/projects/rove-home-sharjah-by-arada-in-aljada-sharjah
N/A,https://opr.ae/projects/il-teatro-residences-1-arada-aljada,il teatro Residences,Arada,Aljada (Sharjah Emirate),"Apartments, Lofts",987000,https://cdn.opr.ae/upload/photo/il%20teatro%20Residences%201.jpg,N/A,EN,N/A,https://cdn.opr.ae/upload/brochures/IL-TEATRO-RESIDENCES-BROCHURE.pdf,40/60 Payment Plan,Coming Soon,N/A,N/A,N/A,Dubai Luxury Living,Q4 2024,40/60 Payment Plan,"1BR, 2BR, 3BR",https://opr.ae/ru/projects/il-teatro-residences-1-arada-aljada,https://opr.ae/ar/projects/il-teatro-residences-1-arada-aljada
N/A,https://opr.ae/projects/palace-residences-emaar-properties-dubai-creek-harbour-dubai,Palace Residences Creek Blue,Emaar,Dubai Creek Harbour,"Apartments, Full floors",1870000,https://cdn.opr.ae/upload/photo/Palace%20Residences.jpg,"25.208582, 55.349422",EN,N/A,N/A,N/A,Coming Soon,N/A,N/A,N/A,Dubai Luxury Living,N/A,N/A,"1BR, 2BR, 3BR",https://opr.ae/ru/projects/palace-residences-emaar-properties-dubai-creek-harbour-dubai,https://opr.ae/ar/projects/palace-residences-emaar-properties-dubai-creek-harbour-dubai
N/A,https://opr.ae/projects/w-residences-dubai-harbour-arada-dubai-harbour,W Residences Dubai Harbour,Arada,Dubai Harbour,"Apartments, Penthouses, Duplexes",4300000,https://cdn.opr.ae/upload/photo/W%20Residences%20Dubai%20Harbour.jpg,N/A,EN,N/A,N/A,60/40 Payment Plan,Coming Soon,N/A,N/A,N/A,Dubai Luxury Living,N/A,60/40 Payment Plan,"1BR, 2BR, 3BR, 4BR, 5BR",https://opr.ae/ru/projects/w-residences-dubai-harbour-arada-dubai-harbour,https://opr.ae/ar/projects/w-residences-dubai-harbour-arada-dubai-harbour
N/A,https://opr.ae/projects/verve-meraas-dubai,Verve City Walk,Meraas,City Walk,Apartments,2120000,https://cdn.opr.ae/upload/photo/Verve%20City%20Walk%20by%20Meraas.jpg,"25.206964, 55.262127",EN,N/A,https://cdn.opr.ae/upload/brochures/CW-VERVE%20BROCHURE.pdf,75/25 Payment Plan,Coming Soon,N/A,N/A,N/A,Dubai Luxury Living,Q3 2028,75/25 Payment Plan,"1BR, 2BR, 3BR, 4BR, 5BR",https://opr.ae/ru/projects/verve-meraas-dubai,https://opr.ae/ar/projects/verve-meraas-dubai
N/A,https://opr.ae/projects/golf-lane-by-emaar-properties-in-emaar-south,Golf Lane,Emaar,Emaar South,Villas,4480000,https://cdn.opr.ae/upload/photo/golf%20lane.jpg,"24.869652, 55.137527",EN,N/A,N/A,N/A,Coming Soon,N/A,N/A,N/A,Green Nature Living,N/A,N/A,"4BR, 5BR",https://opr.ae/ru/projects/golf-lane-by-emaar-properties-in-emaar-south,https://opr.ae/ar/projects/golf-lane-by-emaar-properties-in-emaar-south
N/A,https://opr.ae/projects/arlo-emaar-properties-dubai-creek-harbour-dubai,ARLO,Emaar,Dubai Creek Harbour,"Apartments, Townhouses",1700000,https://cdn.opr.ae/upload/photo/ARLO%20by%20Emaar%20Properties.jpg,"25.206644, 55.349836",EN,N/A,https://cdn.opr.ae/upload/brochures/ARLO_DCH_BROCHURE.pdf,90/10 Payment Plan,Coming Soon,N/A,N/A,N/A,"Dubai Luxury Living, Beachfront Living",Q4 2028,90/10 Payment Plan,"1BR, 2BR, 3BR",https://opr.ae/ru/projects/arlo-emaar-properties-dubai-creek-harbour-dubai,https://opr.ae/ar/projects/arlo-emaar-properties-dubai-creek-harbour-dubai
N/A,https://opr.ae/projects/al-danah-residential-tower-dubai-investments-danah-bay-al-marjan-island-ras-al-khaimah,Al Danah Residential Tower,Dubai Investments Real Estate,Al Marjan Island (Ras Al Khaimah Emirate),"Apartments, Penthouses",2100000,https://cdn.opr.ae/upload/photo/Al%20Danah%20Residential%20Tower.jpg,N/A,EN,N/A,https://cdn.opr.ae/upload/brochures/AW%20DANAH%20BAY%20Residential.pdf,60/40 Payment Plan,Coming Soon,N/A,N/A,N/A,"Dubai Luxury Living, Beachfront Living",N/A,60/40 Payment Plan,"1BR, 2BR, 3BR",https://opr.ae/ru/projects/al-danah-residential-tower-dubai-investments-danah-bay-al-marjan-island-ras-al-khaimah,https://opr.ae/ar/projects/al-danah-residential-tower-dubai-investments-danah-bay-al-marjan-island-ras-al-khaimah
N/A,https://opr.ae/projects/dubai-harbour-residences-by-h&h,Dubai Harbour Residences⠀,H&H Development,Dubai Harbour,Apartments,3900000,https://cdn.opr.ae/upload/photo/DUBAIHARBOUR.jpg,"25.094198, 55.140999",EN,N/A,https://cdn.opr.ae/upload/brochures/DHR%20Brochure.pdf,60/40 Payment Plan,Coming Soon,N/A,N/A,N/A,"Dubai Luxury Living, Beachfront Living, Waterfront Living",Q1 2028,60/40 Payment Plan,"1BR, 2BR, 3BR, 4BR",https://opr.ae/ru/projects/dubai-harbour-residences-by-h&h,https://opr.ae/ar/projects/dubai-harbour-residences-by-h&h
N/A,https://opr.ae/projects/edge-rak-properties-raha-island-mina-al-arab-ras-al-khaimah,EDGE⠀,RAK Properties,Mina Al Arab (Ras Al Khaimah Emirate),"Apartments,Penthouses, Chalets",750000,https://cdn.opr.ae/upload/photo/EdgeRAK.jpg,"25.716950, 55.832908",EN,N/A,https://cdn.opr.ae/upload/brochures/Edge%20Brochure.pdf,60/40 Payment Plan,Coming Soon,N/A,N/A,N/A,Beachfront Living,Q2 2027,60/40 Payment Plan,"Studios,1BR, 2BR",https://opr.ae/ru/projects/edge-rak-properties-raha-island-mina-al-arab-ras-al-khaimah,https://opr.ae/ar/projects/edge-rak-properties-raha-island-mina-al-arab-ras-al-khaimah
N/A,https://opr.ae/projects/apartment-and-penthouse-unique-elie-saab-waterfront-complex-al-reem-island-abu-dhabi,Elie Saab Waterfront,Ohana Development,Abu Dhabi,"Apartments, Penthouses",2000000,https://cdn.opr.ae/upload/photo/Elie%20Saab%20Waterfron.jpg,"24.485116, 54.400573",EN,N/A,https://cdn.opr.ae/upload/brochures/ElieSaab_brochure%20.pdf,90/10 Payment Plan,Coming Soon,N/A,N/A,N/A,Dubai Luxury Living,Q1 2027,90/10 Payment Plan,"1BR, 2BR, 3BR",https://opr.ae/ru/projects/apartment-and-penthouse-unique-elie-saab-waterfront-complex-al-reem-island-abu-dhabi,https://opr.ae/ar/projects/apartment-and-penthouse-unique-elie-saab-waterfront-complex-al-reem-island-abu-dhabi
N/A,https://opr.ae/projects/one-b-tower-by-wasl,One B by Wasl,wasl,Dubai,"Apartments, Duplexes",1600000,https://cdn.opr.ae/upload/photo/One%20B%20by%20Wasl.jpg,"25.179854, 55.252078",EN,N/A,https://cdn.opr.ae/upload/brochures/One%20B%20Tower%20Brochure_0.pdf,40/60 Payment Plan,Coming Soon,N/A,N/A,N/A,Dubai Luxury Living,Q3 2028,40/60 Payment Plan,"1BR, 2BR, 3BR, 4BR",https://opr.ae/ru/projects/one-b-tower-by-wasl,https://opr.ae/ar/projects/one-b-tower-by-wasl
N/A,https://opr.ae/projects/apartments-skyscape-avenue-project-sobha-hartland-dubai,Skyscape Avenue,Sobha,Sobha Hartland II,Apartments,1700000,https://cdn.opr.ae/upload/photo/Skyscape%20Avenue.jpg,"25.171855, 55.329314",EN,N/A,N/A,60/40 Payment Plan,Coming Soon,N/A,N/A,N/A,Dubai Luxury Living,Q4 2028,60/40 Payment Plan,"1BR, 2BR, 3BR, 5BR",https://opr.ae/ru/projects/apartments-skyscape-avenue-project-sobha-hartland-dubai,https://opr.ae/ar/projects/apartments-skyscape-avenue-project-sobha-hartland-dubai
N/A,https://opr.ae/projects/masa-residence-durar-group-al-marjan-island,MASA Residence,Durar Group,Al Marjan Island (Ras Al Khaimah Emirate),Apartments,N/A,https://cdn.opr.ae/photo/MASA%20Residence.jpg,N/A,EN,N/A,https://cdn.opr.ae/brochures/MASA%20BROCHURE.pdf,50/50 Payment Plan,Coming Soon,N/A,N/A,N/A,Beachfront Living,N/A,50/50 Payment Plan,"Studios,1BR, 2BR",https://opr.ae/ru/projects/masa-residence-durar-group-al-marjan-island,https://opr.ae/ar/projects/masa-residence-durar-group-al-marjan-island
N/A,https://opr.ae/projects/uptown-apartments-by-wujha-in-muscat-oman,Uptown Muscat ,Wujha Real Estate,Muscat (The Sultanate of Oman),"Apartments, Duplexes",534000,https://cdn.opr.ae/photo/UPTOWN.jpg,"23.566254, 58.170964",EN,N/A,https://cdn.opr.ae/brochures/UPTOWN%20-%20brochure.pdf,N/A,Coming Soon,N/A,N/A,N/A,Beachfront Living,Q1 2027,N/A,"1BR, 2BR, 3BR, 4BR",https://opr.ae/ru/projects/uptown-apartments-by-wujha-in-muscat-oman,https://opr.ae/ar/projects/uptown-apartments-by-wujha-in-muscat-oman
N/A,https://opr.ae/projects/central-7-offices-by-wujha-in-muscat-oman,Central 7,Wujha Real Estate,Muscat (The Sultanate of Oman),Commercial property,N/A,https://cdn.opr.ae/photo/Central%207.jpg,"23.566711, 58.171761",EN,N/A,https://cdn.opr.ae/brochures/Central%207%20Presentation.pdf,N/A,Coming Soon,N/A,N/A,N/A,Beachfront Living,N/A,N/A,Commercial property,https://opr.ae/ru/projects/central-7-offices-by-wujha-in-muscat-oman,https://opr.ae/ar/projects/central-7-offices-by-wujha-in-muscat-oman
N/A,https://opr.ae/projects/zen-residences-zen-development-and-investment-muscat-bay-oman,Zen Residences in Muscat Bay,Zen Development and Investment,Muscat (The Sultanate of Oman),Apartments,550000,https://cdn.opr.ae/photo/Zen%20Residences.jpg,"23.546644, 58.637583",EN,N/A,https://cdn.opr.ae/brochures/Zen%20Residences%20Broucher.pdf,80/20 Payment Plan,N/A,N/A,N/A,N/A,Beachfront Living,Q4 2026,80/20 Payment Plan,"Studios,1BR, 2BR, 3BR",Error,Error
N/A,https://opr.ae/projects/villas-paradise-villas-darglobal-muscat,Paradise Villas in Muscat,DarGlobal,Muscat (The Sultanate of Oman),Villas,N/A,https://cdn.opr.ae/photo/The%20Paradise%20Villas.jpg,N/A,EN,N/A,https://cdn.opr.ae/brochures/AIDA_TheParadiseVillas_English.pdf,N/A,N/A,N/A,N/A,N/A,Beachfront Living,N/A,N/A,3BR,Error,Error
N/A,https://opr.ae/projects/residences-top-world-villas-darglobal-muscat,Top of the World Villas in Muscat,DarGlobal,Muscat (The Sultanate of Oman),Villas,1350000,https://cdn.opr.ae/photo/Top%20of%20the%20world.jpg,N/A,EN,N/A,https://cdn.opr.ae/brochures/Top%20of%20the%20World%20Villas_Brochure.pdf,N/A,N/A,N/A,N/A,N/A,Beachfront Living,N/A,N/A,3BR,Error,Error
N/A,https://opr.ae/projects/great-escape-darglobal-muscat,The Great Escape in Muscat,DarGlobal,Muscat (The Sultanate of Oman),"Apartments, Villas",870000,https://cdn.opr.ae/photo/The%20Great%20Escape.jpg,N/A,EN,N/A,https://cdn.opr.ae/brochures/TheGreatEscape_Brochure%20EN.pdf,N/A,N/A,N/A,N/A,N/A,Beachfront Living,Q3 2027,N/A,"1BR, 2BR, 3BR",Error,Error
N/A,https://opr.ae/projects/villas-trump-villas-darglobal-muscat,Trump Villas in Muscat,DarGlobal,Muscat (The Sultanate of Oman),Villas,7500000,https://cdn.opr.ae/photo/Trump%20Villas.jpg,N/A,EN,N/A,https://cdn.opr.ae/brochures/Trump%20Villas_Brochure.pdf,N/A,N/A,N/A,N/A,N/A,Beachfront Living,N/A,N/A,5BR,Error,Error
N/A,https://opr.ae/projects/rizz-villas-darglobal-muscat-oman,Rizz Villas in Muscat,DarGlobal,Muscat (The Sultanate of Oman),Villas,1700000,https://cdn.opr.ae/photo/Rizz%20Villas.jpg,N/A,EN,N/A,https://cdn.opr.ae/brochures/Rizz%20Villas%20brochure.pdf,N/A,N/A,N/A,N/A,N/A,Beachfront Living,N/A,N/A,3BR,Error,Error
N/A,https://opr.ae/projects/project-ellington-properties-district-11-meydan-south-dubai,Project by Ellington Properties,Ellington Properties,District 11 Meydan South,"Townhouses, Villas",N/A,https://cdn.opr.ae/photo/Project%20by%20Ellington%20Properties%20in%20District%2011.jpg,"25.127793, 55.350114",EN,N/A,N/A,70/30 Payment Plan,Coming Soon,N/A,N/A,N/A,Dubai Luxury Living,Q4 2027,70/30 Payment Plan,3BR,https://opr.ae/ru/projects/project-ellington-properties-district-11-meydan-south-dubai,https://opr.ae/ar/projects/project-ellington-properties-district-11-meydan-south-dubai
N/A,https://opr.ae/projects/solaris-muriya-jebel-sifah,Solaris in Jebel Sifah,Muriya,Muscat (The Sultanate of Oman),Apartments,630000,https://cdn.opr.ae/photo/Solaris%20by%20Muriya.jpg,N/A,EN,N/A,https://cdn.opr.ae/brochures/Mini_brochure_Solaris.pdf,N/A,N/A,N/A,N/A,N/A,Beachfront Living,Q1 2027,N/A,"Studios,1BR, 2BR",Error,Error
N/A,https://opr.ae/projects/villas-raya-development-jebel-sifah,Raya in Jebel Sifah,Muriya,Muscat (The Sultanate of Oman),Villas,1800000,https://cdn.opr.ae/photo/Raya%20by%20Muriya.jpg,N/A,EN,N/A,https://cdn.opr.ae/brochures/Digital_Brochure_RAYA.pdf,N/A,N/A,N/A,N/A,N/A,Beachfront Living,Q1 2027,N/A,"2BR, 3BR",Error,Error
N/A,https://opr.ae/projects/ela-residences-omniyat,ELA Residences,OMNIYAT,Palm Jumeirah,"Apartments, Duplexes, Penthouses",N/A,https://cdn.opr.ae/photo/ELA%20Residences.jpg,N/A,EN,N/A,N/A,60/40 Payment Plan,Coming Soon,N/A,N/A,N/A,Dubai Luxury Living,Q1 2028,60/40 Payment Plan,"3BR, 4BR",https://opr.ae/ru/projects/ela-residences-omniyat,https://opr.ae/ar/projects/ela-residences-omniyat
N/A,https://opr.ae/projects/Kempinski-Marina-Residences,Marina Residences,ABA Group,Dubai Marina,"Apartments, Penthouses, Duplexes, Sky Villas",2200000,https://cdn.opr.ae/photo/Kempinski%20Marina%20Residences.jpg,N/A,EN,N/A,N/A,N/A,Coming Soon,N/A,N/A,N/A,"Dubai Luxury Living, Waterfront Living",Q1 2028,N/A,"1BR, 2BR, 3BR, 4BR",https://opr.ae/ru/projects/Kempinski-Marina-Residences,https://opr.ae/ar/projects/Kempinski-Marina-Residences
N/A,https://opr.ae/projects/palace-residences-dubai-hills-estate-emaar-properties,Palace Residences Dubai Hills Estate ,Emaar,Dubai Hills Estate,Apartments,1760000,https://cdn.opr.ae/photo/Palace%20Residences%20by%20Emaar%20Properties.jpg,N/A,EN,N/A,N/A,80/20 Payment Plan,Coming Soon,N/A,N/A,N/A,Branded Residences,N/A,80/20 Payment Plan,"1BR, 2BR, 3BR",https://opr.ae/ru/projects/palace-residences-dubai-hills-estate-emaar-properties,https://opr.ae/ar/projects/palace-residences-dubai-hills-estate-emaar-properties
N/A,https://opr.ae/projects/grand-polo-club-and-resort-emaar-properties,Grand Polo Club and Resort ,Emaar,Dubai Investments Park,"Villas, Townhouses",N/A,https://cdn.opr.ae/photo/Grand%20Polo%20Club%20and%20Resort.jpg,N/A,EN,N/A,N/A,N/A,Coming Soon,N/A,N/A,N/A,Dubai Luxury Living,N/A,N/A,N/A,https://opr.ae/ru/projects/grand-polo-club-and-resort-emaar-properties,https://opr.ae/ar/projects/grand-polo-club-and-resort-emaar-properties
N/A,https://opr.ae/projects/mangrove-at-greek-beach-by-emaar-properties,Mangrove,Emaar,Dubai Creek Harbour,Apartments,1480000,https://cdn.opr.ae/photo/Mangrove.jpg,"25.203790, 55.351537",EN,N/A,https://cdn.opr.ae/brochures/MANGROVE_DCH_BROCHURE.pdf,80/20 Payment Plan,Coming Soon,N/A,N/A,N/A,"Beachfront Living, Green Nature Living",Q3 2026,80/20 Payment Plan,"1BR, 2BR, 3BR",https://opr.ae/ru/projects/mangrove-at-greek-beach-by-emaar-properties,https://opr.ae/ar/projects/mangrove-at-greek-beach-by-emaar-properties
N/A,https://opr.ae/projects/green-vistas-by-sobha-realty,Green Vistas⠀,Sobha,Sobha Hartland II,Residences,1600000,https://cdn.opr.ae/photo/Green%20Vistas%201.jpg,N/A,EN,N/A,N/A,60/40 Payment Plan,Coming Soon,N/A,N/A,N/A,Green Nature Living,N/A,60/40 Payment Plan,N/A,https://opr.ae/ru/projects/green-vistas-by-sobha-realty,https://opr.ae/ar/projects/green-vistas-by-sobha-realty
N/A,https://opr.ae/projects/sora-beach-residences-by-aark-developers-on-al-marjan-island,SORA Beach Residences,Aark,Al Marjan Island (Ras Al Khaimah Emirate),Residences,N/A,https://cdn.opr.ae/photo/Sora%20Beach%20Residences.jpg,N/A,EN,N/A,https://cdn.opr.ae/brochures/Sora%20Beach%20Residences.pdf,N/A,Coming Soon,N/A,N/A,N/A,"Beachfront Living, Branded Residences",2027,N/A,N/A,https://opr.ae/ru/projects/sora-beach-residences-by-aark-developers-on-al-marjan-island,https://opr.ae/ar/projects/sora-beach-residences-by-aark-developers-on-al-marjan-island
N/A,https://opr.ae/projects/beach-walk-by-imtiaz-developments-at-dubai-islands,Beach Walk,Imtiaz,Dubai Islands,Apartments,2200000,https://cdn.opr.ae/photo/Beach%20Walk%20Imtiaz.jpg,"25.298200, 55.296328",EN,N/A,N/A,60/40 Payment Plan,Coming Soon,N/A,N/A,N/A,"Beachfront Living, Waterfront Living",N/A,60/40 Payment Plan,"1BR, 2BR",https://opr.ae/ru/projects/beach-walk-by-imtiaz-developments-at-dubai-islands,https://opr.ae/ar/projects/beach-walk-by-imtiaz-developments-at-dubai-islands
N/A,https://opr.ae/projects/athlon-aldar-properties-dubailand,Athlon⠀,Aldar,Dubailand,"Villas, Townhouses",2800000,https://cdn.opr.ae/photo/Athlon_Aldar.jpg,"25.058841, 55.311796",EN,N/A,N/A,2 Available Payment Plans,Coming Soon,N/A,N/A,N/A,Dubai Luxury Living,Q2 2028,N/A,"3BR, 4BR, 5BR, 6BR",https://opr.ae/ru/projects/athlon-aldar-properties-dubailand,https://opr.ae/ar/projects/athlon-aldar-properties-dubailand
N/A,https://opr.ae/projects/binghatti-hills-by-binghatti-properties-in-dubai-science-park,Binghatti Hills,Binghatti Properties,Dubai Science Park,"Studios, Apartments",777777,https://cdn.opr.ae/photo/Binghatti%20Hills%20.jpg,"25.070782, 55.248780",EN,N/A,N/A,70/30 Payment Plan,Coming Soon,N/A,N/A,N/A,Dubai Luxury Living,N/A,70/30 Payment Plan,"Studios,1BR, 2BR",https://opr.ae/ru/projects/binghatti-hills-by-binghatti-properties-in-dubai-science-park,https://opr.ae/ar/projects/binghatti-hills-by-binghatti-properties-in-dubai-science-park
N/A,https://opr.ae/projects/al-hamra-waterfront-by-al-hamra-real-estate-development-llc,Al Hamra Waterfront⠀,Al Hamra,Al Hamra Village (Ras Al Khaimah Emirate),"Studios, Apartments, Townhouses",1800000,https://cdn.opr.ae/photo/AH%20Waterfront.jpg,"25.697981, 55.781087",EN,N/A,N/A,50/50 Payment Plan,HOT!,N/A,N/A,N/A,"Beachfront Living, Waterfront Living",Q1 2027,50/50 Payment Plan,"Studios,1BR, 2BR, 3BR, 4BR",https://opr.ae/ru/projects/al-hamra-waterfront-by-al-hamra-real-estate-development-llc,https://opr.ae/ar/projects/al-hamra-waterfront-by-al-hamra-real-estate-development-llc
N/A,https://opr.ae/projects/anantara-sharjah-residences-by-arada-in-sharjah,Anantara Sharjah Residences,Arada,Sharjah Emirate,"Apartments, Penthouses",2300000,https://cdn.opr.ae/photo/Anantara%20Sharjah%20Residences.jpg,"25.398549, 55.423578",EN,N/A,N/A,45/55 Payment Plan,Coming Soon,N/A,N/A,N/A,"Beachfront Living, Waterfront Living",N/A,45/55 Payment Plan,"1BR, 2BR, 3BR, 4BR",https://opr.ae/ru/projects/anantara-sharjah-residences-by-arada-in-sharjah,https://opr.ae/ar/projects/anantara-sharjah-residences-by-arada-in-sharjah
N/A,https://opr.ae/projects/karl-lagerfeld-villas-by-taraf-in-meydan-dubai,Karl Lagerfeld Villas,Taraf,Meydan,Villas,15000000,https://cdn.opr.ae/photo/Karl%20Lagerfeld%20Villas.jpg,"25.129286, 55.342839",EN,N/A,https://cdn.opr.ae/brochures/Karl%20Lagerfeld%20Villas%20by%20Taraf_Mini%20Brochure.pdf,60/40 Payment Plan,HOT!,N/A,N/A,N/A,"Dubai Luxury Living, Green Nature Living",Q2 2027,60/40 Payment Plan,"5BR, 6BR, 7BR",https://opr.ae/ru/projects/karl-lagerfeld-villas-by-taraf-in-meydan-dubai,https://opr.ae/ar/projects/karl-lagerfeld-villas-by-taraf-in-meydan-dubai
N/A,https://opr.ae/projects/the-unexpected-al-marjan-island-hotel-and-residences-by-almal-real-estat,The Unexpected,Almal,Al Marjan Island (Ras Al Khaimah Emirate),Residences,1600000,https://cdn.opr.ae/photo/The%20Unexpected%20Al%20Marjan%20Island.jpg,N/A,EN,N/A,https://cdn.opr.ae/upload/brochures/Unexpected%20Al%20Marjan%20Brochure.pdf,24/7 Entertainment and Luxury,HOT!,N/A,N/A,N/A,"Beachfront Living, Waterfront Living",Q4 2026,50/50 Payment Plan,"Hotel room, Residences",https://opr.ae/ru/projects/the-unexpected-al-marjan-island-hotel-and-residences-by-almal-real-estat,https://opr.ae/ar/projects/the-unexpected-al-marjan-island-hotel-and-residences-by-almal-real-estat
N/A,https://opr.ae/projects/aston-martin-by-darglobal-from-darglobal-on-al-marjan-island,The Astera,DarGlobal,Al Marjan Island (Ras Al Khaimah Emirate),"Apartments, Townhouses",1800000,https://cdn.opr.ae/upload/photo/The%20Astera.jpg,N/A,EN,N/A,N/A,80/20 Payment Plan(Type One),70/30 Payment Plan(Type Two),N/A,N/A,N/A,"Beachfront Living, Waterfront Living",Q1 2028,80/20 Payment Plan,"1BR, 2BR, 3BR",https://opr.ae/ru/projects/aston-martin-by-darglobal-from-darglobal-on-al-marjan-island,https://opr.ae/ar/projects/aston-martin-by-darglobal-from-darglobal-on-al-marjan-island
N/A,https://opr.ae/projects/arabian-hills-estate-deca-properties-abu-dhabi-building,Arabian Hills Estate,Deca Properties,Arabian Hills Estate,Land Plots,1490000,https://cdn.opr.ae/photo/Arabian%20Hills%20Estate.jpg,"24.887542, 55.590851",EN,N/A,https://cdn.opr.ae/brochures/Arabian%20Hills%20Estate.pdf,50/50 Payment Plan,HOT!,N/A,N/A,N/A,"Waterfront Living, Green Nature Living",Q4 2027,50/50 Payment Plan,N/A,https://opr.ae/ru/projects/arabian-hills-estate-deca-properties-abu-dhabi-building,https://opr.ae/ar/projects/arabian-hills-estate-deca-properties-abu-dhabi-building
N/A,https://opr.ae/projects/cala-del-mar-ellington-properties-al-marjan-island,Cala Del Mar⠀,Ellington Properties,Al Marjan Island (Ras Al Khaimah Emirate),"Studios, Apartments",1400000,https://cdn.opr.ae/photo/CalaDelMar.jpg,"25.41217, 55.43536",EN,N/A,https://cdn.opr.ae/brochures/Cala%20del%20Mar%20-%20Brochure.pdf,50/50 Payment Plan,Coming Soon,N/A,N/A,N/A,"Beachfront Living, Waterfront Living",Q2 2027,50/50 Payment Plan,"Studios,1BR, 2BR, 3BR",https://opr.ae/ru/projects/cala-del-mar-ellington-properties-al-marjan-island,https://opr.ae/ar/projects/cala-del-mar-ellington-properties-al-marjan-island
N/A,https://opr.ae/projects/marriott-residences-aida-oman-by-darglobal-in-muscat-oman,Marriott Residences Aida Oman,DarGlobal,Muscat (The Sultanate of Oman),Apartments,1195000,https://cdn.opr.ae/photo/Aida%20Oman.jpg,"23.53016, 58.68814",EN,N/A,https://cdn.opr.ae/brochures/DG.Aida_Marriott.pdf,2 Available Payment Plans,Coming Soon,N/A,N/A,N/A,"Beachfront Living, Waterfront Living, Green Nature Living",Q3 2028,N/A,"1BR, 2BR, 3BR",https://opr.ae/ru/projects/marriott-residences-aida-oman-by-darglobal-in-muscat-oman,https://opr.ae/ar/projects/marriott-residences-aida-oman-by-darglobal-in-muscat-oman
N/A,https://opr.ae/projects/valo-by-emaar-properties-in-dubai-creek-harbour,VALO,Emaar,Dubai Creek Harbour,Apartments,1800000,https://cdn.opr.ae/photo/VALO_HERO.jpg,"25.205960, 55.352868",EN,N/A,https://cdn.opr.ae/brochures/VALO_DCH_BROCHURE.pdf,90/10 Payment Plan,N/A,N/A,N/A,N/A,"Dubai Luxury Living, Green Nature Living",Q3 2028,90/10 Payment Plan,"1BR, 2BR, 3BR",https://opr.ae/ru/projects/valo-by-emaar-properties-in-dubai-creek-harbour,https://opr.ae/ar/projects/valo-by-emaar-properties-in-dubai-creek-harbour
N/A,https://opr.ae/projects/ghaf-residences-majid-al-futtaim,Ghaf Woods,Majid Al Futtaim,Dubailand,Apartments,1200000,https://cdn.opr.ae/upload/photo/Ghaf%20Woods.jpg,N/A,EN,N/A,https://cdn.opr.ae/upload/brochures/Ghaf%20Woods%20-%20Brochure%20ENG%20.pdf,60/40 Payment Plan,N/A,N/A,N/A,N/A,Green Nature Living,N/A,60/40 Payment Plan,"1BR, 2BR, 3BR",https://opr.ae/ru/projects/ghaf-residences-majid-al-futtaim,https://opr.ae/ar/projects/ghaf-residences-majid-al-futtaim
N/A,https://opr.ae/projects/mira-villas-designed-by-bentley-homes-by-mira-developments,Mira Villas designed by Bentley Homes,Mira Developments,District 11 Meydan,Villas,20700000,https://cdn.opr.ae/photo/Mira%20Villas%20designed%20by%20Bentley%20Home.jpg,N/A,EN,N/A,https://cdn.opr.ae/brochures/Mira%20Villas%20designed%20by%20Bentley%20Home.pdf,50/50 Payment Plan,N/A,N/A,N/A,N/A,"Dubai Luxury Living, Green Nature Living",N/A,50/50 Payment Plan,5BR,https://opr.ae/ru/projects/mira-villas-designed-by-bentley-homes-by-mira-developments,https://opr.ae/ar/projects/mira-villas-designed-by-bentley-homes-by-mira-developments
N/A,https://opr.ae/projects/natura-by-damac-properties-in-damac-hills-2,Natura,DAMAC,DAMAC Hills 2,Townhouses,1800000,https://cdn.opr.ae/photo/NATURA.jpg,"24.984317, 55.388312",EN,N/A,https://cdn.opr.ae/brochures/NATURA_BROCHURE.pdf,60/40 Payment Plan,HOT!,N/A,N/A,N/A,"Waterfront Living, Green Nature Living",Q3 2026,60/40 Payment Plan,4BR,https://opr.ae/ru/projects/natura-by-damac-properties-in-damac-hills-2,https://opr.ae/ar/projects/natura-by-damac-properties-in-damac-hills-2
https://youtu.be/nQidTMnEfXs,https://opr.ae/projects/emaar-palmiera-the-oasis-villas-for-sale-in-dubai,Mirage at The Oasis,Emaar,Dubailand,Villas,15800000,https://cdn.opr.ae/photo/Oasis_Mirage.jpg,"24.995155, 55.220712",EN,N/A,https://cdn.opr.ae/brochures/emaar-palmiera.pdf,90/10 Payment Plan,Limited number of units,N/A,N/A,N/A,"Beachfront Living, Waterfront Living",Q2 2028,90/10 Payment Plan,"5BR, 6BR",https://opr.ae/ru/projects/emaar-palmiera-the-oasis-villas-for-sale-in-dubai,https://opr.ae/ar/projects/emaar-palmiera-the-oasis-villas-for-sale-in-dubai
N/A,https://opr.ae/projects/ocean-star-by-emaar-properties-in-rashid-yachts-and-marina-dubai,Ocean Star,Emaar,Rashid Yachts & Marina,Apartments,1700000,https://cdn.opr.ae/photo/OCEAN_STAR.jpg,"25.254507, 55.279526",EN,N/A,https://cdn.opr.ae/brochures/OCEAN_STAR_BROCHURE.pdf,90/10 Payment Plan,HOT!,N/A,N/A,N/A,"Dubai Luxury Living, Beachfront Living, Waterfront Living",Q3 2028,90/10 Payment Plan,"1BR, 2BR, 3BR",https://opr.ae/ru/projects/ocean-star-by-emaar-properties-in-rashid-yachts-and-marina-dubai,https://opr.ae/ar/projects/ocean-star-by-emaar-properties-in-rashid-yachts-and-marina-dubai
N/A,https://opr.ae/projects/sobha-orbis-by-sobha-realty-in-motor-city,Sobha Orbis,Sobha,Dubai Motor City,Apartments,985000,https://cdn.opr.ae/photo/ORBIS%20SOBHA.jpg,"25.04951, 55.24883",EN,N/A,https://cdn.opr.ae/brochures/Orbis.pdf,May Offer payment plan 60/40,N/A,N/A,N/A,N/A,"Dubai Luxury Living, Green Nature Living",Q4 2027,80/20 Payment Plan,"1BR, 2BR",https://opr.ae/ru/projects/sobha-orbis-by-sobha-realty-in-motor-city,https://opr.ae/ar/projects/sobha-orbis-by-sobha-realty-in-motor-city
N/A,https://opr.ae/projects/hillmont-residences-by-ellington-properties-in-jumeirah-village-circle,Hillmont Residences⠀,Ellington Properties,Jumeirah Village Circle (JVC),"Studios, Apartments",700000,https://cdn.opr.ae/photo/Hillmont_Residences.jpg,N/A,EN,N/A,https://cdn.opr.ae/brochures/Hillmont%20Residences%20-%20Brochure.pdf,70/30 Payment Plan,N/A,N/A,N/A,N/A,"Dubai Luxury Living, Green Nature Living",Q4 2026,70/30 Payment Plan,"Studios,1BR, 2BR, 3BR",https://opr.ae/ru/projects/hillmont-residences-by-ellington-properties-in-jumeirah-village-circle,https://opr.ae/ar/projects/hillmont-residences-by-ellington-properties-in-jumeirah-village-circle
N/A,https://opr.ae/projects/four-seasons-residences-difc-by-hh-development,Four Seasons Residences,H&H Development,DIFC,"Lofts, Apartments, Penthouses",33700000,https://cdn.opr.ae/photo/Four_Seasons.jpg,"25.12398, 55.16462",EN,N/A,https://cdn.opr.ae/brochures/FourSeasons_Brochure.pdf,60/40 Payment Plan,HOT!,N/A,N/A,N/A,"Dubai Luxury Living, Branded Residences",Q1 2027,60/40 Payment Plan,"2BR, 3BR, 4BR, 5BR",https://opr.ae/ru/projects/four-seasons-residences-difc-by-hh-development,https://opr.ae/ar/projects/four-seasons-residences-difc-by-hh-development
N/A,https://opr.ae/projects/sea-glints-mansions-by-al-zorah-development-company,Sea Glints Mansions,Al Zorah Development,Al Zorah (Al Zorah City),Villas,29500000,https://cdn.opr.ae/photo/Sea%20Glints%20Mansions%20(Al%20Zorah).jpg,N/A,EN,N/A,https://cdn.opr.ae/brochures/Sea%20Glints-Brochure.pdf,30/70 Payment Plan,Only 7 Villas Available,N/A,N/A,N/A,"Beachfront Living, Waterfront Living, Green Nature Living",Q1 2026,30/70 Payment Plan,5BR,https://opr.ae/ru/projects/sea-glints-mansions-by-al-zorah-development-company,https://opr.ae/ar/projects/sea-glints-mansions-by-al-zorah-development-company
N/A,https://opr.ae/projects/lillia-by-emaar-properties-in-the-valley,Lillia,Emaar,The Valley,Townhouses,2050000,https://cdn.opr.ae/photo/Lillia%20at%20The%20Valley.jpg,"25.01555, 55.45451",EN,N/A,https://cdn.opr.ae/brochures/LILLIA_TV_BROCHURE.pdf,90/10 Payment Plan,N/A,N/A,N/A,N/A,"Dubai Luxury Living, Green Nature Living",Q1 2027,90/10 Payment Plan,"3BR, 4BR",https://opr.ae/ru/projects/lillia-by-emaar-properties-in-the-valley,https://opr.ae/ar/projects/lillia-by-emaar-properties-in-the-valley
N/A,https://opr.ae/projects/residences-in-a-complex-at-madinat-jumeirah-living-by-meraas,Riwa,Meraas,Madinat Jumeirah,Apartments,2350000,https://cdn.opr.ae/photo/RIWA.jpg,N/A,EN,N/A,https://cdn.opr.ae/brochures/MJL_Riwa_Brochure.pdf,75/25 Payment Plan,Only 6 buildings,N/A,N/A,N/A,"Dubai Luxury Living, Waterfront Living, Green Nature Living",Q3 2027,75/25 Payment Plan,"1BR, 2BR, 3BR, 4BR",https://opr.ae/ru/projects/residences-in-a-complex-at-madinat-jumeirah-living-by-meraas,https://opr.ae/ar/projects/residences-in-a-complex-at-madinat-jumeirah-living-by-meraas
N/A,https://opr.ae/projects/sealine-residence-by-al-zorah-development-in-al-zorah-city,Sealine Residence⠀,Al Zorah Development,Al Zorah (Al Zorah City),"Apartments, Penthouses",1420000,https://cdn.opr.ae/photo/Sealine_Residence.jpg,N/A,EN,N/A,https://cdn.opr.ae/brochures/SEALINE_BROCHURE.pdf,60/40 Payment Plan,2 Available Payment Plans,N/A,N/A,N/A,"Beachfront Living, Waterfront Living, Green Nature Living",Q4 2026,60/40 Payment Plan,"1BR, 2BR, 3BR, 4BR",https://opr.ae/ru/projects/sealine-residence-by-al-zorah-development-in-al-zorah-city,https://opr.ae/ar/projects/sealine-residence-by-al-zorah-development-in-al-zorah-city
N/A,https://opr.ae/projects/granada-villas-mina-al-arab-by-rak-properties-ras-al-khaimah-uae,Granada Villas,RAK Properties,Mina Al Arab (Ras Al Khaimah Emirate),Villas,2300000,https://cdn.opr.ae/photo/Granada%20Villas%202.jpg,"25.716775, 55.840049",EN,N/A,https://cdn.opr.ae/banners/rak-granada.pdf,50/50 Payment Plan,2 years post-handover,N/A,N/A,N/A,"Beachfront Living, Waterfront Living, Green Nature Living",Q1 2026,50/50 Payment Plan,"2BR, 3BR",https://opr.ae/ru/projects/granada-villas-mina-al-arab-by-rak-properties-ras-al-khaimah-uae,https://opr.ae/ar/projects/granada-villas-mina-al-arab-by-rak-properties-ras-al-khaimah-uae
N/A,https://opr.ae/projects/elo-by-damac-properties-in-damac-hills-2-dubai,ELO⠀,DAMAC,DAMAC Hills 2,Apartments,750000,https://cdn.opr.ae/photo/ELO.jpg,"24.98358, 55.39214",EN,N/A,https://cdn.opr.ae/brochures/ELO_Brochure.pdf,70/30 Payment Plan,Perfect for a first home,N/A,N/A,N/A,"Dubai Luxury Living, Green Nature Living",Q4 2026,70/30 Payment Plan,"1BR, 2BR",https://opr.ae/ru/projects/elo-by-damac-properties-in-damac-hills-2-dubai,https://opr.ae/ar/projects/elo-by-damac-properties-in-damac-hills-2-dubai
N/A,https://opr.ae/projects/autograph-collection-by-damac-properties-in-damac-hills,Autograph Collection⠀,DAMAC,DAMAC Hills,Villas,5100000,https://cdn.opr.ae/photo/Autograph_Collection_Villas.jpg,"25.027645, 55.252092",EN,N/A,https://cdn.opr.ae/brochures/AUTOGRAPH%20COLLECTION%20Brochure.pdf,60/40 Payment Plan,Limited number of units,N/A,N/A,N/A,"Dubai Luxury Living, Green Nature Living",Q2 2027,60/40 Payment Plan,"4BR, 5BR, 6BR, 7BR",https://opr.ae/ru/projects/autograph-collection-by-damac-properties-in-damac-hills,https://opr.ae/ar/projects/autograph-collection-by-damac-properties-in-damac-hills
N/A,https://opr.ae/projects/park-lane-by-emaar-properties-in-dubai-hills-estate,PARK LANE⠀,Emaar,Dubai Hills Estate,Apartments,1400000,https://cdn.opr.ae/photo/PARK_LANE.jpg,"25.114031, 55.253469",EN,N/A,https://cdn.opr.ae/brochures/PARKLANE_BROCHURE.pdf,80/20 Payment Plan,N/A,N/A,N/A,N/A,"Dubai Luxury Living, Green Nature Living",Q4 2028,80/20 Payment Plan,"1BR, 2BR, 3BR",https://opr.ae/ru/projects/park-lane-by-emaar-properties-in-dubai-hills-estate,https://opr.ae/ar/projects/park-lane-by-emaar-properties-in-dubai-hills-estate
N/A,https://opr.ae/projects/elaya-by-nshama-in-town-square-dubai,ELAYA,NSHAMA,Town Square Dubai,Apartments,700000,https://cdn.opr.ae/photo/ELAYA.jpg,"25.00459, 55.29253",EN,N/A,https://cdn.opr.ae/brochures/ELAYA-Brochure.pdf,50/50 Payment Plan,N/A,N/A,N/A,N/A,"Dubai Luxury Living, Green Nature Living",Q3 2026,50/50 Payment Plan,"1BR, 2BR, 3BR",https://opr.ae/ru/projects/elaya-by-nshama-in-town-square-dubai,https://opr.ae/ar/projects/elaya-by-nshama-in-town-square-dubai
N/A,https://opr.ae/projects/vida-residences-dubai-hills-estate-by-emaar-properties,Vida Residences,Emaar,Dubai Hills Estate,"Apartments, Townhouses",1600000,https://cdn.opr.ae/photo/VIDA_RESIDENCES.jpg,"25.114031, 55.253469",EN,N/A,https://cdn.opr.ae/brochures/VIDA_RESIDENCES_BROCHURE.pdf,SOLD OUT!,N/A,N/A,N/A,N/A,"Dubai Luxury Living, Green Nature Living",Q3 2028,90/10 Payment Plan,"1BR, 2BR, 3BR",https://opr.ae/ru/projects/vida-residences-dubai-hills-estate-by-emaar-properties,https://opr.ae/ar/projects/vida-residences-dubai-hills-estate-by-emaar-properties
N/A,https://opr.ae/projects/hudayriyat-island-by-modon-properties-abu-dhabi,Hudayriyat Island⠀,Modon,Abu Dhabi,"Villas, Mansions",6000000,https://cdn.opr.ae/photo/Hudayriyat%20Island%20Modon.jpg,N/A,EN,N/A,https://cdn.opr.ae/brochures/Hudayriyat-Island.pdf,N/A,HOT!,N/A,N/A,N/A,"Beachfront Living, Waterfront Living, Green Nature Living",N/A,N/A,"3BR, 4BR, 5BR, 6BR, 7BR, 8BR",https://opr.ae/ru/projects/hudayriyat-island-by-modon-properties-abu-dhabi,https://opr.ae/ar/projects/hudayriyat-island-by-modon-properties-abu-dhabi
N/A,https://opr.ae/projects/park-views-residences-tower-a-by-wasl-in-zaabeel-dubai,Park Views Residences,WASL,Zabeel,Apartments,1450000,https://cdn.opr.ae/photo/Park%20Views%20Residences.jpg,"25.231947, 55.294239",EN,N/A,https://cdn.opr.ae/brochures/Park_Views_Residences.pdf,40/60 Payment Plan,Tower A,N/A,N/A,N/A,"Dubai Luxury Living, Green Nature Living",N/A,40/60 Payment Plan,"1BR, 2BR, 3BR, 4BR",https://opr.ae/ru/projects/park-views-residences-tower-a-by-wasl-in-zaabeel-dubai,https://opr.ae/ar/projects/park-views-residences-tower-a-by-wasl-in-zaabeel-dubai
N/A,https://opr.ae/projects/claydon-house-by-ellington-properties-in-meydan-horizon-dubai,Claydon House,Ellington Properties,Meydan Horizon,"Apartments, Penthouses",4400000,https://cdn.opr.ae/photo/Claydon%20House.jpg,N/A,EN,N/A,N/A,N/A,N/A,N/A,N/A,N/A,"Dubai Luxury Living, Green Nature Living",Q2 2027,N/A,"1BR, 2BR, 3BR, 4BR",https://opr.ae/ru/projects/claydon-house-by-ellington-properties-in-meydan-horizon-dubai,https://opr.ae/ar/projects/claydon-house-by-ellington-properties-in-meydan-horizon-dubai
N/A,https://opr.ae/projects/ocean-point-by-emaar-properties-in-rashid-yachts-and-marina-dubai,Ocean Point,Emaar,Rashid Yachts & Marina,Apartments,1670000,https://cdn.opr.ae/photo/Ocean%20Point%20by%20Emaar%20Properties.jpg,N/A,EN,N/A,N/A,N/A,N/A,N/A,N/A,N/A,"Dubai Luxury Living, Beachfront Living, Waterfront Living",N/A,N/A,"1BR, 2BR, 3BR",https://opr.ae/ru/projects/ocean-point-by-emaar-properties-in-rashid-yachts-and-marina-dubai,https://opr.ae/ar/projects/ocean-point-by-emaar-properties-in-rashid-yachts-and-marina-dubai
N/A,https://opr.ae/projects/jinan-island-by-majid-al-futtaim-in-muscat-oman,Jinan Island,Majid Al Futtaim,Muscat (The Sultanate of Oman),Villas,5600000,https://cdn.opr.ae/photo/Jinan%20Island.jpg,N/A,EN,N/A,https://cdn.opr.ae/brochures/Jinan-Island_brochure.pdf,75/15 Payment Plan,N/A,N/A,N/A,N/A,"Green Nature Living, Beachfront Living, Waterfront Living",N/A,75/15 Payment Plan,"5BR, 6BR",https://opr.ae/ru/projects/jinan-island-by-majid-al-futtaim-in-muscat-oman,https://opr.ae/ar/projects/jinan-island-by-majid-al-futtaim-in-muscat-oman
N/A,https://opr.ae/projects/parkside-hills-by-emaar-properties-in-dubai-hills-estate-dubai,Parkside Hills,Emaar,Dubai Hills Estate,Apartments,1150000,https://cdn.opr.ae/photo/Parkside%20Hills.jpg,N/A,EN,N/A,N/A,N/A,N/A,N/A,N/A,N/A,"Dubai Luxury Living, Green Nature Living",N/A,N/A,"1BR, 2BR, 3BR",https://opr.ae/ru/projects/parkside-hills-by-emaar-properties-in-dubai-hills-estate-dubai,https://opr.ae/ar/projects/parkside-hills-by-emaar-properties-in-dubai-hills-estate-dubai
N/A,https://opr.ae/projects/wadi-by-arista-properties-in-district-11-meydan-dubai,Wadi Villas,Arista Properties,District 11 Meydan,"Villas, Mansions",14000000,https://cdn.opr.ae/photo/Wadi.jpg,N/A,EN,N/A,https://cdn.opr.ae/brochures/Wadi%20Brochure.pdf,60/40 Payment Plan,N/A,N/A,N/A,N/A,"Dubai Luxury Living, Green Nature Living",Q4 2026,60/40 Payment Plan,"4BR, 5BR, 6BR",https://opr.ae/ru/projects/wadi-by-arista-properties-in-district-11-meydan-dubai,https://opr.ae/ar/projects/wadi-by-arista-properties-in-district-11-meydan-dubai
N/A,https://opr.ae/projects/rosemont-residences-by-ellington-properties-in-jvt-dubai,Rosemont Residences,Ellington Properties,JVT,Apartments,N/A,https://cdn.opr.ae/photo/Rosemont%20Residences.jpg,"25.037833, 55.180806",EN,N/A,https://cdn.opr.ae/brochures/Rosemont%20Residences_Project%20brief.pdf,70/30 Payment Plan,N/A,N/A,N/A,N/A,"Dubai Luxury Living, Green Nature Living",Q4 2025,70/30 Payment Plan,"1BR, 2BR",https://opr.ae/ru/projects/rosemont-residences-by-ellington-properties-in-jvt-dubai,https://opr.ae/ar/projects/rosemont-residences-by-ellington-properties-in-jvt-dubai
N/A,https://opr.ae/projects/south-living-by-dubai-south-in-dubai-south-dubai,South Living,Dubai South,Dubai South,"Studios, Apartments",600000,https://cdn.opr.ae/photo/South%20Living.jpg,N/A,EN,N/A,https://cdn.opr.ae/brochures/South%20Living%20Brochure.pdf,76/24 Payment Plan,2 years post-handover,N/A,N/A,N/A,Green Nature Living,N/A,76/24 Payment Plan,"Studios,1BR, 2BR, 3BR",https://opr.ae/ru/projects/south-living-by-dubai-south-in-dubai-south-dubai,https://opr.ae/ar/projects/south-living-by-dubai-south-in-dubai-south-dubai
N/A,https://opr.ae/projects/manta-bay-by-major-on-al-marjan-island-ras-al-khaimah,Manta Bay,Major,Al Marjan Island (Ras Al Khaimah Emirate),"Studios, Apartments",1200000,https://cdn.opr.ae/photo/Manta_Bay.jpg,"25.691309, 55.73652",EN,N/A,https://cdn.opr.ae/brochures/Manta%20Bay%20Brochure.pdf,60/40 Payment Plan,2 Available Payment Plans,N/A,N/A,N/A,"Dubai Luxury Living, Beachfront Living, Waterfront Living",Q4 2026,60/40 Payment Plan,"Studios,1BR, 2BR",https://opr.ae/ru/projects/manta-bay-by-major-on-al-marjan-island-ras-al-khaimah,https://opr.ae/ar/projects/manta-bay-by-major-on-al-marjan-island-ras-al-khaimah
N/A,https://opr.ae/projects/falcon-island-townhouses-villas-in-al-hamra-village-ras-al-khaimah,Falcon Island,Al Hamra,Al Hamra Village (Ras Al Khaimah Emirate),"Villas, Townhouses",7800000,https://cdn.opr.ae/photo/Falcon%20Island.jpg,"25.691796, 55.780216",EN,N/A,https://cdn.opr.ae/brochures/Brochure%20falcon-villas-al-hamra.pdf,60/40 Payment Plan,Only 12 Villas Left!,N/A,N/A,N/A,"Beachfront Living, Waterfront Living, Green Nature Living",Q4 2026,60/40 Payment Plan,"2BR, 3BR, 4BR, 5BR",https://opr.ae/ru/projects/falcon-island-townhouses-villas-in-al-hamra-village-ras-al-khaimah,https://opr.ae/ar/projects/falcon-island-townhouses-villas-in-al-hamra-village-ras-al-khaimah
N/A,https://opr.ae/projects/beachfront-island-villas-for-sale-in-abu-dhabi,Ramhan Island Villas,Eagle Hills,Ramhan Island (Abu Dhabi Emirate),Villas,N/A,https://cdn.opr.ae/photo/Ramhan%20Island.jpg,"24.536146, 54.522544",EN,N/A,https://cdn.opr.ae/brochures/Ramhan_Island.pdf,50/50 Payment Plan,New Phase!,N/A,N/A,N/A,"Beachfront Living, Waterfront Living",Q2 2027,50/50 Payment Plan,"3BR, 4BR, 5BR, 6BR, 7BR",https://opr.ae/ru/projects/beachfront-island-villas-for-sale-in-abu-dhabi,https://opr.ae/ar/projects/beachfront-island-villas-for-sale-in-abu-dhabi
N/A,https://opr.ae/projects/oria-by-emaar-properties-in-dubai-creek-harbour,Oria,Emaar,Dubai Creek Harbour,Apartments,1700000,https://cdn.opr.ae/photo/Oria%20by%20Emaar%20Properties.jpg,"25.205960, 55.352868",EN,N/A,https://cdn.opr.ae/brochures/ORIA_DCH_BROCHURE_EN.pdf,90/10 Payment Plan,10-year Golden visa,N/A,N/A,N/A,"Dubai Luxury Living, Green Nature Living",Q3 2028,90/10 Payment Plan,"1BR, 2BR, 3BR",https://opr.ae/ru/projects/oria-by-emaar-properties-in-dubai-creek-harbour,https://opr.ae/ar/projects/oria-by-emaar-properties-in-dubai-creek-harbour
N/A,https://opr.ae/projects/city-walk-northline-by-meraas-properties-in-city-walk,City Walk Northline⠀,Meraas,City Walk,Apartments,1830000,https://cdn.opr.ae/photo/City%20Walk%20Northline.jpg,"25.205643, 55.261503",EN,N/A,https://cdn.opr.ae/brochures/City%20Walk%20Northline%20Brochure.pdf,75/25 Payment Plan,HOT!,N/A,N/A,N/A,"Dubai Luxury Living, Green Nature Living",N/A,75/25 Payment Plan,"1BR, 2BR, 3BR",https://opr.ae/ru/projects/city-walk-northline-by-meraas-properties-in-city-walk,https://opr.ae/ar/projects/city-walk-northline-by-meraas-properties-in-city-walk
https://youtu.be/-LJWJiGbk4I,https://opr.ae/projects/emaar-farm-gardens-villas-the-valley-for-sale-in-dubai,Farm Gardens 2,Emaar,The Valley,Villas,7260000,https://cdn.opr.ae/photo/The%20Farm%20Gardens.jpg,"25.013449, 55.450846",EN,N/A,https://cdn.opr.ae/brochures/FARMGARDENS2_THE_VALLEY_BROCHURE.pdf,90/10 Payment Plan,Second Phase!,N/A,N/A,N/A,Green Nature Living,Q2 2028,90/10 Payment Plan,"4BR, 5BR",https://opr.ae/ru/projects/emaar-farm-gardens-villas-the-valley-for-sale-in-dubai,https://opr.ae/ar/projects/emaar-farm-gardens-villas-the-valley-for-sale-in-dubai
N/A,https://opr.ae/projects/beachfront-villas-dubai-islands-by-nakheel-properties-on-dubai-islands,Bay Villas⠀,Nakheel,Dubai Islands,"Villas, Townhouses",4000000,https://cdn.opr.ae/photo/Bay%20Villas.jpg,"25.313894, 55.3269717",EN,N/A,https://cdn.opr.ae/brochures/Bay_Villas_Brochure.pdf,80/20 Payment Plan,HOT!,N/A,N/A,N/A,"Dubai Luxury Living, Branded Residences, Beachfront Living",Q2 2027,80/20 Payment Plan,"3BR, 4BR, 5BR",https://opr.ae/ru/projects/beachfront-villas-dubai-islands-by-nakheel-properties-on-dubai-islands,https://opr.ae/ar/projects/beachfront-villas-dubai-islands-by-nakheel-properties-on-dubai-islands
N/A,https://opr.ae/projects/the-sapphire-at-sheikh-zayed-road-by-damac-properties-in-dubai,The Sapphire,DAMAC,Sheikh Zayed Road,"Apartments, Penthouses",2160000,https://cdn.opr.ae/photo/The%20Sapphire%20at%20Sheikh%20Zayed%20Road.jpg,"25.182351, 55.249691",EN,N/A,https://cdn.opr.ae/brochures/The%20Sapphire%20at%20Sheikh%20Zayed%20Road.pdf,80/20 Payment Plan,HOT!,N/A,N/A,N/A,"Dubai Luxury Living, Branded Residences",Q1 2029,20/80 Payment Plan,"1BR, 2BR, 3BR, 4BR, 5BR",https://opr.ae/ru/projects/the-sapphire-at-sheikh-zayed-road-by-damac-properties-in-dubai,https://opr.ae/ar/projects/the-sapphire-at-sheikh-zayed-road-by-damac-properties-in-dubai
N/A,https://opr.ae/projects/cape-hayat-by-rak-properties-on-hayat-island-mina-al-arab-rak,Cape Hayat,RAK Properties,Hayat Island (Ras Al Khaimah Emirate),"Studios, Apartments, Penthouses",1700000,https://cdn.opr.ae/photo/Cape%20Hayat.jpg,"25.723334, 55.840883",EN,N/A,https://cdn.opr.ae/brochures/RAKP-Cape-Hayat-Brochure.pdf,40/60 Payment Plan,3 Available Payment Plans,N/A,N/A,N/A,"Beachfront Living, Waterfront Living",Q2 2027,40/60 Payment Plan,"Studios,1BR, 2BR, 4BR",https://opr.ae/ru/projects/cape-hayat-by-rak-properties-on-hayat-island-mina-al-arab-rak,https://opr.ae/ar/projects/cape-hayat-by-rak-properties-on-hayat-island-mina-al-arab-rak
N/A,https://opr.ae/projects/beach-hills-villas-by-al-zorah-development-company-in-al-zorah-city-ajman,Beach Hills Villas,Al Zorah Development,Al Zorah (Al Zorah City),Villas,9000000,https://cdn.opr.ae/photo/Beach%20Hills%20Villas.jpg,N/A,EN,N/A,https://cdn.opr.ae/brochures/Beach%20Hills%20Villas%20Brochure.pdf,30/70 Payment Plan (Type One),40/60 Payment Plan (Type Two),N/A,N/A,N/A,"Beachfront Living, Waterfront Living",Q1 2026,40/60 Payment Plan,4BR,https://opr.ae/ru/projects/beach-hills-villas-by-al-zorah-development-company-in-al-zorah-city-ajman,https://opr.ae/ar/projects/beach-hills-villas-by-al-zorah-development-company-in-al-zorah-city-ajman
N/A,https://opr.ae/projects/seaside-hills-residence-by-al-zorah-development-company-in-al-zorah-ajman,Seaside Hills Residence,Al Zorah Development,Al Zorah (Al Zorah City),"Apartments, Duplexes, Villas",1280000,https://cdn.opr.ae/photo/Seaside%20Hills.jpg,N/A,EN,N/A,https://cdn.opr.ae/brochures/Al%20Zorah%20Seaside%20Hills%20brochure%20ACPP.pdf,50/50 Payment Plan,10-year Golden visa,N/A,N/A,N/A,"Beachfront Living, Waterfront Living",Q4 2025,50/50 Payment Plan,"1BR, 2BR, 3BR, 4BR",https://opr.ae/ru/projects/seaside-hills-residence-by-al-zorah-development-company-in-al-zorah-ajman,https://opr.ae/ar/projects/seaside-hills-residence-by-al-zorah-development-company-in-al-zorah-ajman
N/A,https://opr.ae/projects/gateway-porto-al-zorah-by-solidere-international-in-al-zorah-ajman,Gateway Porto Al Zorah,Al Zorah Development,Al Zorah (Al Zorah City),"Studios, Apartments",838000,https://cdn.opr.ae/photo/Gateway%20Porto%20Al%20Zorah.jpg,N/A,EN,N/A,https://cdn.opr.ae/brochures/Gateway%20Porto%20Al%20Zorah%20Brochure.pdf,50/50 Payment Plan,N/A,N/A,N/A,N/A,"Beachfront Living, Waterfront Living",Q4 2026,50/50 Payment Plan,"Studios,1BR, 2BR, 3BR",https://opr.ae/ru/projects/gateway-porto-al-zorah-by-solidere-international-in-al-zorah-ajman,https://opr.ae/ar/projects/gateway-porto-al-zorah-by-solidere-international-in-al-zorah-ajman
N/A,https://opr.ae/projects/rove-home-marasi-drive-by-irth-development-and-octa-properties-in-business-bay,Rove Home Marasi Drive⠀,IRTH Development and OCTA Properties,Business Bay,"Studios, Apartments",1500000,https://cdn.opr.ae/photo/Rove%20Home%20Marasi%20Drive.jpg,N/A,EN,N/A,https://cdn.opr.ae/brochures/Rove%20Home%20Marasi%20Drive_Main%20Brochure.pdf,50/50 Payment Plan,N/A,N/A,N/A,N/A,"Dubai Luxury Living, Branded Residences",Q1 2027,50/50 Payment Plan,"Studios,1BR, 2BR",https://opr.ae/ru/projects/rove-home-marasi-drive-by-irth-development-and-octa-properties-in-business-bay,https://opr.ae/ar/projects/rove-home-marasi-drive-by-irth-development-and-octa-properties-in-business-bay
N/A,https://opr.ae/projects/the-beach-house-at-al-marjan-island-by-range-ras-al-khaimah,The Beach House,Range Properties,Al Marjan Island (Ras Al Khaimah Emirate),"Studios, Apartments, Penthouses, Sky Villas",2200000,https://cdn.opr.ae/photo/The%20Beach%20House%20(Range).jpg,"25.684072, 55.742056",EN,N/A,https://cdn.opr.ae/brochures/The%20Beach%20House%20at%20Al%20Marjan.%20Brochure.pdf,70/30 Payment Plan,10-year Golden visa,N/A,N/A,N/A,"Dubai Luxury Living, Beachfront Living, Waterfront Living",Q1 2026,70/30 Payment Plan,"Studios,1BR, 2BR, 3BR",https://opr.ae/ru/projects/the-beach-house-at-al-marjan-island-by-range-ras-al-khaimah,https://opr.ae/ar/projects/the-beach-house-at-al-marjan-island-by-range-ras-al-khaimah
N/A,https://opr.ae/projects/the-beach-residences-at-al-marjan-island-by-range-ras-al-khaimah,The Beach Residences,Range Properties,Al Marjan Island (Ras Al Khaimah Emirate),"Studios, Apartments, Townhouses",1100000,https://cdn.opr.ae/photo/The%20Beach%20Residences%20(Range%20Prop).jpg,"25.684396, 55.736236",EN,N/A,https://cdn.opr.ae/brochures/TBR%20brochure%20Online.pdf,70/30 Payment Plan,10-year Golden visa,N/A,N/A,N/A,"Dubai Luxury Living, Beachfront Living, Waterfront Living",N/A,70/30 Payment Plan,"Studios,1BR, 2BR, 3BR, 5BR",https://opr.ae/ru/projects/the-beach-residences-at-al-marjan-island-by-range-ras-al-khaimah,https://opr.ae/ar/projects/the-beach-residences-at-al-marjan-island-by-range-ras-al-khaimah
N/A,https://opr.ae/projects/address-residences-zabeel-by-emaar-properties-in-zaabeel-dubai,Address Residences Zabeel,Emaar,Zabeel,"Apartments, Penthouses, Full Floors",N/A,https://cdn.opr.ae/photo/Address%20Residences%20Zabeel.jpg,"25.226065, 55.294317",EN,N/A,https://cdn.opr.ae/brochures/ADH_ZABEEL_BROCHURE_EN.pdf,90/10 Payment Plan,N/A,N/A,N/A,N/A,"Dubai Luxury Living, Branded Residences",Q3 2029,90/10 Payment Plan,"1BR, 2BR, 3BR, 4BR",https://opr.ae/ru/projects/address-residences-zabeel-by-emaar-properties-in-zaabeel-dubai,https://opr.ae/ar/projects/address-residences-zabeel-by-emaar-properties-in-zaabeel-dubai
N/A,https://opr.ae/projects/trussardi-residences-by-luxury-living-group-and-mira-developments,Trussardi Residences,Luxury Living Group and Mira Developments,Al Furjan,Apartments,1300000,https://cdn.opr.ae/photo/Trussardi%20Residences.jpg,"25.035098, 55.143262",EN,N/A,https://cdn.opr.ae/brochures/05.02-Trussardi%20EN-NewContacts+FrontCover.pdf,64/36 Payment Plan,Pay 1% Monthly,N/A,N/A,N/A,"Dubai Luxury Living, Branded Residences",Q4 2025,64/36 Payment Plan,"1BR, 2BR, 3BR",https://opr.ae/ru/projects/trussardi-residences-by-luxury-living-group-and-mira-developments,https://opr.ae/ar/projects/trussardi-residences-by-luxury-living-group-and-mira-developments
N/A,https://opr.ae/projects/altissima-by-al-barari-dubai-in-al-barari-dubai,Altissima,Al Barari Developers,Al Barari,Villas,40000000,https://cdn.opr.ae/photo/Altissima.jpg,N/A,EN,N/A,https://cdn.opr.ae/brochures/Altissima_Brochure.pdf,50/50 Payment Plan,N/A,N/A,N/A,N/A,"Dubai Luxury Living, Green Nature Living",Q4 2026,50/50 Payment Plan,7BR,https://opr.ae/ru/projects/altissima-by-al-barari-dubai-in-al-barari-dubai,https://opr.ae/ar/projects/altissima-by-al-barari-dubai-in-al-barari-dubai
N/A,https://opr.ae/projects/jw-marriott-resort-and-residences-on-marjan-island-ras-al-khaimah,JW Marriott Resort & Residences,WOW Resorts,Al Marjan Island (Ras Al Khaimah Emirate),"Apartments, Penthouses, Duplexes",2750000,https://cdn.opr.ae/photo/JW%20Marriott%20Resort%20&%20Residences.jpg,N/A,EN,N/A,https://cdn.opr.ae/brochures/JWMR_BROCHURE.pdf,70/30 Payment Plan,N/A,N/A,N/A,N/A,"Dubai Luxury Living, Beachfront Living, Waterfront Living",Q4 2026,70/30 Payment Plan,"1BR, 2BR, 3BR",https://opr.ae/ru/projects/jw-marriott-resort-and-residences-on-marjan-island-ras-al-khaimah,https://opr.ae/ar/projects/jw-marriott-resort-and-residences-on-marjan-island-ras-al-khaimah
N/A,https://opr.ae/projects/mercedes-benz-places-by-binghatti-properties,Mercedes-Benz Places⠀,Binghatti Properties,Downtown Dubai,"Apartments, Penthouses, Duplexes",8800000,https://cdn.opr.ae/photo/Mercedes-Benz%20Places.jpg,"25.188396, 55.280060",EN,N/A,https://cdn.opr.ae/brochures/Mercedes-Benz-Places-Digital-Brochure.pdf,70/30 Payment Plan,HOT!,N/A,N/A,N/A,"Dubai Luxury Living, Branded Residences",Q4 2026,70/30 Payment Plan,"2BR, 3BR, 4BR, 5BR, 6BR",https://opr.ae/ru/projects/mercedes-benz-places-by-binghatti-properties,https://opr.ae/ar/projects/mercedes-benz-places-by-binghatti-properties
N/A,https://opr.ae/projects/art-bay-dutco-ellington-al-jaddaf,Art Bay⠀,Ellington Properties,Al Jaddaf,"Studios, Apartments",1950000,https://cdn.opr.ae/photo/ART%20BAY.jpg,"25.228746, 55.338553",EN,N/A,https://cdn.opr.ae/brochures/Ellington_Art_Bay.pdf,70/30 Payment Plan,N/A,N/A,N/A,N/A,Waterfront Living,Q3 2026,70/30 Payment Plan,"Studios,1BR, 2BR, 3BR",https://opr.ae/ru/projects/art-bay-dutco-ellington-al-jaddaf,https://opr.ae/ar/projects/art-bay-dutco-ellington-al-jaddaf
N/A,https://opr.ae/projects/altitude-de-grisogono-by-damac-properties-in-business-bay,Altitude de GRISOGONO,DAMAC,Business Bay,"Studios, Apartments, Duplexes",1180000,https://cdn.opr.ae/photo/Altitude%20de%20GRISOGONO%20by%20DAMAC.jpg,"25.182227, 55.281218",EN,N/A,https://cdn.opr.ae/brochures/ALTITUDE.pdf,70/30 Payment Plan,N/A,N/A,N/A,N/A,"Dubai Luxury Living, Branded Residences",Q1 2028,70/30 Payment Plan,"Studios,1BR, 2BR, 3BR",https://opr.ae/ru/projects/altitude-de-grisogono-by-damac-properties-in-business-bay,https://opr.ae/ar/projects/altitude-de-grisogono-by-damac-properties-in-business-bay
N/A,https://opr.ae/projects/avant-garde-residences-by-skyline-by-skyline-builders-in-jumeirah-village-circle,Avant Garde Residences,Skyline Builders,Jumeirah Village Circle (JVC),"Studios, Apartments",650000,https://cdn.opr.ae/photo/Avant%20Garde%20Residences.jpg,"25.057178, 55.215622",EN,N/A,https://cdn.opr.ae/brochures/Skyline%20-%20Avant%20Garde%20Residences%20-%20Brochure.pdf,50/50 Payment Plan,Pay 1% Monthly,N/A,N/A,N/A,"Dubai Luxury Living, Green Nature Living",Q4 2026,50/50 Payment Plan,"Studios,1BR, 2BR",https://opr.ae/ru/projects/avant-garde-residences-by-skyline-by-skyline-builders-in-jumeirah-village-circle,https://opr.ae/ar/projects/avant-garde-residences-by-skyline-by-skyline-builders-in-jumeirah-village-circle
https://youtu.be/LoBQ0bvpl2w,https://opr.ae/projects/damac-cavalli-estates-villas-in-dubai-for-sale,DAMAC Cavalli Estates Villas⠀,DAMAC,DAMAC Hills,Villas,19797000,https://cdn.opr.ae/photo/Cavalli%20Estates%20in%20Damac%20Hills.jpg,"25.024024, 55.249937",EN,N/A,https://cdn.opr.ae/brochures/cavalli-estates.pdf,60/40 Payment Plan,LAST CHANCE!,N/A,N/A,N/A,"Dubai Luxury Living, Green Nature Living, Near Golf Course, Branded Residences",Q2 2024,60/40 Payment Plan,N/A,https://opr.ae/ru/projects/damac-cavalli-estates-villas-in-dubai-for-sale,https://opr.ae/ar/projects/damac-cavalli-estates-villas-in-dubai-for-sale
N/A,https://opr.ae/projects/treppan-living-by-fakhruddin-properties-on-dubai-islands,Treppan Living,Fakhruddin Properties,Dubai Islands,"Apartments, Duplexes, Penthouses",N/A,https://cdn.opr.ae/photo/Treppan%20Living%20by%20Fakhruddin%20Properties.jpg,"25.294998, 55.291031",EN,N/A,N/A,N/A,N/A,N/A,N/A,N/A,"Dubai Luxury Living, Beachfront Living, Waterfront Living, Branded Residences",N/A,N/A,"1BR, 2BR, 3BR, 4BR",https://opr.ae/ru/projects/treppan-living-by-fakhruddin-properties-on-dubai-islands,https://opr.ae/ar/projects/treppan-living-by-fakhruddin-properties-on-dubai-islands
N/A,https://opr.ae/projects/sky-residences-expo-city-by-expo-city-dubai-at-expo-city-dubai,SKY Residences Expo City,Expo City Sky Residences Development FZCO,Expo City Dubai,Apartments,1797000,https://cdn.opr.ae/photo/SKY%20Residences%20Expo%20City.jpg,"24.957759, 55.149706",EN,N/A,https://cdn.opr.ae/brochures/Sky_Residences_Brochure_V7.pdf,40/60 Payment Plan,5 years post-handover,N/A,N/A,N/A,Green Nature Living,Q4 2026,40/60 Payment Plan,"1BR, 2BR, 3BR",https://opr.ae/ru/projects/sky-residences-expo-city-by-expo-city-dubai-at-expo-city-dubai,https://opr.ae/ar/projects/sky-residences-expo-city-by-expo-city-dubai-at-expo-city-dubai
N/A,https://opr.ae/projects/bayz101-by-danube-by-danube-properties-in-business-bay,Bayz101 by Danube,Danube Properties,Business Bay,"Studios, Apartments, Presidential Suites",1100000,https://cdn.opr.ae/photo/Bayz%20101%20(Danube).jpg,N/A,EN,N/A,N/A,74/26 Payment Plan,Pay 1% Monthly,N/A,N/A,N/A,Dubai Luxury Living,Q2 2028,74/26 Payment Plan,"Studios,1BR, 2BR, 3BR, 4BR",https://opr.ae/ru/projects/bayz101-by-danube-by-danube-properties-in-business-bay,https://opr.ae/ar/projects/bayz101-by-danube-by-danube-properties-in-business-bay
N/A,https://opr.ae/projects/aeon-by-emaar-properties-in-dubai-creek-harbour,AEON,Emaar,Dubai Creek Harbour,Apartments,1740000,https://cdn.opr.ae/photo/Aeon%20Emaar.jpg,"25.206269, 55.351757",EN,N/A,https://cdn.opr.ae/brochures/Aeon%20Brochure.pdf,Coming Soon,N/A,N/A,N/A,N/A,"Dubai Luxury Living, Beachfront Living, Waterfront Living, Branded Residences",Q2 2028,N/A,"1BR, 2BR, 3BR",https://opr.ae/ru/projects/aeon-by-emaar-properties-in-dubai-creek-harbour,https://opr.ae/ar/projects/aeon-by-emaar-properties-in-dubai-creek-harbour
N/A,https://opr.ae/projects/the-ritz-carlton-residences-by-rak-hospitality-holding,The Ritz-Carlton Residences,RAK Properties,Al Wadi Desert (Ras Al Khaimah Emirate),Villas,15600000,https://cdn.opr.ae/photo/The%20Ritz-Carlton%20Residences.jpg,"25.584616, 55.834846",EN,N/A,https://cdn.opr.ae/brochures/Ritz%20Carlton%20Al%20Wadi%20RAK%20Brochure.pdf,60/40 Payment Plan,N/A,N/A,N/A,N/A,"Dubai Luxury Living, Branded Residences",Q1 2027,60/40 Payment Plan,"3BR, 4BR, 5BR",https://opr.ae/ru/projects/the-ritz-carlton-residences-by-rak-hospitality-holding,https://opr.ae/ar/projects/the-ritz-carlton-residences-by-rak-hospitality-holding
N/A,https://opr.ae/projects/the-rings-by-pmr-by-pmr-property-in-jumeirah-dubai,The Rings by PMR,PMR Property,Dubai Water Canal,"Sky Mansions, Sky Palaces",59000000,https://cdn.opr.ae/photo/The%20Rings%20by%20PMR.jpg,"25.193028, 55.242327",EN,N/A,https://cdn.opr.ae/brochures/The%20Rings%20by%20PMR.pdf,60/40 Payment Plan,N/A,N/A,N/A,N/A,"Dubai Luxury Living, Waterfront Living",Q4 2025,60/40 Payment Plan,"5BR, 6BR, 7BR",https://opr.ae/ru/projects/the-rings-by-pmr-by-pmr-property-in-jumeirah-dubai,https://opr.ae/ar/projects/the-rings-by-pmr-by-pmr-property-in-jumeirah-dubai
N/A,https://opr.ae/projects/habtoor-grand-residences-by-al-habtoor-in-dubai-marina,Habtoor Grand Residences⠀,Al Habtoor,Dubai Marina,"Apartments, Penthouses, Townhouses",11000000,https://cdn.opr.ae/photo/HABTOOR%20GRAND%20RESIDENCES.jpg,"25.0860914, 55.141189",EN,N/A,https://cdn.opr.ae/brochures/AHGR_Brochure.pdf,60/40 Payment Plan,N/A,N/A,N/A,N/A,"Dubai Luxury Living, Beachfront Living, Waterfront Living, Branded Residences",Q4 2027,60/40 Payment Plan,"2BR, 3BR, 4BR, 5BR",https://opr.ae/ru/projects/habtoor-grand-residences-by-al-habtoor-in-dubai-marina,https://opr.ae/ar/projects/habtoor-grand-residences-by-al-habtoor-in-dubai-marina
N/A,https://opr.ae/projects/amara-twin-villas-tag-by-majid-al-futtaim-in-tilal-al-ghaf,Amara Twin Villas⠀,Majid Al Futtaim,Tilal Al Ghaf,Villas,6700000,https://cdn.opr.ae/photo/Amara%20Twin%20Villas%20TAG.jpg,N/A,EN,N/A,https://cdn.opr.ae/brochures/Amara%20Brochure%20ENG.pdf,60/40 Payment Plan,LAST CHANCE!,N/A,N/A,N/A,"Dubai Luxury Living, Beachfront Living, Waterfront Living, Branded Residences",Q4 2026,60/40 Payment Plan,"3BR, 4BR, 5BR",https://opr.ae/ru/projects/amara-twin-villas-tag-by-majid-al-futtaim-in-tilal-al-ghaf,https://opr.ae/ar/projects/amara-twin-villas-tag-by-majid-al-futtaim-in-tilal-al-ghaf
N/A,https://opr.ae/projects/sky-hills-residences-by-octa-properties-and-hre-development,Sky Hills Residences,Hijazi Real Estate,Dubai Science Park,"Studios, Apartments",617777,https://cdn.opr.ae/photo/Sky%20Hills%20Residence%20(Octa).jpg,"25.077256, 55.248831",EN,N/A,https://cdn.opr.ae/brochures/SKYHILLS_MAIN_BROCHURE.pdf,60/40 Payment Plan,3 years post-handover,N/A,N/A,N/A,Green Nature Living,Q3 2026,60/40 Payment Plan,"Studios,1BR, 2BR",https://opr.ae/ru/projects/sky-hills-residences-by-octa-properties-and-hre-development,https://opr.ae/ar/projects/sky-hills-residences-by-octa-properties-and-hre-development
N/A,https://opr.ae/projects/lagoon-views-by-damac-properties-in-damac-lagoons,Lagoon Views,DAMAC,DAMAC Lagoons,Apartments,1300000,https://cdn.opr.ae/photo/Lagoon%20Views%20by%20DAMAC.jpg,N/A,EN,N/A,N/A,70/30 Payment Plan,N/A,N/A,N/A,N/A,"Dubai Luxury Living, Waterfront Living, Green Nature Living",Q1 2027,70/30 Payment Plan,"1BR, 2BR",https://opr.ae/ru/projects/lagoon-views-by-damac-properties-in-damac-lagoons,https://opr.ae/ar/projects/lagoon-views-by-damac-properties-in-damac-lagoons
N/A,https://opr.ae/projects/quattro-del-mar-by-rak-properties-on-hayat-island,Quattro Del Mar,RAK Properties,Hayat Island (Ras Al Khaimah Emirate),"Studios, Apartments, Penthouses, Townhouses",910000,https://cdn.opr.ae/photo/Quatro%20Del%20Mar.jpg,"25.719707, 55.840339",EN,N/A,https://cdn.opr.ae/brochures/Quatro%20Del%20Mar%20-%20Fact%20Sheet.pdf,40/60 Payment Plan,60/40 over 2 years post-handover,N/A,N/A,N/A,"Dubai Luxury Living, Beachfront Living, Waterfront Living",Q4 2026,40/60 Payment Plan,"Studios,1BR, 2BR",https://opr.ae/ru/projects/quattro-del-mar-by-rak-properties-on-hayat-island,https://opr.ae/ar/projects/quattro-del-mar-by-rak-properties-on-hayat-island
N/A,https://opr.ae/projects/the-orchard-place-by-peak-summit-real-estate-development,The Orchard Place,Peak Summit Real Estate Development,Jumeirah Village Circle (JVC),"Studios, Apartments, Duplexes, Penthouses",699378,https://cdn.opr.ae/photo/The%20Orchard%20Place.jpg,"25.056531, 55.211147",EN,N/A,N/A,60/40 Payment Plan,N/A,N/A,N/A,N/A,Green Nature Living,N/A,60/40 Payment Plan,"Studios,1BR, 2BR, 3BR",https://opr.ae/ru/projects/the-orchard-place-by-peak-summit-real-estate-development,https://opr.ae/ar/projects/the-orchard-place-by-peak-summit-real-estate-development
N/A,https://opr.ae/projects/amali-island-by-amali-in-the-world-islands,AMALI ISLAND,Amali,The World Islands,Villas,44750000,https://cdn.opr.ae/photo/AMALI%20ISLAND.jpg,"25.204027, 55.169736",EN,N/A,https://cdn.opr.ae/brochures/AMALI%20ISLAND%20BROCHURE.pdf,60/40 Payment Plan,N/A,N/A,N/A,N/A,"Dubai Luxury Living, Beachfront Living, Waterfront Living, Branded Residences",Q1 2027,60/40 Payment Plan,"5BR, 6BR, 7BR",https://opr.ae/ru/projects/amali-island-by-amali-in-the-world-islands,https://opr.ae/ar/projects/amali-island-by-amali-in-the-world-islands
https://youtu.be/4XJ56HdN3d4,https://opr.ae/projects/arada-armani-beach-residences-for-sale-on-palm-jumeirah-dubai,Armani Beach Residences⠀,Arada,Palm Jumeirah,"Apartments, Penthouses",21500000,https://cdn.opr.ae/photo/Armani%20Beach%20Residence.jpg,"25.138009, 55.146188",EN,N/A,https://cdn.opr.ae/brochures/Armani%20Beach%20Residence%20Brochure.pdf,60/40 Payment Plan,N/A,N/A,N/A,N/A,"Dubai Luxury Living, Beachfront Living, Waterfront Living, Branded Residences",Q4 2026,60/40 Payment Plan,"2BR, 3BR, 4BR, 5BR",https://opr.ae/ru/projects/arada-armani-beach-residences-for-sale-on-palm-jumeirah-dubai,https://opr.ae/ar/projects/arada-armani-beach-residences-for-sale-on-palm-jumeirah-dubai
N/A,https://opr.ae/projects/aeternitas-by-london-gate-in-dubai-marina-dubai,Aeternitas Tower,London Gate,Dubai Marina,"Residences, Villas, Mansions",1600000,https://cdn.opr.ae/photo/Aeternitas.jpg,"25.188703, 55.280004",EN,N/A,https://cdn.opr.ae/brochures/Franck_Muller-%20Aeternitas-Brochure.pdf,40/60 Payment Plan,N/A,N/A,N/A,N/A,"Dubai Luxury Living, Waterfront Living, Branded Residences",Q2 2027,40/60 Payment Plan,"1BR, 2BR, 3BR",https://opr.ae/ru/projects/aeternitas-by-london-gate-in-dubai-marina-dubai,https://opr.ae/ar/projects/aeternitas-by-london-gate-in-dubai-marina-dubai
N/A,https://opr.ae/projects/terra-golf-collection-by-taraf-in-jumeirah-golf-estates,TERRA Golf Collection,Taraf,Jumeirah Golf Estates,"Villas, Townhouses",7200000,https://cdn.opr.ae/photo/TERRA%20GOLF.jpg,N/A,EN,N/A,https://cdn.opr.ae/brochures/TERRA%20GOLF%20BROCHURE.pdf,60/40 Payment Plan,N/A,N/A,N/A,N/A,"Green Nature Living, Near Golf Course",Q2 2027,60/40 Payment Plan,6BR,https://opr.ae/ru/projects/terra-golf-collection-by-taraf-in-jumeirah-golf-estates,https://opr.ae/ar/projects/terra-golf-collection-by-taraf-in-jumeirah-golf-estates
N/A,https://opr.ae/projects/iconic-tower-by-mered-in-dubai-internet-city,Iconic Residences,MERED,Dubai Internet City,"Apartments, Penthouses",2600000,https://cdn.opr.ae/photo/ICONIC%20TOWER.jpg,"25.101161, 55.170211",EN,N/A,https://cdn.opr.ae/brochures/ICONIC%20brochure.pdf,50/50 Payment Plan,N/A,N/A,N/A,N/A,"Dubai Luxury Living, Branded Residences",Q3 2027,50/50 Payment Plan,"1BR, 2BR, 3BR",https://opr.ae/ru/projects/iconic-tower-by-mered-in-dubai-internet-city,https://opr.ae/ar/projects/iconic-tower-by-mered-in-dubai-internet-city
N/A,https://opr.ae/projects/maha-villas-by-expo-city-dubai-at-expo-valley,Maha Villas,Expo City Dubai,Expo Valley,Villas,13000000,https://cdn.opr.ae/photo/MAHA%20Villas.jpg,"24.960089, 55.150837",EN,N/A,https://cdn.opr.ae/brochures/Maha_Villas_brochure_EN.pdf,70/30 Payment Plan,N/A,N/A,N/A,N/A,"Green Nature Living, Waterfront Living",N/A,70/30 Payment Plan,5BR,https://opr.ae/ru/projects/maha-villas-by-expo-city-dubai-at-expo-valley,https://opr.ae/ar/projects/maha-villas-by-expo-city-dubai-at-expo-valley
N/A,https://opr.ae/projects/liv-waterside-by-liv-developers-in-dubai-marina,LIV Waterside,LIV Developers,Dubai Marina,"Apartments, Townhouses, Penthouses, Villas",2300000,https://cdn.opr.ae/photo/LIV%20Waterside.jpg,"25.0801461,55.1434949",EN,N/A,https://cdn.opr.ae/brochures/LIV%20Waterside%20Brochure.pdf,40/60 Payment Plan,N/A,N/A,N/A,N/A,"Dubai Luxury Living, Waterfront Living, Branded Residences",Q3 2025,40/60 Payment Plan,"1BR, 2BR, 3BR, 4BR, 5BR",https://opr.ae/ru/projects/liv-waterside-by-liv-developers-in-dubai-marina,https://opr.ae/ar/projects/liv-waterside-by-liv-developers-in-dubai-marina
N/A,https://opr.ae/projects/25h-heimat-dubai-by-east-west-properties,25H Heimat,East & West,Downtown Dubai,"Studios, Apartments, Duplex Penthouses",1704000,https://cdn.opr.ae/photo/25H%20Heimat.jpg,"25.190700,55.270276",EN,N/A,https://cdn.opr.ae/brochures/25H%20Brochure.pdf,60/40 Payment Plan,N/A,N/A,N/A,N/A,"Dubai Luxury Living, Branded Residences",Q1 2027,60/40 Payment Plan,"Studios,1BR, 2BR, 3BR",https://opr.ae/ru/projects/25h-heimat-dubai-by-east-west-properties,https://opr.ae/ar/projects/25h-heimat-dubai-by-east-west-properties
N/A,https://opr.ae/projects/the-acres-villas-by-meraas-in-dubailand,The Acres Villas,Meraas,Dubailand,Villas,5500000,https://cdn.opr.ae/photo/The%20Acres%20Villas.jpg,"25.048054, 55.297625",EN,N/A,https://cdn.opr.ae/brochures/The%20Acres%20Brochure.pdf,65/35 Payment Plan,N/A,N/A,N/A,N/A,"Dubai Luxury Living, Waterfront Living, Branded Residences",Q1 2028,65/35 Payment Plan,"3BR, 4BR, 5BR",https://opr.ae/ru/projects/the-acres-villas-by-meraas-in-dubailand,https://opr.ae/ar/projects/the-acres-villas-by-meraas-in-dubailand
N/A,https://opr.ae/projects/mercer-house-by-ellington-properties-in-uptown-dubai,Mercer House⠀,Ellington Properties,Uptown Dubai,"Studios, Apartments, Penthouses",2000000,https://cdn.opr.ae/photo/MERCER%20HOUSE.jpg,"25.061804, 55.139504",EN,N/A,https://cdn.opr.ae/brochures/Mercer%20House%20Brochure.pdf,70/30 Payment Plan,N/A,N/A,N/A,N/A,"Dubai Luxury Living, Branded Residences",Q3 2027,70/30 Payment Plan,"Studios,1BR, 2BR, 3BR, 4BR",https://opr.ae/ru/projects/mercer-house-by-ellington-properties-in-uptown-dubai,https://opr.ae/ar/projects/mercer-house-by-ellington-properties-in-uptown-dubai
N/A,https://opr.ae/projects/the-woodland-residences-by-amis-from-amis-properties,Woodland Residences,Amis,Meydan,Villas,13500000,https://cdn.opr.ae/photo/Woodland%20Residences%20(Amis).jpg,"25.131576, 55.345189",EN,N/A,https://cdn.opr.ae/brochures/Woodland_FACTSHEE.pdf,70/30 Payment Plan,N/A,N/A,N/A,N/A,"Dubai Luxury Living, Waterfront Living, Branded Residences",Q2 2026,70/30 Payment Plan,5BR,https://opr.ae/ru/projects/the-woodland-residences-by-amis-from-amis-properties,https://opr.ae/ar/projects/the-woodland-residences-by-amis-from-amis-properties
N/A,https://opr.ae/projects/360-riverside-crescent-by-sobha-realty-in-sobha-hartland-2,360 Riverside Crescent,Sobha,Sobha Hartland II,Apartments,1491315,https://cdn.opr.ae/photo/360%20Riverside%20Crescent%20(Sobha).jpg,"25.174019, 55.323715",EN,N/A,https://cdn.opr.ae/brochures/360%20Riverside%20Crescent.pdf,80/20 Payment Plan,N/A,N/A,N/A,N/A,"Dubai Luxury Living, Waterfront Living",Q4 2027,80/20 Payment Plan,"1BR, 2BR",https://opr.ae/ru/projects/360-riverside-crescent-by-sobha-realty-in-sobha-hartland-2,https://opr.ae/ar/projects/360-riverside-crescent-by-sobha-realty-in-sobha-hartland-2
N/A,https://opr.ae/projects/utopia-by-damac-properties-in-damac-hills,UTOPIA,DAMAC,DAMAC Hills,Villas,18100000,https://cdn.opr.ae/photo/UTOPIA.jpg,"25.021316, 55.253184",EN,N/A,https://cdn.opr.ae/brochures/Utopia_Brochure.pdf,60/40 Payment Plan,N/A,N/A,N/A,N/A,"Dubai Luxury Living, Green Nature Living, Near Golf Course",N/A,60/40 Payment Plan,"6BR, 7BR",https://opr.ae/ru/projects/utopia-by-damac-properties-in-damac-hills,https://opr.ae/ar/projects/utopia-by-damac-properties-in-damac-hills
N/A,https://opr.ae/projects/eden-house-by-hh-development-in-jumeirah-dubai,Eden House,H&H,Jumeirah Canal,"Studios, Apartments, Penthouses",3700000,https://cdn.opr.ae/photo/EDEN%20HOUSE%20%20(H&H).jpg,"25.195871, 55.237799",EN,N/A,https://cdn.opr.ae/brochures/Eden%20House%20The%20Canal%20-%20Digital%20Brochure.pdf,60/40 Payment Plan,N/A,N/A,N/A,N/A,"Dubai Luxury Living, Waterfront Living",Q4 2025,60/40 Payment Plan,"Studios,1BR, 2BR, 3BR, 4BR",https://opr.ae/ru/projects/eden-house-by-hh-development-in-jumeirah-dubai,https://opr.ae/ar/projects/eden-house-by-hh-development-in-jumeirah-dubai
N/A,https://opr.ae/projects/plagette32-by-majid-al-futtaim-properties,Plagette32⠀,Majid Al Futtaim,Tilal Al Ghaf,Villas,7500000,https://cdn.opr.ae/photo/Plagette32.jpg,"25.025623, 55.226596",EN,N/A,https://cdn.opr.ae/brochures/Plagette32_%20Brochure.pdf,60/40 Payment Plan,N/A,N/A,N/A,N/A,"Dubai Luxury Living, Waterfront Living, Branded Residences",Q4 2026,60/40 Payment Plan,"3BR, 4BR, 5BR",https://opr.ae/ru/projects/plagette32-by-majid-al-futtaim-properties,https://opr.ae/ar/projects/plagette32-by-majid-al-futtaim-properties
N/A,https://opr.ae/projects/the-sustainable-city-yiti-by-diamonds-developments,The Sustainable City – Yiti,Diamond Developers,Muscat (The Sultanate of Oman),"Studios, Apartments, Villas",630000,https://cdn.opr.ae/photo/The%20Sustainable%20City.jpg,"23.544061, 58.666807",EN,N/A,https://cdn.opr.ae/brochures/TSCY%20Plaza%20Brochure.pdf,30/70 Payment Plan,N/A,N/A,N/A,N/A,"Waterfront Living, Branded Residences",2025,30/70 Payment Plan,"Studios,1BR, 2BR, 3BR, 4BR",https://opr.ae/ru/projects/the-sustainable-city-yiti-by-diamonds-developments,https://opr.ae/ar/projects/the-sustainable-city-yiti-by-diamonds-developments
N/A,https://opr.ae/projects/address-residences-al-marjan-island,Address Residences,Emaar,Al Marjan Island (Ras Al Khaimah Emirate),"Apartments, Penthouses, Townhouses",1700000,https://cdn.opr.ae/photo/Address%20Residences%20RAK.jpg,"25.692890, 55.735636",EN,N/A,https://cdn.opr.ae/brochures/ADH_RAK_AL_MARJAN_ISLAND_BROCHURE.pdf,90/10 Payment Plan,N/A,N/A,N/A,N/A,"Dubai Luxury Living, Waterfront Living",Q1 2028,90/10 Payment Plan,"1BR, 2BR, 3BR, 4BR",https://opr.ae/ru/projects/address-residences-al-marjan-island,https://opr.ae/ar/projects/address-residences-al-marjan-island
N/A,https://opr.ae/projects/park-gate-by-emaar-properties-in-dubai-hills-estate,Park Gate,Emaar,Dubai Hills Estate,Villas,11200000,https://cdn.opr.ae/photo/PARKGATE.jpg,"25.088328, 55.249952",EN,N/A,https://cdn.opr.ae/brochures/PARKGATE_BROCHURE.pdf,90/10 Payment Plan,N/A,N/A,N/A,N/A,"Green Nature Living, Near Golf Course",Q4 2027,90/10 Payment Plan,"4BR, 5BR",https://opr.ae/ru/projects/park-gate-by-emaar-properties-in-dubai-hills-estate,https://opr.ae/ar/projects/park-gate-by-emaar-properties-in-dubai-hills-estate
N/A,https://opr.ae/projects/moonstone-by-durar-group-on-al-marjan-island,MoonStone,Octa & Durar F5,Al Marjan Island (Ras Al Khaimah Emirate),"Chalets, Apartments, Duplex Penthouses, Villas",1200000,https://cdn.opr.ae/photo/MoonStone.jpg,"25.675729, 55.738954",EN,N/A,https://cdn.opr.ae/brochures/Moonstone_Brochure.pdf,Update Soon,N/A,N/A,N/A,N/A,"Dubai Luxury Living, Waterfront Living, Branded Residences",Q4 2026,N/A,"Studios,1BR, 2BR, 3BR, 4BR, 5BR",https://opr.ae/ru/projects/moonstone-by-durar-group-on-al-marjan-island,https://opr.ae/ar/projects/moonstone-by-durar-group-on-al-marjan-island
N/A,https://opr.ae/projects/maya-v-by-london-gate-in-jumeirah-village-triangle,Maya 5 Residences,London Gate,Jumeirah Village Triangle,"Apartments, Duplexes",970000,https://cdn.opr.ae/photo/MAYA_5.jpg,"25.036127, 55.175689",EN,N/A,https://cdn.opr.ae/brochures/Maya%205_Brochure.pdf,40/60 Payment Plan,N/A,N/A,N/A,N/A,Dubai Luxury Living,Q4 2024,40/60 Payment Plan,"1BR, 2BR, 3BR",https://opr.ae/ru/projects/maya-v-by-london-gate-in-jumeirah-village-triangle,https://opr.ae/ar/projects/maya-v-by-london-gate-in-jumeirah-village-triangle
N/A,https://opr.ae/projects/park-greens-by-damac-properties-in-damac-hills-2,Park Greens,DAMAC,DAMAC Hills 2,Villas,2900000,https://cdn.opr.ae/photo/Park%20Greens.jpg,"24.988812, 55.388208",EN,N/A,https://cdn.opr.ae/brochures/PARK%20GREENS%20%E2%80%93%20%20Brochure%20.pdf,70/30 Payment Plan,N/A,N/A,N/A,N/A,Green Nature Living,Q1 2027,70/30 Payment Plan,5BR,https://opr.ae/ru/projects/park-greens-by-damac-properties-in-damac-hills-2,https://opr.ae/ar/projects/park-greens-by-damac-properties-in-damac-hills-2
N/A,https://opr.ae/projects/muscat-bay-by-eagle-hills-and-omran-in-muscat-oman,Muscat Bay,Omran & Eagle Hills,Muscat (The Sultanate of Oman),Villas,N/A,https://cdn.opr.ae/photo/Muscat%20Bay.jpg,"23.549947, 58.643303",EN,N/A,https://cdn.opr.ae/brochures/Wajd_Brochure.pdf,Ready,N/A,N/A,N/A,N/A,"Waterfront Living, Branded Residences",N/A,N/A,5BR,https://opr.ae/ru/projects/muscat-bay-by-eagle-hills-and-omran-in-muscat-oman,https://opr.ae/ar/projects/muscat-bay-by-eagle-hills-and-omran-in-muscat-oman
N/A,https://opr.ae/projects/vela-viento-by-omniyat-in-marasi-marina,Vela Viento⠀,Omniyat,Business Bay,"Apartments, Penthouses",20000000,https://cdn.opr.ae/photo/vela-viento.jpg,"25.190514, 55.290073",EN,N/A,https://cdn.opr.ae/brochures/VELA%20VIENTO%20by%20OMNIYAT.pdf,60/40 Payment Plan,N/A,N/A,N/A,N/A,"Dubai Luxury Living, Waterfront Living, Branded Residences",2027,60/40 Payment Plan,"2BR, 3BR, 4BR",https://opr.ae/ru/projects/vela-viento-by-omniyat-in-marasi-marina,https://opr.ae/ar/projects/vela-viento-by-omniyat-in-marasi-marina
N/A,https://opr.ae/projects/hillside-residences-by-wasl-at-wasl-gate-jebel-ali,Hillside Residences,Al Wasl,Jebel Ali,"Apartments, Duplexes, Penthouses",1600000,https://cdn.opr.ae/photo/Hillside%20Residences.jpg,"25.026565, 55.111077",EN,N/A,https://cdn.opr.ae/brochures/Hillside_Brochure.pdf,40/60 Payment Plan,N/A,N/A,N/A,N/A,Green Nature Living,Q3 2027,40/60 Payment Plan,"1BR, 2BR, 3BR, 4BR",https://opr.ae/ru/projects/hillside-residences-by-wasl-at-wasl-gate-jebel-ali,https://opr.ae/ar/projects/hillside-residences-by-wasl-at-wasl-gate-jebel-ali
N/A,https://opr.ae/projects/bayline-by-emaar-properties-in-rashid-yachts-and-marina,Bayline Residences,Emaar,Rashid Yachts & Marina,"Apartments, Duplexes",1600000,https://cdn.opr.ae/photo/Bayline%20Residences.jpg,"25.25564, 55.27763",EN,N/A,https://cdn.opr.ae/brochures/BAYLINE_RYM_BROCHURE.pdf,90/10 Payment Plan,N/A,N/A,N/A,N/A,Waterfront Living,Q4 2027,90/10 Payment Plan,"1BR, 2BR, 3BR",https://opr.ae/ru/projects/bayline-by-emaar-properties-in-rashid-yachts-and-marina,https://opr.ae/ar/projects/bayline-by-emaar-properties-in-rashid-yachts-and-marina
N/A,https://opr.ae/projects/avonlea-by-emaar-properties-in-rashid-yachts-and-marina,Avonlea Residences,Emaar,Rashid Yachts & Marina,Apartments,1600000,https://cdn.opr.ae/photo/Avonlea%20Residences.jpg,"25.25564, 55.27763",EN,N/A,https://cdn.opr.ae/brochures/AVONLEA_RYM_BROCHURE.pdf,90/10 Payment Plan,N/A,N/A,N/A,N/A,Waterfront Living,Q4 2027,90/10 Payment Plan,"1BR, 2BR, 3BR",https://opr.ae/ru/projects/avonlea-by-emaar-properties-in-rashid-yachts-and-marina,https://opr.ae/ar/projects/avonlea-by-emaar-properties-in-rashid-yachts-and-marina
N/A,https://opr.ae/projects/rosso-bay-by-aldar-properties-on-al-marjan-island,Rosso Bay⠀,Aldar,Al Marjan Island (Ras Al Khaimah Emirate),"Apartments, Penthouses",1760000,https://cdn.opr.ae/photo/ROSSO_BAY.jpg,"25.666138, 55.744730",EN,N/A,https://cdn.opr.ae/brochures/Niki&Rosso_Brochure.pdf,60/40 Payment Plan,N/A,N/A,N/A,N/A,"Dubai Luxury Living, Waterfront Living, Branded Residences",2028,60/40 Payment Plan,"1BR, 2BR, 3BR, 4BR",https://opr.ae/ru/projects/rosso-bay-by-aldar-properties-on-al-marjan-island,https://opr.ae/ar/projects/rosso-bay-by-aldar-properties-on-al-marjan-island
N/A,https://opr.ae/projects/nikki-beach-by-aldar-properties-on-al-marjan-island,Nikki Beach⠀,Aldar,Al Marjan Island (Ras Al Khaimah Emirate),"Apartments, Sky Villas, Penthouses",2370000,https://cdn.opr.ae/photo/NIIKI_BEACH.jpg,"25.666138, 55.744730",EN,N/A,https://cdn.opr.ae/brochures/Niki&Rosso_Brochure.pdf,60/40 Payment Plan,N/A,N/A,N/A,N/A,"Dubai Luxury Living, Waterfront Living",2028,60/40 Payment Plan,"1BR, 2BR, 3BR, 4BR, 5BR",https://opr.ae/ru/projects/nikki-beach-by-aldar-properties-on-al-marjan-island,https://opr.ae/ar/projects/nikki-beach-by-aldar-properties-on-al-marjan-island
N/A,https://opr.ae/projects/nobu-residences-al-marjan-island-by-hh,Nobu Residences,H&H Development,Al Marjan Island (Ras Al Khaimah Emirate),Apartments,4100000,https://cdn.opr.ae/photo/NOBU.jpg,"25.67991, 55.74799",EN,N/A,https://cdn.opr.ae/brochures/Nobu%20Al%20Marjan%20.pdf,70/30 Payment Plan,N/A,N/A,N/A,N/A,"Dubai Luxury Living, Waterfront Living, Branded Residences",Q4 2026,70/30 Payment Plan,"2BR, 3BR",https://opr.ae/ru/projects/nobu-residences-al-marjan-island-by-hh,https://opr.ae/ar/projects/nobu-residences-al-marjan-island-by-hh
N/A,https://opr.ae/projects/samana-barari-views-by-samana-developers,SAMANA Barari Views,Samana Developers,Majan,"Studios, Apartments",785000,https://cdn.opr.ae/photo/barari.jpg,"25.09691, 55.31415",EN,N/A,https://cdn.opr.ae/brochures/SAMANA%20Barari%20Brochure.pdf,8 Years Payment Plan,N/A,N/A,N/A,N/A,Dubai Luxury Living,Q4 2026,8 Years Payment Plan,"Studios, 1BR, 2BR, 3BR",https://opr.ae/ru/projects/samana-barari-views-by-samana-developers,https://opr.ae/ar/projects/samana-barari-views-by-samana-developers
N/A,https://opr.ae/projects/mallside-residence-by-royal-development-company,Mallside Residences,Royal Development Company,Dubai Hills Estate,"Studios, Apartments",900000,https://cdn.opr.ae/photo/Mallside%20Residence.jpg,N/A,EN,N/A,N/A,70/30 Payment Plan,N/A,N/A,N/A,N/A,"Green Nature Living, Branded Residences, Near Golf Course",Q4 2026,70/30 Payment Plan,"Studios, 1BR, 2BR, 3BR",Error,Error
N/A,https://opr.ae/projects/miami-house-collection-by-nakheel-properties,Miami House Collection,Nakheel,Jumeirah Islands,Villas,27000000,https://cdn.opr.ae/photo/Miami%20House.jpg,"25.064804, 55.151256",EN,N/A,https://cdn.opr.ae/brochures/Miami_House_Brochure.pdf,Ready,N/A,N/A,N/A,N/A,"Dubai Luxury Living, Waterfront Living",N/A,N/A,4BR,https://opr.ae/ru/projects/miami-house-collection-by-nakheel-properties,https://opr.ae/ar/projects/miami-house-collection-by-nakheel-properties
N/A,https://opr.ae/projects/one-river-point-by-ellington-properties-dutco-in-business-bay,One River Point⠀,Ellington Properties,Business Bay,"Studios, Apartments, Duplexes, Penthouses",1482828,https://cdn.opr.ae/photo/One_River_.jpg,"25.181703, 55.261242",EN,N/A,https://cdn.opr.ae/brochures/ORP_Brochure.pdf,70/30 Payment Plan,N/A,N/A,N/A,N/A,"Dubai Luxury Living, Waterfront Living",Q2 2027,70/30 Payment Plan,"1BR, 2BR, 3BR, 4BR",https://opr.ae/ru/projects/one-river-point-by-ellington-properties-dutco-in-business-bay,https://opr.ae/ar/projects/one-river-point-by-ellington-properties-dutco-in-business-bay
N/A,https://opr.ae/projects/haven-by-aldar-properties-in-dubailand,Haven⠀,Aldar,Dubailand,"Villas, Townhouses",2400000,https://cdn.opr.ae/photo/HAVEN.jpg,"25.075605, 55.362391",EN,N/A,https://cdn.opr.ae/brochures/Haven_Brochure.pdf,70/30 Payment Plan,N/A,N/A,N/A,N/A,Green Nature Living,Q3 2027,70/30 Payment Plan,"3BR, 4BR, 5BR, 6BR",https://opr.ae/ru/projects/haven-by-aldar-properties-in-dubailand,https://opr.ae/ar/projects/haven-by-aldar-properties-in-dubailand
N/A,https://opr.ae/projects/club-drive-by-emaar-properties-in-dubai-hills-estate,Club Driveㅤㅤ⠀,Emaar,Dubai Hills Estate,Apartments,1500000,https://cdn.opr.ae/photo/club_drive.jpg,"25.12503, 55.26039",EN,N/A,https://cdn.opr.ae/brochures/CLUB_DRIVE_DHE_BROCHURE.pdf,90/10 Payment Plan,N/A,N/A,N/A,N/A,"Green Nature Living, Near Golf Course",Q1 2028,90/10 Payment Plan,"1BR, 2BR, 3BR",https://opr.ae/ru/projects/club-drive-by-emaar-properties-in-dubai-hills-estate,https://opr.ae/ar/projects/club-drive-by-emaar-properties-in-dubai-hills-estate
N/A,https://opr.ae/projects/nad-al-sheba-gardens-by-meraas,Nad Al Sheba Gardens,Meraas,Nad Al Sheba,"Townhouses, Villas",4430000,https://cdn.opr.ae/upload/photo/Nad%20Al%20Sheba%20Gardens%20Phase%207.jpg,"25.13768, 55.31260",EN,N/A,https://cdn.opr.ae/upload/brochures/Nad%20Al%20Sheba%20Gardens%20Phase%207%20Brochure.pdf,50/50 Payment Plan,N/A,N/A,N/A,N/A,Green Nature Living,Q3 2028,60/40 Payment Plan,"3BR, 4BR, 5BR, 6BR, 7BR",https://opr.ae/ru/projects/nad-al-sheba-gardens-by-meraas,https://opr.ae/ar/projects/nad-al-sheba-gardens-by-meraas
https://youtu.be/VnLN5yWo_2w,https://opr.ae/projects/kai-waterfront-villas-by-majid-al-futtaim-properties-at-serenity-mansions,KAI Luxury Waterfront Villasᅠ ᅠ ,Majid Al Futtaim,Tilal Al Ghaf,Villas,39000000,https://cdn.opr.ae/photo/KAI_VILLA.jpg,"25.024689, 55.218448",EN,N/A,https://cdn.opr.ae/brochures/SM_Waterfront.pdf,60/40 Payment Plan,N/A,N/A,N/A,N/A,"Dubai Luxury Living, Beachfront Living, Waterfront Living, Branded Residences",Q4 2027,60/40 Payment Plan,7BR,https://opr.ae/ru/projects/kai-waterfront-villas-by-majid-al-futtaim-properties-at-serenity-mansions,https://opr.ae/ar/projects/kai-waterfront-villas-by-majid-al-futtaim-properties-at-serenity-mansions
N/A,https://opr.ae/projects/alana-by-emaar-properties-in-the-valley-twin-villas-for-sale,Alana⠀,Emaar,The Valley,Villas,3500000,https://cdn.opr.ae/photo/Alana%20Briefing%20Presentation%20%20-15.jpg,"25.01601, 55.45466",EN,N/A,https://cdn.opr.ae/brochures/Alana.pdf,90/10 Payment Plan,N/A,N/A,N/A,N/A,Green Nature Living,Q2 2027,90/10 Payment Plan,"3BR, 4BR, 5BR",https://opr.ae/ru/projects/alana-by-emaar-properties-in-the-valley-twin-villas-for-sale,https://opr.ae/ar/projects/alana-by-emaar-properties-in-the-valley-twin-villas-for-sale
N/A,https://opr.ae/projects/naya-at-district-one-by-nakheel-properties,Naya by Nakheel,Nakheel,District One,"Apartments, Penthouses, Villas",1872800,https://cdn.opr.ae/photo/main.jpg,"25.1522, 55.2783",EN,N/A,https://cdn.opr.ae/brochures/NAYA%20Brochure.pdf,80/20 Payment Plan,N/A,N/A,N/A,N/A,"Dubai Luxury Living, Waterfront Living",Q3 2027,80/20 Payment Plan,"1BR, 2BR, 3BR, 4BR",https://opr.ae/ru/projects/naya-at-district-one-by-nakheel-properties,https://opr.ae/ar/projects/naya-at-district-one-by-nakheel-properties
N/A,https://opr.ae/projects/yasmina-villas-by-expo-city-at-expo-valley-dubai,Yasmina Villas,Expo City Dubai,Expo Valley,Villas,6100000,https://cdn.opr.ae/photo/Yasmina%20Duet%20Villas.jpg,"24.960089, 55.150837",EN,N/A,N/A,50/50 Payment Plan,N/A,N/A,N/A,N/A,Green Nature Living,Q4 2025,50/50 Payment Plan,"4BR, 5BR",Error,Error
N/A,https://opr.ae/projects/parkside-views-by-emaar-properties,Parkside Views ,Emaar,Dubai Hills Estate,"Apartments, Duplexes, Villas",1450000,https://cdn.opr.ae/photo/PARSIDEVIEWS.jpg,"25.105758, 55.241421",EN,N/A,https://cdn.opr.ae/brochures/PARKSIDE_VIEWS_DHE_BROCHURE-1.pdf,90/10 Payment Plan,N/A,N/A,N/A,N/A,"Green Nature Living, Near Golf Course",Q3 2027,90/10 Payment Plan,"1BR, 2BR, 3BR",https://opr.ae/ru/projects/parkside-views-by-emaar-properties,https://opr.ae/ar/projects/parkside-views-by-emaar-properties
N/A,https://opr.ae/projects/ellington-views-by-ellington-properties-in-al-hamra-village,Ellington Views I,Ellington Properties,Al Hamra Village,"Studios, Apartments, Duplexes",1450000,https://cdn.opr.ae/photo/views1.jpg,"25.688414,55.776283",EN,N/A,https://cdn.opr.ae/brochures/Ellington%20Views%20I%20-%20Slim%20Brochure.pdf,50/50 Payment Plan,N/A,N/A,N/A,N/A,"Dubai Luxury Living, Waterfront Living",Q1 2027,50/50 Payment Plan,"Studios, 1BR, 2BR, 3BR",https://opr.ae/ru/projects/ellington-views-by-ellington-properties-in-al-hamra-village,https://opr.ae/ar/projects/ellington-views-by-ellington-properties-in-al-hamra-village
N/A,https://opr.ae/projects/350-riverside-crescent-by-sobha-realty,350 Riverside Crescent by Sobha Realty,Sobha,Sobha Hartland II,Apartments,1260000,https://i.1.creatium.io/disk2/0f/1e/ee/25d075fc0c544ba5e337c50381bb80c9bc/2386x1156q8/img147.jpg,"25.173334, 55.323875",EN,N/A,https://cdn.opr.ae/brochures/350_Riverside_Crescent.pdf,80/20 Payment Plan,N/A,N/A,N/A,N/A,"Dubai Luxury Living, Waterfront Living",Q1 2027,80/20 Payment Plan,"1BR, 2BR",https://opr.ae/ru/projects/350-riverside-crescent-by-sobha-realty,https://opr.ae/ar/projects/350-riverside-crescent-by-sobha-realty
N/A,https://opr.ae/projects/socio-by-buset-investments-co-llc-and-octa-properties,Socio Towers by OCTA,Octa Properties LCC,Dubai Hills Estate,"Studios, Apartments",940777,https://cdn.opr.ae/photo/socio-octa.jpg,"25.113307, 55.248383",EN,N/A,https://cdn.opr.ae/brochures/DHE_SOCIO_BROCHURE.pdf,80/20 Payment Plan,N/A,N/A,N/A,N/A,"Green Nature Living, Near Golf Course",Q4 2023,20/80 Payment Plan,"Studios, 1BR, 2BR",https://opr.ae/ru/projects/socio-by-buset-investments-co-llc-and-octa-properties,https://opr.ae/ar/projects/socio-by-buset-investments-co-llc-and-octa-properties
N/A,https://opr.ae/projects/nima-by-emaar-properties-at-the-valley-dubai,Nima by Emaar,Emaar,Emaar The Valley,Townhouses,2100000,https://cdn.opr.ae/photo/NIMA.jpg,"25.010556, 55.449158",EN,N/A,https://cdn.opr.ae/brochures/NIMA_THE_VALLEY_BROCHURE.pdf,90/10 Payment Plan,N/A,N/A,N/A,N/A,"Waterfront Living, Green Nature Living",Q3 2027,90/10 Payment Plan,"3BR, 4BR",https://opr.ae/ru/projects/nima-by-emaar-properties-at-the-valley-dubai,https://opr.ae/ar/projects/nima-by-emaar-properties-at-the-valley-dubai
N/A,https://opr.ae/projects/central-park-plaza-by-meraas-in-city-walk-dubai,Central Park Plaza,Meraas,Central Park,Apartments,2730000,https://cdn.opr.ae/photo/central-park-plaza-by-meraas.jpg,"25.212620, 55.260502",EN,N/A,https://cdn.opr.ae/brochures/Central%20Park%20Plaza.pdf,70/30 Payment Plan,N/A,N/A,N/A,N/A,Green Nature Living,Q3 2027,70/30 Payment Plan,"1BR, 2BR, 3BR, 4BR",https://opr.ae/ru/projects/central-park-plaza-by-meraas-in-city-walk-dubai,https://opr.ae/ar/projects/central-park-plaza-by-meraas-in-city-walk-dubai
N/A,https://opr.ae/projects/damac-casa-by-damac-properties-in-al-sufouh-dubai,Casa Damac Tower,DAMAC,Al Sufouh,Apartments,2500000,https://cdn.opr.ae/photo/damac%20casa.jpg,"25.097417, 55.155826",EN,N/A,https://cdn.opr.ae/brochures/Damac-Casa%20Brochure.pdf,80/20 Payment Plan,N/A,N/A,N/A,N/A,Dubai Luxury Living,Q2 2028,20/80 Payment Plan,"1BR, 2BR, 3BR, 4BR, 5BR",https://opr.ae/ru/projects/damac-casa-by-damac-properties-in-al-sufouh-dubai,https://opr.ae/ar/projects/damac-casa-by-damac-properties-in-al-sufouh-dubai
N/A,https://opr.ae/projects/difc-living-from-dubai-international-financial-centre,DIFC Living by Dubai International Financial Centre,DIFC,Dubai International Financial Centre,"Residences, Lofts",1500000,https://i.1.creatium.io/disk2/f2/94/02/b529719548cbebfef9db65847a8e741a99/2560x1453q8/exterior_6_min_1.jpg,"25.208328, 55.278376",EN,N/A,https://cdn.opr.ae/brochures/Brochure%20-%20DIFC%20Living.pdf,70/30 Payment Plan,N/A,N/A,N/A,N/A,State Of The Art Living,Q3 2026,70/30 Payment Plan,"1BR, 2BR, 3BR",https://opr.ae/ru/projects/difc-living-from-dubai-international-financial-centre,https://opr.ae/ar/projects/difc-living-from-dubai-international-financial-centre
https://youtu.be/Z29QxqmKdRo,https://opr.ae/projects/madinat-jumeirah-living-elara-mjl-apartments-for-sale-in-dubai-by-meraas,Elara Apartments,Meraas,Madinat Jumeirah,Apartments,2300000,https://i.1.creatium.io/disk2/b1/9c/55/b501acd723d8a47c02423de29a065c241f/3.jpg,"25.130991, 55.194714",EN,N/A,https://cdn.opr.ae/brochures/mjl-elara.pdf,70/30 Payment Plan,N/A,N/A,N/A,N/A,Dubai Luxury Living,Q4 2026,70/30 Payment Plan,"1BR, 2BR, 3BR, 4BR",Error,Error
N/A,https://opr.ae/projects/nautica-by-select-group-in-dubai-maritime-city-dubai,Nautica,Select Group,Dubai Maritime City,Apartments,1400000,https://cdn.opr.ae/photo/nautica.jpg,"25.263101, 55.269926",EN,N/A,https://cdn.opr.ae/brochures/Nautica%20-%20Dubai%20Maritime%20City%20-%20EN.pdf,40/60 Payment Plan,N/A,N/A,N/A,N/A,Waterfront Living,Q4 2026,40/60 Payment Plan,"1BR, 2BR",https://opr.ae/ru/projects/nautica-by-select-group-in-dubai-maritime-city-dubai,https://opr.ae/ar/projects/nautica-by-select-group-in-dubai-maritime-city-dubai
https://youtu.be/kM6aUEVLXw0,https://opr.ae/projects/emaar-greenside-residence-apartments-for-sale-in-dubai-hills-estate,Emaar Greenside Residence,Emaar,Dubai Hills Estate,Apartments,1450000,https://i.1.creatium.io/disk2/57/1e/12/043303f81b2b5a0f83fcde961007fe61ec/header.jpg,"25.120629, 55.258440",EN,N/A,https://cdn.opr.ae/brochures/emaar-greenside-residence.pdf,90/10 Payment Plan,N/A,N/A,N/A,N/A,"Green Nature Living, Near Golf Course",Q3 2027,90/10 Payment Plan,"1BR, 2BR, 3BR",https://opr.ae/ru/projects/emaar-greenside-residence-apartments-for-sale-in-dubai-hills-estate,https://opr.ae/ar/projects/emaar-greenside-residence-apartments-for-sale-in-dubai-hills-estate
N/A,https://opr.ae/projects/emaar-clearpoint-in-rashid-yacht-and-marina,Emaar Clearpoint ,Emaar,Rashid Yachts & Marina,"Apartments, Duplexes",1500000,https://cdn.opr.ae/photo/CLEARPOINT.jpg,"25.256957, 55.275586",EN,N/A,https://cdn.opr.ae/brochures/CLEARPOINT-BROCHURE.pdf,90/10 Payment Plan,N/A,N/A,N/A,N/A,Waterfront Living,Q3 2027,90/10 Payment Plan,"1BR, 2BR, 3BR",https://opr.ae/ru/projects/emaar-clearpoint-in-rashid-yacht-and-marina,https://opr.ae/ar/projects/emaar-clearpoint-in-rashid-yacht-and-marina
N/A,https://opr.ae/projects/porto-playa-by-ellington-properties-and-rak-properties-on-hayat-island,Porto Playa,Ellington,Ras Al Khaimah Emirate,"Studios, Apartments, Townhouses, Villas",800828,https://i.1.creatium.io/disk2/4b/e6/d6/562c94efd1539739e93d97c93e6c56318c/2400x1420q8/porto_playa_terrace_view_transformed.jpg,"25.724388, 55.843532",EN,N/A,https://cdn.opr.ae/brochures/Porto-Playa-Brochure.pdf,50/50 Payment Plan,N/A,N/A,N/A,N/A,Waterfront Living,Q4 2026,50/50 Payment Plan,"Studios, 1BR, 2BR, 3BR",https://opr.ae/ru/projects/porto-playa-by-ellington-properties-and-rak-properties-on-hayat-island,Error
N/A,https://opr.ae/projects/danube-oceanz-apartments-for-sale-in-dubai-maritime-city,Danube Oceanz,Danube,Dubai Maritime City,"Studios, Apartments",1100000,https://i.1.creatium.io/disk2/49/0c/81/e9b2026927f2abbd00730306b980a513ed/header.jpg,"25.272741, 55.267739",EN,N/A,https://cdn.opr.ae/brochures/Oceanz_brochure.pdf,65/35 Payment Plan,N/A,N/A,N/A,N/A,"Dubai Luxury Living, Waterfront Living, Branded Residences",Q1 2027,65/35 Payment Plan,"Studios, 1BR, 2BR, 3BR",https://opr.ae/ru/projects/danube-oceanz-apartments-for-sale-in-dubai-maritime-city,https://opr.ae/ar/projects/danube-oceanz-apartments-for-sale-in-dubai-maritime-city
N/A,https://opr.ae/projects/rove-home-downtown-apartments-for-sale-in-dubai,Rove Home Downtown,IRTH,Downtown Dubai,Apartments,1750000,https://i.1.creatium.io/disk2/d4/1b/31/66a41082f50f5c73b6da5824714510e97f/4.jpg,"25.190060, 55.271291",EN,N/A,https://cdn.opr.ae/brochures/rove-home-downtown.pdf,60/40 Payment Plan,N/A,N/A,N/A,N/A,"Dubai Luxury Living, Branded Residences",Q2 2026,50/50 Payment Plan,"Studios, 1BR, 2BR",https://opr.ae/ru/projects/rove-home-downtown-apartments-for-sale-in-dubai,https://opr.ae/ar/projects/rove-home-downtown-apartments-for-sale-in-dubai
https://youtu.be/ZL8sgvbcC4Y,https://opr.ae/projects/binghatti-trillionaire-residences-for-sale-in-business-bay-dubai,Binghatti Trillionaire Residences,Binghatti,Business Bay,Apartments,1600000,https://i.1.creatium.io/disk2/86/25/f5/330bd4d5dc3811231d393e0bae77006597/last_photo.jpg,"25.183948, 55.280576",EN,N/A,https://cdn.opr.ae/brochures/binghatti-trillionaire-residences.pdf,70/30 Payment Plan,N/A,N/A,N/A,N/A,"Dubai Luxury Living, Waterfront Living",Q4 2024,70/30 Payment Plan,"Studios, 1BR, 2BR",https://opr.ae/ru/projects/binghatti-trillionaire-residences-for-sale-in-business-bay-dubai,https://opr.ae/ar/projects/binghatti-trillionaire-residences-for-sale-in-business-bay-dubai
https://youtu.be/iBVJ5xXcld8,https://opr.ae/projects/damac-volta-apartments-for-sale-in-downtown-dubai-sheikh-zayed-road,DAMAC Volta,DAMAC,Downtown Dubai,Apartments,1670000,https://i.1.creatium.io/disk2/27/1b/e3/eb42b8f384e69e299ddff84f843677e999/header.jpg,"25.197366, 55.267175",EN,N/A,https://cdn.opr.ae/brochures/damac-volta.pdf,80/20 Payment Plan,N/A,N/A,N/A,N/A,Dubai Luxury Living,2028,80/20 Payment Plan,"1BR, 2BR, 3BR, 4BR",https://opr.ae/ru/projects/damac-volta-apartments-for-sale-in-downtown-dubai-sheikh-zayed-road,https://opr.ae/ar/projects/damac-volta-apartments-for-sale-in-downtown-dubai-sheikh-zayed-road
https://youtu.be/H88I9udglFA,https://opr.ae/projects/ellington-the-lakeshore-villas-the-sanctuary-for-sale-in-district-11-mbr-city-dubai,Ellington The Lakeshore at The Sanctuary,Ellington Properties,MBR City,Villas,12000000,https://i.1.creatium.io/disk2/8b/05/9d/5252843c8afe837ef3a25e60803aa84a5b/header.jpg,"25.130467, 55.347735",EN,N/A,https://cdn.opr.ae/brochures/lakeshore-the-sanctuary.pdf,60/40 Payment Plan,N/A,N/A,N/A,N/A,"Waterfront Living, Beachfront Living",Q2 2026,60/40 Payment Plan,"4BR, 5BR",https://opr.ae/ru/projects/ellington-the-lakeshore-villas-the-sanctuary-for-sale-in-district-11-mbr-city-dubai,https://opr.ae/ar/projects/ellington-the-lakeshore-villas-the-sanctuary-for-sale-in-district-11-mbr-city-dubai
https://youtu.be/jOlFpvUnJHs,https://opr.ae/projects/imtiaz-luxor-jvc-apartments-for-sale-in-dubai-jumeirah-village-circle,Imtiaz Luxor,Imtiaz,Jumeirah Village Circle (JVC),Apartments,958000,https://cdn.opr.ae/icons/imtiaz-luxor-jvc-apartments-for-sale-in-dubai-jumeirah-village-circle.jpg,"25.054805, 55.203945",EN,N/A,https://cdn.opr.ae/brochures/imtiaz-luxor.pdf,60/40 Payment Plan,N/A,N/A,N/A,N/A,Green Nature Living,Q3 2026,60/40 Payment Plan,"Studios, 1BR, 2BR",https://opr.ae/ru/projects/imtiaz-luxor-jvc-apartments-for-sale-in-dubai-jumeirah-village-circle,https://opr.ae/ar/projects/imtiaz-luxor-jvc-apartments-for-sale-in-dubai-jumeirah-village-circle
https://youtu.be/pz_it-cFdN4,https://opr.ae/projects/emaar-beachfront-bayview-by-address-resorts-for-sale-in-dubai,Emaar Beachfront Bayview,Emaar,Emaar Beachfront,"Apartments, Penthouses",3300000,https://i.1.creatium.io/de/8c/2f/76ea2f37f5a036cc6edacc4249d1591f98/1.jpg,"25.096106, 55.137502",EN,N/A,https://cdn.opr.ae/brochures/emaar-bayview.pdf,90/10 Payment Plan,N/A,N/A,N/A,N/A,"Dubai Luxury Living, Beachfront Living, Waterfront Living, Branded Residences",Q3 2028,90/10 Payment Plan,"1BR, 2BR, 3BR, 4BR, 6BR",https://opr.ae/ru/projects/emaar-beachfront-bayview-by-address-resorts-for-sale-in-dubai,https://opr.ae/ar/projects/emaar-beachfront-bayview-by-address-resorts-for-sale-in-dubai
https://youtu.be/qHIm5VyMYjU,https://opr.ae/projects/damac-lagoons-townhouses-in-dubai/morocco,DAMAC Lagoons Morocco,DAMAC,DAMAC Lagoons,"Townhouses, Villas",2990000,https://i.1.creatium.io/02/76/ce/528db52c2c154b381a9de78e5bae39cd2c/header.jpg,"25.017887, 55.240803",EN,https://www.damacproperties.com/en/vr/portofino/,https://cdn.opr.ae/brochures/damac-lagoons-morocco.pdf,80/20 Payment Plan,N/A,N/A,N/A,N/A,"Beachfront Living, Green Nature Living, Near Golf Course",Q4 2026,80/20 Payment Plan,"4BR, 5BR, 6BR, 7BR",Error,Error
https://youtu.be/iOC7_HqQF5s,https://opr.ae/projects/damac-coral-reef-apartments-in-dubai-maritime-city-for-sale,DAMAC Coral Reef,DAMAC,Dubai Maritime City,Apartments,1657000,https://cdn.opr.ae/icons/damac-coral-reef-apartments-in-dubai-maritime-city-for-sale.jpg,"25.266209, 55.270491",EN,N/A,https://cdn.opr.ae/brochures/damac-coral-reef.pdf,70/30 Payment Plan,N/A,N/A,N/A,N/A,"Dubai Luxury Living, Waterfront Living, Beachfront Living",Q1 2028,70/30 Payment Plan,"1BR, 2BR, 3BR",https://opr.ae/ru/projects/damac-coral-reef-apartments-in-dubai-maritime-city-for-sale,https://opr.ae/ar/projects/damac-coral-reef-apartments-in-dubai-maritime-city-for-sale
https://youtu.be/FA32P5FHCnc,https://opr.ae/projects/nshama-the-mayfair-town-square-dubai-apartments-for-sale,NSHAMA The Mayfair,NSHAMA,Town Square Dubai,Apartments,702888,https://cdn.opr.ae/icons/nshama-the-mayfair-town-square-dubai-apartments-for-sale.jpg,"24.997864, 55.299461",EN,N/A,https://cdn.opr.ae/brochures/nshama-the-mayfair.pdf,50/50 Payment Plan,N/A,N/A,N/A,N/A,Green Nature Living,Q4 2025,50/50 Payment Plan,"Studios, 1BR, 2BR, 3BR",https://opr.ae/ru/projects/nshama-the-mayfair-town-square-dubai-apartments-for-sale,https://opr.ae/ar/projects/nshama-the-mayfair-town-square-dubai-apartments-for-sale
N/A,https://opr.ae/projects/damac-hills-2-the-farmhouses-villas-for-sale-in-dubai,DAMAC The Farmhouses Villas,DAMAC,DAMAC Hills 2,Villas,6220000,https://i.1.creatium.io/a4/66/ee/352a14757c536a5882c21a7b0ae2193c5c/header.jpg,"24.987717, 55.386405",EN,N/A,https://cdn.opr.ae/brochures/damac-the-farmhouses.pdf,70/30 Payment Plan,N/A,N/A,N/A,N/A,Green Nature Living,N/A,70/30 Payment Plan,"5BR, 6BR",https://opr.ae/ru/projects/damac-hills-2-the-farmhouses-villas-for-sale-in-dubai,https://opr.ae/ar/projects/damac-hills-2-the-farmhouses-villas-for-sale-in-dubai
https://youtu.be/xBxREqVQW8U,https://opr.ae/projects/damac-hills-2-verona-townhouses-for-sale-in-dubai,DAMAC Verona Townhouses,DAMAC,DAMAC Hills 2,Townhouses,1829000,https://cdn.opr.ae/icons/134qterwsgnwrydfku416tqwsnhtqwdy46ywrht3qesfndgcvwrnjdgjsshrhrshsf.jpg,"24.983058, 55.386095",EN,N/A,https://cdn.opr.ae/brochures/damac-verona.pdf,70/30 Payment Plan,N/A,N/A,N/A,N/A,Green Nature Living,Q2 2026,70/30 Payment Plan,4BR,https://opr.ae/ru/projects/damac-hills-2-verona-townhouses-for-sale-in-dubai,https://opr.ae/ar/projects/damac-hills-2-verona-townhouses-for-sale-in-dubai
https://youtu.be/_dgZz7suSag,https://opr.ae/projects/danube-elitz-3-apartments-for-sale-in-jumeirah-village-circle-dubai,Danube Elitz 3,Danube,Jumeirah Village Circle (JVC),Apartments,700000,https://i.1.creatium.io/dc/f4/f5/f0398ef7ed906a698145c77d7b2954edf0/header.jpg,"25.045981, 55.206548",EN,N/A,https://cdn.opr.ae/brochures/danube-elitz-3.pdf,65/35 Payment Plan,N/A,N/A,N/A,N/A,Green Nature Living,Q4 2026,65/35 Payment Plan,"Studios, 1BR, 2BR, 3BR",https://opr.ae/ru/projects/danube-elitz-3-apartments-for-sale-in-jumeirah-village-circle-dubai,https://opr.ae/ar/projects/danube-elitz-3-apartments-for-sale-in-jumeirah-village-circle-dubai
https://youtu.be/WSwof-u8M5M,https://opr.ae/projects/nakheel-rixos-dubai-island-apartments-and-villas-for-sale,Nakheel Rixos Dubai Islands Residences,Nakheel,Dubai Islands,"Apartments, Penthouses, Villas",2600000,https://i.1.creatium.io/45/b4/ec/9d4491e77e490bcea144b4563510f88d63/header.jpg,"25.301250, 55.311694",EN,N/A,https://cdn.opr.ae/brochures/rixos.pdf,80/20 Payment Plan,N/A,N/A,N/A,N/A,"Dubai Luxury Living, Beachfront Living, Waterfront Living, Branded Residences",Q4 2026,80/20 Payment Plan,"1BR, 2BR, 3BR, 4BR",https://opr.ae/ru/projects/nakheel-rixos-dubai-island-apartments-and-villas-for-sale,https://opr.ae/ar/projects/nakheel-rixos-dubai-island-apartments-and-villas-for-sale
https://youtu.be/WQg3W8mAqHo,https://opr.ae/projects/taraf-terrazzo-residences-jvc-for-sale-in-jumeirah-village-circle-dubai,Taraf Terrazzo Residences,Taraf,Jumeirah Village Circle (JVC),Apartments,950000,https://i.1.creatium.io/49/c0/2a/a06a03d5df1e992c28a4303e6e23f5c370/header.jpg,"25.123456, 55.234567",EN,N/A,https://cdn.opr.ae/brochures/taraf-terrazzo.pdf,50/50 Payment Plan,N/A,N/A,N/A,N/A,Green Nature Living,Q4 2026,50/50 Payment Plan,"1BR, 2BR, 3BR",https://opr.ae/ru/projects/taraf-terrazzo-residences-jvc-for-sale-in-jumeirah-village-circle-dubai,https://opr.ae/ar/projects/taraf-terrazzo-residences-jvc-for-sale-in-jumeirah-village-circle-dubai
https://youtu.be/uW8SzSUkOR8,https://opr.ae/projects/the-golf-residences-in-dubai-hills-for-sale-by-fortimo,Fortimo The Golf Residences,Fortimo,Dubai Hills Estate,Apartments,1390000,https://i.1.creatium.io/2d/43/a1/ea9ba8778331b228fef16b26f5f5fd7c91/header.jpg,"25.118843, 55.258136",EN,N/A,https://cdn.opr.ae/brochures/fortimo-the-golf-residence.pdf,50/50 Payment Plan,N/A,N/A,N/A,N/A,"Green Nature Living, Near Golf Course",Q3 2026,50/50 Payment Plan,"1BR, 2BR, 3BR",https://opr.ae/ru/projects/the-golf-residences-in-dubai-hills-for-sale-by-fortimo,https://opr.ae/ar/projects/the-golf-residences-in-dubai-hills-for-sale-by-fortimo
https://youtu.be/DAE9iIkDhvo,https://opr.ae/projects/emaar-south-fairway-villas-2-for-sale-in-dubai,Emaar South Fairway Villas 3,Emaar,Emaar South,Villas,4390000,https://i.1.creatium.io/b1/61/10/db6f3c4d3d6a58d1c0c3506c77625a3823/emaar_south_fairway_villas_3.jpg,"24.851644, 55.146918",EN,N/A,https://cdn.opr.ae/brochures/emaar-fairway-villas-2.pdf,90/10 Payment Plan,N/A,N/A,N/A,N/A,"Green Nature Living, Near Golf Course",Q4 2026,90/10 Payment Plan,"3BR, 4BR",https://opr.ae/ru/projects/emaar-south-fairway-villas-2-for-sale-in-dubai,https://opr.ae/ar/projects/emaar-south-fairway-villas-2-for-sale-in-dubai
https://youtu.be/7l2plrVKcUk,https://opr.ae/projects/omniyat-anwa-aria-residences-for-sale-in-dubai-maritime-city,Omniyat Anwa Aria,Omniyat,Dubai Maritime City,"Apartments, Penthouses",1450000,https://i.1.creatium.io/3f/a2/23/f576ac695afb3ff01cd7cd97faebb990d6/header.jpg,"25.269190, 55.270260",EN,N/A,https://cdn.opr.ae/brochures/omniyat-anwa-aria.pdf,60/40 Payment Plan,N/A,N/A,N/A,N/A,"Dubai Luxury Living, Waterfront Living",Q4 2026,60/40 Payment Plan,"Studios, 1BR, 2BR",https://opr.ae/ru/projects/omniyat-anwa-aria-residences-for-sale-in-dubai-maritime-city,https://opr.ae/ar/projects/omniyat-anwa-aria-residences-for-sale-in-dubai-maritime-city
https://youtu.be/xSFOk-UCQPE,https://opr.ae/projects/damac-harbour-lights-de-grisogono-apartments-for-sale-in-dubai-maritime-city,DAMAC Harbour Lights,DAMAC,Dubai Maritime City,Apartments,2600000,https://i.1.creatium.io/4c/f5/f9/48849af2b606c1069b312ecdf4b264910f/header.jpg,"25.271724, 55.268159",EN,N/A,https://cdn.opr.ae/brochures/damac-harbour-lights.pdf,70/30 Payment Plan,N/A,N/A,N/A,N/A,"Dubai Luxury Living, Waterfront Living",Q2 2027,70/30 Payment Plan,"2BR, 3BR",https://opr.ae/ru/projects/damac-harbour-lights-de-grisogono-apartments-for-sale-in-dubai-maritime-city,https://opr.ae/ar/projects/damac-harbour-lights-de-grisogono-apartments-for-sale-in-dubai-maritime-city
https://youtu.be/QFsjDXLdTUA,https://opr.ae/projects/damac-hills-golf-greens-apartments-for-sale,DAMAC Golf Greens,DAMAC,DAMAC Hills,Apartments,984000,https://i.1.creatium.io/9c/40/7f/0c689bf950ccad2aff5968da5ed665983c/header.jpg,"25.013617, 55.253086",EN,N/A,https://cdn.opr.ae/brochures/damac-golf-greens.pdf,80/20 Payment Plan,N/A,N/A,N/A,N/A,"Green Nature Living, Near Golf Course",2028,80/20 Payment Plan,"1BR, 2BR",https://opr.ae/ru/projects/damac-hills-golf-greens-apartments-for-sale,https://opr.ae/ar/projects/damac-hills-golf-greens-apartments-for-sale
https://youtu.be/dOctbx-cil8,https://opr.ae/projects/r-evolution-eywa-tower-apartments-for-sale-in-business-bay-dubai,R.evolution Eywa Tower,R.evolution,Business Bay,"Apartments, Penthouses",10000000,https://i.1.creatium.io/30/72/17/b68f931d5cbc08a79af48b948476534171/header.jpg,"25.183093, 55.273194",EN,N/A,https://cdn.opr.ae/brochures/eywa-tower.pdf,60/40 Payment Plan,N/A,N/A,N/A,N/A,"Dubai Luxury Living, Waterfront Living",Q2 2026,60/40 Payment Plan,"2BR, 3BR, 4BR, 5BR",https://opr.ae/ru/projects/r-evolution-eywa-tower-apartments-for-sale-in-business-bay-dubai,https://opr.ae/ar/projects/r-evolution-eywa-tower-apartments-for-sale-in-business-bay-dubai
https://youtu.be/v2q830SYEhs,https://opr.ae/projects/sobha-seahaven-tower-b-apartments-for-sale-in-dubai,Sobha Seahaven Tower B,Sobha,Dubai Marina,Apartments,3281518,https://i.1.creatium.io/42/95/f4/4b77cf570e52d8534b14f6ceedd192dcec/1.jpg,"25.090075, 55.144326",EN,N/A,https://cdn.opr.ae/brochures/sobha-seahaven-tower-b.pdf,80/20 Payment Plan,N/A,N/A,N/A,N/A,"Dubai Luxury Living, Waterfront Living",Q4 2026,80/20 Payment Plan,"1BR, 2BR",https://opr.ae/ru/projects/sobha-seahaven-tower-b-apartments-for-sale-in-dubai,https://opr.ae/ar/projects/sobha-seahaven-tower-b-apartments-for-sale-in-dubai
https://youtu.be/jRjp8KlNiiY,https://opr.ae/projects/imtiaz-pearl-house-jvc-apartments-for-sale-in-dubai-jumeirah-village-circle,Imtiaz Pearl House,Imtiaz,Jumeirah Village Circle (JVC),Apartments,556000,https://i.1.creatium.io/40/c6/8d/cf5dfae68e4a9441f2212d7c9e12666a48/header.jpg,"25.053562, 55.210998",EN,N/A,https://cdn.opr.ae/brochures/imtiaz-pearl-house.pdf,60/40 Payment Plan,N/A,N/A,N/A,N/A,Green Nature Living,Q4 2025,60/40 Payment Plan,"Studios, 1BR",https://opr.ae/ru/projects/imtiaz-pearl-house-jvc-apartments-for-sale-in-dubai-jumeirah-village-circle,https://opr.ae/ar/projects/imtiaz-pearl-house-jvc-apartments-for-sale-in-dubai-jumeirah-village-circle
https://youtu.be/sutVhmHAaiI,https://opr.ae/projects/altai-tower-jvt-by-tiger-group-apartments-for-sale-in-dubai-jumeirah-village-triangle,Tiger Group Altai Tower,Tiger Group,Jumeirah Village Triangle (JVT),Apartments,816000,https://i.1.creatium.io/40/03/48/7220d0586634ae8f75500296c0b46f4fc5/header.jpg,"25.032996, 55.173470",EN,N/A,https://cdn.opr.ae/brochures/tiger-altai.pdf,80/20 Payment Plan,N/A,N/A,N/A,N/A,Green Nature Living,Q2 2026,80/20 Payment Plan,"1BR, 2BR",https://opr.ae/ru/projects/altai-tower-jvt-by-tiger-group-apartments-for-sale-in-dubai-jumeirah-village-triangle,https://opr.ae/ar/projects/altai-tower-jvt-by-tiger-group-apartments-for-sale-in-dubai-jumeirah-village-triangle
https://youtu.be/PMvItlrE4n4,https://opr.ae/projects/emaar-rivana-the-valley-villas-for-sale-in-dubai,Emaar The Valley Rivana Villas,Emaar,Emaar The Valley,Villas,2800000,https://i.1.creatium.io/8e/67/86/e51451a11ea5bdb16bbbfb5ea1620ff131/header.jpg,"25.010556, 55.449158",EN,N/A,https://cdn.opr.ae/brochures/emaar-rivana.pdf,90/10 Payment Plan,N/A,N/A,N/A,N/A,Green Nature Living,Q1 2027,90/10 Payment Plan,"3BR, 4BR, 5BR",https://opr.ae/ru/projects/emaar-rivana-the-valley-villas-for-sale-in-dubai,https://opr.ae/ar/projects/emaar-rivana-the-valley-villas-for-sale-in-dubai
https://youtu.be/XkD4Ig-EyEI,https://opr.ae/projects/sobha-seahaven-sky-edition-apartments-for-sale-in-dubai,Sobha Seahaven Sky Edition,Sobha,Dubai Marina,Apartments,21000000,https://cdn.opr.ae/icons/sobha-seahaven-sky-edition-apartments-for-sale-in-dubai.jpg,"25.090075, 55.144326",EN,N/A,https://cdn.opr.ae/brochures/sobha-seahaven-sky-edition.pdf,80/20 Payment Plan,N/A,N/A,N/A,N/A,"Dubai Luxury Living, Waterfront Living",Q4 2026,80/20 Payment Plan,"3BR, 4BR",https://opr.ae/ru/projects/sobha-seahaven-sky-edition-apartments-for-sale-in-dubai,https://opr.ae/ar/projects/sobha-seahaven-sky-edition-apartments-for-sale-in-dubai
https://youtu.be/-LJWJiGbk4I,https://opr.ae/projects/south-bay-3-townhouses-villas-and-mansions-by-dubai-south-properties,South Bay⠀,Dubai South Properties,Dubai South,"Townhouses, Villas, Mansions",3300000,https://i.1.creatium.io/33/f9/8b/13eee54d00cab07db3ce1f5c828d9f22ce/last_photo.jpg,"24.948383, 55.213173",EN,N/A,https://cdn.opr.ae/brochures/dubai-south-bay.pdf,60/40 Payment Plan,N/A,N/A,N/A,N/A,Green Nature Living,Q3 2026,60/40 Payment Plan,"3BR, 4BR, 5BR",https://opr.ae/ru/projects/south-bay-3-townhouses-villas-and-mansions-by-dubai-south-properties,https://opr.ae/ar/projects/south-bay-3-townhouses-villas-and-mansions-by-dubai-south-properties
https://youtu.be/JAZajjLuelU,https://opr.ae/projects/danube-elitz-2-apartments-for-sale-in-jumeirah-village-circle-dubai,Danube Elitz 2,Danube,Jumeirah Village Circle (JVC),Apartments,650000,https://i.1.creatium.io/b2/cb/d9/b0e81473f2e3a4f4a15bb217e9a13ad002/1.jpg,"25.065776, 55.217437",EN,N/A,https://cdn.opr.ae/brochures/danube-elitz-2.pdf,65/35 Payment Plan,N/A,N/A,N/A,N/A,Green Nature Living,Q3 2026,65/35 Payment Plan,"Studios, 1BR, 2BR, 3BR",https://opr.ae/ru/projects/danube-elitz-2-apartments-for-sale-in-jumeirah-village-circle-dubai,https://opr.ae/ar/projects/danube-elitz-2-apartments-for-sale-in-jumeirah-village-circle-dubai
https://youtu.be/E1OzXbHR-VA,https://opr.ae/projects/ellington-properties-arbor-view-apartments-for-sale-in-arjan-dubai,Ellington Arbor View,Ellington Properties,Arjan,Apartments,800000,https://i.1.creatium.io/47/56/9f/ab7a0fece8b2ee273b14aa302f82016da4/header.jpg,"25.064115, 55.230119",EN,N/A,N/A,70/30 Payment Plan,N/A,N/A,N/A,N/A,Green Nature Living,Q1 2026,70/30 Payment Plan,"Studios, 1BR, 2BR, 3BR",https://opr.ae/ru/projects/ellington-properties-arbor-view-apartments-for-sale-in-arjan-dubai,https://opr.ae/ar/projects/ellington-properties-arbor-view-apartments-for-sale-in-arjan-dubai
https://youtu.be/m4lFrVkNSug,https://opr.ae/projects/society-house-apartments-in-downtown-dubai-for-sale-by-invest-group-overseas,IGO Society House,IGO,Downtown Dubai,Apartments,1900000,https://i.1.creatium.io/61/af/1b/d862739bfb2e29cbfd3829b77fe6926404/header.jpg,"25.194404, 55.286805",EN,N/A,https://cdn.opr.ae/brochures/society-house.pdf,60/40 Payment Plan,N/A,N/A,N/A,N/A,Dubai Luxury Living,Q2 2026,60/40 Payment Plan,"Studios, 1BR, 2BR, 3BR",https://opr.ae/ru/projects/society-house-apartments-in-downtown-dubai-for-sale-by-invest-group-overseas,https://opr.ae/ar/projects/society-house-apartments-in-downtown-dubai-for-sale-by-invest-group-overseas
https://youtu.be/BbEvxTSJ_gQ,https://opr.ae/projects/dubai-properties-mudon-al-ranim-townhouses-for-sale,Dubai Properties Mudon Al Ranim ,Dubai Properties,Mudon,Townhouses,2490000,https://i.1.creatium.io/6a/79/d0/346412d8a53abc0b0dfc16f454d72835b4/header.jpg,"25.007554, 55.259633",EN,N/A,https://cdn.opr.ae/brochures/mudon-al-ranim.pdf,60/40 Payment Plan,N/A,N/A,N/A,N/A,Green Nature Living,Q3 2026,60/40 Payment Plan,"3BR, 4BR",https://opr.ae/ru/projects/dubai-properties-mudon-al-ranim-townhouses-for-sale,https://opr.ae/ar/projects/dubai-properties-mudon-al-ranim-townhouses-for-sale
https://youtu.be/WZcg8Ok4pRE,https://opr.ae/projects/emaar-sunridge-mina-rashid-yacht-marina-apartments-in-dubai,Emaar Mina Rashid Sunridge,Emaar,Mina Rashid,Apartments,1470000,https://i.1.creatium.io/65/b8/94/05a8e74275ffb6feca5ef01f9efc144296/header.jpg,"25.256688, 55.276983",EN,N/A,https://cdn.opr.ae/brochures/emaar-sunridge.pdf,90/10 Payment Plan,N/A,N/A,N/A,N/A,"Dubai Luxury Living, Beachfront Living, Waterfront Living",Q1 2027,90/10 Payment Plan,"1BR, 2BR",https://opr.ae/ru/projects/emaar-sunridge-mina-rashid-yacht-marina-apartments-in-dubai,https://opr.ae/ar/projects/emaar-sunridge-mina-rashid-yacht-marina-apartments-in-dubai
https://youtu.be/4PqCxwJDGn4,https://opr.ae/projects/al-habtoor-tower-business-bay-dubai-for-sale,Al Habtoor Tower,Al Habtoor Group,Business Bay,Apartments,2000000,https://437e81e1-5ed1-4d53-bed7-e6f8d97dcc9b.selcdn.net/e7/85/c7/a6e7dd53f19e8d03d420ce43e6692aad3a/1161x832q5/header.jpg,"25.183222, 55.254822",EN,N/A,https://cdn.opr.ae/brochures/al-habtoor-tower.pdf,60/40 Payment Plan,N/A,N/A,N/A,N/A,"Dubai Luxury Living, Waterfront Living",Q3 2026,60/40 Payment Plan,"1BR, 2BR, 3BR",https://opr.ae/ru/projects/al-habtoor-tower-business-bay-dubai-for-sale,https://opr.ae/ar/projects/al-habtoor-tower-business-bay-dubai-for-sale
https://youtu.be/Jwi_RtN_gfg,https://opr.ae/projects/oro24-kyoto-apartments-in-arjan-dubai-for-sale,ORO24 Kyoto,ORO24 Developments,Arjan,Apartments,500000,https://i.1.creatium.io/7b/2e/bc/02bf4b368574d37db9e5dd48e11dc32d8c/header.jpg,"25.057512, 55.237056",EN,N/A,https://cdn.opr.ae/brochures/oro24-kyoto.pdf,60/40 Payment Plan,N/A,N/A,N/A,N/A,Green Nature Living,Q4 2025,60/40 Payment Plan,"Studios, 1BR, 2BR, 3BR",https://opr.ae/ru/projects/oro24-kyoto-apartments-in-arjan-dubai-for-sale,https://opr.ae/ar/projects/oro24-kyoto-apartments-in-arjan-dubai-for-sale
https://youtu.be/buQ8mz7yNSs,https://opr.ae/projects/oro24-elano-apartments-in-arjan-dubai-for-sale,ORO24 Elano,ORO24 Developments,Arjan,Apartments,530000,https://cdn.opr.ae/icons/oro24-elano-apartments-in-arjan-dubai-for-sale.jpg,"25.058866, 55.239394",EN,N/A,https://cdn.opr.ae/brochures/oro24-elano.pdf,53/47 Payment Plan,N/A,N/A,N/A,N/A,Green Nature Living,Q4 2025,53/47 Payment Plan,"Studios, 1BR, 2BR",Error,https://opr.ae/ar/projects/oro24-elano-apartments-in-arjan-dubai-for-sale
N/A,https://opr.ae/projects/prescott-serene-gardens-apartments-for-sale-in-dubai-al-furjan,Prescott Serene Gardens,Prescott,Al Furjan,Apartments,570000,https://i.1.creatium.io/bf/83/21/e007c464ddbd176fbb2bc262f157793334/1.jpg,"25.035930, 55.145556",EN,N/A,https://cdn.opr.ae/brochures/prescott-serene-gardens.pdf,60/40 Payment Plan,N/A,N/A,N/A,N/A,Green Nature Living,Q4 2025,60/40 Payment Plan,"Studios, 1BR, 2BR",https://opr.ae/ru/projects/prescott-serene-gardens-apartments-for-sale-in-dubai-al-furjan,https://opr.ae/ar/projects/prescott-serene-gardens-apartments-for-sale-in-dubai-al-furjan
N/A,https://opr.ae/projects/shamsa-townhouses-expo-city-dubai-for-sale,Shamsa Townhouses Expo City,Shamsa,Expo City Dubai,Townhouses,3900000,https://i.1.creatium.io/31/d3/a0/173782866de65eccd59ddd52bf0aba3cf2/header.jpg,"24.962631, 55.174353",EN,N/A,https://cdn.opr.ae/brochures/shamsa-townhouses.pdf,50/50 Payment Plan,N/A,N/A,N/A,N/A,Green Nature Living,Q1 2026,50/50 Payment Plan,"3BR, 4BR",https://opr.ae/ru/projects/shamsa-townhouses-expo-city-dubai-for-sale,https://opr.ae/ar/projects/shamsa-townhouses-expo-city-dubai-for-sale
N/A,https://opr.ae/projects/hmb-homes-beverly-boulevard-apartments-for-sale-in-arjan-dubai,HMB Homes Beverly Boulevard,HMB Homes,Arjan,Apartments,475000,https://i.1.creatium.io/4e/e8/24/f02c248f5a33f17263fb7318dea8074dcb/header.jpg,"25.063734, 55.236576",EN,N/A,https://cdn.opr.ae/brochures/hmb-beverly-boulevard.pdf,50/50 Payment Plan,N/A,N/A,N/A,N/A,Green Nature Living,Q2 2024,50/50 Payment Plan,"Studios, 1BR, 2BR",https://opr.ae/ru/projects/hmb-homes-beverly-boulevard-apartments-for-sale-in-arjan-dubai,https://opr.ae/ar/projects/hmb-homes-beverly-boulevard-apartments-for-sale-in-arjan-dubai
N/A,https://opr.ae/projects/four-seasons-private-residences-dubai-at-jumeirah-for-sale,Four Seasons Private Residences Dubai,H&H Development,Dubai Canal,"Apartments, Penthouses, Villas",19500000,https://i.1.creatium.io/41/8b/39/ae528e5d57eeb72d122c824cf10676bff6/3.jpg,"25.194597, 55.240815",EN,N/A,https://cdn.opr.ae/brochures/four-seasons-residences.pdf,N/A,N/A,N/A,N/A,N/A,"Dubai Luxury Living, Waterfront Living, Branded Residences",Completed,N/A,"2BR, 3BR, 4BR",https://opr.ae/ru/projects/four-seasons-private-residences-dubai-at-jumeirah-for-sale,https://opr.ae/ar/projects/four-seasons-private-residences-dubai-at-jumeirah-for-sale
N/A,https://opr.ae/projects/the-marina-residences-al-hamra-village-ras-al-khaimah-apartments-for-sale,Marina Residences,Al Hamra,Al Hamra Village (Ras Al Khaimah Emirate),"Studios, Apartments",N/A,https://cdn.opr.ae/photo/Marina%20Residences.jpg,"25.697981, 55.781087",EN,N/A,https://cdn.opr.ae/brochures/the-marina-residences-al-hamra.pdf,50/50 Payment Plan,N/A,N/A,N/A,N/A,"Beachfront Living, Waterfront Living",N/A,50/50 Payment Plan,"1BR, 2BR, 3BR",https://opr.ae/ru/projects/the-marina-residences-al-hamra-village-ras-al-khaimah-apartments-for-sale,https://opr.ae/ar/projects/the-marina-residences-al-hamra-village-ras-al-khaimah-apartments-for-sale
N/A,https://opr.ae/projects/townx-luma22-jvc-apartments-for-sale-in-dubai-jumeirah-village-circle,TownX Luma22,TownX,Jumeirah Village Circle (JVC),Apartments,630000,https://i.1.creatium.io/db/06/91/8e609a486af8abf31ef6e1f78292754fc3/header.jpg,"25.066775, 55.206296",EN,N/A,https://cdn.opr.ae/brochures/luma22.pdf,70/30 Payment Plan,N/A,N/A,N/A,N/A,Green Nature Living,Q3 2024,70/30 Payment Plan,"Studios, 1BR, 2BR, 3BR",https://opr.ae/ru/projects/townx-luma22-jvc-apartments-for-sale-in-dubai-jumeirah-village-circle,https://opr.ae/ar/projects/townx-luma22-jvc-apartments-for-sale-in-dubai-jumeirah-village-circle
N/A,https://opr.ae/projects/townx-luma-park-views-apartments-for-sale-in-jvc-dubai,TownX Luma Park Views,TownX,Jumeirah Village Circle (JVC),Apartments,1060000,https://i.1.creatium.io/disk2/31/0a/b7/ffdb0f5407530de2261a35adc53f304163/3.jpg,"25.054858, 55.205697",EN,N/A,https://cdn.opr.ae/brochures/townx-luma-park-views.pdf,60/40 Payment Plan,N/A,N/A,N/A,N/A,Green Nature Living,Q2 2026,60/40 Payment Plan,"1BR, 2BR, 3BR",Error,Error
N/A,https://opr.ae/projects/reportage-properties-bianca-townhouses-for-sale-in-dubailand,Reportage Bianca Townhouses,Reportage Properties,Dubailand,Townhouses,790000,https://i.1.creatium.io/26/5e/55/3ff747d377c353dbbef2457355ee4b52dd/header.jpg,"25.083957, 55.336535",EN,N/A,https://cdn.opr.ae/brochures/reportage-bianca.pdf,54/46 Payment Plan,N/A,N/A,N/A,N/A,Green Nature Living,Q3 2026,54/46 Payment Plan,"2BR, 3BR, 4BR",https://opr.ae/ru/projects/reportage-properties-bianca-townhouses-for-sale-in-dubailand,https://opr.ae/ar/projects/reportage-properties-bianca-townhouses-for-sale-in-dubailand
N/A,https://opr.ae/projects/mag-330-apartments-for-sale-in-dubailand,MAG 330,MAG,Dubailand,Apartments,970000,https://i.1.creatium.io/b5/bd/7e/1d813bf14609112d37e94602eb4c63df09/header.jpg,"25.089902, 55.327869",EN,N/A,https://cdn.opr.ae/brochures/mag-330.pdf,50/50 Payment Plan,N/A,N/A,N/A,N/A,Green Nature Living,Q4 2025,50/50 Payment Plan,"Studios, 1BR, 2BR",https://opr.ae/ru/projects/mag-330-apartments-for-sale-in-dubailand,https://opr.ae/ar/projects/mag-330-apartments-for-sale-in-dubailand
N/A,https://opr.ae/projects/five-jvc-jumeirah-village-circle-hotel-apartments-for-sale-in-dubai,FIVE Jumeirah Village Residences,FIVE Holdings,Jumeirah Village Circle (JVC),Apartments,775000,https://i.1.creatium.io/fb/c3/a8/f5e1ff20a83caa4b1809341f789deb5f10/header.jpg,"25.053969, 55.207148",EN,N/A,https://cdn.opr.ae/brochures/five-jvc.pdf,N/A,N/A,N/A,N/A,N/A,Green Nature Living,Completed,N/A,"Studios, 1BR, 2BR, 3BR, 4BR",https://opr.ae/ru/projects/five-jvc-jumeirah-village-circle-hotel-apartments-for-sale-in-dubai,https://opr.ae/ar/projects/five-jvc-jumeirah-village-circle-hotel-apartments-for-sale-in-dubai
N/A,https://opr.ae/projects/serenity-lakes-apartments-in-dubai-jumeirah-village-circle-by-gulf-land-property,Serenity Lakes 2,Gulf Land Property Developers,Jumeirah Village Circle (JVC),Apartments,330000,https://i.1.creatium.io/26/0d/33/de4a01270ff7bc3796b870120bd17ef50c/header.jpg,"25.061589, 55.202984",EN,N/A,https://cdn.opr.ae/brochures/serenity-lakes.pdf,70/30 Payment Plan,N/A,N/A,N/A,N/A,Green Nature Living,Q3 2024,70/30 Payment Plan,"Studios, 1BR, 2BR, 3BR",Error,https://opr.ae/ar/projects/serenity-lakes-apartments-in-dubai-jumeirah-village-circle-by-gulf-land-property
N/A,https://opr.ae/projects/ays-q-gardens-lofts-jvc-apartments-for-sale-in-jumeirah-village-circle,AYS Q Gardens Lofts,AYS,Jumeirah Village Circle (JVC),Apartments,930000,https://i.1.creatium.io/e0/81/ef/16ef692130dc1b7aa8bebb8ad1c8345cf3/header.jpg,"25.053706, 55.208328",EN,N/A,https://cdn.opr.ae/brochures/q-gardens-lofts.pdf,60/40 Payment Plan,N/A,N/A,N/A,N/A,Green Nature Living,Q2 2024,60/40 Payment Plan,"Studios, 1BR, 2BR, 3BR, 4BR",https://opr.ae/ru/projects/ays-q-gardens-lofts-jvc-apartments-for-sale-in-jumeirah-village-circle,https://opr.ae/ar/projects/ays-q-gardens-lofts-jvc-apartments-for-sale-in-jumeirah-village-circle
N/A,https://opr.ae/projects/ays-q-gardens-boutique-residences-for-sale-in-arjan-dubai,AYS Q Gardens Boutique Residences,AYS,Arjan,Apartments,663000,https://i.1.creatium.io/e1/ed/1b/3136fee5a1822c41ba9b47aba4c5d51017/header.jpg,"25.067315, 55.234806",EN,N/A,https://cdn.opr.ae/brochures/q-gardens-boutique-residences.pdf,N/A,N/A,N/A,N/A,N/A,Green Nature Living,Completed,N/A,"Studios, 1BR, 2BR",https://opr.ae/ru/projects/ays-q-gardens-boutique-residences-for-sale-in-arjan-dubai,Error
N/A,https://opr.ae/projects/lamar-sea-mirror-villas-for-sale-on-jumeira-bay-island-dubai,Sea Mirror Villas,Lamar,Jumeira Bay,Villas,Ask for Price,https://i.1.creatium.io/60/c1/fc/1696c70489cba690441e5986c4d1dd95e1/header.jpg,"25.220998, 55.228579",EN,N/A,https://cdn.opr.ae/brochures/sea-mirror.pdf,N/A,N/A,N/A,N/A,N/A,"Dubai Luxury Living, Green Nature Living, Waterfront Living, Beachfront Living",N/A,N/A,5BR,Error,https://opr.ae/ar/projects/lamar-sea-mirror-villas-for-sale-on-jumeira-bay-island-dubai
N/A,https://opr.ae/projects/samana-mykonos-signature-apartments-for-sale-in-arjan-dubai,Samana Mykonos Signature,Samana,Arjan,Apartments,670000,https://i.1.creatium.io/07/e6/24/9c61db162c7dfac07d4dcca6ae36d5dc68/header.jpg,"25.061777, 55.236573",EN,N/A,https://cdn.opr.ae/brochures/samana-mykonos-signature.pdf,73/27 Payment Plan,N/A,N/A,N/A,N/A,Green Nature Living,Q4 2025,73/27 Payment Plan,"Studios, 1BR, 2BR, 3BR",https://opr.ae/ru/projects/samana-mykonos-signature-apartments-for-sale-in-arjan-dubai,https://opr.ae/ar/projects/samana-mykonos-signature-apartments-for-sale-in-arjan-dubai
N/A,https://opr.ae/projects/samana-ivy-gardens-apartments-for-sale-in-dubai-land-residence-complex,Samana Ivy Gardens,Samana,Dubai Land Residence Complex,Apartments,912000,https://i.1.creatium.io/6f/af/89/9a2d68baf1a0368cb98925d0f35aadebd3/header.jpg,"25.091754, 55.381328",EN,N/A,https://cdn.opr.ae/brochures/samana-ivy-gardens.pdf,N/A,N/A,N/A,N/A,N/A,Green Nature Living,Q2 2026,N/A,"Studios, 1BR, 2BR, 3BR",https://opr.ae/ru/projects/samana-ivy-gardens-apartments-for-sale-in-dubai-land-residence-complex,https://opr.ae/ar/projects/samana-ivy-gardens-apartments-for-sale-in-dubai-land-residence-complex
N/A,https://opr.ae/projects/samana-hills-apartments-for-sale-in-arjan-dubai,Samana Hills,Samana,Arjan,Apartments,479000,https://i.1.creatium.io/1c/32/7a/d2efaca771cdb0e36c9117ef216946a849/header.jpg,"25.067391, 55.247631",EN,N/A,https://cdn.opr.ae/brochures/samana-hills.pdf,N/A,N/A,N/A,N/A,N/A,Green Nature Living,Completed,N/A,"Studios, 1BR, 2BR",https://opr.ae/ru/projects/samana-hills-apartments-for-sale-in-arjan-dubai,https://opr.ae/ar/projects/samana-hills-apartments-for-sale-in-arjan-dubai
N/A,https://opr.ae/projects/samana-greens-apartments-for-sale-in-arjan-dubai,Samana Greens,Samana,Arjan,Apartments,479000,https://i.1.creatium.io/disk2/e7/7c/24/c59cd4322ac34f134edddf65c8a8b899b0/3.jpg,"25.063316, 55.243097",EN,N/A,https://cdn.opr.ae/brochures/samana-greens.pdf,N/A,N/A,N/A,N/A,N/A,Green Nature Living,Completed,N/A,"Studios, 1BR, 2BR",https://opr.ae/ru/projects/samana-greens-apartments-for-sale-in-arjan-dubai,https://opr.ae/ar/projects/samana-greens-apartments-for-sale-in-arjan-dubai
N/A,https://opr.ae/projects/samana-skyros-apartments-in-arjan-dubai,Samana Skyros,Samana,Arjan,Apartments,649000,https://i.1.creatium.io/disk2/a0/b1/29/5dc7300e65c16f85d8d21d86ffe18c50c5/1.jpg,"25.064181, 55.246077",EN,N/A,https://cdn.opr.ae/brochures/samana-skyros.pdf,80/20 Payment Plan,N/A,N/A,N/A,N/A,Green Nature Living,Q2 2026,80/20 Payment Plan,"Studios, 1BR, 2BR",https://opr.ae/ru/projects/samana-skyros-apartments-in-arjan-dubai,https://opr.ae/ar/projects/samana-skyros-apartments-in-arjan-dubai
N/A,https://opr.ae/projects/samana-miami-jvt-apartments-for-sale-in-jumeirah-village-triangle-dubai,Samana Miami 2,Samana,Jumeirah Village Triangle (JVT),Apartments,999000,https://i.1.creatium.io/3e/de/5e/27b36f08e1402e1f71e86e0694516f0f33/header.jpg,"25.046230, 55.204217",EN,N/A,https://cdn.opr.ae/brochures/samana-miami-2.pdf,74/26 Payment Plan,N/A,N/A,N/A,N/A,Green Nature Living,Q2 2025,74/26 Payment Plan,"Studios, 1BR, 2BR",https://opr.ae/ru/projects/samana-miami-jvt-apartments-for-sale-in-jumeirah-village-triangle-dubai,Error
N/A,https://opr.ae/projects/binghatti-venus-jvc-apartments-for-sale-in-jumeirah-village-circle-dubai,Binghatti Venus,Binghatti,Jumeirah Village Circle (JVC),Apartments,825000,https://cdn.opr.ae/icons/Screenshot%202023-08-10%20at%2012.48.42.jpg,"25.047462, 55.210000",EN,N/A,https://cdn.opr.ae/brochures/binghatti-venus.pdf,70/30 Payment Plan,N/A,N/A,N/A,N/A,Green Nature Living,Q2 2024,70/30 Payment Plan,"1BR, 2BR",https://opr.ae/ru/projects/binghatti-venus-jvc-apartments-for-sale-in-jumeirah-village-circle-dubai,https://opr.ae/ar/projects/binghatti-venus-jvc-apartments-for-sale-in-jumeirah-village-circle-dubai
N/A,https://opr.ae/projects/binghatti-billionaire-residences-for-sale-in-business-bay-dubai,Binghatti Billionaire Residences,Binghatti,Business Bay,Apartments,1400000,https://cdn.opr.ae/icons/binghatti-billionaire-residences-for-sale-in-business-bay-dubai.jpg,"25.183948, 55.280576",EN,N/A,https://cdn.opr.ae/brochures/nshama-the-mayfair.pdf,N/A,N/A,N/A,N/A,N/A,"Dubai Luxury Living, Waterfront Living",N/A,N/A,"Studios, 1BR, 2BR",https://opr.ae/ru/projects/binghatti-billionaire-residences-for-sale-in-business-bay-dubai,https://opr.ae/ar/projects/binghatti-billionaire-residences-for-sale-in-business-bay-dubai
N/A,https://opr.ae/projects/tiger-group-elbrus-tower-jvt-apartments-in-dubai-jumeirah-village-triangle,Tiger Group Elbrus Tower,Tiger Group,Jumeirah Village Triangle (JVT),Apartments,540000,https://i.1.creatium.io/40/03/48/7220d0586634ae8f75500296c0b46f4fc5/header.jpg,"25.043146, 55.193054",EN,N/A,https://cdn.opr.ae/brochures/elbrus-tower.pdf,70/30 Payment Plan,N/A,N/A,N/A,N/A,Green Nature Living,Q1 2026,70/30 Payment Plan,"1BR, 2BR",https://opr.ae/ru/projects/tiger-group-elbrus-tower-jvt-apartments-in-dubai-jumeirah-village-triangle,https://opr.ae/ar/projects/tiger-group-elbrus-tower-jvt-apartments-in-dubai-jumeirah-village-triangle
N/A,https://opr.ae/projects/tiger-group-seslia-tower-jvt-apartments-in-dubai-jumeirah-village-triangle,Tiger Group Seslia Tower,Tiger Group,Jumeirah Village Triangle (JVT),Apartments,850000,https://i.1.creatium.io/e3/f8/e7/e9745c21329ea889f8bd812872738e07c9/arhitektura.jpg,"25.043638, 55.194750",EN,N/A,https://cdn.opr.ae/brochures/tiger-seslia-tower.pdf,70/30 Payment Plan,N/A,N/A,N/A,N/A,Green Nature Living,Q4 2025,70/30 Payment Plan,"Studios, 1BR, 2BR",https://opr.ae/ru/projects/tiger-group-seslia-tower-jvt-apartments-in-dubai-jumeirah-village-triangle,https://opr.ae/ar/projects/tiger-group-seslia-tower-jvt-apartments-in-dubai-jumeirah-village-triangle
N/A,https://opr.ae/projects/tiger-group-o2-tower-jvc-apartments-in-dubai-jumeirah-village-circle,Tiger Group O2 Tower,Tiger Group,Jumeirah Village Circle (JVC),Apartments,432000,https://i.1.creatium.io/disk2/51/7c/f8/c21667ea52a996b93be6231d9859028985/1.jpg,"25.046567, 55.205229",EN,N/A,https://cdn.opr.ae/brochures/tiger-o2-tower.pdf,N/A,N/A,N/A,N/A,N/A,Green Nature Living,Completed,N/A,"Studios, 1BR, 2BR",https://opr.ae/ru/projects/tiger-group-o2-tower-jvc-apartments-in-dubai-jumeirah-village-circle,https://opr.ae/ar/projects/tiger-group-o2-tower-jvc-apartments-in-dubai-jumeirah-village-circle
N/A,https://opr.ae/projects/tiger-group-neva-residence-jvc-apartments-for-sale-in-dubai,Tiger Group Neva Residence,Tiger Group,Jumeirah Village Circle (JVC),Apartments,485000,https://cdn.opr.ae/icons/tiger-group-neva-residence-jvc-apartments-for-sale-in-dubai.jpg,"25.068701, 55.214539",EN,N/A,https://cdn.opr.ae/brochures/tiger-group-neva.pdf,70/30 Payment Plan,N/A,N/A,N/A,N/A,Green Nature Living,Q4 2025,70/30 Payment Plan,"Studios, 1BR, 2BR",https://opr.ae/ru/projects/tiger-group-neva-residence-jvc-apartments-for-sale-in-dubai,https://opr.ae/ar/projects/tiger-group-neva-residence-jvc-apartments-for-sale-in-dubai
N/A,https://opr.ae/projects/tiger-group-regina-tower-apartments-for-sale-in-jumeirah-village-circle,Tiger Group Regina Tower,Tiger Group,Jumeirah Village Circle (JVC),Apartments,362000,https://i.1.creatium.io/disk2/c2/29/29/074cbfc7e0450b09a23ace5c784ccd739e/1.jpg,"25.057154, 55.212202",EN,N/A,https://cdn.opr.ae/brochures/tiger-regina-tower.pdf,N/A,N/A,N/A,N/A,N/A,Green Nature Living,Completed,N/A,"Studios, 1BR",https://opr.ae/ru/projects/tiger-group-regina-tower-apartments-for-sale-in-jumeirah-village-circle,https://opr.ae/ar/projects/tiger-group-regina-tower-apartments-for-sale-in-jumeirah-village-circle
N/A,https://opr.ae/projects/leos-hadley-heights-jvc-apartments-for-sale-in-dubai-jumeirah-village-circle,Leos Hadley Heights,Leos,Jumeirah Village Circle (JVC),Apartments,830000,https://i.1.creatium.io/27/e3/f0/f5dbc250a4a33ad3f5b9217b0a6142663d/header.jpg,"25.058374, 55.211082",EN,N/A,https://cdn.opr.ae/brochures/hadley-heights.pdf,50/50 Payment Plan,N/A,N/A,N/A,N/A,Green Nature Living,Q4 2025,50/50 Payment Plan,"Studios, 1BR, 2BR",https://opr.ae/ru/projects/leos-hadley-heights-jvc-apartments-for-sale-in-dubai-jumeirah-village-circle,https://opr.ae/ar/projects/leos-hadley-heights-jvc-apartments-for-sale-in-dubai-jumeirah-village-circle
https://youtu.be/DaxlJTZ95fM,https://opr.ae/projects/condor-concept-7-jvc-apartments-for-sale-in-dubai-jumeirah-village-circle,Condor Group Concept 7,Condor Group,Jumeirah Village Circle (JVC),Apartments,784000,https://cdn.opr.ae/icons/condor-concept-7-jvc-apartments-for-sale-in-dubai-jumeirah-village-circle.jpg,"25.067655, 55.214409",EN,N/A,https://cdn.opr.ae/brochures/concept-7.pdf,70/30 Payment Plan,N/A,N/A,N/A,N/A,Green Nature Living,Q4 2024,70/30 Payment Plan,"Studios, 1BR, 2BR",https://opr.ae/ru/projects/condor-concept-7-jvc-apartments-for-sale-in-dubai-jumeirah-village-circle,https://opr.ae/ar/projects/condor-concept-7-jvc-apartments-for-sale-in-dubai-jumeirah-village-circle
https://youtu.be/fimiCzwWMFU,https://opr.ae/projects/399-hills-park-apartments-for-sale-in-dubai-by-national-bonds,399 Hills Park,National Properties,Dubai Hills Estate,Apartments,1700000,https://i.1.creatium.io/22/22/8b/f6f1e633e2da0bc7646c493bfb3ee2ee04/header.jpg,"25.118288, 55.257789",EN,N/A,https://cdn.opr.ae/brochures/399-hills-park.pdf,40/60 Payment Plan,N/A,N/A,N/A,N/A,"Green Nature Living, Near Golf Course",Q4 2025,40/60 Payment Plan,"1BR, 2BR, 3BR",Error,https://opr.ae/ar/projects/399-hills-park-apartments-for-sale-in-dubai-by-national-bonds
https://youtu.be/VnLN5yWo_2w,https://opr.ae/projects/tilal-al-ghaf-serenity-mansions-for-sale-in-dubai-by-majid-al-futtaim,Tilal Al Ghaf Serenity Mansions,Majid Al Futtaim,Tilal Al Ghaf,Mansions,25000000,https://i.1.creatium.io/52/a1/83/c1f3b8a4a3011246e34a15d1b5c7d4c1a9/header.jpg,"25.024689, 55.218448",EN,N/A,https://cdn.opr.ae/brochures/tilal-al-ghaf-serenity-mansions.pdf,N/A,N/A,N/A,N/A,N/A,"Dubai Luxury Living, Beachfront Living, Waterfront Living, Green Nature Living",Q4 2027,N/A,"6BR, 7BR",https://opr.ae/ru/projects/tilal-al-ghaf-serenity-mansions-for-sale-in-dubai-by-majid-al-futtaim,https://opr.ae/ar/projects/tilal-al-ghaf-serenity-mansions-for-sale-in-dubai-by-majid-al-futtaim
https://youtu.be/tSv6M89aktc,https://opr.ae/projects/omniyat-vela-dorchester-collection-for-sale-in-business-bay-dubai,Omniyat Vela Dorchester Collection,Omniyat,Business Bay,"Apartments, Penthouses",30000000,https://i.1.creatium.io/2e/81/dd/bda728035a0e798df6a5b62c3e3ac120e8/header.jpg,"25.190130, 55.289093",EN,N/A,https://cdn.opr.ae/brochures/omniyat-vela.pdf,60/40 Payment Plan,N/A,N/A,N/A,N/A,"Dubai Luxury Living, Waterfront Living, Branded Residences",Q4 2026,60/40 Payment Plan,"3BR, 4BR, 5BR",https://opr.ae/ru/projects/omniyat-vela-dorchester-collection-for-sale-in-business-bay-dubai,https://opr.ae/ar/projects/omniyat-vela-dorchester-collection-for-sale-in-business-bay-dubai
https://youtu.be/hqgG2jS32y4,https://opr.ae/projects/baccarat-hotel-and-residences-for-sale-in-downtown-dubai,Baccarat Hotel & Residences,H&H Development,Downtown Dubai,"Apartments, Penthouses",15900000,https://i.1.creatium.io/40/a7/b8/4f259de926aababa39918f1ab7ad03dbd9/1.jpg,"25.189327, 55.279266",EN,N/A,https://cdn.opr.ae/brochures/baccarat.pdf,60/40 Payment Plan,N/A,N/A,N/A,N/A,"Dubai Luxury Living, Branded Residences",2026,60/40 Payment Plan,"2BR, 3BR, 4BR, 5BR",https://opr.ae/ru/projects/baccarat-hotel-and-residences-for-sale-in-downtown-dubai,https://opr.ae/ar/projects/baccarat-hotel-and-residences-for-sale-in-downtown-dubai
https://youtu.be/QVvO9mjtynA,https://opr.ae/projects/bugatti-residences-by-binghatti-for-sale-in-business-bay-dubai,Binghatti Bugatti Residences,Binghatti,Business Bay,"Apartments, Penthouses",19090000,https://cdn.opr.ae/icons/331c6883dd6010864b7ead130be77cd5.jpg,"25.187773, 55.265370",EN,N/A,https://cdn.opr.ae/brochures/binghatti-bugatti.pdf,70/30 Payment Plan,N/A,N/A,N/A,N/A,"Dubai Luxury Living, Waterfront Living, Branded Residences",Q4 2025,70/30 Payment Plan,"2BR, 3BR, 4BR",https://opr.ae/ru/projects/bugatti-residences-by-binghatti-for-sale-in-business-bay-dubai,https://opr.ae/ar/projects/bugatti-residences-by-binghatti-for-sale-in-business-bay-dubai
https://youtu.be/EvwwHWAUBjw,https://opr.ae/projects/jasmine-lane-elie-saab-edition-townhouses-in-jumeirah-golf-estates-dubai,Elie Saab Edition Jasmine Lane,Durar Group,Jumeirah Golf Estates,Townhouses,3500000,https://i.1.creatium.io/d1/42/b3/bb478398ce480a8ec24d6689cb78559055/header.jpg,"25.013011, 55.212892",EN,N/A,https://cdn.opr.ae/brochures/elie-saab-jge.pdf,40/60 Payment Plan,N/A,N/A,N/A,N/A,"Dubai Luxury Living, Green Nature Living, Near Golf Course, Branded Residences",Q3 2024,40/60 Payment Plan,3BR,Error,https://opr.ae/ar/projects/jasmine-lane-elie-saab-edition-townhouses-in-jumeirah-golf-estates-dubai
https://youtu.be/Y2jCGoRdxsA,https://opr.ae/projects/jumeirah-zabeel-saray-villas-for-sale-in-dubai,Jumeirah Zabeel Saray Royal Residences,Jumeirah,Palm Jumeirah,Villas,37000000,https://cdn.opr.ae/icons/sfnjrjwykjkjeyhq1325tqyhewr.jpg,"25.09815, 55.12458",EN,N/A,https://cdn.opr.ae/brochures/zabeel-saray.pdf,N/A,N/A,N/A,N/A,N/A,"Dubai Luxury Living, Beachfront Living, Waterfront Living",Completed,N/A,"4BR, 5BR",https://opr.ae/ru/projects/jumeirah-zabeel-saray-villas-for-sale-in-dubai,https://opr.ae/ar/projects/jumeirah-zabeel-saray-villas-for-sale-in-dubai
https://youtu.be/l_zeD2GpsbI,https://opr.ae/projects/deyaar-millenium-talia-residences-in-al-furjan-dubai-for-sale,Deyaar Millennium Talia Residences,Deyaar,Al Furjan,Apartments,958000,https://i.1.creatium.io/85/61/5e/38946924af669f351bc7095aa54f601069/header.jpg,"25.020373, 55.152271",EN,N/A,https://cdn.opr.ae/brochures/deyaar-millennium-talia-residences.pdf,52/48 Payment Plan,N/A,N/A,N/A,N/A,Dubai Luxury Living,Q4 2025,52/48 Payment Plan,"1BR, 2BR",Error,https://opr.ae/ar/projects/deyaar-millenium-talia-residences-in-al-furjan-dubai-for-sale
https://youtu.be/LVo0fUkuvps,https://opr.ae/projects/emaar-creek-waters-2-apartments-in-dubai-creek-harbour-for-sale,Emaar Creek Waters 2,Emaar,Dubai Creek Harbour,Apartments,1700000,https://i.1.creatium.io/19/ee/5a/ffaa2054ace23ae11d8ceb472609d708d5/emaar_creek_waters_in_dubai_creek_harbour_4.jpg,"25.207551, 55.348372",EN,N/A,https://cdn.opr.ae/brochures/emaar-creek-waters-2.pdf,90/10 Payment Plan,N/A,N/A,N/A,N/A,"Dubai Luxury Living, Waterfront Living",Q4 2027,90/10 Payment Plan,"1BR, 2BR, 3BR, 4BR, 5BR",Error,Error
https://youtu.be/lKCOuV7UQ1U,https://opr.ae/projects/meraas-design-quarter-d3-apartments-for-sale-in-dubai-design-district,Meraas Design Quarter at d3,Meraas,Dubai Design District,Apartments,2020000,https://i.1.creatium.io/91/72/77/67c4ec50b43a3f743f58555fe013d9ea60/header.jpg,"25.186879, 55.295761",EN,N/A,https://cdn.opr.ae/brochures/meraas-design-quarter-d3.pdf,60/40 Payment Plan,N/A,N/A,N/A,N/A,Green Nature Living,Q2 2027,60/40 Payment Plan,"1BR, 2BR, 3BR",https://opr.ae/ru/projects/meraas-design-quarter-d3-apartments-for-sale-in-dubai-design-district,https://opr.ae/ar/projects/meraas-design-quarter-d3-apartments-for-sale-in-dubai-design-district
https://youtu.be/mO-2thLYFAA,https://opr.ae/projects/upside-business-bay-apartments-for-sale-in-dubai,Upside Business Bay,SRG Holding,Business Bay,Apartments,980000,https://i.1.creatium.io/9e/04/1e/a0bf7df8e23309090180822255d909186d/header.jpg,"25.184994, 55.289738",EN,N/A,https://cdn.opr.ae/brochures/upside.pdf,25/75 Payment Plan,N/A,N/A,N/A,N/A,Waterfront Living,Completed,25/75 Payment Plan,"Studios, 1BR",https://opr.ae/ru/projects/upside-business-bay-apartments-for-sale-in-dubai,https://opr.ae/ar/projects/upside-business-bay-apartments-for-sale-in-dubai
https://youtu.be/OKL0dIyG4t4,https://opr.ae/projects/medore-apartments-for-sale-in-jlt-jumeirah-lake-towers-dubai,MeDoRe,MeDoRe Properties,Jumeirah Lake Towers (JLT),Apartments,836000,https://i.1.creatium.io/6d/08/93/d877b1ab152a0d6d17af4b5f75153a82d0/header.jpg,"25.064889, 55.139536",EN,N/A,https://cdn.opr.ae/brochures/medore.pdf,40/60 Payment Plan,N/A,N/A,N/A,N/A,"Waterfront Living, Green Nature Living",Q3 2023,40/60 Payment Plan,"Studios, 1BR, 2BR, 3BR",Error,Error
https://youtu.be/M4w-NURofM4,https://opr.ae/projects/marriott-residences-dubai-business-bay-for-sale,Marriott Residences Dubai Business Bay,Fortune 5,Business Bay,Apartments,1256777,https://i.1.creatium.io/f2/0c/54/d448d619ddb18eaac3309c39de3c43d361/header.jpg,"25.178602, 55.272406",EN,N/A,https://cdn.opr.ae/brochures/mrbb.pdf,40/60 Payment Plan,N/A,N/A,N/A,N/A,"Dubai Luxury Living, Waterfront Living, Branded Residences",Q4 2024,40/60 Payment Plan,"1BR, 2BR",Error,Error
https://youtu.be/9t4orgUjVW0,https://opr.ae/projects/damac-canal-crown-business-bay-apartments-for-sale-in-dubai,DAMAC Canal Crown Towers,DAMAC,Business Bay,Apartments,1120000,https://i.1.creatium.io/8a/b9/a3/2db1ef3d77fc448748e2b22d66b475f2c0/header.jpg,"25.182090, 55.280723",EN,N/A,https://cdn.opr.ae/brochures/damac-canal-crown.pdf,80/20 Payment Plan,N/A,N/A,N/A,N/A,"Dubai Luxury Living, Waterfront Living",Q1 2025,80/20 Payment Plan,"Studios, 1BR, 2BR, 3BR, 4BR",Error,Error
https://youtu.be/Ane64xY-eXY,https://opr.ae/projects/ahs-casa-canal-penthouses-and-sky-villas-for-sale-in-dubai,AHS Casa Canal,AHS Properties,Dubai Canal,"Apartments, Penthouses",20000000,https://i.1.creatium.io/60/71/d3/4a60f0412e28b9f0a3b391d6cb6135e1ee/header.jpg,"25.188505, 55.243992",EN,N/A,https://cdn.opr.ae/brochures/ahs-casa-canal.pdf,60/40 Payment Plan,N/A,N/A,N/A,N/A,"Dubai Luxury Living, Waterfront Living",Q4 2025,60/40 Payment Plan,"3BR, 4BR, 5BR, 6BR",https://opr.ae/ru/projects/ahs-casa-canal-penthouses-and-sky-villas-for-sale-in-dubai,https://opr.ae/ar/projects/ahs-casa-canal-penthouses-and-sky-villas-for-sale-in-dubai
N/A,https://opr.ae/projects/330-riverside-crescent-in-sobha-hartland-2-dubai-for-sale,Sobha 330 Riverside Crescent,Sobha,Sobha Hartland II,Apartments,1140000,https://i.1.creatium.io/76/45/54/c01ff3010ff8ed56e2ccd951d0bc862f93/header.jpg,"25.171880, 55.325281",EN,N/A,https://cdn.opr.ae/brochures/sobha-hartland-330-riverside-crescent.pdf,80/20 Payment Plan,N/A,N/A,N/A,N/A,"Dubai Luxury Living, Waterfront Living",Q2 2027,80/20 Payment Plan,"1BR, 2BR",Error,Error
https://youtu.be/HWvKTZM1qxo,https://opr.ae/projects/nshama-holland-gardens-town-square-dubai-apartments-for-sale,NSHAMA Holland Gardens,NSHAMA,Town Square Dubai,Apartments,700888,https://i.1.creatium.io/25/05/7a/77147d63adc395272e59587b4ced878a5f/header.jpg,"24.998305, 55.297084",EN,N/A,https://cdn.opr.ae/brochures/nshama-holland-gardens.pdf,50/50 Payment Plan,N/A,N/A,N/A,N/A,Green Nature Living,Q3 2025,50/50 Payment Plan,"Studios, 1BR, 2BR, 3BR",Error,Error
https://youtu.be/mS-1oO0rxkI,https://opr.ae/projects/emaar-may-townhouses-in-arabian-ranches-3-dubai,May Arabian Ranches III,Emaar,Arabian Ranches,Townhouses,2600000,https://cdn.opr.ae/photo/MAY_ARIII.jpg,"25.071282, 55.329474",EN,N/A,https://cdn.opr.ae/brochures/emaar-may.pdf,90/10 Payment Plan,N/A,N/A,N/A,N/A,Green Nature Living,Q3 2027,90/10 Payment Plan,"3BR, 4BR",https://opr.ae/ru/projects/emaar-may-townhouses-in-arabian-ranches-3-dubai,https://opr.ae/ar/projects/emaar-may-townhouses-in-arabian-ranches-3-dubai
https://youtu.be/VcpvqtjoNkA,https://opr.ae/projects/nakheel-como-residences-on-palm-jumeirah-dubai,Nakheel Como Residences,Nakheel,Palm Jumeirah,"Apartments, Penthouses",21000000,https://i.1.creatium.io/8f/a5/2b/ae5babe6dead704c098e6a3e74fb50171a/headerr.jpg,"25.111109, 55.145496",EN,N/A,https://cdn.opr.ae/brochures/nakheel-como-residences.pdf,20/80 Payment Plan,N/A,N/A,N/A,N/A,"Dubai Luxury Living, Beachfront Living, Waterfront Living",Q3 2027,20/80 Payment Plan,"2BR, 3BR, 4BR, 5BR, 6BR, 7BR",https://opr.ae/ru/projects/nakheel-como-residences-on-palm-jumeirah-dubai,https://opr.ae/ar/projects/nakheel-como-residences-on-palm-jumeirah-dubai
https://youtu.be/WtrxoZQhNiY,https://opr.ae/projects/ellington-the-crestmark-business-bay-apartments-for-sale-in-dubai,Ellington The Crestmark,Ellington Properties,Business Bay,Apartments,1500000,https://i.1.creatium.io/ef/f0/e4/071693b9f5db51b56a65c341272b212bae/header.jpg,"25.187003, 55.283911",EN,N/A,https://cdn.opr.ae/brochures/ellington-the-crestmark.pdf,70/30 Payment Plan,N/A,N/A,N/A,N/A,Waterfront Living,Q1 2026,70/30 Payment Plan,"Studios, 1BR, 2BR, 3BR, 4BR",Error,Error
https://youtu.be/FBdyDpUS4ko,https://opr.ae/projects/emaar-beachfront-seapoint-apartments-for-sale-in-dubai,Emaar Beachfront Seapoint,Emaar,Emaar Beachfront,"Apartments, Penthouses",2700000,https://i.1.creatium.io/db/10/95/233c2d68460e42dfc5c20fe08e5bb9a399/1161x832q5/header.jpg,"25.097424, 55.138305",EN,N/A,https://cdn.opr.ae/brochures/emaar-beachfront-seapoint.pdf,90/10 Payment Plan,N/A,N/A,N/A,N/A,"Dubai Luxury Living, Waterfront Living, Beachfront Living",Q2 2028,90/10 Payment Plan,"1BR, 2BR, 3BR, 5BR, 6BR",https://opr.ae/ru/projects/emaar-beachfront-seapoint-apartments-for-sale-in-dubai,https://opr.ae/ar/projects/emaar-beachfront-seapoint-apartments-for-sale-in-dubai
https://youtu.be/684HD6NJc5s,https://opr.ae/projects/burj-binghatti-jacob-co-residences-business-bay-dubai,Burj Binghatti Jacob & Co Residences,Binghatti,Business Bay,Apartments,8200000,https://i.1.creatium.io/7b/fe/6f/413cb486f133d9f5f4c3f30e62458403d2/header.jpg,"25.181046, 55.269173",EN,N/A,https://cdn.opr.ae/brochures/burj-binghatti-jacob-co.pdf,70/30 Payment Plan,N/A,N/A,N/A,N/A,"Dubai Luxury Living, Waterfront Living, Branded Residences",Q2 2026,70/30 Payment Plan,"2BR, 3BR, 4BR, 5BR, 7BR",https://opr.ae/ru/projects/burj-binghatti-jacob-co-residences-business-bay-dubai,https://opr.ae/ar/projects/burj-binghatti-jacob-co-residences-business-bay-dubai
https://youtu.be/-LQKo6C39Ss,https://opr.ae/projects/danube-fashionz-jvt-apartments-for-sale-in-jumeirah-village-triangle,Danube Fashionz,Danube,Jumeirah Village Triangle (JVT),Apartments,850000,https://i.1.creatium.io/7d/0c/5d/54f290198ac45b3a0e9fa7859d6069301b/danube_fashionz_1.jpg,"25.045392, 55.188220",EN,N/A,https://cdn.opr.ae/brochures/danube-fashionz.pdf,65/35 Payment Plan,N/A,N/A,N/A,N/A,"Dubai Luxury Living, Branded Residences",Q1 2027,65/35 Payment Plan,"Studios, 1BR, 2BR, 3BR",https://opr.ae/ru/projects/danube-fashionz-jvt-apartments-for-sale-in-jumeirah-village-triangle,https://opr.ae/ar/projects/danube-fashionz-jvt-apartments-for-sale-in-jumeirah-village-triangle
N/A,https://opr.ae/projects/damac-lagoons-townhouses-in-dubai/mykonos,DAMAC Lagoons Mykonos,DAMAC,DAMAC Lagoons,Townhouses,2400000,https://i.1.creatium.io/aa/25/99/ebf3a18efeb23db0fe71161df6c26a2a16/1161x832q5/Header.jpg,"25.006834, 55.235940",EN,https://www.damacproperties.com/en/vr/portofino/,https://cdn.opr.ae/brochures/damac-lagoons-mykonos.pdf,80/20 Payment Plan,N/A,N/A,N/A,N/A,"Beachfront Living, Green Nature Living, Near Golf Course",Q4 2026,80/20 Payment Plan,"4BR, 5BR",https://opr.ae/ru/projects/damac-lagoons-townhouses-in-dubai/mykonos,https://opr.ae/ar/projects/damac-lagoons-townhouses-in-dubai/mykonos
https://youtu.be/YSf3kl1Nrcs,https://opr.ae/projects/ellington-villa-collection-la-mer-for-sale-in-jumeirah-1-dubai,Ellington Villa Collection La Mer,Ellington Properties,Jumeirah 1,Villas,330000000,https://i.1.creatium.io/19/57/c2/d25c3ff9d7656820e0b54cec796ce5e2e2/header.jpg,"25.226833, 55.250990",EN,N/A,https://cdn.opr.ae/brochures/ellington-villa-collection-la-mer.pdf,N/A,N/A,N/A,N/A,N/A,"Dubai Luxury Living, Waterfront Living, Beachfront Living",Q4 2024,N/A,7BR,https://opr.ae/ru/projects/ellington-villa-collection-la-mer-for-sale-in-jumeirah-1-dubai,https://opr.ae/ar/projects/ellington-villa-collection-la-mer-for-sale-in-jumeirah-1-dubai
https://youtu.be/MV0c8w8wzIo,https://opr.ae/projects/emaar-creek-waters-apartments-in-dubai-creek-harbour-for-sale,Emaar Creek Waters,Emaar,Dubai Creek Harbour,Apartments,1600000,https://i.1.creatium.io/b3/7b/5f/778f09d790e5e8675b20436d87fa697172/header.jpg,"25.208560, 55.348072",EN,N/A,https://cdn.opr.ae/brochures/emaar-creek-waters.pdf,90/10 Payment Plan,N/A,N/A,N/A,N/A,"Dubai Luxury Living, Waterfront Living",Q3 2027,90/10 Payment Plan,"1BR, 2BR, 3BR, 4BR, 5BR",Error,https://opr.ae/ar/projects/emaar-creek-waters-apartments-in-dubai-creek-harbour-for-sale
https://youtu.be/BDzQ33VFqzQ,https://opr.ae/projects/emaar-golf-grand-apartments-in-dubai-hills-estate-for-sale,Emaar Golf Grand,Emaar,Dubai Hills Estate,Apartments,1300000,https://i.1.creatium.io/e9/87/f3/b5441b17fd00afb1ccdb0ae8aded16eb52/1161x832q5/header.jpg,"25.122374, 55.259823",EN,N/A,https://cdn.opr.ae/brochures/emaar-golf-grande.pdf,90/10 Payment Plan,N/A,N/A,N/A,N/A,"Green Nature Living, Near Golf Course",Q1 2027,90/10 Payment Plan,"1BR, 2BR, 3BR",https://opr.ae/ru/projects/emaar-golf-grand-apartments-in-dubai-hills-estate-for-sale,https://opr.ae/ar/projects/emaar-golf-grand-apartments-in-dubai-hills-estate-for-sale
https://youtu.be/cAcZUpm5M8o,https://opr.ae/projects/ellington-the-quayside-business-bay-apartments-for-sale-in-dubai,Ellington The Quayside,Ellington Properties,Business Bay,"Apartments, Penthouses",1780000,https://i.1.creatium.io/92/06/f7/bb13a957f9f03d6304e640cb39b833cde5/header1.jpg,"25.180638, 55.268076",EN,N/A,https://cdn.opr.ae/brochures/ellington-the-quayside.pdf,70/30 Payment Plan,N/A,N/A,N/A,N/A,Waterfront Living,Q1 2026,70/30 Payment Plan,"Studios, 1BR, 2BR, 3BR",Error,https://opr.ae/ar/projects/ellington-the-quayside-business-bay-apartments-for-sale-in-dubai
https://youtu.be/z1l5ShQI6PE,https://opr.ae/projects/nshama-maha-townhouses-for-sale-square-dubai,NSHAMA MAHA Townhouses,NSHAMA,Town Square Dubai,Townhouses,1780888,https://i.1.creatium.io/95/c8/e7/4bdaffee25498faa31f466bffef9b9b146/1161x832q5/header.jpg,"25.00994, 55.28486",EN,N/A,https://cdn.opr.ae/brochures/nshama-maha.pdf,50/50 Payment Plan,N/A,N/A,N/A,N/A,Green Nature Living,Q3 2025,50/50 Payment Plan,"3BR, 4BR",https://opr.ae/ru/projects/nshama-maha-townhouses-for-sale-square-dubai,https://opr.ae/ar/projects/nshama-maha-townhouses-for-sale-square-dubai
https://youtu.be/3Zv5Umpjh3o,https://opr.ae/projects/meraas-thyme-central-park-city-walk,Meraas Central Park Thyme at City Walk,Meraas,Central Park,Apartments,2100000,https://i.1.creatium.io/35/7d/83/3af7bcc934c0614d00291e2c250d945735/header.jpg,"25.203803, 55.258129",EN,https://360.visengine.com/meraas_vrt3/v8/?utm_campaign=20200324_MRE_BROKERS_VIRTUAL_EXPERIENCE_07,https://cdn.opr.ae/brochures/meraas-central-park-thyme.pdf,70/30 Payment Plan,N/A,N/A,N/A,N/A,Green Nature Living,Q3 2026,70/30 Payment Plan,"1BR, 2BR, 3BR, 4BR",Error,Error
https://youtu.be/fCC0bvT2NN0,https://opr.ae/projects/meraas-myrtle-central-park-at-city-walk-apartments-for-sale-in-dubai,Meraas Central Park Myrtle at City Walk,Meraas,Central Park,Apartments,1240000,https://i.1.creatium.io/disk2/fc/d3/4b/d67a6697b58ea1b540fc8d27aeca6c87ef/header.jpg,"25.205911, 55.259212",EN,N/A,https://cdn.opr.ae/brochures/meraas-central-park-myrtle.pdf,50/50 Payment Plan,N/A,N/A,N/A,N/A,Green Nature Living,Q2 2025,50/50 Payment Plan,"1BR, 2BR",https://opr.ae/ru/projects/meraas-myrtle-central-park-at-city-walk-apartments-for-sale-in-dubai,https://opr.ae/ar/projects/meraas-myrtle-central-park-at-city-walk-apartments-for-sale-in-dubai
https://youtu.be/uAOKPiVZVEA,https://opr.ae/projects/meraas-castleton-central-park-at-city-walk-apartments-for-sale-in-dubai,Meraas Central Park Castleton at City Walk,Meraas,Central Park,Apartments,1500000,https://i.1.creatium.io/disk2/ee/60/84/a405d3e0ff0af717e568c3128f856cf835/header.jpg,"25.203544, 55.260154",EN,N/A,https://cdn.opr.ae/brochures/meraas-central-park-castleton.pdf,50/50 Payment Plan,N/A,N/A,N/A,N/A,Green Nature Living,Q1 2026,50/50 Payment Plan,"1BR, 2BR, 3BR, 4BR",https://opr.ae/ru/projects/meraas-castleton-central-park-at-city-walk-apartments-for-sale-in-dubai,https://opr.ae/ar/projects/meraas-castleton-central-park-at-city-walk-apartments-for-sale-in-dubai
https://youtu.be/tBPyxn4wVds,https://opr.ae/projects/meraas-fern-central-park-at-city-walk-apartments-for-sale-in-dubai,Meraas Central Park Fern at City Walk,Meraas,Central Park,Apartments,1500000,https://i.1.creatium.io/disk2/26/bb/d8/ef08d4c6a3b0c8f0aefdb29d481e5cccd0/header.jpg,"25.205296, 55.258878",EN,N/A,https://cdn.opr.ae/brochures/meraas-central-park-fern.pdf,50/50 Payment Plan,N/A,N/A,N/A,N/A,Green Nature Living,Q4 2026,50/50 Payment Plan,"1BR, 2BR, 3BR, 4BR",https://opr.ae/ru/projects/meraas-fern-central-park-at-city-walk-apartments-for-sale-in-dubai,https://opr.ae/ar/projects/meraas-fern-central-park-at-city-walk-apartments-for-sale-in-dubai
https://youtu.be/MAjcQtZfpq4,https://opr.ae/projects/meraas-laurel-central-park-at-city-walk-apartments-for-sale-in-dubai,Meraas Central Park Laurel at City Walk,Meraas,Central Park,Apartments,1500000,https://i.1.creatium.io/disk2/c2/82/6b/f0e9a22b0f208d1f32723a7e149f43ac80/header.jpg,"25.204402, 55.258422",EN,N/A,https://cdn.opr.ae/brochures/meraas-central-park-laurel.pdf,50/50 Payment Plan,N/A,N/A,N/A,N/A,Green Nature Living,Q4 2025,50/50 Payment Plan,"1BR, 2BR, 3BR, 4BR",https://opr.ae/ru/projects/meraas-laurel-central-park-at-city-walk-apartments-for-sale-in-dubai,https://opr.ae/ar/projects/meraas-laurel-central-park-at-city-walk-apartments-for-sale-in-dubai
https://youtu.be/4tQVdM_rI_I,https://opr.ae/projects/sobha-reserve-villas-for-sale-in-wadi-al-safa-dubai,Sobha Reserve Villas,Sobha,Wadi Al Safa,Villas,7680000,https://cdn.opr.ae/icons/Sobha-Reserve-Villas.jpg,"25.081684, 55.331396",EN,N/A,https://cdn.opr.ae/brochures/sobha-reserve.pdf,80/20 Payment Plan,N/A,N/A,N/A,N/A,"Dubai Luxury Living, Waterfront Living, Beachfront Living",N/A,80/20 Payment Plan,"4BR, 5BR",https://opr.ae/ru/projects/sobha-reserve-villas-for-sale-in-wadi-al-safa-dubai,https://opr.ae/ar/projects/sobha-reserve-villas-for-sale-in-wadi-al-safa-dubai
https://youtu.be/KPiVKY4pzRo,https://opr.ae/projects/prescott-elevate-apartments-for-sale-in-arjan-dubai,Prescott Elevate,Prescott,Arjan,Apartments,525000,https://i.1.creatium.io/88/52/e0/53fda1587333e744e0952333961e2c43d0/header.jpg,"25.065066, 55.246889",EN,N/A,https://cdn.opr.ae/brochures/prescott-elevate.pdf,50/50 Payment Plan,N/A,N/A,N/A,N/A,Green Nature Living,Q1 2025,50/50 Payment Plan,"Studios, 1BR, 2BR",https://opr.ae/ru/projects/prescott-elevate-apartments-for-sale-in-arjan-dubai,https://opr.ae/ar/projects/prescott-elevate-apartments-for-sale-in-arjan-dubai
https://youtu.be/M4RfglEeNSk,https://opr.ae/projects/select-group-the-edge-business-bay-apartments-for-sale-in-dubai,Select Group The Edge,Select Group,Business Bay,Apartments,1108000,https://i.1.creatium.io/24/b4/a9/6179216405123c2d574effaa64eeb448f3/header.jpg,"25.188839, 55.268574",EN,N/A,https://cdn.opr.ae/brochures/select-group-edge.pdf,40/60 Payment Plan,N/A,N/A,N/A,N/A,Waterfront Living,Q4 2026,70/30 Payment Plan,"1BR, 2BR",https://opr.ae/ru/projects/select-group-the-edge-business-bay-apartments-for-sale-in-dubai,https://opr.ae/ar/projects/select-group-the-edge-business-bay-apartments-for-sale-in-dubai
N/A,https://opr.ae/projects/darglobal-dg1-business-bay-apartments-for-sale-in-dubai,DarGlobal DG1 Living,DarGlobal,Business Bay,Apartments,1720000,https://i.1.creatium.io/4a/73/28/f57d86b7a7b4e3d67fc37dc23f6ed5bf33/1161x832q5/header.jpg,"25.181189, 55.263901",EN,N/A,https://cdn.opr.ae/brochures/dg1-living.pdf,70/30 Payment Plan,N/A,N/A,N/A,N/A,Waterfront Living,Q4 2026,70/30 Payment Plan,"1BR, 2BR, 3BR",https://opr.ae/ru/projects/darglobal-dg1-business-bay-apartments-for-sale-in-dubai,https://opr.ae/ar/projects/darglobal-dg1-business-bay-apartments-for-sale-in-dubai
N/A,https://opr.ae/projects/sls-residences-the-palm-dubai-for-sale-on-palm-jumeirah,SLS Residences The Palm Dubai,Roya,Palm Jumeirah,"Apartments, Penthouses",7000000,https://i.1.creatium.io/07/57/56/c68761bbde8eb8ba400077d27a6558494b/header.jpg,"25.105016, 55.112484",EN,N/A,https://cdn.opr.ae/brochures/sls-residences-the-palm-dubai.pdf,60/40 Payment Plan,N/A,N/A,N/A,N/A,"Dubai Luxury Living, Beachfront Living, Waterfront Living, Branded Residences",2026,60/40 Payment Plan,"2BR, 3BR, 4BR",https://opr.ae/ru/projects/sls-residences-the-palm-dubai-for-sale-on-palm-jumeirah,https://opr.ae/ar/projects/sls-residences-the-palm-dubai-for-sale-on-palm-jumeirah
N/A,https://opr.ae/projects/deyaar-mar-casa-apartments-for-sale-in-dubai-maritime-city,Deyaar Mar Casa,Deyaar,Dubai Maritime City,"Apartments, Penthouses",1300000,https://i.1.creatium.io/3d/cd/79/337d574a2879ef8c0f2fac088ec44f4b1e/header.jpg,"25.270338, 55.269574",EN,N/A,https://cdn.opr.ae/brochures/deyaar-mar-casa.pdf,76/24 Payment Plan,N/A,N/A,N/A,N/A,Waterfront Living,Q4 2026,76/24 Payment Plan,"1BR, 2BR, 3BR, 4BR",https://opr.ae/ru/projects/deyaar-mar-casa-apartments-for-sale-in-dubai-maritime-city,https://opr.ae/ar/projects/deyaar-mar-casa-apartments-for-sale-in-dubai-maritime-city
https://youtu.be/QufoX4BWoKs,https://opr.ae/projects/emaar-anya-2-townhouses-in-arabian-ranches-3-dubai,Emaar Anya 2 Arabian Ranches III,Emaar,Arabian Ranches,Townhouses,2260000,https://i.1.creatium.io/39/45/e0/a9e5e75ae5aa68f94b679aaab1a303b6d6/emaar_anya_arabian_ranches_1.jpg,"25.069649, 55.331374",EN,N/A,https://cdn.opr.ae/brochures/emaar-anya-2.pdf,N/A,N/A,N/A,N/A,N/A,Green Nature Living,Q4 2026,N/A,"3BR, 4BR",https://opr.ae/ru/projects/emaar-anya-2-townhouses-in-arabian-ranches-3-dubai,https://opr.ae/ar/projects/emaar-anya-2-townhouses-in-arabian-ranches-3-dubai
https://youtu.be/Dj2J3OB1CsA,https://opr.ae/projects/mangrove-residences-expo-city-dubai-apartments-for-sale,Mangrove Residences Expo City Dubai,Expo City Dubai,Expo City Dubai,"Apartments, Townhouses",1200000,https://i.1.creatium.io/53/ae/04/f159c6103e07003af0b76b0df2d07e7f24/1161x832q5/header.jpg,"24.958073, 55.152435",EN,N/A,https://cdn.opr.ae/brochures/expo-mangrove-residences.pdf,50/50 Payment Plan,N/A,N/A,N/A,N/A,Green Nature Living,Q4 2025,50/50 Payment Plan,"1BR, 2BR, 3BR, 4BR",https://opr.ae/ru/projects/mangrove-residences-expo-city-dubai-apartments-for-sale,https://opr.ae/ar/projects/mangrove-residences-expo-city-dubai-apartments-for-sale
https://youtu.be/sWNIvaDqCEU,https://opr.ae/projects/expo-valley-expo-city-dubai-townhouses-and-villas-for-sale,Expo Valley Expo City Dubai,Expo City Dubai,Expo City Dubai,"Villas, Townhouses",3500000,https://i.1.creatium.io/e4/98/e3/8b80eb51ccc0332c77ecec7fd71b8dd8ad/header.jpg,"24.963969, 55.169408",EN,N/A,https://cdn.opr.ae/brochures/expo-valley.pdf,50/50 Payment Plan,N/A,N/A,N/A,N/A,Green Nature Living,Q4 2025,50/50 Payment Plan,"3BR, 4BR, 5BR",https://opr.ae/ru/projects/expo-valley-expo-city-dubai-townhouses-and-villas-for-sale,https://opr.ae/ar/projects/expo-valley-expo-city-dubai-townhouses-and-villas-for-sale
https://youtu.be/EDT-v1hH-Rw,https://opr.ae/projects/nshama-the-regent-residences-town-square-dubai-apartments-for-sale,NSHAMA The Regent Residences,NSHAMA,Town Square Dubai,Apartments,630888,https://i.1.creatium.io/57/81/99/05abea7c0b0c1cc96c7641c3d21326edfe/header.jpg,"24.998537, 55.297088",EN,N/A,https://cdn.opr.ae/brochures/the-regent.pdf,50/50 Payment Plan,N/A,N/A,N/A,N/A,Green Nature Living,Q2 2025,50/50 Payment Plan,"Studios, 1BR, 2BR, 3BR",https://opr.ae/ru/projects/nshama-the-regent-residences-town-square-dubai-apartments-for-sale,https://opr.ae/ar/projects/nshama-the-regent-residences-town-square-dubai-apartments-for-sale
https://youtu.be/mRWiIuLpyOQ,https://opr.ae/projects/imtiaz-westwood-grande-jvc-apartments-in-jumeirah-village-circle,Imtiaz Westwood Grande,Imtiaz,Jumeirah Village Circle (JVC),Apartments,606000,https://i.1.creatium.io/b2/62/04/2ae5c7ec990c8e0ec965d2dfb66402edfa/1161x832q5/header.jpg,"25.054421, 55.198338",EN,N/A,https://cdn.opr.ae/brochures/westwood-grande.pdf,50/50 Payment Plan,N/A,N/A,N/A,N/A,Green Nature Living,Q4 2024,50/50 Payment Plan,"Studios, 1BR, 2BR, 3BR",https://opr.ae/ru/projects/imtiaz-westwood-grande-jvc-apartments-in-jumeirah-village-circle,https://opr.ae/ar/projects/imtiaz-westwood-grande-jvc-apartments-in-jumeirah-village-circle
https://youtu.be/xGYLzcIl7eg,https://opr.ae/projects/westwood-by-imtiaz-apartments-for-sale-in-jebel-ali-village-dubai,Imtiaz Westwood,Imtiaz,Jebel Ali Village,Apartments,463000,https://i.1.creatium.io/5d/03/02/3c5bf203dbc3db09a3197c162fd77be402/header.jpg,"25.039767, 55.138907",EN,N/A,https://cdn.opr.ae/brochures/westwood-by-imtiaz.pdf,55/45 Payment Plan,N/A,N/A,N/A,N/A,Green Nature Living,Q4 2023,55/45 Payment Plan,"Studios, 1BR",Error,https://opr.ae/ar/projects/westwood-by-imtiaz-apartments-for-sale-in-jebel-ali-village-dubai
N/A,https://opr.ae/projects/binghatti-onyx-jvc-apartments-for-sale-in-jumeirah-village-circle,Binghatti Onyx,Binghatti,Jumeirah Village Circle (JVC),Apartments,750000,https://i.1.creatium.io/81/a7/2d/4f8e0fb7f01e7e32ea6c65616be34eb589/1161x832q5/header.jpg,"25.061632, 55.198839",EN,N/A,https://cdn.opr.ae/brochures/binghatti-onyx.pdf,70/30 Payment Plan,N/A,N/A,N/A,N/A,Green Nature Living,Q4 2024,70/30 Payment Plan,"1BR, 2BR",https://opr.ae/ru/projects/binghatti-onyx-jvc-apartments-for-sale-in-jumeirah-village-circle,https://opr.ae/ar/projects/binghatti-onyx-jvc-apartments-for-sale-in-jumeirah-village-circle
N/A,https://opr.ae/projects/azizi-beach-oasis-apartments-in-dubai-studio-city,Azizi Beach Oasis,Azizi,Dubai Studio City,Apartments,450000,https://i.1.creatium.io/2a/49/36/2cb81b7168c912e6e8649f3a238671ac75/header.jpg,"25.036727, 55.237947",EN,N/A,https://cdn.opr.ae/brochures/azizi-beach-oasis.pdf,40/60 Payment Plan,N/A,N/A,N/A,N/A,Green Nature Living,Q2 2024,40/60 Payment Plan,"Studios, 1BR, 2BR",Error,https://opr.ae/ar/projects/azizi-beach-oasis-apartments-in-dubai-studio-city
N/A,https://opr.ae/projects/the-st-regis-residences-financial-center-road-dubai-for-sale,The St. Regis Residences Financial Center,East & West Group,Downtown Dubai,"Apartments, Penthouses",2750000,https://i.1.creatium.io/7a/8e/65/e1bec6da6c6584f9bfc95411747cd62153/the_st_regis_residences_financial_center_road_dubai_for_sale.jpg,"25.192985, 55.283424",EN,N/A,https://cdn.opr.ae/brochures/srr-fcr.pdf,50/50 Payment Plan,N/A,N/A,N/A,N/A,"Dubai Luxury Living, Waterfront Living, Branded Residences",Q4 2025,50/50 Payment Plan,"1BR, 2BR, 4BR, 5BR",https://opr.ae/ru/projects/the-st-regis-residences-financial-center-road-dubai-for-sale,https://opr.ae/ar/projects/the-st-regis-residences-financial-center-road-dubai-for-sale
https://youtu.be/HAkbqz0zidg,https://opr.ae/projects/emaar-cedar-creek-beach-apartments-in-dubai-creek-harbour-for-sale,Emaar Cedar Creek Beach,Emaar,Dubai Creek Harbour,Apartments,1290000,https://i.1.creatium.io/f9/72/47/5f22beb19015bf71aeef655a1b351e6e8e/1161x832q5/header.jpg,"25.203898, 55.351172",EN,N/A,https://cdn.opr.ae/brochures/emaar-cedar.pdf,90/10 Payment Plan,N/A,N/A,N/A,N/A,"Dubai Luxury Living, Waterfront Living",Q3 2026,90/10 Payment Plan,"1BR, 2BR, 3BR",https://opr.ae/ru/projects/emaar-cedar-creek-beach-apartments-in-dubai-creek-harbour-for-sale,https://opr.ae/ar/projects/emaar-cedar-creek-beach-apartments-in-dubai-creek-harbour-for-sale
https://youtu.be/p03kyle9dkE,https://opr.ae/projects/emaar-savanna-creek-beach-apartments-in-dubai-creek-harbour-for-sale,Emaar Savanna Creek Beach,Emaar,Dubai Creek Harbour,Apartments,1300000,https://i.1.creatium.io/8c/d5/fd/e51f7cdc7e2faad5120775196b5b5573a4/emaar_creek_beach_savanna_dubai_creek_harbour_apartments_1.jpg,"25.204209, 55.350797",EN,N/A,https://cdn.opr.ae/brochures/emaar-savanna.pdf,90/10 Payment Plan,N/A,N/A,N/A,N/A,"Dubai Luxury Living, Waterfront Living",Q3 2026,90/10 Payment Plan,"1BR, 2BR, 3BR",https://opr.ae/ru/projects/emaar-savanna-creek-beach-apartments-in-dubai-creek-harbour-for-sale,https://opr.ae/ar/projects/emaar-savanna-creek-beach-apartments-in-dubai-creek-harbour-for-sale
https://youtu.be/OesGulkc5sE,https://opr.ae/projects/emaar-beachfront-address-by-the-bay-apartments-for-sale-in-dubai,Emaar Beachfront Address The Bay,Emaar,Emaar Beachfront,"Apartments, Penthouses",2700000,https://i.1.creatium.io/40/28/fe/f12d2375734affc941bc7bf24350829867/header.jpg,"25.098787, 55.141120",EN,N/A,https://cdn.opr.ae/brochures/address-residences-the-bay.pdf,80/20 Payment Plan,N/A,N/A,N/A,N/A,"Dubai Luxury Living, Beachfront Living",Q4 2026,80/20 Payment Plan,N/A,https://opr.ae/ru/projects/emaar-beachfront-address-by-the-bay-apartments-for-sale-in-dubai,https://opr.ae/ar/projects/emaar-beachfront-address-by-the-bay-apartments-for-sale-in-dubai
https://youtu.be/nkgyyXTEUAU,https://opr.ae/projects/sobha-verde-jlt-apartments-for-sale-in-jumeirah-lake-towers-dubai,Sobha Verde JLT,Sobha,Jumeirah Lake Towers (JLT),Apartments,1690000,https://i.1.creatium.io/76/83/73/c2baf4dc4b4d1cb3e77ebfa9b5ab5d41b5/header.jpg,"25.069886, 55.146533",EN,N/A,https://cdn.opr.ae/brochures/sobha-verde.pdf,80/20 Payment Plan,N/A,N/A,N/A,N/A,Dubai Luxury Living,Q4 2026,80/20 Payment Plan,N/A,Error,Error
https://youtu.be/VORtcVJ7518,https://opr.ae/projects/so-uptown-residences-dubai-for-sale-by-accor-hotels-and-dmcc,SO Uptown Dubai Hotel & Residences,DMCC,Uptown Dubai,"Apartments, Penthouses",1780000,https://i.1.creatium.io/8b/e3/38/324216f752583b6135d33476b19874a180/header.jpg,"25.061008, 55.141703",EN,N/A,https://cdn.opr.ae/brochures/so-uptown.pdf,20/80 Payment Plan,N/A,N/A,N/A,N/A,Dubai Luxury Living,Q3 2023,20/80 Payment Plan,N/A,Error,Error
https://youtu.be/aOlmWi0nFWI,https://opr.ae/projects/fairmont-residences-dubai-skyline-for-sale-in-al-sufouh,Fairmont Residences Dubai Skyline,RSG Group,Al Sufouh,"Apartments, Penthouses",7500000,https://i.1.creatium.io/22/4e/24/cec53927ddab919217faabedcb5fc40a66/header.jpg,"25.109879, 55.181304",EN,N/A,https://cdn.opr.ae/brochures/fairmont-residenes-dubai-skyline.pdf,50/50 Payment Plan,N/A,N/A,N/A,N/A,"Dubai Luxury Living, Waterfront Living, Branded Residences",N/A,50/50 Payment Plan,N/A,https://opr.ae/ru/projects/fairmont-residences-dubai-skyline-for-sale-in-al-sufouh,https://opr.ae/ar/projects/fairmont-residences-dubai-skyline-for-sale-in-al-sufouh
https://youtu.be/27mz2gfuNDM,https://opr.ae/projects/damac-canal-heights-by-de-grisogono-in-business-bay-dubai-for-sale,DAMAC Canal Heights (Chic Tower 2),DAMAC,Business Bay,Apartments,1250000,https://i.1.creatium.io/db/d9/24/877e0372c23f0f4cc8185c07cd995aa1f8/header.jpg,"25.183703, 55.279234",EN,N/A,https://cdn.opr.ae/brochures/damac-canal-heights.pdf,80/20 Payment Plan,N/A,N/A,N/A,N/A,"Dubai Luxury Living, Waterfront Living, Branded Residences",Q4 2027,80/20 Payment Plan,N/A,Error,Error
https://youtu.be/JAeKE-5xvqs,https://opr.ae/projects/district-one-west-villas-and-mansions-for-sale-in-dubai,District One West,Meydan,MBR City,"Villas, Mansions",7500000,https://i.1.creatium.io/8f/32/c2/4aa7600bdcfb5bc36603b6f9ce1b9a5f11/header.jpg,"25.171113, 55.276698",EN,N/A,https://cdn.opr.ae/brochures/district-one-west.pdf,80/20 Payment Plan,N/A,N/A,N/A,N/A,"Waterfront Living, Beachfront Living",Q1 2027,80/20 Payment Plan,N/A,https://opr.ae/ru/projects/district-one-west-villas-and-mansions-for-sale-in-dubai,https://opr.ae/ar/projects/district-one-west-villas-and-mansions-for-sale-in-dubai
https://youtu.be/mAM0LL8FymE,https://opr.ae/projects/taraf-luce-apartments-penthouses-for-sale-on-palm-jumeirah-dubai,Taraf LUCE Palm Jumeirah,Taraf,Palm Jumeirah,"Apartments, Penthouses",7000000,https://i.1.creatium.io/08/9c/e4/6ee9451ea9f36137e9ba71119331de49fb/header.jpg,"25.132848, 55.150878",EN,N/A,https://cdn.opr.ae/brochures/luce.pdf,60/40 Payment Plan,N/A,N/A,N/A,N/A,"Waterfront Living, Beachfront Living",N/A,60/40 Payment Plan,N/A,https://opr.ae/ru/projects/taraf-luce-apartments-penthouses-for-sale-on-palm-jumeirah-dubai,https://opr.ae/ar/projects/taraf-luce-apartments-penthouses-for-sale-on-palm-jumeirah-dubai
https://youtu.be/r5PpXSWCjG8,https://opr.ae/projects/madinat-jumeirah-living-jomana-mjl-apartments-for-sale-in-dubai-by-meraas,Jomana at Madinat Jumeirah Living (MJL),Meraas,Madinat Jumeirah,Apartments,1910000,https://i.1.creatium.io/a7/e3/09/39d1f255eedf7ccca085280f067ae7dffd/header.jpg,"25.132085, 55.193116",EN,https://mjl.dubaiholding.com/virtual_tour/mjl/,https://cdn.opr.ae/brochures/mjl-jomana.pdf,70/30 Payment Plan,N/A,N/A,N/A,N/A,Dubai Luxury Living,Q2 2026,70/30 Payment Plan,N/A,Error,Error
https://youtu.be/1Pa9ypmL49U,https://opr.ae/projects/ellington-the-waterside-villas-the-sanctuary-for-sale-in-district-11-mbr-city-dubai,Ellington The Waterside at The Sanctuary,Ellington Properties,MBR City,Villas,17000000,https://i.1.creatium.io/94/d6/3e/9c552e0c7e600e6cc7f6cf931a4e9a09ff/ellington_the_sanctuary_villas_dubai_1.jpg,"25.130467, 55.347735",EN,N/A,https://cdn.opr.ae/brochures/the-sanctuary.pdf,60/40 Payment Plan,N/A,N/A,N/A,N/A,"Waterfront Living, Beachfront Living",Q4 2025,60/40 Payment Plan,N/A,Error,Error
https://youtu.be/9_UCQgFxrhU,https://opr.ae/projects/raffles-residences-penthouses-the-palm-dubai-for-sale-on-palm-jumeirah,Raffles Residences & Penthouses The Palm,Raffles,Palm Jumeirah,"Apartments, Penthouses",2500000,https://i.1.creatium.io/b1/f8/a7/69c0b1001625663c2f649cee10ba8d0be6/1161x832q5/header.jpg,"25.110664, 55.109862",EN,N/A,https://cdn.opr.ae/brochures/raffles-residences.pdf,N/A,N/A,N/A,N/A,N/A,"Dubai Luxury Living, Beachfront Living, Waterfront Living, Branded Residences",Completed,N/A,N/A,https://opr.ae/ru/projects/raffles-residences-penthouses-the-palm-dubai-for-sale-on-palm-jumeirah,https://opr.ae/ar/projects/raffles-residences-penthouses-the-palm-dubai-for-sale-on-palm-jumeirah
https://youtu.be/AyocGxGYZ5k,https://opr.ae/projects/danube-viewz-jlt-apartments-by-aston-martin-in-dubai-jumeirah-lake-towers,Danube Viewz,Danube,Jumeirah Lake Towers (JLT),Apartments,950000,https://i.1.creatium.io/ae/01/1e/81cf22a30237e5084cd65b11dd3969f2db/header.jpg,"25.065939, 55.141126",EN,N/A,https://cdn.opr.ae/brochures/danube-viewz.pdf,65/35 Payment Plan,N/A,N/A,N/A,N/A,Dubai Luxury Living,Q2 2026,65/35 Payment Plan,N/A,https://opr.ae/ru/projects/danube-viewz-jlt-apartments-by-aston-martin-in-dubai-jumeirah-lake-towers,https://opr.ae/ar/projects/danube-viewz-jlt-apartments-by-aston-martin-in-dubai-jumeirah-lake-towers
https://youtu.be/Eog7NJqduTk,https://opr.ae/projects/emaar-palace-residences-north-in-dubai-creek-harbour-for-sale,Emaar Palace Residences North,Emaar,Dubai Creek Harbour,Apartments,1230000,https://i.1.creatium.io/7f/d6/48/c4fcced54ec5f2af2fa188893e2346ed61/Header.jpg,"25.205847, 55.348169",EN,N/A,https://cdn.opr.ae/brochures/emaar-palace-residences-north.pdf,80/20 Payment Plan,N/A,N/A,N/A,N/A,"Dubai Luxury Living, Waterfront Living",Q2 2027,80/20 Payment Plan,N/A,Error,Error
https://youtu.be/lK8u_vr37QE,https://opr.ae/projects/milano-by-giovanni-boutique-suites-apartments-for-sale-in-jvc-dubai,Milano by Giovanni Boutique Suites,Arthur & Hardman Real Estate Development,Jumeirah Village Circle (JVC),Apartments,550000,https://cdn.opr.ae/icons/milano-by-giovanni-boutique-suites-apartments-for-sale-in-jvc-dubai.jpg,"25.061005, 55.217350",EN,N/A,https://cdn.opr.ae/brochures/milano-giovanni-jvc.pdf,N/A,N/A,N/A,N/A,N/A,Green Nature Living,Completed,N/A,"Studios, 1BR, 2BR",Error,Error
N/A,https://opr.ae/projects/maimoon-gardens-by-fakhruddin-properties-in-jumeirah-village-circle-dubai,Maimoon Gardens,Fakhruddin Properties,Jumeirah Village Circle (JVC),Apartments,990000,https://i.1.creatium.io/e2/66/7f/c351858c6cff69ad34b80ede181e7e64c2/header.jpg,"25.067238, 55.216831",EN,N/A,https://cdn.opr.ae/brochures/maimoon-gardens-jvc.pdf,10/90 Payment Plan,N/A,N/A,N/A,N/A,Green Nature Living,Q4 2025,10/90 Payment Plan,N/A,Error,https://opr.ae/ar/projects/maimoon-gardens-by-fakhruddin-properties-in-jumeirah-village-circle-dubai
N/A,https://opr.ae/projects/g-co-senses-townhouses-at-the-fields-mbr-city-meydan-dubai,G&CO Senses Townhouses,G&CO,MBR City,Townhouses,3397777,https://i.1.creatium.io/b5/f2/12/e2c7681dcb708966ff6c7202777d52295f/header.jpg,"25.118840, 55.344152",EN,N/A,https://cdn.opr.ae/brochures/senses-townhouses-mbr-city-dubai.pdf,30/70 Payment Plan,N/A,N/A,N/A,N/A,"Green Nature Living, Near Golf Course, Branded Residences",Q2 2023,30/70 Payment Plan,N/A,Error,Error
N/A,https://opr.ae/projects/rak-properties-marbella-villas-2-on-hayat-island-mina-al-arab-ras-al-khaimah,Marbella Villas 2 Hayat Island,RAK Properties,Hayat Island (Ras Al Khaimah Emirate),"Villas, Townhouses",4900000,https://i.1.creatium.io/14/d2/7b/fb13f53fce6d640ea42c07067594b4757a/header.jpg,"25.722398, 55.841858",EN,N/A,https://cdn.opr.ae/banners/rak-marbella-2.pdf,50/50 & 40/60 Payment Plans,N/A,N/A,N/A,N/A,N/A,N/A,50/50 & 40/60 Payment Plans,N/A,Error,https://opr.ae/ar/projects/rak-properties-marbella-villas-2-on-hayat-island-mina-al-arab-ras-al-khaimah
N/A,https://opr.ae/projects/nshama-ascot-residences-in-town-square-dubai-apartments-for-sale,NSHAMA ASCOT Residences,NSHAMA,Town Square Dubai,Apartments,850000,https://i.1.creatium.io/28/57/4b/cc8892de8f251d284abf0229a0ef95d5e7/header.jpg,"24.998999, 55.296438",EN,N/A,https://cdn.opr.ae/brochures/nshama-ascot-residences.pdf,2 Years 60/40 Payment Plan,N/A,N/A,N/A,N/A,Green Nature Living,Q4 2024,2 Years 60/40 Payment Plan,N/A,Error,Error
https://youtu.be/uc0OwZocLwk,https://opr.ae/projects/nshama-the-diplomat-residences-in-town-square-dubai-apartments-for-sale,NSHAMA The Diplomat Residence,NSHAMA,Town Square Dubai,Apartments,650000,https://i.1.creatium.io/97/06/f6/e56831571d4b2c49eb29586c1e2e9fac55/header.jpg,N/A,EN,N/A,https://cdn.opr.ae/brochures/nshama-the-diplomat.pdf,2 Years 60/40 Payment Plan,N/A,N/A,N/A,N/A,Green Nature Living,Q4 2024,2 Years 60/40 Payment Plan,N/A,Error,Error
https://youtu.be/NFHHXh35nj8,https://opr.ae/projects/danube-petalz-apartments-for-sale-in-al-warsan-first-dubai,Danube Petalz,Danube,Al Warsan First,Apartments,450000,https://i.1.creatium.io/5a/90/8e/6013354640b3ea5eb5655c4bf3f509ff15/header.jpg,"25.167223, 55.396032",EN,N/A,https://cdn.opr.ae/brochures/danube-petalz.pdf,50/50 Payment Plan,N/A,N/A,N/A,N/A,Green Nature Living,Q3 2025,50/50 Payment Plan,N/A,Error,Error
https://youtu.be/3UIhOctJGEE,https://opr.ae/projects/north-43-jvc-residences-by-naseem-group-in-jumeirah-village-circle-dubai,North 43 JVC,Naseeb Group,Jumeirah Village Circle (JVC),Apartments,520000,https://i.1.creatium.io/31/72/ff/6504e9d3a1f33b884a34c7d6d9fc41bd2d/1161x832q8/header.jpg,"25.059592, 55.203381",EN,N/A,https://cdn.opr.ae/brochures/north-43.pdf,60/40 & 70/30 Payment Plans,N/A,N/A,N/A,N/A,Dubai Luxury Living,Q1 2024,60/40 & 70/30 Payment Plans,N/A,https://opr.ae/ru/projects/north-43-jvc-residences-by-naseem-group-in-jumeirah-village-circle-dubai,https://opr.ae/ar/projects/north-43-jvc-residences-by-naseem-group-in-jumeirah-village-circle-dubai
https://youtu.be/uL-_hbZ8N50,https://opr.ae/projects/emaar-elvira-in-dubai-hills-estate-for-sale,Emaar Elvira,Emaar,Dubai Hills Estate,"Apartments, Penthouses, Townhouses",1290000,https://i.1.creatium.io/9c/ef/7d/4acabffc0ede66ddcea33629c6cea8fc0b/header.jpg,"25.114188, 55.255659",EN,N/A,https://cdn.opr.ae/brochures/emaar-elvira.pdf,80/20 Payment Plan,N/A,N/A,N/A,N/A,"Green Nature Living, Near Golf Course",Q4 2026,80/20 Payment Plan,N/A,https://opr.ae/ru/projects/emaar-elvira-in-dubai-hills-estate-for-sale,https://opr.ae/ar/projects/emaar-elvira-in-dubai-hills-estate-for-sale
https://youtu.be/5C3BUS0Io3Q,https://opr.ae/projects/sobha-estates-villas-in-sobha-hartland-2-dubai-for-sale,Sobha Estates Villas,Sobha,Sobha Hartland II,Villas,22784760,https://i.1.creatium.io/9f/2a/11/8e2bd85283f52fa37404fbd42f778d96ae/header.jpg,"25.176169, 55.330688",EN,N/A,https://cdn.opr.ae/brochures/sobha-hartland-2-villas.pdf,80/20 Payment Plan,N/A,N/A,N/A,N/A,Green Nature Living,Q4 2026,80/20 Payment Plan,N/A,https://opr.ae/ru/projects/sobha-estates-villas-in-sobha-hartland-2-dubai-for-sale,https://opr.ae/ar/projects/sobha-estates-villas-in-sobha-hartland-2-dubai-for-sale
https://youtu.be/udbFh7uy3i8,https://opr.ae/projects/ellington-upper-house-apartments-in-jumeirah-lake-towers-dubai,Ellington Upper House,Ellington Properties,Jumeirah Lake Towers (JLT),Apartments,750828,https://i.1.creatium.io/e9/19/00/2e15a3750f05bf80a35e9faf2c976b3672/header.jpg,"25.066010, 55.144080",EN,N/A,https://cdn.opr.ae/brochures/ellington-upper-house.pdf,70/30 Payment Plan,N/A,N/A,N/A,N/A,Green Nature Living,Q1 2026,70/30 Payment Plan,N/A,https://opr.ae/ru/projects/ellington-upper-house-apartments-in-jumeirah-lake-towers-dubai,https://opr.ae/ar/projects/ellington-upper-house-apartments-in-jumeirah-lake-towers-dubai
https://youtu.be/lnMnmoEXFxg,https://opr.ae/projects/meraas-central-park-city-walk,Meraas Central Park Erin at City Walk,Meraas,Central Park,Apartments,1590000,https://i.1.creatium.io/b2/36/67/40a27ecd6c3d9cdd7cf4158ac86d04e7bd/header.jpg,"25.205514, 55.260448",EN,https://360.visengine.com/meraas_vrt3/v8/?utm_campaign=20200324_MRE_BROKERS_VIRTUAL_EXPERIENCE_07,https://cdn.opr.ae/brochures/central-park.pdf,70/30 Payment Plan,N/A,N/A,N/A,N/A,Green Nature Living,Q2 2026,70/30 Payment Plan,N/A,https://opr.ae/ru/projects/meraas-central-park-city-walk,https://opr.ae/ar/projects/meraas-central-park-city-walk
https://youtu.be/V0RwVRZoL2M,https://opr.ae/projects/binghatti-nova-jvc-apartments-for-sale-in-jumeirah-village-circle,Binghatti Nova,Binghatti,Jumeirah Village Circle (JVC),Apartments,555000,https://i.1.creatium.io/28/44/11/d1d6e86f9f12a0396609211cb56d23ecc4/header.jpg,"25.052161, 55.219178",EN,N/A,https://cdn.opr.ae/brochures/binghatti-nova.pdf,60/40 Payment Plan,N/A,N/A,N/A,N/A,Green Nature Living,Q4 2023,60/40 Payment Plan,N/A,Error,Error
https://youtu.be/IiYudfRusLY,https://opr.ae/projects/binghatti-emerald-jvc-apartments-for-sale-in-jumeirah-village-circle-dubai,Binghatti Emerald,Binghatti,Jumeirah Village Circle (JVC),Apartments,605000,https://i.1.creatium.io/a0/ba/de/933faf26e627aa07e03b66adea50fd0b90/header.jpg,"25.061331, 55.201349",EN,N/A,https://cdn.opr.ae/brochures/binghatti-emerald.pdf,60/40 Payment Plan,N/A,N/A,N/A,N/A,Green Nature Living,Q1 2024,60/40 Payment Plan,N/A,https://opr.ae/ru/projects/binghatti-emerald-jvc-apartments-for-sale-in-jumeirah-village-circle-dubai,https://opr.ae/ar/projects/binghatti-emerald-jvc-apartments-for-sale-in-jumeirah-village-circle-dubai
N/A,https://opr.ae/projects/emaar-the-valley-elora-townhouses-for-sale-in-dubai,Emaar The Valley Elora Townhouses,Emaar,Emaar The Valley,Townhouses,1600000,https://i.1.creatium.io/8e/80/c6/ca6113a76a1cf2a01beb1390a22e959766/1161x832q8/header.jpg,"25.009054, 55.446861",EN,N/A,https://cdn.opr.ae/brochures/emaar-the-valley-elora.pdf,80/20 Payment Plan,N/A,N/A,N/A,N/A,Green Nature Living,Q3 2026,80/20 Payment Plan,N/A,https://opr.ae/ru/projects/emaar-the-valley-elora-townhouses-for-sale-in-dubai,https://opr.ae/ar/projects/emaar-the-valley-elora-townhouses-for-sale-in-dubai
https://youtu.be/osdnOjO7J1c,https://opr.ae/projects/majid-al-futtaim-tilal-al-ghaf-alaya-gardens-villas-for-sale-in-dubai,Tilal Al Ghaf Alaya Gardens Villas,Majid Al Futtaim,Tilal Al Ghaf,Villas,8500000,https://i.1.creatium.io/b6/25/c1/3f165424bff285b1d1f7f2e9646ca57071/header.jpg,"25.028228, 55.231242",EN,N/A,https://cdn.opr.ae/brochures/alaya-gardens.pdf,50/50 Payment Plan,N/A,N/A,N/A,N/A,"Green Nature Living, Beachfront Living",Q2 2025,50/50 Payment Plan,N/A,Error,https://opr.ae/ar/projects/majid-al-futtaim-tilal-al-ghaf-alaya-gardens-villas-for-sale-in-dubai
https://youtu.be/PQhNMHHOHig,https://opr.ae/projects/damac-hills-2-camelia-villas-for-sale-in-dubai,DAMAC Camelia Villas,DAMAC,DAMAC Hills 2,Villas,1322000,https://437e81e1-5ed1-4d53-bed7-e6f8d97dcc9b.selcdn.net/mig4/0d6fb152d28d8dd6bf2698a57869b031f8/1161x832q5/header.jpg,"24.989969, 55.378271",EN,N/A,https://cdn.opr.ae/brochures/damac-hills-camelia.pdf,70/30 Payment Plan,N/A,N/A,N/A,N/A,"Green Nature Living, Near Golf Course",Q2 2025,70/30 Payment Plan,N/A,Error,Error
https://youtu.be/bnhjODrb4Q0,https://opr.ae/projects/the-ritz-carlton-residences-business-bay-dubai-for-sale,The Ritz-Carlton Residences Business Bay,Khamas Group,Business Bay,"Apartments, Penthouses, Villas",16300000,https://i.1.creatium.io/c6/89/b6/03365b60abdae60ee79c2b79ce3a4a5fa4/header.jpg,"25.184510, 55.285023",EN,N/A,https://cdn.opr.ae/brochures/the-ritz-carlton-residences-business-bay.pdf,60/40 Payment Plan,N/A,N/A,N/A,N/A,"Dubai Luxury Living, Waterfront Living, Branded Residences",Q2 2025,60/40 Payment Plan,N/A,Error,Error
https://youtu.be/ou7Zi31SXLA,https://opr.ae/projects/emaar-creek-edge-in-dubai-creek-harbour-apartments-for-sale,Emaar Creek Edge,Emaar,Dubai Creek Harbour,Apartments,1280000,https://i.1.creatium.io/36/77/db/ae0b401c6f7834a16a32aa5d0ad69d70c6/1.jpg,"25.210196, 55.345330",EN,N/A,https://cdn.opr.ae/brochures/creek-edge.pdf,70/30 Payment Plan,N/A,N/A,N/A,N/A,"Dubai Luxury Living, Waterfront Living",Q1 2024,70/30 Payment Plan,N/A,Error,https://opr.ae/ar/projects/emaar-creek-edge-in-dubai-creek-harbour-apartments-for-sale
https://youtu.be/AmlApB0W6wk,https://opr.ae/projects/select-group-residence-110-apartments-for-sale-in-business-bay-dubai,Select Group Residence 110,Select Group,Business Bay,"Apartments, Penthouses",1818000,https://i.1.creatium.io/1a/6d/49/13f860dd00fea44bd5d0618b290e6b3919/header.jpg,"25.177938, 55.270039",EN,N/A,https://cdn.opr.ae/brochures/residence-110.pdf,10/90 Payment Plan,N/A,N/A,N/A,N/A,Dubai Luxury Living,Completed,10/90 Payment Plan,N/A,https://opr.ae/ru/projects/select-group-residence-110-apartments-for-sale-in-business-bay-dubai,https://opr.ae/ar/projects/select-group-residence-110-apartments-for-sale-in-business-bay-dubai
https://youtu.be/xbGBUAB9XPo,https://opr.ae/projects/emaar-anya-townhouses-in-arabian-ranches-3-dubai-for-sale,Emaar Anya Arabian Ranches III,Emaar,Arabian Ranches,Townhouses,2010000,https://i.1.creatium.io/e6/dc/5d/1b178cfafffcec501339afebfa7670e31f/header.jpg,"25.069105, 55.329968",EN,N/A,https://cdn.opr.ae/brochures/emaar-anya.pdf,80/20 Payment Plan,N/A,N/A,N/A,N/A,Green Nature Living,Q4 2026,80/20 Payment Plan,N/A,https://opr.ae/ru/projects/emaar-anya-townhouses-in-arabian-ranches-3-dubai-for-sale,https://opr.ae/ar/projects/emaar-anya-townhouses-in-arabian-ranches-3-dubai-for-sale
https://youtu.be/kLMFSdjkI4E,https://opr.ae/projects/ahs-one-crescent-palm-jumeirah-dubai-penthouses-and-sky-villas,AHS One Crescent,AHS Properties,Palm Jumeirah,"Apartments, Penthouses",15000000,https://i.1.creatium.io/e7/22/4a/ae5e073caa9fada8c02cd82131daf7bb00/1161x832q5/header.jpg,"25.140496, 55.142540",EN,N/A,https://cdn.opr.ae/brochures/ahs-one-crescent.pdf,60/40 Payment Plan,N/A,N/A,N/A,N/A,"Dubai Luxury Living, Waterfront Living, Beachfront Living",Q1 2025,60/40 Payment Plan,N/A,https://opr.ae/ru/projects/ahs-one-crescent-palm-jumeirah-dubai-penthouses-and-sky-villas,https://opr.ae/ar/projects/ahs-one-crescent-palm-jumeirah-dubai-penthouses-and-sky-villas
https://youtu.be/TBZ-fG0l9lU,https://opr.ae/projects/damac-lagoons-townhouses-in-dubai/ibiza,DAMAC Lagoons Ibiza,DAMAC,DAMAC Lagoons,Townhouses,2100000,https://i.1.creatium.io/d9/3a/07/45dc0a4975760ba3f0fcbf4d78c53c9243/header.jpg,"25.006484, 55.236148",EN,https://www.damacproperties.com/en/vr/portofino/,https://cdn.opr.ae/brochures/damac-lagoons-ibiza.pdf,80/20 Payment Plan,N/A,N/A,N/A,N/A,"Beachfront Living, Green Nature Living, Near Golf Course",Q2 2026,80/20 Payment Plan,N/A,https://opr.ae/ru/projects/damac-lagoons-townhouses-in-dubai/ibiza,https://opr.ae/ar/projects/damac-lagoons-townhouses-in-dubai/ibiza
https://youtu.be/XIcugLFr1TU,https://opr.ae/projects/emaar-south-fairway-villas-for-sale-in-dubai,Emaar South Fairway Villas,Emaar,Emaar South,Villas,3000000,https://i.1.creatium.io/70/cc/9a/83191257ecd17a7f9afad2ad506eb6c999/header.jpg,"24.856500, 55.149410",EN,N/A,https://cdn.opr.ae/brochures/emaar-south-fairway-villas.pdf,80/20 Payment Plan,N/A,N/A,N/A,N/A,"Green Nature Living, Near Golf Course",Q3 2026,80/20 Payment Plan,N/A,https://opr.ae/ru/projects/emaar-south-fairway-villas-for-sale-in-dubai,https://opr.ae/ar/projects/emaar-south-fairway-villas-for-sale-in-dubai
https://youtu.be/zgBwkAILV-o,https://opr.ae/projects/sobha-seahaven-dubai-marina-apartments-for-sale,Sobha Seahaven Tower A,Sobha,Dubai Marina,Apartments,3180000,https://i.1.creatium.io/59/4e/4b/55a79ef6efc93e07f121cc67e506537872/header.jpg,"25.090075, 55.144326",EN,N/A,https://cdn.opr.ae/brochures/sobha-marina.pdf,80/20 Payment Plan,N/A,N/A,N/A,N/A,"Dubai Luxury Living, Waterfront Living",Q4 2026,80/20 Payment Plan,N/A,https://opr.ae/ru/projects/sobha-seahaven-dubai-marina-apartments-for-sale,https://opr.ae/ar/projects/sobha-seahaven-dubai-marina-apartments-for-sale
https://youtu.be/6SH-0Nda6lQ,https://opr.ae/projects/emaar-mina-rashid-yacht-marina-seascape-apartments-in-dubai,Emaar Mina Rashid Seascape,Emaar,Mina Rashid,"Apartments, Townhouses",1300000,https://i.1.creatium.io/b2/96/f6/f566bf9506c3200e1418e7791323e3270b/emaar_mina_rashid_seascape_2.jpg,"25.258254, 55.275616",EN,N/A,https://cdn.opr.ae/brochures/emaar-seascape.pdf,80/20 Payment Plan,N/A,N/A,N/A,N/A,"Waterfront Living, Beachfront Living",Q4 2026,80/20 Payment Plan,N/A,https://opr.ae/ru/projects/emaar-mina-rashid-yacht-marina-seascape-apartments-in-dubai,https://opr.ae/ar/projects/emaar-mina-rashid-yacht-marina-seascape-apartments-in-dubai
https://youtu.be/SA_TrHm1E6E,https://opr.ae/projects/mansio-th8-palm-jumeirah-apartments-for-sale-in-dubai,Mansio Th8 Palm Jumeirah,IFA Hotels & Resorts,Palm Jumeirah,Apartments,3600000,https://i.1.creatium.io/59/9e/76/96a2afb4f2a380395a22b7a48b6a2926b9/header.jpg,"25.117897, 55.109964",EN,N/A,https://cdn.opr.ae/brochures/mansio.pdf,40/60 Payment Plan,N/A,N/A,N/A,N/A,"Beachfront Living, Waterfront Living, Branded Residences",2023,40/60 Payment Plan,N/A,Error,https://opr.ae/ar/projects/mansio-th8-palm-jumeirah-apartments-for-sale-in-dubai
https://youtu.be/qpTagNL-cqM,https://opr.ae/projects/prescott-prime-gardens-apartments-for-sale-in-arjan-dubai,Prescott Prime Gardens,Prescott,Arjan,Apartments,500000,https://i.1.creatium.io/5f/c6/b0/63bf7de0f557492cf2dcca3f6c8c2a8066/header.jpg,"25.062911, 55.235237",EN,N/A,https://cdn.opr.ae/brochures/prescott-prime-gardens.pdf,40/60 Payment Plan,N/A,N/A,N/A,N/A,Green Nature Living,Q3 2024,40/60 Payment Plan,N/A,https://opr.ae/ru/projects/prescott-prime-gardens-apartments-for-sale-in-arjan-dubai,https://opr.ae/ar/projects/prescott-prime-gardens-apartments-for-sale-in-arjan-dubai
N/A,https://opr.ae/projects/prescott-prime-residency-3-apartments-for-sale-in-al-furjan-dubai,Prescott Prime Residency 3,Prescott,Al Furjan,Apartments,400000,https://i.1.creatium.io/e3/e2/a4/f94d345a18e1ea1eb0662c0f60d4a1dbe9/header.jpg,"25.019429, 55.145416",EN,N/A,https://cdn.opr.ae/brochures/prescott-prime-residency-3.pdf,40/60 Payment Plan,N/A,N/A,N/A,N/A,Green Nature Living,Q3 2023,40/60 Payment Plan,N/A,https://opr.ae/ru/projects/prescott-prime-residency-3-apartments-for-sale-in-al-furjan-dubai,https://opr.ae/ar/projects/prescott-prime-residency-3-apartments-for-sale-in-al-furjan-dubai
N/A,https://opr.ae/projects/ellington-northacre-ocean-house-for-sale-on-palm-jumeirah-dubai,Ellington Ocean House,Ellington Properties,Palm Jumeirah,"Apartments, Penthouses",9400000,https://i.1.creatium.io/5a/91/f1/8823bc84b9108dfffa1db199688115754f/header.jpg,"25.133243, 55.151893",EN,N/A,https://cdn.opr.ae/brochures/ellington-northacre.pdf,60/40 Payment Plan,N/A,N/A,N/A,N/A,"Dubai Luxury Living, Waterfront Living, Beachfront Living",Q4 2025,60/40 Payment Plan,N/A,https://opr.ae/ru/projects/ellington-northacre-ocean-house-for-sale-on-palm-jumeirah-dubai,https://opr.ae/ar/projects/ellington-northacre-ocean-house-for-sale-on-palm-jumeirah-dubai
https://youtu.be/qS_fVptHJ5c,https://opr.ae/projects/damac-cavalli-couture-apartments-for-sale-in-dubai-water-canal,DAMAC Cavalli Couture,DAMAC,Dubai Canal,"Apartments, Penthouses",16500000,https://i.1.creatium.io/a6/bb/e8/65377c7f864b6be68eeb5c38d6c1a0a301/1161x832q5/header.jpg,"25.188949, 55.242699",EN,N/A,https://cdn.opr.ae/brochures/cavalli-couture.pdf,70/30 Payment Plan,N/A,N/A,N/A,N/A,"Dubai Luxury Living, Waterfront Living, Branded Residences",N/A,70/30 Payment Plan,N/A,https://opr.ae/ru/projects/damac-cavalli-couture-apartments-for-sale-in-dubai-water-canal,https://opr.ae/ar/projects/damac-cavalli-couture-apartments-for-sale-in-dubai-water-canal
https://youtu.be/GJ95S7VT1ag,https://opr.ae/projects/meraas-bluewaters-bay-apartments-for-sale-in-dubai,Meraas Bluewaters Bay,Meraas,Bluewaters Island,"Apartments, Penthouses",2560000,https://i.1.creatium.io/51/6d/02/c8ceb443d0582f50f39bfa50c803bae2ac/header.jpg,"25.073368, 55.123817",EN,N/A,https://cdn.opr.ae/brochures/bluewaters-bay.pdf,80/20 Payment Plan,N/A,N/A,N/A,N/A,"Dubai Luxury Living, Waterfront Living",Q3 2027,80/20 Payment Plan,N/A,https://opr.ae/ru/projects/meraas-bluewaters-bay-apartments-for-sale-in-dubai,https://opr.ae/ar/projects/meraas-bluewaters-bay-apartments-for-sale-in-dubai
https://youtu.be/c8vW2RH9dV8,https://opr.ae/projects/mag-keturah-reserve-for-sale-in-dubai-mbr-city,MAG Keturah Reserve,MAG ,MBR City,Townhouses,13661000,https://i.1.creatium.io/a6/04/fe/fe838cdc05a3ff6fea785e554c3dfa7aa8/2189x820q5/last_photo.jpg,"25.147926, 55.284511",EN,N/A,https://cdn.opr.ae/brochures/keturah-reserve.pdf,60/40 Payment Plan,N/A,N/A,N/A,N/A,"Dubai Luxury Living, Green Nature Living",Q2 2025,60/40 Payment Plan,N/A,https://opr.ae/ru/projects/mag-keturah-reserve-for-sale-in-dubai-mbr-city,https://opr.ae/ar/projects/mag-keturah-reserve-for-sale-in-dubai-mbr-city
https://youtu.be/R3DOSG33rEA,https://opr.ae/projects/liv-lux-apartments-for-sale-in-dubai-marina,LIV LUX,LIV Developers,Dubai Marina,"Apartments, Penthouses",1850000,https://i.1.creatium.io/41/19/ee/74877ca5e2da25eac475429d4356bfd71d/1161x832q5/header.jpg,"25.083388, 55.141684",EN,N/A,https://cdn.opr.ae/brochures/liv-lux.pdf,60/40 Payment Plan,N/A,N/A,N/A,N/A,"Dubai Luxury Living, Waterfront Living",Q4 2026,60/40 Payment Plan,N/A,https://opr.ae/ru/projects/liv-lux-apartments-for-sale-in-dubai-marina,https://opr.ae/ar/projects/liv-lux-apartments-for-sale-in-dubai-marina
https://youtu.be/E0hOpqXqyfo,https://opr.ae/projects/emaar-the-residence-burj-khalifa-for-sale-in-downtown-dubai,Emaar The Residence Burj Khalifa,Emaar,Downtown Dubai,"Apartments, Penthouses",15000000,https://i.1.creatium.io/5f/de/50/a96b4658542f09b3ed2a88d529f4354f4a/header_2.jpg,"25.197632, 55.275336",EN,N/A,https://cdn.opr.ae/brochures/the-residence-burj-khalifa.pdf,70/30 Payment Plan,N/A,N/A,N/A,N/A,Dubai Luxury Living,Q4 2024,70/30 Payment Plan,N/A,https://opr.ae/ru/projects/emaar-the-residence-burj-khalifa-for-sale-in-downtown-dubai,https://opr.ae/ar/projects/emaar-the-residence-burj-khalifa-for-sale-in-downtown-dubai
https://youtu.be/gN36QzJTzb4,https://opr.ae/projects/emaar-park-horizon-apartments-for-sale-in-dubai-hills-estate,Emaar Park Horizon,Emaar,Dubai Hills Estate,"Apartments, Townhouses",1170000,https://i.1.creatium.io/c2/b3/3f/bdc7072c50fc0f2595883254a17433b349/header.jpg,"25.106120, 55.244631",EN,N/A,https://cdn.opr.ae/brochures/emaar-park-horizon.pdf,80/20 Payment Plan,N/A,N/A,N/A,N/A,"Green Nature Living, Near Golf Course",Q3 2026,80/20 Payment Plan,N/A,https://opr.ae/ru/projects/emaar-park-horizon-apartments-for-sale-in-dubai-hills-estate,https://opr.ae/ar/projects/emaar-park-horizon-apartments-for-sale-in-dubai-hills-estate
https://youtu.be/nqpkDhN8a9c,https://opr.ae/projects/emaar-the-cove-dubai-creek-harbour,Emaar The Cove,Emaar,Dubai Creek Harbour,Apartments,2153888,https://i.1.creatium.io/c5/29/96/f40d7511dff4245ea5cdb4477b836c9139/1161x832q5/Header.jpg,"25.201566, 55.344024",EN,https://my.matterport.com/show/?m=NiUQg1pist6&play=1&brand=0&help=0&mls=0&qs=0&title=0&hl=0,https://cdn.opr.ae/brochures/the-cove.pdf,80/20 Payment Plan,N/A,N/A,N/A,N/A,"Dubai Luxury Living, Waterfront Living",Q4 2026,80/20 Payment Plan,N/A,Error,https://opr.ae/ar/projects/emaar-the-cove-dubai-creek-harbour
https://youtu.be/3ibp87umxlk,https://opr.ae/projects/oro24-levanto-jvc-apartments-in-jumeirah-village-circle-dubai-for-sale,ORO24 Levanto,ORO24 Developments,Jumeirah Village Circle (JVC),Apartments,499000,https://i.1.creatium.io/a8/dc/9f/f635c1d86a1edca49e73e55c7637f91dd6/header.jpg,"25.053142, 55.212040",EN,N/A,https://cdn.opr.ae/brochures/oro24-levanto.pdf,60/40 Payment Plan,N/A,N/A,N/A,N/A,Green Nature Living,Q4 2025,60/40 Payment Plan,N/A,https://opr.ae/ru/projects/oro24-levanto-jvc-apartments-in-jumeirah-village-circle-dubai-for-sale,https://opr.ae/ar/projects/oro24-levanto-jvc-apartments-in-jumeirah-village-circle-dubai-for-sale
https://youtu.be/uLk4LURZcSY,https://opr.ae/projects/arada-jouri-hills-townhouses-and-villas-jumeirah-golf-estates-dubai-for-sale,Arada Jouri Hills,Arada,Jumeirah Golf Estates,"Townhouses, Villas",4900000,https://i.1.creatium.io/54/bf/9d/04a54c42334e4255348d1d07c49cb64913/header.jpg,"25.017402, 55.189464",EN,N/A,https://cdn.opr.ae/brochures/jouri-hills.pdf,60/40 Payment Plan,N/A,N/A,N/A,N/A,"Green Nature Living, Near Golf Course",Q2 2025,60/40 Payment Plan,N/A,https://opr.ae/ru/projects/arada-jouri-hills-townhouses-and-villas-jumeirah-golf-estates-dubai-for-sale,https://opr.ae/ar/projects/arada-jouri-hills-townhouses-and-villas-jumeirah-golf-estates-dubai-for-sale
https://youtu.be/0rMIM_P_HLo,https://opr.ae/projects/sobha-one-apartments-for-sale-in-dubai,Sobha One,Sobha,MBR City,Apartments,1100000,https://i.1.creatium.io/52/a8/cc/be406bfc47cfbd782491f2e11aca604eb1/1161x832q5/header.jpg,"25.190341, 55.376772",EN,N/A,https://cdn.opr.ae/brochures/sobha-1.pdf,60/40 Payment Plan,N/A,N/A,N/A,N/A,"Dubai Luxury Living, Waterfront Living",Q4 2026,60/40 Payment Plan,N/A,Error,Error
https://youtu.be/hlAIXWfkwJE,https://opr.ae/projects/damac-elegance-tower-apartments-for-sale-in-downtown-dubai,DAMAC Elegance Tower,DAMAC,Downtown Dubai,Apartments,1790000,https://i.1.creatium.io/7d/14/8b/8c4011840af7f6d64e5377dc0f3b943d46/header.jpg,"25.194962, 55.285456",EN,N/A,https://cdn.opr.ae/brochures/damac-elegance-tower.pdf,80/20 Payment Plan,N/A,N/A,N/A,N/A,Dubai Luxury Living,Q4 2026,80/20 Payment Plan,N/A,https://opr.ae/ru/projects/damac-elegance-tower-apartments-for-sale-in-downtown-dubai,https://opr.ae/ar/projects/damac-elegance-tower-apartments-for-sale-in-downtown-dubai
https://youtu.be/j8Fyyh5wjDY,https://opr.ae/projects/damac-lagoons-townhouses-in-dubai/monte-carlo,DAMAC Lagoons Monte Carlo,DAMAC,DAMAC Lagoons,Townhouses,1900000,https://i.1.creatium.io/24/aa/fc/6a578facd2d7a684ed5690bc58e3733b9d/header.jpg,"25.021984, 55.238971",EN,https://www.damacproperties.com/en/vr/portofino/,https://cdn.opr.ae/brochures/damac-lagoons-monte-carlo.pdf,80/20 Payment Plan,N/A,N/A,N/A,N/A,"Beachfront Living, Green Nature Living, Near Golf Course",Q1 2026,80/20 Payment Plan,N/A,https://opr.ae/ru/projects/damac-lagoons-townhouses-in-dubai/monte-carlo,https://opr.ae/ar/projects/damac-lagoons-townhouses-in-dubai/monte-carlo
https://youtu.be/A8ns8kJLzvI,https://opr.ae/projects/meraas-bluewaters-residences,Meraas Bluewaters Residences,Meraas,Bluewaters Island,Apartments,2296000,https://cdn.opr.ae/icons/bluewaters/exterior/3.jpg,"25.079787, 55.119970",EN,https://my.matterport.com/show/?m=fGgmsSd4Ti2&play=1&brand=0&help=0&mls=0&qs=0&title=0&hl=0,https://cdn.opr.ae/brochures/bluewaters.pdf,N/A,N/A,N/A,N/A,N/A,Waterfront Living,Completed,N/A,N/A,https://opr.ae/ru/projects/meraas-bluewaters-residences,https://opr.ae/ar/projects/meraas-bluewaters-residences
https://youtu.be/FQgM_FAR-s8,https://opr.ae/projects/sobha-hartland-waves-opulence-apartments-for-sale-in-mbr-city-dubai,Sobha Hartland Waves Opulence,Sobha,Sobha Hartland,Apartments,1550000,https://i.1.creatium.io/79/da/e3/a9bf2cafaeca256ff785aa4c686844bd4c/1161x832q5/header.jpg,"25.174542, 55.309447",EN,N/A,https://cdn.opr.ae/brochures/waves-opulence.pdf,60/40 Payment Plan,N/A,N/A,N/A,N/A,"Dubai Luxury Living, Waterfront Living",Q4 2025,60/40 Payment Plan,N/A,Error,Error
https://youtu.be/UtrmcC962bg,https://opr.ae/projects/danube-elitz-apartments-for-sale-in-jumeirah-village-circle-dubai,Danube Elitz,Danube,Jumeirah Village Circle (JVC),"Apartments, Penthouses",599000,https://i.1.creatium.io/4c/b0/65/8e762beed84b118b08c733707ca6d819ce/header.jpg,"25.065776, 55.217437",EN,N/A,https://cdn.opr.ae/brochures/danube-elitz.pdf,60/40 Payment Plan,N/A,N/A,N/A,N/A,Green Nature Living,Q4 2025,60/40 Payment Plan,N/A,Error,Error
https://youtu.be/to3qNiyGVpg,https://opr.ae/projects/nshama-liva-apartments-in-town-square-dubai-for-sale,NSHAMA LIVA Apartments,NSHAMA,Town Square Dubai,Apartments,440888,https://i.1.creatium.io/c1/9e/cf/8bf6fb41472176f839d3813a9703dfabcd/header.jpg,"25.004435, 55.285185",EN,N/A,https://cdn.opr.ae/brochures/nshama-liva.pdf,3 Years 50/50 Payment Plan,N/A,N/A,N/A,N/A,Green Nature Living,Q1 2025,3 Years 50/50 Payment Plan,N/A,Error,Error
https://youtu.be/LZzkuQYR5bY,https://opr.ae/projects/residence-the-creek-dubai-for-sale-by-swiss-property,Kempinski Residences The Creek Dubai,Swiss Property,Al Jaddaf,"Apartments, Penthouses",2200000,https://i.1.creatium.io/7e/b7/2d/1b71415ed89b66c2ceaad8196000e3e2d7/header.jpg,"25.207466, 55.322627",EN,N/A,https://cdn.opr.ae/brochures/kempinski-the-creek.pdf,50/50 Payment Plan,N/A,N/A,N/A,N/A,"Dubai Luxury Living, Waterfront Living, Branded Residences",Q4 2024,50/50 Payment Plan,N/A,Error,Error
https://youtu.be/0lR7LaLR2jg,https://opr.ae/projects/the-address-jbr-residences-dubai,The Address JBR Residences,Al Ain Properties,Jumeirah Beach Residence (JBR),"Apartments, Penthouses",2500000,https://437e81e1-5ed1-4d53-bed7-e6f8d97dcc9b.selcdn.net/9f/2b/6e/c9388bde838f5edfb7de7642df848fb915/1161x832q8/Header.jpg,"25.072754, 55.126463",EN,N/A,https://cdn.opr.ae/brochures/address-jbr.pdf,2 Years Service Charges Waiver,N/A,N/A,N/A,N/A,"Dubai Luxury Living, Beachfront Living, Waterfront Living, Branded Residences",Completed,2 Years Service Charges Waiver,N/A,https://opr.ae/ru/projects/the-address-jbr-residences-dubai,https://opr.ae/ar/projects/the-address-jbr-residences-dubai
https://youtu.be/cpG9aBtWL8o,https://opr.ae/projects/la-violeta-at-villanova-townhouses-for-sale-by-dubai-properties,Dubai Properties La Violeta Villanova,Dubai Properties,Villanova,Townhouses,1760000,https://i.1.creatium.io/2a/93/ba/bac76ab088c1d3b8e79ed912b05c1d4934/la_violeta_2.jpg,"25.075605, 55.362391",EN,N/A,https://cdn.opr.ae/brochures/la-violeta.pdf,60/40 Payment Plan,N/A,N/A,N/A,N/A,Green Nature Living,Q1 2026,60/40 Payment Plan,N/A,Error,Error
https://youtu.be/X-uDQInyt-Y,https://opr.ae/projects/ellington-the-highbury-apartments-for-sale-in-mbr-city-dubai,Ellington The Highbury,Ellington Properties,MBR City,"Apartments, Penthouses",1500000,https://i.1.creatium.io/93/ea/a8/1a6c7356f4b22c70b2abeaed054d1e878a/1161x832q5/header.jpg,"25.179817, 55.305921",EN,N/A,https://cdn.opr.ae/brochures/the-highbury.pdf,50/50 Payment Plan,N/A,N/A,N/A,N/A,Green Nature Living,Q4 2025,50/50 Payment Plan,N/A,Error,https://opr.ae/ar/projects/ellington-the-highbury-apartments-for-sale-in-mbr-city-dubai
https://youtu.be/uJpuVMEqC00,https://opr.ae/projects/mushif-village-townhouses-and-villas-in-dubai-mirdif-for-sale,Select Group Mushrif Village,Select Group,Mirdif,"Townhouses, Villas",2699999,https://i.1.creatium.io/6e/07/ed/f4e4821b8de77651225b35cad819195e15/header.jpg,"25.232874, 55.438819",EN,N/A,https://cdn.opr.ae/brochures/mushrif-village.pdf,10/90 Payment Plan,N/A,N/A,N/A,N/A,Green Nature Living,Completed,10/90 Payment Plan,N/A,https://opr.ae/ru/projects/mushif-village-townhouses-and-villas-in-dubai-mirdif-for-sale,https://opr.ae/ar/projects/mushif-village-townhouses-and-villas-in-dubai-mirdif-for-sale
https://youtu.be/eaN_cBWpmR4,https://opr.ae/projects/district-11-opal-gardens-townhouses-and-villas-for-sale-in-dubai,District 11 Opal Gardens,Meydan,MBR City,"Townhouses, Villas",4200000,https://i.1.creatium.io/dc/91/24/d90b25a1fb09354861bd18835411b43c6b/header.jpg,"25.125073, 55.346286",EN,N/A,https://cdn.opr.ae/brochures/opal-gardens.pdf,60/40 Payment Plan,N/A,N/A,N/A,N/A,Green Nature Living,Q3 2026,60/40 Payment Plan,N/A,https://opr.ae/ru/projects/district-11-opal-gardens-townhouses-and-villas-for-sale-in-dubai,https://opr.ae/ar/projects/district-11-opal-gardens-townhouses-and-villas-for-sale-in-dubai
https://youtu.be/jczKr-QTib8,https://opr.ae/projects/ahs-one-canal-dubai-penthouses-and-sky-villas-for-sale,AHS One Canal,AHS Properties,Dubai Canal,"Apartments, Penthouses",18000000,https://i.1.creatium.io/c4/81/17/e5df9a7a6b649db977384b44900f268745/header.jpg,"25.187763, 55.245406",EN,N/A,https://cdn.opr.ae/brochures/one-canal.pdf,60/40 Payment Plan,N/A,N/A,N/A,N/A,"Dubai Luxury Living, Waterfront Living",Q4 2024,60/40 Payment Plan,N/A,https://opr.ae/ru/projects/ahs-one-canal-dubai-penthouses-and-sky-villas-for-sale,https://opr.ae/ar/projects/ahs-one-canal-dubai-penthouses-and-sky-villas-for-sale
https://youtu.be/sUWabTxsr3I,https://opr.ae/projects/tilal-al-ghaf-lanai-island-villas-for-sale-in-dubai-by-majid-al-futtaim,Tilal Al Ghaf Lanai Island Villas,Majid Al Futtaim,Tilal Al Ghaf,Villas,71500000,https://i.1.creatium.io/c3/b8/7f/8f6cb3607937b94bce7ec42be4aacecfaf/header.jpg,"25.021754, 55.220962",EN,N/A,N/A,50/50 Payment Plan,N/A,N/A,N/A,N/A,"Dubai Luxury Living, Green Nature Living, Beachfront Living",Q2 2026,50/50 Payment Plan,N/A,https://opr.ae/ru/projects/tilal-al-ghaf-lanai-island-villas-for-sale-in-dubai-by-majid-al-futtaim,https://opr.ae/ar/projects/tilal-al-ghaf-lanai-island-villas-for-sale-in-dubai-by-majid-al-futtaim
https://youtu.be/ApsMo_UWfa8,https://opr.ae/projects/vincitore-volare-apartments-for-sale-in-arjan-dubai,Vincitore Volare,Vincitore Realty,Arjan,Apartments,595000,https://i.1.creatium.io/e2/bb/90/2b92dc96a934b8c0ccc14ffa38d9f92f28/vincitore_volare_2.jpg,"25.063836, 55.240617",EN,N/A,https://cdn.opr.ae/brochures/vincitore-volare.pdf,80/20 Payment Plan,N/A,N/A,N/A,N/A,Green Nature Living,Q2 2025,80/20 Payment Plan,N/A,Error,https://opr.ae/ar/projects/vincitore-volare-apartments-for-sale-in-arjan-dubai
https://youtu.be/xQ-FA2eq3wI,https://opr.ae/projects/damac-lagoons-townhouses-in-dubai/marbella,DAMAC Lagoons Marbella,DAMAC,DAMAC Lagoons,Townhouses,1900000,https://i.1.creatium.io/24/aa/fc/6a578facd2d7a684ed5690bc58e3733b9d/header.jpg,"25.015988, 55.240606",EN,https://www.damacproperties.com/en/vr/portofino/,https://cdn.opr.ae/brochures/damac-lagoons-marbella.pdf,80/20 Payment Plan,N/A,N/A,N/A,N/A,"Beachfront Living, Green Nature Living, Near Golf Course",Q1 2026,80/20 Payment Plan,N/A,https://opr.ae/ru/projects/damac-lagoons-townhouses-in-dubai/marbella,https://opr.ae/ar/projects/damac-lagoons-townhouses-in-dubai/marbella
https://youtu.be/CPIVN9aldg4,https://opr.ae/projects/omniyat-orla-dorchester-collection-apartments-on-palm-jumeirah-dubai,Omniyat Orla Dorchester Collection,Omniyat,Palm Jumeirah,"Apartments, Penthouses",22000000,https://cdn.opr.ae/icons/Gallery_Slide_2.jpg,"25.123401, 55.112015",EN,N/A,https://cdn.opr.ae/brochures/orla.pdf,50/50 Payment Plan,N/A,N/A,N/A,N/A,"Dubai Luxury Living, Beachfront Living, Waterfront Living, Branded Residences",Q4 2026,50/50 Payment Plan,N/A,https://opr.ae/ru/projects/omniyat-orla-dorchester-collection-apartments-on-palm-jumeirah-dubai,https://opr.ae/ar/projects/omniyat-orla-dorchester-collection-apartments-on-palm-jumeirah-dubai
https://youtu.be/goVKLrMobDc,https://opr.ae/projects/emaar-golf-heights-emirates-living-apartments-for-sale-in-dubai,Emaar Golf Heights in Emirates Living,Emaar,Emirates Living,Apartments,1320000,https://i.1.creatium.io/b9/33/2d/1c8676f313c649fec0e5019d9ec1967efe/1161x832q5/header.jpg,"25.085670, 55.172323",EN,N/A,https://cdn.opr.ae/brochures/golf-heights.pdf,80/20 Payment Plan,N/A,N/A,N/A,N/A,"Dubai Luxury Living, Green Nature Living, Near Golf Course",Q4 2026,80/20 Payment Plan,N/A,https://opr.ae/ru/projects/emaar-golf-heights-emirates-living-apartments-for-sale-in-dubai,https://opr.ae/ar/projects/emaar-golf-heights-emirates-living-apartments-for-sale-in-dubai
https://youtu.be/rIxkt6rprew,https://opr.ae/projects/zuha-island-villas-for-sale-in-the-world-islands-dubai-by-zaya-and-five,ZUHA Island Villas,FIVE Holdings,The World Islands,Villas,60000000,https://i.1.creatium.io/e2/22/ce/e0744974e34a2cd4a283cf50025414ab32/header.jpg,"25.253419, 55.178773",EN,N/A,https://cdn.opr.ae/brochures/zuha-island.pdf,50/50 Payment Plan,N/A,N/A,N/A,N/A,"Dubai Luxury Living, Dubai Luxury Living, Waterfront Living",Q2 2025,50/50 Payment Plan,N/A,https://opr.ae/ru/projects/zuha-island-villas-for-sale-in-the-world-islands-dubai-by-zaya-and-five,https://opr.ae/ar/projects/zuha-island-villas-for-sale-in-the-world-islands-dubai-by-zaya-and-five
https://youtu.be/3H80sEbP6Rs,https://opr.ae/projects/signature-mansions-villas-for-sale-in-jumeirah-golf-estates,Signature Mansions Villas,Signature Developers,Jumeirah Golf Estates,"Villas, Mansions",18500000,https://i.1.creatium.io/e7/13/71/4b2371b33654fff5746dc2d9e42bcd8382/header.jpg,"25.021928, 55.202507",EN,N/A,https://cdn.opr.ae/brochures/signature-mansions-jge.pdf,40/60 Payment Plan,N/A,N/A,N/A,N/A,"Dubai Luxury Living, Green Nature Living, Near Golf Course",Q2 2025,40/60 Payment Plan,N/A,https://opr.ae/ru/projects/signature-mansions-villas-for-sale-in-jumeirah-golf-estates,https://opr.ae/ar/projects/signature-mansions-villas-for-sale-in-jumeirah-golf-estates
https://youtu.be/naw00m6Ybd0,https://opr.ae/projects/sobha-the-s-tower-signature-residences-in-al-sufouh-dubai,Sobha The S Tower,Sobha,Al Sufouh,"Apartments, Penthouses",15140000,https://i.1.creatium.io/24/43/9f/78f1373eee6cecf24e66d5ff49610901ff/header.jpg,"25.097941, 55.166429",EN,N/A,https://cdn.opr.ae/brochures/s-tower.pdf,80/20 Payment Plan,N/A,N/A,N/A,N/A,"Dubai Luxury Living, Green Nature Living, Near Golf Course, Waterfront Living",Q4 2024,80/20 Payment Plan,N/A,https://opr.ae/ru/projects/sobha-the-s-tower-signature-residences-in-al-sufouh-dubai,https://opr.ae/ar/projects/sobha-the-s-tower-signature-residences-in-al-sufouh-dubai
https://youtu.be/D6SVwm2iT60,https://opr.ae/projects/emaar-raya-townhouses-in-arabian-ranches-3-for-sale,Emaar Raya Arabian Ranches III,Emaar,Arabian Ranches,Townhouses,1950888,https://i.1.creatium.io/1a/46/74/61fb2072f959d69ff625e939b8630669cc/header.jpg,"25.058721, 55.328103",EN,N/A,https://cdn.opr.ae/brochures/emaar-raya.pdf,80/20 Payment Plan,N/A,N/A,N/A,N/A,Green Nature Living,Q3 2026,80/20 Payment Plan,N/A,Error,https://opr.ae/ar/projects/emaar-raya-townhouses-in-arabian-ranches-3-for-sale
https://youtu.be/JdfaV2n-xPo,https://opr.ae/projects/binghatti-corner-jvc-apartments-for-sale-in-jumeirah-village-circle,Binghatti Corner,Binghatti,Jumeirah Village Circle (JVC),Apartments,550000,https://i.1.creatium.io/6c/07/88/45c3d76da0d28616dc7bc99174808c9edf/header.jpg,"25.064153, 55.201417",EN,N/A,https://cdn.opr.ae/brochures/binghatti-corner.pdf,60/40 Payment Plan,N/A,N/A,N/A,N/A,Green Nature Living,Q3 2023,60/40 Payment Plan,N/A,https://opr.ae/ru/projects/binghatti-corner-jvc-apartments-for-sale-in-jumeirah-village-circle,https://opr.ae/ar/projects/binghatti-corner-jvc-apartments-for-sale-in-jumeirah-village-circle
https://youtu.be/VVi1ASGGfZ4,https://opr.ae/projects/damac-chic-tower-by-de-grisogono-in-business-bay-dubai-for-sale,DAMAC Chic Tower,DAMAC,Business Bay,Apartments,823000,https://i.1.creatium.io/d3/e9/9a/4e57ccbb836f6ae530c861991227a935c3/header.jpg,"25.183391, 55.261339",EN,N/A,https://cdn.opr.ae/brochures/chic-tower.pdf,80/20 Payment Plan,N/A,N/A,N/A,N/A,"Dubai Luxury Living, Waterfront Living, Branded Residences",Q2 2026,80/20 Payment Plan,N/A,https://opr.ae/ru/projects/damac-chic-tower-by-de-grisogono-in-business-bay-dubai-for-sale,https://opr.ae/ar/projects/damac-chic-tower-by-de-grisogono-in-business-bay-dubai-for-sale
https://youtu.be/LbH1XqHp40s,https://opr.ae/projects/g-co-elie-saab-a-vie-townhouses-for-sale-in-meydan-dubai,G&CO x Elie Saab A VIE Townhouses,G&CO Properties,MBR City,Townhouses,3600000,https://i.1.creatium.io/42/15/f7/0564ba8b0bf186a2394c949c1988b9e69b/1161x832q5/header.jpg,"25.113737, 55.338450",EN,N/A,https://cdn.opr.ae/brochures/a-vie.pdf,40/60 Payment Plan,N/A,N/A,N/A,N/A,"Green Nature Living, Dubai Luxury Living, Branded Residences",Q4 2023,40/60 Payment Plan,N/A,https://opr.ae/ru/projects/g-co-elie-saab-a-vie-townhouses-for-sale-in-meydan-dubai,https://opr.ae/ar/projects/g-co-elie-saab-a-vie-townhouses-for-sale-in-meydan-dubai
https://youtu.be/I6t_d4GyzDk,https://opr.ae/projects/select-group-peninsula-apartments-for-sale-in-business-bay-dubai,Select Group Peninsula Four The Plaza,Select Group,Business Bay,Apartments,973000,https://437e81e1-5ed1-4d53-bed7-e6f8d97dcc9b.selcdn.net/fe/ed/2e/c7fee18a0436bedd4ae71606f8b3d14a72/1161x832q8/Header.jpg,"25.185126, 55.270275",EN,N/A,https://cdn.opr.ae/brochures/peninsula.pdf,N/A,N/A,N/A,N/A,N/A,"Dubai Luxury Living, Waterfront Living",Q1 2024,N/A,N/A,https://opr.ae/ru/projects/select-group-peninsula-apartments-for-sale-in-business-bay-dubai,https://opr.ae/ar/projects/select-group-peninsula-apartments-for-sale-in-business-bay-dubai
https://youtu.be/URMU-FXCiWE,https://opr.ae/projects/madinat-jumeirah-living-lamaa-mjl-apartments-for-sale-in-dubai-by-meraas,Lamaa at Madinat Jumeirah Living (MJL),Meraas,Madinat Jumeirah,Apartments,1455000,https://i.1.creatium.io/39/8e/3d/1880b95cfd26146fa75ef963ba471ef6a5/header.jpg,"25.133541, 55.191427",EN,https://mjl.dubaiholding.com/virtual_tour/mjl/,https://cdn.opr.ae/brochures/mjl-lamaa.pdf,50/50 Payment Plan,N/A,N/A,N/A,N/A,Dubai Luxury Living,Q4 2025,50/50 Payment Plan,N/A,https://opr.ae/ru/projects/madinat-jumeirah-living-lamaa-mjl-apartments-for-sale-in-dubai-by-meraas,https://opr.ae/ar/projects/madinat-jumeirah-living-lamaa-mjl-apartments-for-sale-in-dubai-by-meraas
https://youtu.be/-duX7ckIlug,https://opr.ae/projects/mama-shelter-residences-for-sale-in-business-bay-dubai,MAMA Residences Dubai Business Bay,Kappa Acca,Business Bay,Apartments,1253000,https://i.1.creatium.io/15/61/9f/18bc87910005b380f5b28a946fa5db7087/1161x832q5/header.jpg,"25.180898, 55.272246",EN,N/A,https://cdn.opr.ae/brochures/mama.pdf,50/50 Payment Plan,N/A,N/A,N/A,N/A,Dubai Luxury Living,Q4 2023,50/50 Payment Plan,N/A,https://opr.ae/ru/projects/mama-shelter-residences-for-sale-in-business-bay-dubai,https://opr.ae/ar/projects/mama-shelter-residences-for-sale-in-business-bay-dubai
https://youtu.be/P-DFs0x2qWo,https://opr.ae/projects/nakheel-palm-beach-tower-apartments-for-sale-on-palm-jumeirah-dubai,Nakheel Palm Beach Towers,Nakheel,Palm Jumeirah,Apartments,3700000,https://i.1.creatium.io/36/bb/c7/9bc5787af46672094c803b9c43876c3928/2.jpg,"25.0999775, 55.153815",EN,N/A,https://cdn.opr.ae/brochures/palm-beach-towers.pdf,60/40 Payment Plan,N/A,N/A,N/A,N/A,"Dubai Luxury Living, Waterfront Living, Beachfront Living",Q1 2026,60/40 Payment Plan,N/A,https://opr.ae/ru/projects/nakheel-palm-beach-tower-apartments-for-sale-on-palm-jumeirah-dubai,https://opr.ae/ar/projects/nakheel-palm-beach-tower-apartments-for-sale-on-palm-jumeirah-dubai
https://youtu.be/oOtts6c5T-Y,https://opr.ae/projects/emaar-hills-park-apartments-in-dubai-hills-estate-for-sale,Emaar Hills Park,Emaar,Dubai Hills Estate,Apartments,1210000,https://i.1.creatium.io/d2/6e/df/a4da4958812262ae77d8971dad3ebb064d/header.jpg,"25.110929, 55.245771",EN,N/A,https://cdn.opr.ae/brochures/hills-park.pdf,80/20 Payment Plan,N/A,N/A,N/A,N/A,"Green Nature Living, Near Golf Course",Q2 2026,80/20 Payment Plan,N/A,https://opr.ae/ru/projects/emaar-hills-park-apartments-in-dubai-hills-estate-for-sale,https://opr.ae/ar/projects/emaar-hills-park-apartments-in-dubai-hills-estate-for-sale
https://youtu.be/q8aQbM4XVIY,https://opr.ae/projects/damac-hills-gems-estates-villas-for-sale-by-cavalli-and-de-grisogono,DAMAC Gems Estates Villas,DAMAC,DAMAC Hills,Villas,5820000,https://i.1.creatium.io/1a/10/80/bb69b01a85b25c94837bbaf467d12c0d3f/header.jpg,"25.024998, 55.249175",EN,N/A,https://cdn.opr.ae/brochures/gems-estates.pdf,80/20 Payment Plan,N/A,N/A,N/A,N/A,"Dubai Luxury Living, Green Nature Living, Near Golf Course, Branded Residences",Q4 2025,80/20 Payment Plan,N/A,https://opr.ae/ru/projects/damac-hills-gems-estates-villas-for-sale-by-cavalli-and-de-grisogono,https://opr.ae/ar/projects/damac-hills-gems-estates-villas-for-sale-by-cavalli-and-de-grisogono
https://youtu.be/k4ox48xeRV0,https://opr.ae/projects/damac-hills-2-fiora-apartments-for-sale-in-dubai,DAMAC Fiora,DAMAC,DAMAC Hills 2,Apartments,400000,https://i.1.creatium.io/be/0b/d9/e001cc8726b7abdee613f08d970309fd55/1161x832q5/header.jpg,"24.983564, 55.392109",EN,N/A,https://cdn.opr.ae/brochures/damac-fiora.pdf,N/A,N/A,N/A,N/A,N/A,"Green Nature Living, Near Golf Course",Completed,N/A,N/A,https://opr.ae/ru/projects/damac-hills-2-fiora-apartments-for-sale-in-dubai,https://opr.ae/ar/projects/damac-hills-2-fiora-apartments-for-sale-in-dubai
N/A,https://opr.ae/projects/edge-rotana-apartments-for-sale-in-damac-hills-2-dubai,DAMAC Edge Rotana,DAMAC,DAMAC Hills 2,Apartments,500000,https://i.1.creatium.io/22/92/ee/1be3cd6949890131c270c664a412207de4/header.jpg,"24.983643, 55.392752",EN,N/A,https://cdn.opr.ae/brochures/damac-hills-2-edge-rotana.pdf,N/A,N/A,N/A,N/A,N/A,"Green Nature Living, Near Golf Course",Completed,N/A,N/A,Error,https://opr.ae/ar/projects/edge-rotana-apartments-for-sale-in-damac-hills-2-dubai
N/A,https://opr.ae/projects/damac-hills-2-virdis-apartments-for-sale-in-dubai,DAMAC Virdis,DAMAC,DAMAC Hills 2,Apartments,400000,https://i.1.creatium.io/6c/6c/18/6655521068223aa38f8ae11a48abffb82e/header.jpg,"24.984484, 55.393815",EN,N/A,https://cdn.opr.ae/brochures/damac-hills-2-virdis.pdf,N/A,N/A,N/A,N/A,N/A,"Green Nature Living, Near Golf Course",Completed,N/A,N/A,Error,https://opr.ae/ar/projects/damac-hills-2-virdis-apartments-for-sale-in-dubai
N/A,https://opr.ae/projects/davinci-tower-by-pagani-dar-al-arkan-apartments-for-sale-in-dubai,Dar Al Arkan DaVinci Tower by Pagani,Dar Al Arkan,Dubai Canal,"Apartments, Penthouses",6500000,https://437e81e1-5ed1-4d53-bed7-e6f8d97dcc9b.selcdn.net/92/bf/11/bc2460631417c6652c64b8033c90d51bb1/1161x832q8/header.jpg,"25.192702, 55.242485",EN,N/A,https://cdn.opr.ae/brochures/davincitower.pdf,60/40 2 Years Post-Handover,N/A,N/A,N/A,N/A,"Dubai Luxury Living, Waterfront Living, Branded Residences",Q4 2023,60/40 2 Years Post-Handover,N/A,https://opr.ae/ru/projects/davinci-tower-by-pagani-dar-al-arkan-apartments-for-sale-in-dubai,https://opr.ae/ar/projects/davinci-tower-by-pagani-dar-al-arkan-apartments-for-sale-in-dubai
https://youtu.be/UH9jXUYqjpU,https://opr.ae/projects/ellington-properties-oakley-square-residences-for-sale-jumeirah-village-circle-dubai,Ellington Oakley Square Residences,Ellington Properties,Jumeirah Village Circle (JVC),Apartments,500000,https://i.1.creatium.io/52/f8/f0/a28a0b64791313d280b472e6a12c3fd2df/1161x832q5/header.jpg,"25.060160, 55.212330",EN,N/A,https://cdn.opr.ae/brochures/oakley-square-residences.pdf,70/30 Payment Plan,N/A,N/A,N/A,N/A,Green Nature Living,Q2 2024,70/30 Payment Plan,N/A,https://opr.ae/ru/projects/ellington-properties-oakley-square-residences-for-sale-jumeirah-village-circle-dubai,https://opr.ae/ar/projects/ellington-properties-oakley-square-residences-for-sale-jumeirah-village-circle-dubai
https://youtu.be/YhAmHx7oqqs,https://opr.ae/projects/anantara-residences-for-sale-the-palm-jumeirah-dubai,Anantara The Palm Dubai Residences,Seven Tides,Palm Jumeirah,"Apartments, Penthouses",3583483,https://i.1.creatium.io/50/de/6e/d1cd59fa5d1bd13017d97ceeb9618a6aea/header.jpg,"25.131579, 55.153072",EN,https://my.matterport.com/show/?m=SKdenf5KUaS&play=1&brand=0&help=0&mls=0&qs=0&title=0&hl=0,https://cdn.opr.ae/brochures/anantara.pdf,Attractive Payment Plans,N/A,N/A,N/A,N/A,"Dubai Luxury Living, Beachfront Living, Waterfront Living, Branded Residences",Completed,Attractive Payment Plans,N/A,https://opr.ae/ru/projects/anantara-residences-for-sale-the-palm-jumeirah-dubai,https://opr.ae/ar/projects/anantara-residences-for-sale-the-palm-jumeirah-dubai
https://youtu.be/CKGi9zZjhbk,https://opr.ae/projects/binghatti-crest-apartments-for-sale-in-jvc-jumeirah-village-circle-dubai,Binghatti Crest,Binghatti,Jumeirah Village Circle (JVC),Apartments,694000,https://i.1.creatium.io/7c/47/6f/1ca9b2021edb659e41353875c389c64015/header.jpg,"25.049075, 55.206583",EN,N/A,https://cdn.opr.ae/brochures/binghatti-crest.pdf,60/40 Payment Plan,N/A,N/A,N/A,N/A,Green Nature Living,Q4 2023,60/40 Payment Plan,N/A,Error,https://opr.ae/ar/projects/binghatti-crest-apartments-for-sale-in-jvc-jumeirah-village-circle-dubai
N/A,https://opr.ae/projects/binghatti-luna-jvc-apartments-for-sale-in-jumeirah-village-circle-dubai,Binghatti Luna,Binghatti,Jumeirah Village Circle (JVC),Apartments,610000,https://i.1.creatium.io/e2/92/a8/98958bc350dbfe88240b0fcd90d0cc94a6/header.jpg,"25.051882, 55.218944",EN,N/A,https://cdn.opr.ae/brochures/binghatti-luna.pdf,60/40 Payment Plan,N/A,N/A,N/A,N/A,Green Nature Living,Q3 2023,60/40 Payment Plan,N/A,Error,https://opr.ae/ar/projects/binghatti-luna-jvc-apartments-for-sale-in-jumeirah-village-circle-dubai
N/A,https://opr.ae/projects/five-luxe-jbr-residences-for-sale-in-dubai,FIVE LUXE Hotel complex,FIVE Holdings,Jumeirah Beach Residence (JBR),"Studios, Hotel apartments",4100000,https://cdn.opr.ae/upload/photo/FIVE%20LUXE%20JBR.jpg,"25.072823, 55.129596",EN,N/A,https://cdn.opr.ae/brochures/five-jbr.pdf,Ready,N/A,N/A,N/A,N/A,"Dubai Luxury Living, Beachfront Living, Waterfront Living, Branded Residences",Completed,N/A,N/A,https://opr.ae/ru/projects/five-luxe-jbr-residences-for-sale-in-dubai,https://opr.ae/ar/projects/five-luxe-jbr-residences-for-sale-in-dubai
N/A,https://opr.ae/projects/sobha-hartland-creek-vistas-heights-apartments-for-sale-in-dubai,Sobha Hartland Creek Vistas Heights,Sobha,Sobha Hartland,Apartments,1200000,https://i.1.creatium.io/12/ce/8b/1046d9b1f61abb30342785e3a06618b421/header.jpg,"25.143818, 55.346452",EN,N/A,https://cdn.opr.ae/brochures/creek-vistas-heights.pdf,60/40 Payment Plan,N/A,N/A,N/A,N/A,"Dubai Luxury Living, Waterfront Living",Q2 2026,60/40 Payment Plan,N/A,https://opr.ae/ru/projects/sobha-hartland-creek-vistas-heights-apartments-for-sale-in-dubai,https://opr.ae/ar/projects/sobha-hartland-creek-vistas-heights-apartments-for-sale-in-dubai
https://youtu.be/wtvWmAocCVw,https://opr.ae/projects/danube-opalz-apartments-for-sale-in-arjan-dubai-science-park-al-barsha-south,Danube Opalz,Danube,Arjan,Apartments,550000,https://i.1.creatium.io/79/4a/ce/0576d8492a35c659e83dce20f1d068d27b/1161x832q5/header.jpg,"25.069850, 55.246792",EN,N/A,https://cdn.opr.ae/brochures/danube-opalz.pdf,60/40 Post-Handover,N/A,N/A,N/A,N/A,Green Nature Living,Q3 2025,60/40 Post-Handover,N/A,Error,Error
https://youtu.be/JRTzS4TrHFY,https://opr.ae/projects/majid-al-futtaim-elysian-mansions-for-sale-in-dubai,Tilal Al Ghaf Elysian Mansions,Majid Al Futtaim,Tilal Al Ghaf,"Villas, Mansions",18500000,https://437e81e1-5ed1-4d53-bed7-e6f8d97dcc9b.selcdn.net/7c/fc/c4/5b198e6d5634ca27f0e082bf44f391ee6d/1161x832q5/header.jpg,"25.022402, 55.217803",EN,N/A,https://cdn.opr.ae/brochures/elysian-mansions.pdf,N/A,N/A,N/A,N/A,N/A,"Green Nature Living, Beachfront Living",Q4 2025,N/A,N/A,Error,https://opr.ae/ar/projects/majid-al-futtaim-elysian-mansions-for-sale-in-dubai
https://youtu.be/XcipGep0GVA,https://opr.ae/projects/townhouses-for-sale-in-damac-hills-the-legends-dubai,DAMAC The Legends Townhouses,DAMAC,DAMAC Hills,Townhouses,3350000,https://i.1.creatium.io/d6/b2/34/e5dfb04647870251db85687fdc4a02a372/header.jpg,"25.031580, 55.257556",EN,N/A,https://cdn.opr.ae/brochures/damac-hills-the-legends-townhouses.pdf,N/A,100% DLD Fees Waiver,N/A,N/A,N/A,"Dubai Luxury Living, Green Nature Living, Near Golf Course",Q4 2024,N/A,N/A,Error,Error
https://youtu.be/BuH85iSuVis,https://opr.ae/projects/emaar-address-villas-hillcrest-in-dubai-hills-estate-for-sale,Emaar Address Villas Hillcrest,Emaar,Dubai Hills Estate,Villas,21679888,https://cdn.opr.ae/icons/Emaar-Address-Villas-Hillcrest-in-Dubai-Hills-Estate-for-Sale.jpg,"25.120418, 55.262280",EN,N/A,https://cdn.opr.ae/brochures/address-hillcrest.pdf,80/20 Payment Plan,N/A,N/A,N/A,N/A,"Green Nature Living, Near Golf Course, Branded Residences",Q2 2026,80/20 Payment Plan,N/A,Error,https://opr.ae/ar/projects/emaar-address-villas-hillcrest-in-dubai-hills-estate-for-sale
https://youtu.be/Tyf21qkEs18,https://opr.ae/projects/damac-hills-beverly-hills-drive-at-the-trump-estates-for-sale-in-dubai,DAMAC Beverly Hills Drive Villas,DAMAC,DAMAC Hills,Villas,13361000,https://i.1.creatium.io/87/e7/f6/4906295d999b2816d980cd18863968e7fa/header.jpg,"25.020925, 55.249012",EN,N/A,https://cdn.opr.ae/brochures/damac-beverly-hills-drive.pdf,20/80 Payment Plan,N/A,N/A,N/A,N/A,"Dubai Luxury Living, Green Nature Living, Near Golf Course",Q4 2024,20/80 Payment Plan,N/A,Error,https://opr.ae/ar/projects/damac-hills-beverly-hills-drive-at-the-trump-estates-for-sale-in-dubai
https://youtu.be/viLs6Ljxke4,https://opr.ae/projects/emaar-beachfront-beachgate-by-address-for-sale-in-dubai,Emaar Beachfront Beachgate by Address,Emaar,Emaar Beachfront,"Apartments, Penthouses",2970000,https://i.1.creatium.io/74/4d/08/ef133c11cda78c275ff3ee955bc1b45f88/emaar_beachfront_beachgate_by_address_4.jpg,"25.098787, 55.141120",EN,N/A,https://cdn.opr.ae/brochures/beachgate.pdf,80/20 Payment Plan,N/A,N/A,N/A,N/A,"Dubai Luxury Living, Beachfront Living, Branded Residences",Q4 2026,80/20 Payment Plan,N/A,https://opr.ae/ru/projects/emaar-beachfront-beachgate-by-address-for-sale-in-dubai,https://opr.ae/ar/projects/emaar-beachfront-beachgate-by-address-for-sale-in-dubai
https://youtu.be/iRu3yF1Lc2A,https://opr.ae/projects/select-group-jumeirah-living-business-bay-dubai-for-sale,Jumeirah Living Business Bay,Select Group,Business Bay,"Apartments, Penthouses",7500000,https://i.1.creatium.io/b8/52/0b/016acd83aa9199d2fa97a1a69345e14f62/header.jpg,"25.183155, 55.265098",EN,N/A,https://cdn.opr.ae/brochures/jlbb.pdf,50/50 Payment Plan,N/A,N/A,N/A,N/A,"Dubai Luxury Living, Waterfront Living",Q4 2025,50/50 Payment Plan,N/A,https://opr.ae/ru/projects/select-group-jumeirah-living-business-bay-dubai-for-sale,https://opr.ae/ar/projects/select-group-jumeirah-living-business-bay-dubai-for-sale
https://youtu.be/hO-tb7Szb7M,https://opr.ae/projects/ellington-hamilton-house-jvc-apartments-for-sale-in-jumeirah-village-circle-dubai,Ellington Hamilton House,Ellington Properties,Jumeirah Village Circle (JVC),Apartments,488000,https://i.1.creatium.io/26/62/70/f6c250eb6ea9ffa4e85f8747867f8d463a/header.jpg,"25.047083, 55.204611",EN,N/A,https://cdn.opr.ae/brochures/hamilton-house.pdf,70/30 Payment Plan,N/A,N/A,N/A,N/A,Green Nature Living,Completed,70/30 Payment Plan,N/A,https://opr.ae/ru/projects/ellington-hamilton-house-jvc-apartments-for-sale-in-jumeirah-village-circle-dubai,https://opr.ae/ar/projects/ellington-hamilton-house-jvc-apartments-for-sale-in-jumeirah-village-circle-dubai
https://youtu.be/tcbHQ4U8naU,https://opr.ae/projects/ellington-beach-house-apartments-on-palm-jumeirah-dubai-for-sale,Ellington Beach House (EBH),Ellington Properties,Palm Jumeirah,"Apartments, Penthouses",4900000,https://i.1.creatium.io/2b/2b/d2/9632744a88e675960dbdb7b0799d873967/header.jpg,"25.140066, 55.141323",EN,N/A,https://cdn.opr.ae/brochures/ebh.pdf,N/A,N/A,N/A,N/A,N/A,"Dubai Luxury Living, Waterfront Living, Beachfront Living",Q2 2023,N/A,N/A,https://opr.ae/ru/projects/ellington-beach-house-apartments-on-palm-jumeirah-dubai-for-sale,https://opr.ae/ar/projects/ellington-beach-house-apartments-on-palm-jumeirah-dubai-for-sale
https://youtu.be/hPXtRbcxEMs,https://opr.ae/projects/g-co-elie-saab-townhouses-in-meydan-mbr-city-dubai,G&CO x Elie Saab VIE Townhouses,G&CO Properties,MBR City,Townhouses,3600000,https://i.1.creatium.io/44/73/9e/3c52ae8230542ad93d1f59eebe687094fb/header.jpg,"25.113669, 55.337591",EN,N/A,https://cdn.opr.ae/brochures/elie-saab-vie.pdf,40/60 Payment Plan,N/A,N/A,N/A,N/A,"Green Nature Living, Dubai Luxury Living, Branded Residences",Q4 2023,40/60 Payment Plan,N/A,Error,https://opr.ae/ar/projects/g-co-elie-saab-townhouses-in-meydan-mbr-city-dubai
https://youtu.be/QhGiCSI4oZc,https://opr.ae/projects/emaar-marina-shores-at-dubai-marina-apartments-for-sale,Emaar Marina Shores,Emaar,Dubai Marina,"Apartments, Penthouses",1500000,https://i.1.creatium.io/51/d6/bb/204e051c2d97f2ba14bc08525eb693702b/header.jpg,"25.083519, 55.142554",EN,N/A,https://cdn.opr.ae/brochures/marina-shores.pdf,80/20 Payment Plan,N/A,N/A,N/A,N/A,"Dubai Luxury Living, Waterfront Living",Q4 2026,80/20 Payment Plan,N/A,https://opr.ae/ru/projects/emaar-marina-shores-at-dubai-marina-apartments-for-sale,https://opr.ae/ar/projects/emaar-marina-shores-at-dubai-marina-apartments-for-sale
https://youtu.be/oM1Xw14_ly0,https://opr.ae/projects/emaar-lime-gardens-in-dubai-hills-estate-for-sale,Emaar Lime Gardens,Emaar,Dubai Hills Estate,"Apartments, Townhouses",1120888,https://i.1.creatium.io/df/ca/18/29404726ab06192c0e315da82d67107abc/1161x832q5/header.jpg,"25.129182, 55.278959",EN,N/A,https://cdn.opr.ae/brochures/lime-gardens.pdf,80/20 Payment Plan,N/A,N/A,N/A,N/A,Green Nature Living,Q1 2026,80/20 Payment Plan,N/A,Error,Error
https://youtu.be/4c9HeJxzdHE,https://opr.ae/projects/serenia-living-by-palma-holding-apartments-for-sale-on-palm-jumeirah,Serenia Living Residences The Palm,Palma Holding,Palm Jumeirah,"Apartments, Penthouses",22767000,https://i.1.creatium.io/14/07/76/203d743ae75f86c8140bcd90f9846bdbcd/1161x832q5/header.jpg,"25.132471, 55.151932",EN,N/A,https://cdn.opr.ae/brochures/serenia-living.pdf,50/50 Payment Plan,N/A,N/A,N/A,N/A,"Beachfront Living, Waterfront Living, Dubai Luxury Living",Q4 2025,50/50 Payment Plan,N/A,https://opr.ae/ru/projects/serenia-living-by-palma-holding-apartments-for-sale-on-palm-jumeirah,https://opr.ae/ar/projects/serenia-living-by-palma-holding-apartments-for-sale-on-palm-jumeirah
https://youtu.be/_grcJMY0kMg,https://opr.ae/projects/damac-safa-two-de-grisogono-for-sale-in-dubai,DAMAC Safa Two by de GRISOGONO,DAMAC,Safa Park,Apartments,925000,https://i.1.creatium.io/2e/1f/a2/cfd083ce52c3787aa83f7f92f5cf3d7b39/header.jpg,"25.184097, 55.246677",EN,N/A,https://cdn.opr.ae/brochures/safa-two.pdf,5 Years Payment Plan,N/A,N/A,N/A,N/A,"Dubai Luxury Living, Waterfront Living, Branded Residences",Completed,5 Years Payment Plan,N/A,Error,https://opr.ae/ar/projects/damac-safa-two-de-grisogono-for-sale-in-dubai
https://youtu.be/jFI4Bm2Zb1c,https://opr.ae/projects/emaar-mina-rashid-yacht-marina-apartments-for-sale-in-dubai,Emaar Mina Rashid Seagate,Emaar,Mina Rashid,Apartments,1100000,https://i.1.creatium.io/95/e2/77/309f376a412ca93618f47c829394e1aa7a/1161x832q5/header.jpg,"25.284532, 55.275908",EN,N/A,https://cdn.opr.ae/brochures/rym.pdf,80/20 Payment Plan,N/A,N/A,N/A,N/A,"Waterfront Living, Beachfront Living",Q3 2025,80/20 Payment Plan,N/A,Error,https://opr.ae/ar/projects/emaar-mina-rashid-yacht-marina-apartments-for-sale-in-dubai
https://youtu.be/hhHIGWDkl7g,https://opr.ae/projects/emaar-creek-crescent-apartments-in-dubai-creek-harbour,Emaar Creek Crescent,Emaar,Dubai Creek Harbour,"Apartments, Townhouses",1285000,https://i.1.creatium.io/1a/d2/ea/06d6559a0e70f8bbb1184d8eaf91520992/header.jpg,"25.202537, 55.343853",EN,N/A,https://cdn.opr.ae/brochures/creek-crescent.pdf,80/20 Payment Plan,N/A,N/A,N/A,N/A,"Waterfront Living, Dubai Luxury Living",Q2 2026,80/20 Payment Plan,N/A,Error,Error
https://youtu.be/Y_giiGRtLIE,https://opr.ae/projects/ellington-the-portman-jvc-apartments-for-sale-in-jumeirah-village-circle-dubai,Ellington The Portman,Ellington Properties,Jumeirah Village Circle (JVC),Apartments,745828,https://i.1.creatium.io/40/69/5f/10cd09ea0b20b2b95a641fb53c6a3481cf/header.jpg,"25.056089, 55.220704",EN,N/A,https://cdn.opr.ae/brochures/the-portman.pdf,70/30 Payment Plan,N/A,N/A,N/A,N/A,Green Nature Living,Q1 2025,70/30 Payment Plan,N/A,Error,https://opr.ae/ar/projects/ellington-the-portman-jvc-apartments-for-sale-in-jumeirah-village-circle-dubai
https://youtu.be/YC6otWFi-jU,https://opr.ae/projects/nakheel-jebel-ali-village-for-sale-in-dubai,Nakheel Jebel Ali Village Townhouses,Nakheel,Jebel Ali Village,Townhouses,2400000,https://437e81e1-5ed1-4d53-bed7-e6f8d97dcc9b.selcdn.net/6a/27/78/d1ad346070d32c84e0e81448db96c034f0/1161x832q5/Header.jpg,"25.032441, 55.128416",EN,N/A,https://cdn.opr.ae/brochures/jebel-ali-village.pdf,N/A,N/A,N/A,N/A,N/A,Green Nature Living,Q4 2025,N/A,N/A,Error,https://opr.ae/ar/projects/nakheel-jebel-ali-village-for-sale-in-dubai
https://youtu.be/mBW8w1dGs0w,https://opr.ae/projects/canal-front-residences-meydan-for-sale-in-dubai,Canal Front Residences,Meydan,Dubai Canal,Apartments,2148800,https://437e81e1-5ed1-4d53-bed7-e6f8d97dcc9b.selcdn.net/58/f4/d0/497cf72e514738ad87ce89b6ecc6e51542/1161x832q8/Header.jpg,"25.186701, 55.246781",EN,N/A,https://cdn.opr.ae/brochures/canal-front-residences.pdf,60/40 Payment Plan,N/A,N/A,N/A,N/A,Waterfront Living,Q4 2024,60/40 Payment Plan,N/A,Error,https://opr.ae/ar/projects/canal-front-residences-meydan-for-sale-in-dubai
https://youtu.be/6TByAMO-9lQ,https://opr.ae/projects/emaar-park-field-dubai-hills-estate-apartments-and-townhouses-for-sale,Emaar Park Field,Emaar,Dubai Hills Estate,"Apartments, Townhouses",1060000,https://i.1.creatium.io/0c/b5/20/da09f33e9c8b6a933ad7f4a1ba38b224dc/1161x832q5/header.jpg,"25.129182, 55.278959",EN,N/A,https://cdn.opr.ae/brochures/park-field.pdf,70/30 Payment Plan,N/A,N/A,N/A,N/A,Green Nature Living,Q4 2025,70/30 Payment Plan,N/A,Error,Error
https://youtu.be/Q_Mtf4kNXaI,https://opr.ae/projects/wasl-1-residences-for-sale-in-zabeel-park-dubai,Wasl 1 Residences,wasl,Zabeel,Apartments,1330285,https://i.1.creatium.io/be/e1/d0/d2251f4ed0046de196f6c25bf09e41f00f/1161x832q5/header.jpg,"25.232659, 55.295381",EN,N/A,https://cdn.opr.ae/brochures/wasl1.pdf,20/80 Payment Plan,N/A,N/A,N/A,N/A,Dubai Luxury Living,Completed,20/80 Payment Plan,N/A,https://opr.ae/ru/projects/wasl-1-residences-for-sale-in-zabeel-park-dubai,https://opr.ae/ar/projects/wasl-1-residences-for-sale-in-zabeel-park-dubai
https://youtu.be/TiZwh8Da7b8,https://opr.ae/projects/the-paragon-by-igo-business-bay-dubai-apartments-for-sale,IGO The Paragon Business Bay,IGO,Business Bay,Apartments,845000,https://i.1.creatium.io/7b/26/ac/660a79b50b043a0ebd9dd7b975faad52bf/the_paragon_by_igo_business_bay_dubai_photos_3.jpg,"25.180484, 55.273828",EN,N/A,https://cdn.opr.ae/brochures/igo-paragon.pdf,Attractive Payment Plans,50% DLD Fees Waiver,N/A,N/A,N/A,"Waterfront Living, Dubai Luxury Living",Q1 2025,Attractive Payment Plans,N/A,Error,https://opr.ae/ar/projects/the-paragon-by-igo-business-bay-dubai-apartments-for-sale
https://youtu.be/cikUrBr98xQ,https://opr.ae/projects/select-group-xlv-residence-villa-in-emirates-hills-dubai-for-sale,XLV Residence,Select Group,Emirates Hills,Villas,225000000,https://i.1.creatium.io/82/22/07/43dd92c6277751755a8ecffec8f1a51d91/header.jpg,"25.068997, 55.175404",EN,N/A,https://cdn.opr.ae/brochures/xlv.pdf,N/A,N/A,N/A,N/A,N/A,"Dubai Luxury Living, Green Nature Living",Q4 2024,N/A,N/A,Error,https://opr.ae/ar/projects/select-group-xlv-residence-villa-in-emirates-hills-dubai-for-sale
https://youtu.be/czrSvb0LgBA,https://opr.ae/projects/marriott-residences-jvc-dubai-for-sale-in-dubai,Marriott Residences JVC Dubai,Khamas Group of Investments Co's,Jumeirah Village Circle (JVC),Apartments,800000,https://i.1.creatium.io/ac/34/1f/1731940c8323307fe51d155e92c3a71fe3/header.jpg,"25.060244, 55.219919",EN,https://my.matterport.com/show/?m=r1tafsZk2i4&play=1&brand=0&help=0&mls=0&qs=0&title=0&hl=0,https://cdn.opr.ae/brochures/marriott-jvc.pdf,N/A,N/A,N/A,N/A,N/A,"Dubai Luxury Living, Green Nature Living",Q2 2023,N/A,N/A,Error,Error
https://youtu.be/EEsyHqLRpRw,https://opr.ae/projects/emaar-the-valley-orania-for-sale-in-dubai,Emaar The Valley Orania Townhouses,Emaar,Emaar The Valley,Townhouses,1528888,https://i.1.creatium.io/9a/2c/c4/379bb0a4b929fee49226396321518e88a1/1161x832q5/header.jpg,"25.023633, 55.444648",EN,N/A,https://cdn.opr.ae/brochures/the-valley-orania.pdf,50/50 Payment Plan,N/A,N/A,N/A,N/A,Green Nature Living,Q4 2025,50/50 Payment Plan,N/A,Error,https://opr.ae/ar/projects/emaar-the-valley-orania-for-sale-in-dubai
https://youtu.be/ny91U9Z9cO0,https://opr.ae/projects/nshama-shams-townhouses-in-town-square-dubai-for-sale,NSHAMA Shams Townhouses,NSHAMA,Town Square Dubai,Townhouses,1620888,https://i.1.creatium.io/48/68/65/7b69a72f1fa3b18e11a491b51dbb5f7dd6/nshama_shams_townhouses_town_square_dubai_1.jpg,"25.007455, 55.292086",EN,N/A,https://cdn.opr.ae/brochures/nshama-shams.pdf,50/50 Payment Plan,N/A,N/A,N/A,N/A,Green Nature Living,Q3 2024,50/50 Payment Plan,N/A,Error,https://opr.ae/ar/projects/nshama-shams-townhouses-in-town-square-dubai-for-sale
N/A,https://opr.ae/projects/nshama-reem-townhouses-for-sale-in-town-square-dubai,NSHAMA Reem Townhouses,NSHAMA,Town Square Dubai,Townhouses,1648888,https://437e81e1-5ed1-4d53-bed7-e6f8d97dcc9b.selcdn.net/1f/32/71/99c2eb851f7a53b01c58c29e06cbe8b130/1920x809q5/Last-Photo.jpg,"25.010518, 55.290093",EN,N/A,https://cdn.opr.ae/brochures/nshama-reem.pdf,50/50 Payment Plan,N/A,N/A,N/A,N/A,Green Nature Living,Completed,50/50 Payment Plan,N/A,https://opr.ae/ru/projects/nshama-reem-townhouses-for-sale-in-town-square-dubai,https://opr.ae/ar/projects/nshama-reem-townhouses-for-sale-in-town-square-dubai
https://youtu.be/B7JK9Uk5pYo,https://opr.ae/projects/nshama-naseem-townhouses-for-sale-in-town-square-dubai,NSHAMA Naseem Townhouses,NSHAMA,Town Square Dubai,Townhouses,1699888,https://i.1.creatium.io/cd/d1/66/1e51bff50b3ff30096b6ce1398bfc777e0/header.jpg,"25.015675, 55.283830",EN,N/A,https://cdn.opr.ae/brochures/nshama-naseem.pdf,N/A,N/A,N/A,N/A,N/A,Green Nature Living,Completed,N/A,N/A,https://opr.ae/ru/projects/nshama-naseem-townhouses-for-sale-in-town-square-dubai,https://opr.ae/ar/projects/nshama-naseem-townhouses-for-sale-in-town-square-dubai
N/A,https://opr.ae/projects/nshama-sama-townhouses-for-sale-in-town-square-dubai,NSHAMA Sama Townhouses,NSHAMA,Town Square Dubai,Townhouses,1620888,https://i.1.creatium.io/e0/bc/8f/4e2c2955fd1b8e39a3ea43584f25e0f761/header.jpg,"25.000228, 55.290676",EN,N/A,https://cdn.opr.ae/brochures/nshama-sama.pdf,N/A,N/A,N/A,N/A,N/A,Green Nature Living,Completed,N/A,N/A,https://opr.ae/ru/projects/nshama-sama-townhouses-for-sale-in-town-square-dubai,https://opr.ae/ar/projects/nshama-sama-townhouses-for-sale-in-town-square-dubai
N/A,https://opr.ae/projects/nshama-safi-townhouses-town-square-dubai-for-sale,NSHAMA Safi Townhouses,NSHAMA,Town Square Dubai,Townhouses,1230888,https://i.1.creatium.io/ea/13/7e/f900acd10c0ee8b5511adaefe1626e3142/1161x832q5/header.jpg,"25.012298, 55.286017",EN,N/A,https://cdn.opr.ae/brochures/nshama-safi.pdf,N/A,N/A,N/A,N/A,N/A,Green Nature Living,Completed,N/A,N/A,https://opr.ae/ru/projects/nshama-safi-townhouses-town-square-dubai-for-sale,https://opr.ae/ar/projects/nshama-safi-townhouses-town-square-dubai-for-sale
N/A,https://opr.ae/projects/nshama-noor-townhouses-for-sale-in-town-square-dubai,NSHAMA Noor Townhouses,NSHAMA,Town Square Dubai,Townhouses,1600000,https://i.1.creatium.io/43/c3/d7/886ac9e2e785527e1e78321bef0d59fa15/header.jpg,"24.996233, 55.296126",EN,N/A,https://cdn.opr.ae/brochures/nshama-noor.pdf,N/A,N/A,N/A,N/A,N/A,Green Nature Living,Completed,N/A,N/A,https://opr.ae/ru/projects/nshama-noor-townhouses-for-sale-in-town-square-dubai,https://opr.ae/ar/projects/nshama-noor-townhouses-for-sale-in-town-square-dubai
N/A,https://opr.ae/projects/nshama-hayat-townhouses-for-sale-in-town-square-dubai,NSHAMA Hayat Townhouses,NSHAMA,Town Square Dubai,Townhouses,1549000,https://i.1.creatium.io/9a/24/c3/68dcb4d0f52f28061d01c287f0dfba4a68/1161x832q5/header.jpg,"25.002373, 55.298533",EN,N/A,https://cdn.opr.ae/brochures/nshama-hayat-townhouses.pdf,N/A,N/A,N/A,N/A,N/A,Green Nature Living,Completed,N/A,N/A,https://opr.ae/ru/projects/nshama-hayat-townhouses-for-sale-in-town-square-dubai,https://opr.ae/ar/projects/nshama-hayat-townhouses-for-sale-in-town-square-dubai
N/A,https://opr.ae/projects/nshama-hayat-boulevard-apartments-for-sale-in-town-square-dubai,NSHAMA Hayat Boulevard Apartments,NSHAMA,Town Square Dubai,Apartments,350000,https://i.1.creatium.io/96/1f/52/68781c60df4b104ff3c99c5cbf37fb1f6c/header.jpg,"25.00479, 55.29639",EN,N/A,https://cdn.opr.ae/brochures/nshama-hayat-boulevard.pdf,63 Months Payment Plan,N/A,N/A,N/A,N/A,Green Nature Living,Completed,63 Months Payment Plan,N/A,https://opr.ae/ru/projects/nshama-hayat-boulevard-apartments-for-sale-in-town-square-dubai,https://opr.ae/ar/projects/nshama-hayat-boulevard-apartments-for-sale-in-town-square-dubai
N/A,https://opr.ae/projects/nshama-zahra-townhouses-in-town-square-dubai-for-sale,NSHAMA Zahra Townhouses,NSHAMA,Town Square Dubai,Townhouses,1600000,https://i.1.creatium.io/01/6a/72/1d3de4b7d4e290f61f5f5a5dbae5785a2f/nshama_zahra_townhouses_photos_3.jpg,"25.008010, 55.293188",EN,N/A,https://cdn.opr.ae/brochures/nshama-zahra-townhouses.pdf,N/A,N/A,N/A,N/A,N/A,Green Nature Living,Completed,N/A,N/A,https://opr.ae/ru/projects/nshama-zahra-townhouses-in-town-square-dubai-for-sale,https://opr.ae/ar/projects/nshama-zahra-townhouses-in-town-square-dubai-for-sale
N/A,https://opr.ae/projects/nshama-zahra-breeze-apartments-for-sale-in-town-square-dubai,NSHAMA Zahra Breeze Apartments,NSHAMA,Town Square Dubai,Apartments,778888,https://i.1.creatium.io/a5/e5/05/027ca01c671cc2259ea7e974025da76b12/header.jpg,"25.005915, 55.295343",EN,N/A,https://cdn.opr.ae/brochures/zahra-breeze.pdf,63 Months Payment Plan,N/A,N/A,N/A,N/A,Green Nature Living,Completed,63 Months Payment Plan,N/A,https://opr.ae/ru/projects/nshama-zahra-breeze-apartments-for-sale-in-town-square-dubai,https://opr.ae/ar/projects/nshama-zahra-breeze-apartments-for-sale-in-town-square-dubai
N/A,https://opr.ae/projects/nshama-zahra-apartments-in-town-square-dubai-for-sale,NSHAMA Zahra Apartments,NSHAMA,Town Square Dubai,Apartments,700000,https://i.1.creatium.io/59/1a/17/e75ceb88fcaa446dfdfe746a3835d70776/1161x832q5/header.jpg,"25.010365, 55.290097",EN,N/A,https://cdn.opr.ae/brochures/zahra-apartments.pdf,63 Months Payment Plan,N/A,N/A,N/A,N/A,Green Nature Living,Completed,63 Months Payment Plan,N/A,https://opr.ae/ru/projects/nshama-zahra-apartments-in-town-square-dubai-for-sale,https://opr.ae/ar/projects/nshama-zahra-apartments-in-town-square-dubai-for-sale
N/A,https://opr.ae/projects/nshama-warda-apartments-for-sale-in-town-square-dubai,NSHAMA Warda Apartments,NSHAMA,Town Square Dubai,Apartments,948888,https://i.1.creatium.io/2b/6b/d7/9da5d1d9f4ccdb292f43822c860c7d5e01/1161x832q5/header.jpg,"25.003976, 55.293028",EN,N/A,https://cdn.opr.ae/brochures/nshama-warda.pdf,63 Months Payment Plan,N/A,N/A,N/A,N/A,Green Nature Living,Completed,63 Months Payment Plan,N/A,https://opr.ae/ru/projects/nshama-warda-apartments-for-sale-in-town-square-dubai,https://opr.ae/ar/projects/nshama-warda-apartments-for-sale-in-town-square-dubai
N/A,https://opr.ae/projects/nshama-una-apartments-for-sale-in-town-square-dubai,NSHAMA Una Apartments,NSHAMA,Town Square Dubai,Apartments,555000,https://i.1.creatium.io/98/06/3e/017e3b487ce9818401f1a40bc28e661580/nshama_una_1.jpg,"25.003984, 55.285955",EN,N/A,https://cdn.opr.ae/brochures/nshama-una.pdf,3 Years Payment Plan,N/A,N/A,N/A,N/A,Green Nature Living,Completed,3 Years Payment Plan,N/A,https://opr.ae/ru/projects/nshama-una-apartments-for-sale-in-town-square-dubai,https://opr.ae/ar/projects/nshama-una-apartments-for-sale-in-town-square-dubai
N/A,https://opr.ae/projects/nshama-safi-town-square-dubai-apartments-for-sale,NSHAMA Safi Apartments,NSHAMA,Town Square Dubai,Apartments,520000,https://i.1.creatium.io/a2/ca/b6/1ed544b35814be8304ac36b73fcd9453a8/1161x832q5/header.jpg,"25.011676, 55.288764",EN,N/A,https://cdn.opr.ae/brochures/nshama-safi-apartments.pdf,3 Years Payment Plan,N/A,N/A,N/A,N/A,Green Nature Living,Completed,3 Years Payment Plan,N/A,https://opr.ae/ru/projects/nshama-safi-town-square-dubai-apartments-for-sale,https://opr.ae/ar/projects/nshama-safi-town-square-dubai-apartments-for-sale
N/A,https://opr.ae/projects/nshama-jenna-town-square-dubai-apartments-for-sale,NSHAMA Jenna Apartments,NSHAMA,Town Square Dubai,Apartments,540000,https://cdn.opr.ae/icons/Jenna.jpg,"25.004463, 55.292776",EN,N/A,https://cdn.opr.ae/brochures/nshama-jenna.pdf,63 Months Payment Plan,N/A,N/A,N/A,N/A,Green Nature Living,Completed,63 Months Payment Plan,N/A,https://opr.ae/ru/projects/nshama-jenna-town-square-dubai-apartments-for-sale,https://opr.ae/ar/projects/nshama-jenna-town-square-dubai-apartments-for-sale
N/A,https://opr.ae/projects/nshama-rawda-apartments-for-sale-in-town-square-dubai,NSHAMA Rawda Apartments,NSHAMA,Town Square Dubai,Apartments,600000,https://i.1.creatium.io/bb/c4/34/f3eab38b23ed6e47ffaf7aa9409c163f1b/header.jpg,"25.004463, 55.292701",EN,N/A,https://cdn.opr.ae/brochures/nshama-rawda.pdf,36 Months Payment Plan,N/A,N/A,N/A,N/A,Green Nature Living,Completed,36 Months Payment Plan,N/A,https://opr.ae/ru/projects/nshama-rawda-apartments-for-sale-in-town-square-dubai,https://opr.ae/ar/projects/nshama-rawda-apartments-for-sale-in-town-square-dubai
N/A,https://opr.ae/projects/deyaar-tria-in-dubai-silicon-oasis-apartments-for-sale,Deyaar Tria,Deyaar,Dubai Silicon Oasis,Apartments,518000,https://i.1.creatium.io/ae/a8/34/6f8950d1c39fa4d16fdd2b0ca922939e63/deyaar_atria.jpg,"25.124644, 55.372719",EN,N/A,https://cdn.opr.ae/brochures/tria.pdf,70/30 3 Years Post-Handover,N/A,N/A,N/A,N/A,"Dubai Luxury Living, Green Nature Living",Q2 2025,70/30 3 Years Post-Handover,N/A,Error,Error
https://youtu.be/4lIUmihYpnU,https://opr.ae/projects/madinat-jumeirah-living-mjl-al-jazi-apartments-for-sale-in-dubai-by-meraas,Al Jazi at Madinat Jumeirah Living (MJL),Meraas,Madinat Jumeirah,Apartments,1410000,https://i.1.creatium.io/20/52/3f/d2ebece134405a244784ba0e602c6957ec/header.jpg,"25.137556, 55.189028",EN,https://mjl.dubaiholding.com/virtual_tour/mjl/,https://cdn.opr.ae/brochures/mjl-al-jazi.pdf,50/50 Payment Plan,N/A,N/A,N/A,N/A,Dubai Luxury Living,Q3 2025,50/50 Payment Plan,N/A,https://opr.ae/ru/projects/madinat-jumeirah-living-mjl-al-jazi-apartments-for-sale-in-dubai-by-meraas,https://opr.ae/ar/projects/madinat-jumeirah-living-mjl-al-jazi-apartments-for-sale-in-dubai-by-meraas
https://youtu.be/7W_c95c_P-c,https://opr.ae/projects/one-zabeel-apartments-for-sale-by-ithra-dubai,Ithra One Zaabeel,Ithra,Zabeel,Apartments,3900000,https://i.1.creatium.io/1d/bd/8a/769326994a8813c629c4f6e67fc1ed6aec/1161x832q5/Header.jpg,"25.227609, 55.291370",EN,N/A,https://cdn.opr.ae/brochures/one-zaabeel.pdf,50/50 Payment Plan,N/A,N/A,N/A,N/A,Dubai Luxury Living,Q4 2023,50/50 Payment Plan,N/A,https://opr.ae/ru/projects/one-zabeel-apartments-for-sale-by-ithra-dubai,https://opr.ae/ar/projects/one-zabeel-apartments-for-sale-by-ithra-dubai
https://youtu.be/-LtnByI1qxY,https://opr.ae/projects/damac-lagoons-townhouses-in-dubai/malta,DAMAC Lagoons Malta,DAMAC,DAMAC Lagoons,Townhouses,1830000,https://i.1.creatium.io/a6/56/07/7f1d05ca24fe2a83435497bde403f362f0/header.jpg,"25.018306, 55.236655",EN,https://www.damacproperties.com/en/vr/portofino/,https://cdn.opr.ae/brochures/damac-lagoons.pdf,80/20 Payment Plan,N/A,N/A,N/A,N/A,"Beachfront Living, Green Nature Living, Near Golf Course",Q4 2024,80/20 Payment Plan,N/A,Error,Error
https://youtu.be/aVEw5hX3D5E,https://opr.ae/projects/damac-lagoons-townhouses-in-dubai/venice,DAMAC Lagoons Venice,DAMAC,DAMAC Lagoons,Villas,4800000,https://i.1.creatium.io/02/37/e2/0a348febff2b8c93dfea1121622a1f308a/header.jpg,"25.018306, 55.236655",EN,https://www.damacproperties.com/en/vr/portofino/,https://cdn.opr.ae/brochures/damac-lagoons.pdf,80/20 Payment Plan,N/A,N/A,N/A,N/A,"Beachfront Living, Green Nature Living, Near Golf Course",Q4 2024,80/20 Payment Plan,N/A,Error,Error
https://youtu.be/aVEw5hX3D5E,https://opr.ae/projects/raffles-the-palm-dubai-villas-on-palm-jumeirah-for-sale,Raffles The Palm Dubai Villas,Raffles,Palm Jumeirah,Villas,52100000,https://i.1.creatium.io/f4/17/f6/6fb748b6f3c7001844a7e3ed12fccfbb9f/1161x832q5/header.jpg,"25.110580, 55.109782",EN,N/A,https://cdn.opr.ae/brochures/raffles-villas.pdf,N/A,N/A,N/A,N/A,N/A,"Dubai Luxury Living, Beachfront Living, Waterfront Living",Completed,N/A,N/A,https://opr.ae/ru/projects/raffles-the-palm-dubai-villas-on-palm-jumeirah-for-sale,Error
N/A,https://opr.ae/projects/reportage-properties-verdana-townhouses-in-dubai-investments-park-for-sale,Reportage Verdana Townhouses,Reportage Properties,Dubai Investments Park,Townhouses,1895000,https://i.1.creatium.io/3d/94/c3/183bc79bbcb4f92058697b3d6e2b6711bd/header.jpg,"24.990284, 55.180492",EN,N/A,https://cdn.opr.ae/brochures/verdana.pdf,N/A,N/A,N/A,N/A,N/A,Green Nature Living,Q4 2024,N/A,N/A,Error,Error
https://youtu.be/KDsTGUlWUek,https://opr.ae/projects/nakheel-tilal-al-furjan-villas-for-sale-in-dubai,Nakheel Tilal Al Furjan Villas,Nakheel,Tilal Al Furjan,Villas,2900000,https://437e81e1-5ed1-4d53-bed7-e6f8d97dcc9b.selcdn.net/b0/79/8b/1eefd8708615ce65ee41d46c27a89c56e2/1161x832q5/header.jpg,"25.029188, 55.144490",EN,N/A,https://cdn.opr.ae/brochures/tilal-al-furjan.pdf,50/50 Payment Plan,N/A,N/A,N/A,N/A,Green Nature Living,Q4 2024,50/50 Payment Plan,N/A,Error,https://opr.ae/ar/projects/nakheel-tilal-al-furjan-villas-for-sale-in-dubai
https://youtu.be/c6JhSwpn2Xs,https://opr.ae/projects/danube-elz-arjan-apartments-for-sale-in-dubai,Danube Elz,Danube,Arjan,Apartments,420000,https://i.1.creatium.io/8c/ca/f0/dc85ef0dc9391bed9b1ec26c2dc0aae156/header.jpg,"25.060510, 55.238278",EN,N/A,https://cdn.opr.ae/brochures/danube-elz.pdf,N/A,N/A,N/A,N/A,N/A,Green Nature Living,Completed,N/A,N/A,https://opr.ae/ru/projects/danube-elz-arjan-apartments-for-sale-in-dubai,https://opr.ae/ar/projects/danube-elz-arjan-apartments-for-sale-in-dubai
N/A,https://opr.ae/projects/danube-resortz-arjan-apartments-for-sale-in-dubai,Danube Resortz,Danube,Arjan,Apartments,420000,https://i.1.creatium.io/4f/97/29/1ee73e82b6425fb3882c426ed7ecfda449/1161x832q5/header.jpg,"25.062000, 55.233034",EN,N/A,https://cdn.opr.ae/brochures/danube-resortz.pdf,N/A,N/A,N/A,N/A,N/A,N/A,Completed,N/A,N/A,https://opr.ae/ru/projects/danube-resortz-arjan-apartments-for-sale-in-dubai,https://opr.ae/ar/projects/danube-resortz-arjan-apartments-for-sale-in-dubai
N/A,https://opr.ae/projects/danube-gemz-apartments-for-sale-in-dubai-al-furjan,Danube Gemz,Danube,Al Furjan,Apartments,550000,https://i.1.creatium.io/36/eb/e6/a77c793f2d08def6d1a33a770d9254e003/1161x832q5/header.jpg,"25.060504, 55.142323",EN,N/A,https://cdn.opr.ae/brochures/danube-gemz.pdf,60/40 Post-Handover,N/A,N/A,N/A,N/A,N/A,Q1 2025,60/40 Post-Handover,N/A,Error,Error
N/A,https://opr.ae/projects/danube-starz-apartments-for-sale-in-dubai-al-furjan,Danube Starz,Danube,Al Furjan,Apartments,400000,https://i.1.creatium.io/c6/34/c7/099f1ae802ff7906b5bdba410768741074/1161x832q5/header.jpg,"25.031965, 55.140527",EN,N/A,https://cdn.opr.ae/brochures/danube-starz.pdf,N/A,N/A,N/A,N/A,N/A,N/A,Completed,N/A,N/A,https://opr.ae/ru/projects/danube-starz-apartments-for-sale-in-dubai-al-furjan,https://opr.ae/ar/projects/danube-starz-apartments-for-sale-in-dubai-al-furjan
N/A,https://opr.ae/projects/danube-bayz-apartments-for-sale-in-business-bay-dubai,Danube Bayz,Danube,Business Bay,Apartments,500000,https://i.1.creatium.io/86/9e/f5/eb8882a4e5ff45c4949c25cfc28969f598/11.jpg,"25.180856, 55.279249",EN,N/A,https://cdn.opr.ae/brochures/danube-bayz.pdf,N/A,N/A,N/A,N/A,N/A,Waterfront Living,Completed,N/A,N/A,https://opr.ae/ru/projects/danube-bayz-apartments-for-sale-in-business-bay-dubai,https://opr.ae/ar/projects/danube-bayz-apartments-for-sale-in-business-bay-dubai
N/A,https://opr.ae/projects/emaar-orchid-creek-beach-in-dubai-creek-harbour-apartments-for-sale,Emaar Orchid Creek Beach,Emaar,Dubai Creek Harbour,Apartments,1150000,https://i.1.creatium.io/mig2/827f23134b42b37b54881e365bade00e6f/1161x832q5/header.jpg,"25.202800, 55.350903",EN,N/A,https://cdn.opr.ae/brochures/orchid.pdf,70/30 Payment Plan,N/A,N/A,N/A,N/A,"Beachfront Living, Waterfront Living",Q3 2025,70/30 Payment Plan,N/A,Error,https://opr.ae/ar/projects/emaar-orchid-creek-beach-in-dubai-creek-harbour-apartments-for-sale
https://youtu.be/yylrZ0m4c9g,https://opr.ae/projects/mag-city-central-parks-for-sale-in-dubai-mbr-city,MAG Central City Parks Townhouses,MAG,MBR City,Townhouses,8588000,https://i.1.creatium.io/08/14/56/9979fabe599fdbdd7106a3a5110307cfef/Mag-City-Parks-Dubai-Villas-Townhouses-1.jpg,"25.143963, 55.286225",EN,N/A,N/A,40/60 Payment Plan,N/A,N/A,N/A,N/A,Green Nature Living,Q1 2026,40/60 Payment Plan,N/A,Error,Error
N/A,https://opr.ae/projects/sobha-hartland-crest-grande-apartments-for-sale-in-mbr-city-dubai,Sobha Hartland Crest Grande,Sobha,Sobha Hartland,Apartments,1649500,https://i.1.creatium.io/a1/80/2b/01666f7fba92d6f0b7578d5e8d67e4026f/1161x832q5/header.jpg,"25.177750, 55.314868",EN,N/A,https://cdn.opr.ae/brochures/crest-grande.pdf,60/40 2 Years Post-Handover,N/A,N/A,N/A,N/A,"Green Nature Living, Waterfront Living, Beachfront Living",Q1 2025,60/40 2 Years Post-Handover,N/A,Error,https://opr.ae/ar/projects/sobha-hartland-crest-grande-apartments-for-sale-in-mbr-city-dubai
https://youtu.be/QeznbF9pxKg,https://opr.ae/projects/emaar-south-expo-golf-villas-dubai,Emaar South Expo Golf Villas 6,Emaar,Emaar South,Villas,1470000,https://i.1.creatium.io/b7/54/84/5e5aeb2c53f3744635a8a7c77b2412c706/1161x832q5/header.jpg,"24.858769, 55.154613",EN,N/A,https://cdn.opr.ae/brochures/expo-golf-villas.pdf,70/30 4 Years Payment Plan,N/A,N/A,N/A,N/A,"Green Nature Living, Near Golf Course",Q4 2025,70/30 4 Years Payment Plan,N/A,Error,https://opr.ae/ar/projects/emaar-south-expo-golf-villas-dubai
https://youtu.be/zAL-PaeTbMs,https://opr.ae/projects/emaar-lotus-creek-beach-in-dubai-creek-harbour-apartments-for-sale,Emaar Lotus Creek Beach,Emaar,Dubai Creek Harbour,Apartments,1200000,https://437e81e1-5ed1-4d53-bed7-e6f8d97dcc9b.selcdn.net/10/1f/d0/c8a9e30de3646943b3d59971ac8c61438d/1161x832q5/header.jpg,"25.202586, 55.346144",EN,N/A,https://cdn.opr.ae/brochures/lotus.pdf,70/30 Payment Plan,N/A,N/A,N/A,N/A,"Beachfront Living, Waterfront Living",Q3 2025,70/30 Payment Plan,N/A,Error,https://opr.ae/ar/projects/emaar-lotus-creek-beach-in-dubai-creek-harbour-apartments-for-sale
https://youtu.be/T_Agl3oC3ak,https://opr.ae/projects/sobha-hartland-creek-vistas-grande-apartments-for-sale-in-dubai,Sobha Hartland Creek Vistas Grande,Sobha,Sobha Hartland,Apartments,1350000,https://437e81e1-5ed1-4d53-bed7-e6f8d97dcc9b.selcdn.net/63/89/e1/1d22f25c35a0a4ed5e0aa44197d54163c7/1161x832q5/header.jpg,"25.143575, 55.346836",EN,N/A,https://cdn.opr.ae/brochures/creek-vistas-grande.pdf,60/40 2 Years Post-Handover,N/A,N/A,N/A,N/A,"Dubai Luxury Living, Waterfront Living",Q2 2025,60/40 2 Years Post-Handover,N/A,Error,Error
https://youtu.be/4ad0a1GP0Ic,https://opr.ae/projects/ahad-residences-business-bay-for-sale-in-dubai,Ahad Residences,Ahad Group,Business Bay,Apartments,1216000,https://i.1.creatium.io/a4/3c/e0/0aa492f2e7507c4532429a308641be503d/header.jpg,"25.186552, 55.265686",EN,N/A,https://cdn.opr.ae/brochures/ahad.pdf,40/60 Payment Plan,N/A,N/A,N/A,N/A,Waterfront Living,Q2 2023,40/60 Payment Plan,N/A,Error,Error
https://youtu.be/UxvCHwLUHzE,https://opr.ae/projects/damac-safa-one-de-grisogono-for-sale-in-dubai,DAMAC Safa One by de GRISOGONO,DAMAC,Safa Park,Apartments,1600000,https://437e81e1-5ed1-4d53-bed7-e6f8d97dcc9b.selcdn.net/c7/21/f0/a53e5c1e71ed29fbd98fe0e85d5419745b/1161x832q5/header.jpg,"25.182267, 55.248434",EN,N/A,https://cdn.opr.ae/brochures/safa-one.pdf,75/25 Payment Plan,N/A,N/A,N/A,N/A,"Dubai Luxury Living, Waterfront Living",Q1 2026,75/25 Payment Plan,N/A,Error,https://opr.ae/ar/projects/damac-safa-one-de-grisogono-for-sale-in-dubai
https://youtu.be/4oEM6LDFIP0,https://opr.ae/projects/damac-cavalli-tower-apartments-for-sale-in-dubai-marina,DAMAC Cavalli Tower,DAMAC,Dubai Marina,Apartments,1750000,https://i.1.creatium.io/7c/9f/b4/190a856c5659eaf883144d441938efe1aa/DAMAC-Cavalli-Tower-Exteriors-3.jpg,"25.0922293, 55.1494034",EN,N/A,https://cdn.opr.ae/brochures/cavalli-tower.pdf,5 Years Payment Plan,50% DLD Fees Waiver,N/A,N/A,N/A,"Beachfront Living, Waterfront Living",Q4 2025,5 Years Payment Plan,N/A,https://opr.ae/ru/projects/damac-cavalli-tower-apartments-for-sale-in-dubai-marina,https://opr.ae/ar/projects/damac-cavalli-tower-apartments-for-sale-in-dubai-marina
https://youtu.be/2dCBSw2RoJo,https://opr.ae/projects/meraas-nad-al-sheba-gardens-townhouses-and-villas-for-sale-in-dubai,Meraas Nad Al Sheba Gardens,Meraas,Nad Al Sheba,"Townhouses, Villas",3200000,https://437e81e1-5ed1-4d53-bed7-e6f8d97dcc9b.selcdn.net/5b/43/b5/406812fe8bd1518ed606ac107dad0c3c3f/1161x832q5/header.jpg,"25.137295, 55.312469",EN,N/A,https://cdn.opr.ae/brochures/nad-al-sheba-gardens.pdf,50/50 Payment Plan,50% DLD Fees Waiver,N/A,N/A,N/A,Green Nature Living,Q2 2025,50/50 Payment Plan,N/A,Error,https://opr.ae/ar/projects/meraas-nad-al-sheba-gardens-townhouses-and-villas-for-sale-in-dubai
N/A,https://opr.ae/projects/meraas-port-de-la-mer,Meraas Port De La Mer,Meraas,Port De La Mer,Apartments,1700000,"https://i.1.creatium.io/e2/2c/07/ad899fb596edce3a1109d8f93782de3d55/1%20Meraas%20Port%20De%20La%20Mer%20La%20Sirene.jpg#%7B%22size%22:%5B1920,1000%5D,%22quality%22:5%7D","25.240716, 55.251283",EN,https://360.visengine.com/meraas_vrt2/v8/?utm_campaign=20200324_MRE_BROKERS_VIRTUAL_EXPERIENCE_07,https://cdn.opr.ae/brochures/le-ciel.pdf,50/50 Payment Plan,N/A,N/A,N/A,N/A,"Dubai Luxury Living, Waterfront Living",Q1 2023,50/50 Payment Plan,N/A,https://opr.ae/ru/projects/meraas-port-de-la-mer,https://opr.ae/ar/projects/meraas-port-de-la-mer
https://youtu.be/W__ifMyDzyg,https://opr.ae/projects/omniyat-ava-at-palm-jumeirah-for-sale-in-dubai,Omniyat AVA at Palm Jumeirah,Omniyat,Palm Jumeirah,"Apartments, Penthouses",60000000,https://437e81e1-5ed1-4d53-bed7-e6f8d97dcc9b.selcdn.net/64/16/18/69112caadf923569ac2213a86b1663acd0/1161x832q8/header.jpg,"25.105881, 55.146331",EN,N/A,https://cdn.opr.ae/brochures/ava.pdf,50/50 Payment Plan,N/A,N/A,N/A,N/A,"Dubai Luxury Living, Beachfront Living, Waterfront Living",Q4 2025,50/50 Payment Plan,N/A,https://opr.ae/ru/projects/omniyat-ava-at-palm-jumeirah-for-sale-in-dubai,https://opr.ae/ar/projects/omniyat-ava-at-palm-jumeirah-for-sale-in-dubai
https://youtu.be/UJk1bcOJMQU,https://opr.ae/projects/azizi-riviera-beachfront-meydan-apartments-for-sale-in-mbr-city-dubai,Azizi Riviera Beachfront,Azizi,MBR City,Apartments,720000,https://i.1.creatium.io/6e/08/58/f2ca69641008aba203cde6fafc861b7889/1161x832q5/header.jpg,"25.174417, 55.311232",EN,N/A,https://cdn.opr.ae/brochures/riviera-beachfront.pdf,4 Years Zero Service Charges,N/A,N/A,N/A,N/A,"Dubai Luxury Living, Beachfront Living, Waterfront Living",Q3 2023,4 Years Zero Service Charges,N/A,Error,https://opr.ae/ar/projects/azizi-riviera-beachfront-meydan-apartments-for-sale-in-mbr-city-dubai
https://youtu.be/o5X8Jv4ErcA,https://opr.ae/projects/mag-mbl-royal-residence-for-sale-jumeirah-lake-towers-jlt-dubai,MAG MBL Royal Residence,MAG,Jumeirah Lake Towers (JLT),Apartments,1187000,https://437e81e1-5ed1-4d53-bed7-e6f8d97dcc9b.selcdn.net/97/80/1f/9fd3c3d6ed544fd8a02040310eda4c1690/1161x832q5/header.jpg,"25.067408, 55.139719",EN,N/A,https://cdn.opr.ae/brochures/mbl.pdf,40/60 Payment Plan,N/A,N/A,N/A,N/A,Dubai Luxury Living,Q4 2024,40/60 Payment Plan,N/A,Error,Error
N/A,https://opr.ae/projects/ellington-berkeley-place-meydan-apartments-for-sale-in-dubai,Ellington Berkeley Place Meydan,Ellington Properties,MBR City,Apartments,992828,https://437e81e1-5ed1-4d53-bed7-e6f8d97dcc9b.selcdn.net/12/f2/ae/1d69b0ab43e56a197a30e8c3eeed2012c4/1161x832q8/header.jpg,"25.178719, 55.311014",EN,N/A,https://cdn.opr.ae/brochures/berkeley-place.pdf,50/50 Payment Plan,N/A,N/A,N/A,N/A,"Dubai Luxury Living, Waterfront Living",Q4 2024,50/50 Payment Plan,N/A,Error,Error
https://youtu.be/bJUk991ZuTs,https://opr.ae/projects/millennium-binghatti-residence-business-bay-dubai-for-sale,Millennium Binghatti Residences,Binghatti,Business Bay,Apartments,1430000,https://i.1.creatium.io/7b/fe/6f/413cb486f133d9f5f4c3f30e62458403d2/header.jpg,"25.181046, 55.269173",EN,N/A,https://cdn.opr.ae/brochures/binghatti-millennium.pdf,50/50 Payment Plan,N/A,N/A,N/A,N/A,"Dubai Luxury Living, Waterfront Living",Completed,50/50 Payment Plan,N/A,https://opr.ae/ru/projects/millennium-binghatti-residence-business-bay-dubai-for-sale,https://opr.ae/ar/projects/millennium-binghatti-residence-business-bay-dubai-for-sale
N/A,https://opr.ae/projects/binghatti-canal-apartments-for-sale-in-business-bay-dubai,Binghatti Canal,Binghatti,Business Bay,Apartments,795000,https://cdn.opr.ae/icons/binghatti-canal-dubai.jpg,"25.186205, 55.286121",EN,N/A,https://cdn.opr.ae/icons/binghatti-canal.pdf,60/40 Payment Plan,N/A,N/A,N/A,N/A,Waterfront Living,Q2 2023,60/40 Payment Plan,N/A,Error,https://opr.ae/ar/projects/binghatti-canal-apartments-for-sale-in-business-bay-dubai
N/A,https://opr.ae/projects/binghatti-creek-apartments-for-sale-in-dubai-al-jaddaf,Binghatti Creek,Binghatti,Al Jaddaf,Apartments,660000,https://437e81e1-5ed1-4d53-bed7-e6f8d97dcc9b.selcdn.net/59/39/9b/7f67c1130afd6e82018974c186df599571/1161x832q5/header.jpg,"25.212564, 55.319213",EN,N/A,https://cdn.opr.ae/brochures/binghatti-creek.pdf,60/40 Payment Plan,N/A,N/A,N/A,N/A,"Dubai Luxury Living, Waterfront Living",Q1 2023,60/40 Payment Plan,N/A,Error,https://opr.ae/ar/projects/binghatti-creek-apartments-for-sale-in-dubai-al-jaddaf
https://youtu.be/DPycKs_CzZ8,https://opr.ae/projects/binghatti-sapphires-in-dubai-silicon-oasis-apartments-for-sale,Binghatti Sapphires,Binghatti,Dubai Silicon Oasis,Apartments,530000,https://i.1.creatium.io/38/0d/e6/0c6bdf603a4b45f5cfdb2ec952bf9b093b/header.jpg,"25.116434, 55.372575",EN,N/A,https://cdn.opr.ae/brochures/binghatti-sapphires.pdf,N/A,N/A,N/A,N/A,N/A,Green Nature Living,Completed,N/A,N/A,https://opr.ae/ru/projects/binghatti-sapphires-in-dubai-silicon-oasis-apartments-for-sale,https://opr.ae/ar/projects/binghatti-sapphires-in-dubai-silicon-oasis-apartments-for-sale
N/A,https://opr.ae/projects/binghatti-horizons-in-dubai-silicon-oasis-apartments-for-sale,Binghatti Horizons,Binghatti,Dubai Silicon Oasis,Apartments,530000,https://i.1.creatium.io/2d/01/fe/9bcf343d8423e6017d0d5f455f4e35f747/1161x832q5/header.jpg,"25.120490, 55.372671",EN,N/A,https://cdn.opr.ae/brochures/binghatti-horizons.pdf,N/A,N/A,N/A,N/A,N/A,Green Nature Living,Completed,N/A,N/A,https://opr.ae/ru/projects/binghatti-horizons-in-dubai-silicon-oasis-apartments-for-sale,https://opr.ae/ar/projects/binghatti-horizons-in-dubai-silicon-oasis-apartments-for-sale
N/A,https://opr.ae/projects/binghatti-diamonds-apartments-in-dubai-silicon-oasis-for-sale,Binghatti Diamonds,Binghatti,Dubai Silicon Oasis,Apartments,500000,https://i.1.creatium.io/38/0c/3b/3e7b2f5da0c64e1fc419c858e819511099/1161x832q5/header.jpg,"25.114101, 55.386703",EN,N/A,https://cdn.opr.ae/brochures/binghatti-diamonds.pdf,N/A,N/A,N/A,N/A,N/A,Green Nature Living,Completed,N/A,N/A,https://opr.ae/ru/projects/binghatti-diamonds-apartments-in-dubai-silicon-oasis-for-sale,https://opr.ae/ar/projects/binghatti-diamonds-apartments-in-dubai-silicon-oasis-for-sale
N/A,https://opr.ae/projects/binghatti-views-apartments-in-dubai-silicon-oasis-for-sale,Binghatti Views,Binghatti,Dubai Silicon Oasis,Apartments,350000,https://i.1.creatium.io/1b/a4/a8/7ba346b299ffa4ddd3a64dedb70155c3e3/1161x832q5/header.jpg,"25.123128, 55.375934",EN,N/A,https://cdn.opr.ae/brochures/binghatti-views.pdf,N/A,N/A,N/A,N/A,N/A,Green Nature Living,Completed,N/A,N/A,https://opr.ae/ru/projects/binghatti-views-apartments-in-dubai-silicon-oasis-for-sale,https://opr.ae/ar/projects/binghatti-views-apartments-in-dubai-silicon-oasis-for-sale
N/A,https://opr.ae/projects/binghatti-pearls-apartments-in-dubai-silicon-oasis-for-sale,Binghatti Pearls,Binghatti,Dubai Silicon Oasis,Apartments,530000,https://i.1.creatium.io/3b/31/fc/9aa4d2a3a61e7df9513d11117d2a100ac6/1161x832q5/header.jpg,"25.108226, 55.376645",EN,N/A,https://cdn.opr.ae/brochures/binghatti-pearls.pdf,N/A,N/A,N/A,N/A,N/A,Green Nature Living,Completed,N/A,N/A,https://opr.ae/ru/projects/binghatti-pearls-apartments-in-dubai-silicon-oasis-for-sale,https://opr.ae/ar/projects/binghatti-pearls-apartments-in-dubai-silicon-oasis-for-sale
N/A,https://opr.ae/projects/binghatti-stars-in-dubai-silicon-oasis-apartments-for-sale,Binghatti Stars,Binghatti,Dubai Silicon Oasis,Apartments,430000,https://i.1.creatium.io/17/85/10/8c41df1e50cdfd5fbfa29c5cfccbb0b67a/header.jpg,"25.112481, 55.375881",EN,N/A,https://cdn.opr.ae/brochures/binghatti-stars.pdf,N/A,N/A,N/A,N/A,N/A,Green Nature Living,Completed,N/A,N/A,Error,Error
N/A,https://opr.ae/projects/binghatti-platinum-in-dubai-silicon-oasis-apartments-for-sale,Binghatti Platinum,Binghatti,Dubai Silicon Oasis,Apartments,420000,https://i.1.creatium.io/32/3c/13/d164983afa31bcb7697c6cdd7ae7228f04/header.jpg,"25.114037, 55.387421",EN,N/A,https://cdn.opr.ae/brochures/binghatti-platinum.pdf,N/A,N/A,N/A,N/A,N/A,Green Nature Living,Completed,N/A,N/A,https://opr.ae/ru/projects/binghatti-platinum-in-dubai-silicon-oasis-apartments-for-sale,https://opr.ae/ar/projects/binghatti-platinum-in-dubai-silicon-oasis-apartments-for-sale
N/A,https://opr.ae/projects/binghatti-point-apartments-in-dubai-silicon-oasis-for-sale,Binghatti Point,Binghatti,Dubai Silicon Oasis,Apartments,510000,https://i.1.creatium.io/ce/f8/65/911dd67da5c04c179d3f6cc6a383ed0695/header.jpg,"25.121883, 55.372941",EN,N/A,https://cdn.opr.ae/brochures/binghatti-point.pdf,N/A,N/A,N/A,N/A,N/A,Green Nature Living,Completed,N/A,N/A,https://opr.ae/ru/projects/binghatti-point-apartments-in-dubai-silicon-oasis-for-sale,https://opr.ae/ar/projects/binghatti-point-apartments-in-dubai-silicon-oasis-for-sale
N/A,https://opr.ae/projects/binghatti-gardens-apartments-in-dubai-silicon-oasis-for-sale,Binghatti Gardens,Binghatti,Dubai Silicon Oasis,Apartments,450000,https://i.1.creatium.io/c7/14/78/6ca6a06472d42a50b88241d4503c90ff38/header.jpg,"25.124116, 55.377178",EN,N/A,https://cdn.opr.ae/brochures/binghatti-gardens.pdf,N/A,N/A,N/A,N/A,N/A,Green Nature Living,Completed,N/A,N/A,https://opr.ae/ru/projects/binghatti-gardens-apartments-in-dubai-silicon-oasis-for-sale,https://opr.ae/ar/projects/binghatti-gardens-apartments-in-dubai-silicon-oasis-for-sale
N/A,https://opr.ae/projects/binghatti-crystals-in-dubai-silicon-oasis-apartments-for-sale,Binghatti Crystals,Binghatti,Dubai Silicon Oasis,Apartments,400000,https://i.1.creatium.io/fc/6d/0c/e0cb2f9584695650cd84f8998f351bfb82/header.jpg,"25.107645, 55.378518",EN,N/A,https://cdn.opr.ae/brochures/binghatti-crystals.pdf,N/A,N/A,N/A,N/A,N/A,Green Nature Living,Completed,N/A,N/A,https://opr.ae/ru/projects/binghatti-crystals-in-dubai-silicon-oasis-apartments-for-sale,https://opr.ae/ar/projects/binghatti-crystals-in-dubai-silicon-oasis-apartments-for-sale
N/A,https://opr.ae/projects/binghatti-terraces-apartments-in-dubai-silicon-oasis-for-sale,Binghatti Terraces,Binghatti,Dubai Silicon Oasis,Apartments,Ask for Price,https://i.1.creatium.io/63/c2/f4/c0c79ab8bb5b372dc403a22280a650916f/1161x832q5/header.jpg,"25.125030, 55.401581",EN,N/A,https://cdn.opr.ae/brochures/binghatti-terraces.pdf,N/A,N/A,N/A,N/A,N/A,Green Nature Living,Completed,N/A,N/A,https://opr.ae/ru/projects/binghatti-terraces-apartments-in-dubai-silicon-oasis-for-sale,https://opr.ae/ar/projects/binghatti-terraces-apartments-in-dubai-silicon-oasis-for-sale
N/A,https://opr.ae/projects/binghatti-vista-apartments-in-dubai-silicon-oasis-for-sale,Binghatti Vista,Binghatti,Dubai Silicon Oasis,Apartments,Ask for Price,https://i.1.creatium.io/02/9d/3a/da817cd403dcbfb5e6b00bdec4a285e753/header.jpg,"25.121757, 55.373388",EN,N/A,https://cdn.opr.ae/brochures/binghatti-vista.pdf,N/A,N/A,N/A,N/A,N/A,Green Nature Living,Completed,N/A,N/A,https://opr.ae/ru/projects/binghatti-vista-apartments-in-dubai-silicon-oasis-for-sale,https://opr.ae/ar/projects/binghatti-vista-apartments-in-dubai-silicon-oasis-for-sale
N/A,https://opr.ae/projects/binghatti-residences-in-dubai-silicon-oasis-for-sale,Binghatti Residences,Binghatti,Dubai Silicon Oasis,Apartments,400000,https://i.1.creatium.io/4b/1d/88/2894620e8c1290c80efea2ffe61ac1b18e/1161x832q5/header.jpg,"25.125553, 55.402114",EN,N/A,https://cdn.opr.ae/brochures/binghatti-residences.pdf,N/A,N/A,N/A,N/A,N/A,Green Nature Living,Completed,N/A,N/A,https://opr.ae/ru/projects/binghatti-residences-in-dubai-silicon-oasis-for-sale,https://opr.ae/ar/projects/binghatti-residences-in-dubai-silicon-oasis-for-sale
N/A,https://opr.ae/projects/binghatti-apartments-in-dubai-silicon-oasis-for-sale,Binghatti Apartments,Binghatti,Dubai Silicon Oasis,Apartments,400000,https://i.1.creatium.io/6a/f7/6f/e368708a1489aaee208fec51b7444f814d/1161x832q5/header.jpg,"25.124196, 55.400052",EN,N/A,https://cdn.opr.ae/brochures/binghatti-apartments.pdf,N/A,N/A,N/A,N/A,N/A,Green Nature Living,Completed,N/A,N/A,https://opr.ae/ru/projects/binghatti-apartments-in-dubai-silicon-oasis-for-sale,https://opr.ae/ar/projects/binghatti-apartments-in-dubai-silicon-oasis-for-sale
N/A,https://opr.ae/projects/binghatti-jasmine-apartments-in-jumeirah-village-circle-jvc-for-sale-in-dubai,Binghatti Jasmine,Binghatti,Jumeirah Village Circle (JVC),Apartments,610000,https://i.1.creatium.io/37/29/3d/590653258f96f183a691761688284b3917/header.jpg,"25.057486, 55.197184",EN,N/A,https://cdn.opr.ae/brochures/binghatti-jasmine.pdf,N/A,N/A,N/A,N/A,N/A,Green Nature Living,Completed,N/A,N/A,https://opr.ae/ru/projects/binghatti-jasmine-apartments-in-jumeirah-village-circle-jvc-for-sale-in-dubai,https://opr.ae/ar/projects/binghatti-jasmine-apartments-in-jumeirah-village-circle-jvc-for-sale-in-dubai
N/A,https://opr.ae/projects/binghatti-gate-jvc-apartments-in-jumeirah-village-circle-for-sale-in-dubai,Binghatti Gate,Binghatti,Jumeirah Village Circle (JVC),Apartments,500000,https://i.1.creatium.io/ca/5e/d3/d0b6e1669c1d5b9b3f6ed5c263e161e2eb/header.jpg,"25.062864, 55.199351",EN,N/A,https://cdn.opr.ae/brochures/binghatti-gate.pdf,N/A,N/A,N/A,N/A,N/A,Green Nature Living,Completed,N/A,N/A,https://opr.ae/ru/projects/binghatti-gate-jvc-apartments-in-jumeirah-village-circle-for-sale-in-dubai,https://opr.ae/ar/projects/binghatti-gate-jvc-apartments-in-jumeirah-village-circle-for-sale-in-dubai
N/A,https://opr.ae/projects/binghatti-rose-jvc-apartments-in-jumeirah-village-circle-for-sale-in-dubai,Binghatti Rose,Binghatti,Jumeirah Village Circle (JVC),Apartments,610000,https://i.1.creatium.io/04/f5/bb/9c2ec6b73071688fbce7d1952150119fa9/header.jpg,"25.057894, 55.199158",EN,N/A,https://cdn.opr.ae/brochures/binghatti-rose.pdf,N/A,N/A,N/A,N/A,N/A,Green Nature Living,Completed,N/A,N/A,https://opr.ae/ru/projects/binghatti-rose-jvc-apartments-in-jumeirah-village-circle-for-sale-in-dubai,https://opr.ae/ar/projects/binghatti-rose-jvc-apartments-in-jumeirah-village-circle-for-sale-in-dubai
N/A,https://opr.ae/projects/binghatti-mirage-apartments-for-sale-in-jvc-jumeirah-village-circle-dubai,Binghatti Mirage,Binghatti,Jumeirah Village Circle (JVC),Apartments,540000,https://i.1.creatium.io/34/f8/80/cb9f236ad66d06bbf63bae9f37c677c5d6/header.jpg,"25.065182, 55.207637",EN,N/A,https://cdn.opr.ae/brochures/binghatti-mirage.pdf,50/50 Payment Plan,N/A,N/A,N/A,N/A,Green Nature Living,Q4 2022,50/50 Payment Plan,N/A,https://opr.ae/ru/projects/binghatti-mirage-apartments-for-sale-in-jvc-jumeirah-village-circle-dubai,https://opr.ae/ar/projects/binghatti-mirage-apartments-for-sale-in-jvc-jumeirah-village-circle-dubai
N/A,https://opr.ae/projects/binghatti-gems-apartments-in-jumeirah-village-circle-jvc-dubai,Binghatti Gems,Binghatti,Jumeirah Village Circle (JVC),Apartments,550000,https://i.1.creatium.io/2b/ca/1d/1eb7e0042bf23c123de2fc50317d79bad6/binghatti_gems_2.jpg,"25.054728, 55.220894",EN,N/A,https://cdn.opr.ae/brochures/binghatti-gems.pdf,51/49 Payment Plan,N/A,N/A,N/A,N/A,Green Nature Living,Q2 2023,51/49 Payment Plan,N/A,https://opr.ae/ru/projects/binghatti-gems-apartments-in-jumeirah-village-circle-jvc-dubai,https://opr.ae/ar/projects/binghatti-gems-apartments-in-jumeirah-village-circle-jvc-dubai
N/A,https://opr.ae/projects/binghatti-avenue-apartments-for-sale-in-al-jaddaf-dubai,Binghatti Avenue,Binghatti,Al Jaddaf,Apartments,650000,https://i.1.creatium.io/cd/0d/18/f8b18696dea47bc4353567751f6008e93d/1161x832q5/header.jpg,"25.212153, 55.316419",EN,N/A,https://cdn.opr.ae/brochures/binghatti-avenue.pdf,N/A,N/A,N/A,N/A,N/A,Green Nature Living,Completed,N/A,N/A,https://opr.ae/ru/projects/binghatti-avenue-apartments-for-sale-in-al-jaddaf-dubai,https://opr.ae/ar/projects/binghatti-avenue-apartments-for-sale-in-al-jaddaf-dubai
N/A,https://opr.ae/projects/binghatti-gateway-apartments-for-sale-in-al-jaddaf-dubai,Binghatti Gateway,Binghatti,Al Jaddaf,Apartments,680000,https://i.1.creatium.io/ce/5b/99/21e3260ada8f96725ca8e8a1040800cd60/1161x832q5/header.jpg,"25.213771, 55.318881",EN,N/A,https://cdn.opr.ae/brochures/binghatti-gateway.pdf,N/A,N/A,N/A,N/A,N/A,Green Nature Living,Completed,N/A,N/A,https://opr.ae/ru/projects/binghatti-gateway-apartments-for-sale-in-al-jaddaf-dubai,https://opr.ae/ar/projects/binghatti-gateway-apartments-for-sale-in-al-jaddaf-dubai
N/A,https://opr.ae/projects/binghatti-court-jvc-apartments-in-jumeirah-village-circle-for-sale-in-dubai,Binghatti Court,Binghatti,Jumeirah Village Circle (JVC),Apartments,470000,https://i.1.creatium.io/f6/a3/82/e6ae1ea881403e47b45473d5f0cfd78086/header.jpg,N/A,EN,N/A,https://cdn.opr.ae/brochures/binghatti-court.pdf,N/A,N/A,N/A,N/A,N/A,Green Nature Living,Completed,N/A,N/A,https://opr.ae/ru/projects/binghatti-court-jvc-apartments-in-jumeirah-village-circle-for-sale-in-dubai,https://opr.ae/ar/projects/binghatti-court-jvc-apartments-in-jumeirah-village-circle-for-sale-in-dubai
N/A,https://opr.ae/projects/binghatti-heights-jvc-apartments-for-sale-in-jumeirah-village-circle-dubai,Binghatti Heights,Binghatti,Jumeirah Village Circle (JVC),Apartments,505000,https://i.1.creatium.io/bb/f8/4d/23cdcd82531a24b7ca6cd471be4d294105/1161x832q5/header.jpg,"25.064843, 55.201894",EN,N/A,https://cdn.opr.ae/brochures/binghatti-heights.pdf,60/40 Payment Plan,N/A,N/A,N/A,N/A,Green Nature Living,Q4 2023,60/40 Payment Plan,N/A,https://opr.ae/ru/projects/binghatti-heights-jvc-apartments-for-sale-in-jumeirah-village-circle-dubai,https://opr.ae/ar/projects/binghatti-heights-jvc-apartments-for-sale-in-jumeirah-village-circle-dubai
N/A,https://opr.ae/projects/binghatti-jewels-apartments-for-sale-in-liwan-dubai,Binghatti Jewels,Binghatti,Liwan,Apartments,Ask for Price,https://i.1.creatium.io/ea/60/94/0ec0a56b55e9cab5a2700b8a40e0faa676/1161x832q5/header.jpg,"25.115746, 55.364807",EN,N/A,https://cdn.opr.ae/brochures/binghatti-jewels.pdf,N/A,N/A,N/A,N/A,N/A,Green Nature Living,Completed,N/A,N/A,https://opr.ae/ru/projects/binghatti-jewels-apartments-for-sale-in-liwan-dubai,https://opr.ae/ar/projects/binghatti-jewels-apartments-for-sale-in-liwan-dubai
N/A,https://opr.ae/projects/tiger-group-nobles-tower-business-bay-apartments-for-sale-in-dubai,Tiger Group Nobles Tower,Tiger Group,Business Bay,Apartments,1037000,https://i.1.creatium.io/d6/d0/c8/bf63edfed6e0ba99961981386ef10c8eee/header.jpg,"25.184894, 55.290251",EN,N/A,https://cdn.opr.ae/brochures/nobles-tower.pdf,7 Years Payment Plan,N/A,N/A,N/A,N/A,"Dubai Luxury Living, Waterfront Living",Q4 2023,7 Years Payment Plan,N/A,Error,Error
https://youtu.be/CtSZHYH3pKE,https://opr.ae/projects/cloud-tower-jvt-apartments-for-sale-in-dubai-jumeirah-village-triangle,Tiger Group Cloud Tower JVT,Tiger Group,Jumeirah Village Triangle (JVT),Apartments,460000,https://437e81e1-5ed1-4d53-bed7-e6f8d97dcc9b.selcdn.net/54/8f/e1/4234e9b4cfad9ec5109919f33cd98320ff/1161x832q5/header.jpg,"25.038729, 55.180523",EN,N/A,https://cdn.opr.ae/brochures/cloud-tower.pdf,7 Years Payment Plan,N/A,N/A,N/A,N/A,Dubai Luxury Living,Q1 2025,7 Years Payment Plan,N/A,Error,Error
https://youtu.be/tIjNGV0KseI,https://opr.ae/projects/the-ritz-carlton-residences-in-dubai-creekside-for-sale-by-mag,MAG & The Ritz-Carlton Dubai Creekside,MAG,Dubai Creekside,"Apartments, Penthouses",11000000,https://i.1.creatium.io/27/91/a5/0affedc1fba6fb6f4c60eb34970c59bf0d/1.jpg,"25.206340, 55.319621",EN,N/A,N/A,N/A,N/A,N/A,N/A,N/A,"Dubai Luxury Living, Waterfront Living, Green Nature Living, Branded Residences",Q1 2023,N/A,N/A,https://opr.ae/ru/projects/the-ritz-carlton-residences-in-dubai-creekside-for-sale-by-mag,https://opr.ae/ar/projects/the-ritz-carlton-residences-in-dubai-creekside-for-sale-by-mag
N/A,https://opr.ae/projects/dubai-holding-jadeel-madinat-jumeirah-living,Jadeel at Madinat Jumeirah Living (MJL),Meraas,Madinat Jumeirah,Apartments,1390000,https://i.1.creatium.io/b5/47/c8/e63095a36740e72099bf17a1087c897794/1161x832q5/header.jpg,"25.137472, 55.188990",EN,https://mjl.dubaiholding.com/virtual_tour/mjl/,https://cdn.opr.ae/brochures/mjl-jadeel.pdf,50/50 Payment Plan,N/A,N/A,N/A,N/A,Dubai Luxury Living,Q2 2025,50/50 Payment Plan,N/A,Error,https://opr.ae/ar/projects/dubai-holding-jadeel-madinat-jumeirah-living
https://youtu.be/FMLgi2ejCtw,https://opr.ae/projects/liv-marina-apartments-for-sale-in-dubai-marina,LIV Marina,LIV Developers,Dubai Marina,Apartments,1000000,https://i.1.creatium.io/d4/9b/44/bd821340e8d7db01ffa809056d110b8859/1161x832q5/header.jpg,"25.080830, 55.140895",EN,N/A,https://cdn.opr.ae/brochures/liv-marina.pdf,50/50 3 Years Payment Plan,N/A,N/A,N/A,N/A,"Dubai Luxury Living, Waterfront Living",Q2 2025,50/50 3 Years Payment Plan,N/A,Error,https://opr.ae/ar/projects/liv-marina-apartments-for-sale-in-dubai-marina
https://youtu.be/FrbULMD1Ui8,https://opr.ae/projects/danube-olivz-apartments-for-sale-in-al-warsan-first-dubai,Danube Olivz,Danube,Al Warsan First,Apartments,330000,https://i.1.creatium.io/e4/8d/6a/e760aaa9c4a9f5b8805575565b421297f4/header.jpg,"25.168241, 55.396149",EN,N/A,https://cdn.opr.ae/brochures/danube-olivz.pdf,50/50 Payment Plan,N/A,N/A,N/A,N/A,Green Nature Living,Completed,50/50 Payment Plan,N/A,https://opr.ae/ru/projects/danube-olivz-apartments-for-sale-in-al-warsan-first-dubai,https://opr.ae/ar/projects/danube-olivz-apartments-for-sale-in-al-warsan-first-dubai
N/A,https://opr.ae/projects/danube-lawnz-apartments-for-sale-in-dubai-international-city,Danube Lawnz,Danube,Dubai International City,Apartments,320000,https://i.1.creatium.io/5e/37/ed/727a3607dbb957f7027e1bc258f48bd252/1161x832q5/header.jpg,"25.153233, 55.410721",EN,N/A,https://cdn.opr.ae/brochures/danube-lawnz.pdf,N/A,N/A,N/A,N/A,N/A,Green Nature Living,Completed,N/A,N/A,https://opr.ae/ru/projects/danube-lawnz-apartments-for-sale-in-dubai-international-city,https://opr.ae/ar/projects/danube-lawnz-apartments-for-sale-in-dubai-international-city
N/A,https://opr.ae/projects/danube-jewelz-arjan-apartments-for-sale-in-dubai,Danube Jewelz,Danube,Arjan,Apartments,482000,https://i.1.creatium.io/6d/fe/cc/040f2949c34222e213fac60147b089faa6/formatfactoryv2_c2_night_hr.jpg,"25.065186, 55.243182",EN,N/A,https://cdn.opr.ae/brochures/danube-jewelz.pdf,60/40 Post-Handover,N/A,N/A,N/A,N/A,Green Nature Living,Q4 2023,60/40 Post-Handover,N/A,https://opr.ae/ru/projects/danube-jewelz-arjan-apartments-for-sale-in-dubai,https://opr.ae/ar/projects/danube-jewelz-arjan-apartments-for-sale-in-dubai
N/A,https://opr.ae/projects/danube-miraclz-arjan-apartments-for-sale-in-dubai,Danube Miraclz,Danube,Arjan,Apartments,420000,https://i.1.creatium.io/d2/ce/8f/c024705cfcef228a2ffb359d70185a7944/1161x832q5/header.jpg,"25.057777, 55.239180",EN,N/A,https://cdn.opr.ae/brochures/danube-miraclz.pdf,N/A,N/A,N/A,N/A,N/A,Green Nature Living,Completed,N/A,N/A,https://opr.ae/ru/projects/danube-miraclz-arjan-apartments-for-sale-in-dubai,https://opr.ae/ar/projects/danube-miraclz-arjan-apartments-for-sale-in-dubai
N/A,https://opr.ae/projects/danube-skyz-apartments-for-sale-in-dubai-arjan-al-barsha,Danube Skyz,Danube,Arjan,Apartments,440000,https://437e81e1-5ed1-4d53-bed7-e6f8d97dcc9b.selcdn.net/63/f5/06/0f36507dacdbe9e27d98b92d9924388f8a/1161x832q5/header.jpg,"25.056391, 55.240794",EN,N/A,https://cdn.opr.ae/brochures/skyz.pdf,7 Years Payment Plan,N/A,N/A,N/A,N/A,Green Nature Living,Q4 2024,7 Years Payment Plan,N/A,Error,Error
N/A,https://opr.ae/projects/danube-dreamz-townhouses-for-sale-in-al-furjan,Danube Dreamz,Danube,Al Furjan,Townhouses,2200000,https://i.1.creatium.io/49/74/ea/cc1d7aeac321386e68f9dfd18cf91f9620/1161x832q5/header.jpg,"25.025112, 55.136817",EN,N/A,https://cdn.opr.ae/brochures/danube-dreamz.pdf,N/A,N/A,N/A,N/A,N/A,Green Nature Living,Completed,N/A,N/A,https://opr.ae/ru/projects/danube-dreamz-townhouses-for-sale-in-al-furjan,https://opr.ae/ar/projects/danube-dreamz-townhouses-for-sale-in-al-furjan
N/A,https://opr.ae/projects/danube-pearlz-apartments-for-sale-in-dubai-al-furjan,Danube Pearlz,Danube,Al Furjan,Apartments,470000,https://437e81e1-5ed1-4d53-bed7-e6f8d97dcc9b.selcdn.net/5e/9b/8c/1afcc878f804d999045f6a254be61dcc13/1161x832q5/header.jpg,"25.028052, 55.154797",EN,N/A,https://cdn.opr.ae/brochures/pearlz.pdf,60/40 Payment Plan,N/A,N/A,N/A,N/A,Green Nature Living,Q4 2024,60/40 Payment Plan,N/A,Error,Error
N/A,https://opr.ae/projects/danube-glamz-apartments-for-sale-in-dubai-al-furjan,Danube Glamz,Danube,Al Furjan,Apartments,400000,https://i.1.creatium.io/dc/3b/53/297b1bcdac01859bcae7e70c9e514f736c/header.jpg,"25.033353, 55.141338",EN,N/A,https://cdn.opr.ae/brochures/danube-glamz.pdf,N/A,N/A,N/A,N/A,N/A,N/A,Completed,N/A,N/A,https://opr.ae/ru/projects/danube-glamz-apartments-for-sale-in-dubai-al-furjan,https://opr.ae/ar/projects/danube-glamz-apartments-for-sale-in-dubai-al-furjan
N/A,https://opr.ae/projects/danube-wavez-apartments-for-sale-in-liwan-dubai,Danube Wavez,Danube,Liwan,Apartments,350000,https://i.1.creatium.io/90/8f/49/222ce26597720c7cced23556b361919d18/header.jpg,"25.104444, 55.373471",EN,N/A,https://cdn.opr.ae/brochures/danube-wavez.pdf,N/A,N/A,N/A,N/A,N/A,Green Nature Living,Completed,N/A,N/A,https://opr.ae/ru/projects/danube-wavez-apartments-for-sale-in-liwan-dubai,https://opr.ae/ar/projects/danube-wavez-apartments-for-sale-in-liwan-dubai
N/A,https://opr.ae/projects/townx-luma21-jvc-jumeirah-village-circle-apartments-for-sale-in-dubai,TownX Luma21,TownX,Jumeirah Village Circle (JVC),Apartments,421000,https://i.1.creatium.io/26/72/36/3a47dc58ab4c0d8884a2ef05ca7b9a1aa3/1161x832q5/header.jpg,"25.050953, 55.205247",EN,N/A,https://cdn.opr.ae/brochures/luma21.pdf,50/50 Payment Plan,N/A,N/A,N/A,N/A,Green Nature Living,Q2 2023,50/50 Payment Plan,N/A,Error,Error
N/A,https://opr.ae/projects/townx-east40-residences-for-sale-in-al-furjan-dubai,TownX East40,TownX,Al Furjan,Apartments,742000,https://i.1.creatium.io/22/67/2b/f6a9be7f5073caeda458d11de897c9419d/6078.jpg,"25.021157, 55.140388",EN,N/A,https://cdn.opr.ae/brochures/east40.pdf,N/A,N/A,N/A,N/A,N/A,Green Nature Living,Completed,N/A,N/A,Error,Error
N/A,https://opr.ae/projects/banyan-tree-residences-jlt-in-dubai-jumeirah-lake-towers-for-sale,Banyan Tree Residences JLT,Sweid & Sweid,Jumeirah Lake Towers (JLT),Apartments,1500000,https://437e81e1-5ed1-4d53-bed7-e6f8d97dcc9b.selcdn.net/ff/f9/8f/9c7f2632dbc723e074479d54c177f26e00/1161x832q5/header.jpg,"25.078294, 55.156454",EN,N/A,https://cdn.opr.ae/brochures/btr.pdf,2 Years Payment Plan,N/A,N/A,N/A,N/A,Green Nature Living,Completed,2 Years Payment Plan,N/A,Error,Error
https://youtu.be/aXz34bHe1hE,https://opr.ae/projects/al-barari-ixora-villas-for-sale-in-dubai,Al Barari IXORA Villas,Al Barari,Al Barari,Villas,4000000,https://i.1.creatium.io/19/f7/88/ce72d56ab95d2259dd0826a2ee5b498ef2/1.jpg,"25.099230, 55.314799",EN,N/A,https://cdn.opr.ae/brochures/ixora.pdf,40/60 Payment Plan,N/A,N/A,N/A,N/A,Green Nature Living,Q2 2024,40/60 Payment Plan,N/A,Error,https://opr.ae/ar/projects/al-barari-ixora-villas-for-sale-in-dubai
N/A,https://opr.ae/projects/w-dubai-downtown-the-residences-by-dar-al-arkan-for-sale,W Dubai Downtown The Residences,Dar Al Arkan,Downtown Dubai,"Apartments, Penthouses",1666777,https://i.1.creatium.io/3a/83/aa/2f456e9edfb1f9c9753fde59c7ba34177c/1161x832q5/header.jpg,"25.195733, 55.271289",EN,N/A,https://cdn.opr.ae/brochures/w-downtown.pdf,60/40 Payment Plan,50% DLD Fees Waiver,N/A,N/A,N/A,"Dubai Luxury Living, Branded Residences",Q4 2025,60/40 Payment Plan,N/A,https://opr.ae/ru/projects/w-dubai-downtown-the-residences-by-dar-al-arkan-for-sale,https://opr.ae/ar/projects/w-dubai-downtown-the-residences-by-dar-al-arkan-for-sale
https://youtu.be/2A1ZpVwXuYM,https://opr.ae/projects/emaar-st-regis-residences-in-downtown-dubai-for-sale,Emaar St Regis Downtown Dubai,Emaar,Downtown Dubai,"Apartments, Penthouses",2150000,https://i.1.creatium.io/mig5/bab05dc30b6ca56662333f50b6a78f5e1d/1161x832q5/header.jpg,"25.186099, 55.273538",EN,N/A,https://cdn.opr.ae/brochures/st-regis.pdf,70/30 Payment Plan,N/A,N/A,N/A,N/A,"Dubai Luxury Living, Branded Residences",Q4 2026,70/30 Payment Plan,N/A,https://opr.ae/ru/projects/emaar-st-regis-residences-in-downtown-dubai-for-sale,https://opr.ae/ar/projects/emaar-st-regis-residences-in-downtown-dubai-for-sale
https://youtu.be/jeVPDoDDOkM,https://opr.ae/projects/damac-lagoons-townhouses-in-dubai/santorini,DAMAC Lagoons Santorini,DAMAC,DAMAC Lagoons,"Townhouses, Villas",1394000,https://i.1.creatium.io/90/6d/78/2d18bd97e4371045cd780f81fa6274836d/header.jpg,"25.018306, 55.236655",EN,https://www.damacproperties.com/en/vr/portofino/,https://cdn.opr.ae/brochures/damac-lagoons.pdf,N/A,N/A,N/A,N/A,N/A,"Beachfront Living, Green Nature Living, Near Golf Course",Q3 2024,N/A,N/A,Error,Error
https://youtu.be/xhe0LF8NR1Q,https://opr.ae/projects/damac-lagoons-townhouses-in-dubai/portofino,DAMAC Lagoons Portofino,DAMAC,DAMAC Lagoons,Villas,1826000,https://i.1.creatium.io/48/28/17/28255f2dec2a95f49af6b2e6b207d31c19/header.jpg,"25.018306, 55.236655",EN,https://www.damacproperties.com/en/vr/portofino/,https://cdn.opr.ae/brochures/damac-lagoons.pdf,N/A,N/A,N/A,N/A,N/A,"Beachfront Living, Green Nature Living, Near Golf Course",Q3 2025,N/A,N/A,Error,Error
https://youtu.be/xhe0LF8NR1Q,https://opr.ae/projects/damac-lagoons-townhouses-in-dubai/costa-brava,DAMAC Lagoons Costa Brava,DAMAC,DAMAC Lagoons,Villas,1450000,https://i.1.creatium.io/c8/e9/e0/db3e27db1abf824956964fb8171d21cd85/header.jpg,"25.018306, 55.236655",EN,https://www.damacproperties.com/en/vr/portofino/,https://cdn.opr.ae/brochures/damac-lagoons.pdf,N/A,N/A,N/A,N/A,N/A,"Beachfront Living, Green Nature Living, Near Golf Course",Q4 2024,N/A,N/A,Error,Error
https://youtu.be/xhe0LF8NR1Q,https://opr.ae/projects/damac-lagoons-townhouses-in-dubai/nice,DAMAC Lagoons Nice,DAMAC,DAMAC Lagoons,"Townhouses, Villas",1706000,https://i.1.creatium.io/7a/bb/b3/d7a7713f435e59c0aa9ff80e0cce5966c8/header.jpg,"25.018306, 55.236655",EN,https://www.damacproperties.com/en/vr/portofino/,https://cdn.opr.ae/brochures/damac-lagoons.pdf,N/A,N/A,N/A,N/A,N/A,"Beachfront Living, Green Nature Living, Near Golf Course",Q2 2025,N/A,N/A,Error,Error
https://youtu.be/xhe0LF8NR1Q,https://opr.ae/projects/select-group-six-senses-hotel-residences-for-sale-on-palm-jumeirah-dubai,Select Group Six Senses The Palm Dubai,Select Group,Palm Jumeirah,"Apartments, Penthouses",9400000,https://901426.smushcdn.com/2174048/wp-content/uploads/2022/01/ss-residences.jpg,"25.123134, 55.111398",EN,N/A,https://cdn.opr.ae/brochures/six-senses.pdf,50/50 Payment Plan,N/A,N/A,N/A,N/A,"Dubai Luxury Living, Beachfront Living, Waterfront Living",Q4 2024,50/50 Payment Plan,N/A,https://opr.ae/ru/projects/select-group-six-senses-hotel-residences-for-sale-on-palm-jumeirah-dubai,https://opr.ae/ar/projects/select-group-six-senses-hotel-residences-for-sale-on-palm-jumeirah-dubai
https://youtu.be/RYMUILP3pkg,https://opr.ae/projects/emaar-creek-palace-dubai-creek-harbour,Emaar Creek Palace,Emaar,Dubai Creek Harbour,Apartments,1130000,https://u20.plpstatic.ru/s/163qch4061/044180964861ed3464a1c067ea0103a6/f5749b1d7e6693367a2d6f119547d8d1.jpg,"25.203051, 55.346567",EN,N/A,https://cdn.opr.ae/brochures/creek-palace.pdf,70/30 Payment Plan,N/A,N/A,N/A,N/A,"Dubai Luxury Living, Waterfront Living",Q4 2022,70/30 Payment Plan,N/A,Error,https://opr.ae/ar/projects/emaar-creek-palace-dubai-creek-harbour
https://youtu.be/Rx7VULsTrKc,https://opr.ae/projects/sls-tower-apartments-in-downtown-dubai,SLS Dubai Hotel & Residences,WOW Real Estate Development,Downtown Dubai,Apartments,1100000,https://i.1.creatium.io/4a/db/71/b44b8877cf79a5ca5f82d0086cebd1a8ad/1.jpg,"25.185068, 55.292222",EN,https://my.matterport.com/show/?m=pjDNpNu2QqL&play=1&brand=0&help=0&mls=0&qs=0&title=0&hl=0,https://cdn.opr.ae/brochures/sls.pdf,Buy Back After 10 Years,The First Fractional Ownership Model,N/A,7% ROI for 10 Years,N/A,Dubai Luxury Living,Completed,Buy Back After 10 Years,N/A,https://opr.ae/ru/projects/sls-tower-apartments-in-downtown-dubai,https://opr.ae/ar/projects/sls-tower-apartments-in-downtown-dubai
https://youtu.be/T5k6xvLT8HY,https://opr.ae/projects/imperial-avenue-downtown-dubai,Imperial Avenue Downtown Dubai,Shapoorji Pallonji,Downtown Dubai,"Apartments, Penthouses, Villas",1700000,https://i.1.creatium.io/mig5/7c97f84dc1185f6faec5f57a1f2f8a466b/1161x832q5/header.jpg,"25.188499, 55.273482",EN,https://my.matterport.com/show/?m=gg2E8VoAZ8w&play=1&brand=0&help=0&mls=0&qs=0&title=0&hl=0,https://cdn.opr.ae/brochures/imperial-avenue.pdf,30/70 3 Years Post-Completion,N/A,N/A,N/A,N/A,Dubai Luxury Living,Q4 2022,30/70 3 Years Post-Completion,N/A,Error,Error
https://youtu.be/zxKp-sgHxAc,https://opr.ae/projects/elite-downtown-residence-for-sale-in-dubai-by-triplanet,Triplanet Elite Downtown Residence,Triplanet,Downtown Dubai,Apartments,742000,https://i.1.creatium.io/cf/11/02/948e8d02012202384d2284718138422c90/1161x832q5/header.jpg,"25.186598, 55.278236",EN,N/A,https://cdn.opr.ae/brochures/elite-downtown-residence.pdf,N/A,N/A,N/A,N/A,N/A,Dubai Luxury Living,Completed,N/A,N/A,Error,Error
N/A,https://opr.ae/projects/emaar-bliss-townhouses-arabian-ranches-3-for-sale-in-dubai,Emaar Bliss Arabian Ranches III,Emaar,Arabian Ranches,Townhouses,1840000,https://i.1.creatium.io/5f/56/34/c72cdb086eb51070b6d777304587c8bc37/WhatsApp%20Image%202021-05-24%20at%2023.51.05%20(2).jpeg,"25.069220, 55.327708",EN,N/A,https://cdn.opr.ae/brochures/bliss.pdf,75/25 Payment Plan,N/A,N/A,N/A,N/A,Green Nature Living,Q4 2024,75/25 Payment Plan,N/A,Error,https://opr.ae/ar/projects/emaar-bliss-townhouses-arabian-ranches-3-for-sale-in-dubai
https://youtu.be/h5gPHPsbl6Y,https://opr.ae/projects/nakheel-the-palm-tower-residences-dubai,Nakheel The Palm Tower Residences,Nakheel,Palm Jumeirah,Apartments,3378000,https://u6.plpstatic.ru/s/163qc0h061/e6c16d2f1b9d0ebdca33f222ceabeb18/9a1361be6c627400a7fb54cf488ef899.jpg,"25.113708, 55.139967",EN,https://my.matterport.com/show/?m=Cuzc3uh8EBC&play=1&brand=0&help=0&mls=0&qs=0&title=0&hl=0,https://cdn.opr.ae/brochures/palm_tower_brochure.pdf,45/55 Payment Plan,N/A,N/A,N/A,N/A,"Dubai Luxury Living, Waterfront Living, Beachfront Living",Q4 2022,45/55 Payment Plan,N/A,Error,https://opr.ae/ar/projects/nakheel-the-palm-tower-residences-dubai
https://youtu.be/JkASN8DMNGw,https://opr.ae/projects/emaar-rosewater-creek-beach-in-dubai-creek-harbour-apartments-for-sale,Emaar Rosewater Creek Beach,Emaar,Dubai Creek Harbour,"Apartments, Penthouses",1450000,https://off-planproperties.b-cdn.net/wp-content/uploads/2018/10/Dubai-creek-emaar.jpeg,"25.201675, 55.347049",EN,N/A,https://cdn.opr.ae/brochures/rosewater.pdf,70/30 Payment Plan,N/A,N/A,N/A,N/A,"Beachfront Living, Waterfront Living",Q2 2025,70/30 Payment Plan,N/A,Error,https://opr.ae/ar/projects/emaar-rosewater-creek-beach-in-dubai-creek-harbour-apartments-for-sale
https://youtu.be/bB743BTtkR8,https://opr.ae/projects/igo-catch-residences-jvc-for-sale-in-dubai,IGO Catch Residences JVC,IGO,Jumeirah Village Circle (JVC),Apartments,495000,https://i.1.creatium.io/19/d4/1b/f953c658f339e9a4027597cd6f9bc90200/1161x832q5/header.jpg,"25.055893, 55.220923",EN,N/A,https://cdn.opr.ae/brochures/catch.pdf,60/40 18 Months Post-Handover,N/A,N/A,N/A,N/A,Green Nature Living,Q1 2024,60/40 18 Months Post-Handover,N/A,Error,Error
https://youtu.be/IS7gD1HYgrg,https://opr.ae/projects/omniyat-the-sterling-apartments-for-sale-in-dubai-business-bay,Omniyat The Sterling,Omniyat,Business Bay,Apartments,928000,https://437e81e1-5ed1-4d53-bed7-e6f8d97dcc9b.selcdn.net/3e/e7/36/98d348b526d06e4881f6680c73d6faf050/1161x832q5/header.jpg,"25.189078, 55.281924",EN,N/A,https://cdn.opr.ae/brochures/the-sterling.pdf,60/40 2 Years Post-Handover,N/A,N/A,N/A,N/A,Dubai Luxury Living,Q4 2022,60/40 2 Years Post-Handover,N/A,Error,https://opr.ae/ar/projects/omniyat-the-sterling-apartments-for-sale-in-dubai-business-bay
https://youtu.be/oZmvQ3Cigdc,https://opr.ae/projects/omniyat-the-opus-apartments-for-sale-in-business-bay-dubai,Omniyat The Opus,Omniyat,Business Bay,"Apartments, Penthouses",3169676,https://437e81e1-5ed1-4d53-bed7-e6f8d97dcc9b.selcdn.net/11/aa/b6/25dfb123411483024bfb495bbf6d9894b5/1161x832q5/header.jpg,"25.188656, 55.266983",EN,N/A,https://cdn.opr.ae/brochures/theopus.pdf,N/A,N/A,N/A,N/A,N/A,N/A,Completed,N/A,N/A,Error,Error
N/A,https://opr.ae/projects/emaar-the-valley-talia-for-sale-in-dubai,Emaar The Valley Talia Townhouses,Emaar,Emaar The Valley,Townhouses,1450000,https://437e81e1-5ed1-4d53-bed7-e6f8d97dcc9b.selcdn.net/d3/e5/5a/37570de9ccc2e4643d458e111c640a9caa/1161x832q8/header.jpg,"25.009954, 55.450769",EN,N/A,https://cdn.opr.ae/brochures/talia.pdf,60/40 Payment Plan,N/A,N/A,N/A,N/A,Green Nature Living,Q1 2025,60/40 Payment Plan,N/A,Error,https://opr.ae/ar/projects/emaar-the-valley-talia-for-sale-in-dubai
https://youtu.be/J_if-iS5TSw,https://opr.ae/projects/sobha-hartland-the-crest-apartments-for-sale-in-mbr-city-dubai,Sobha Hartland The Crest,Sobha,Sobha Hartland,Apartments,981000,https://437e81e1-5ed1-4d53-bed7-e6f8d97dcc9b.selcdn.net/d7/90/3a/adcf8446403207e3b333094fd4cee43e52/1161x832q5/header.jpg,"25.177120, 55.310715",EN,N/A,https://cdn.opr.ae/brochures/the-crest.pdf,50/50 Payment Plan,N/A,N/A,N/A,N/A,"Dubai Luxury Living, Waterfront Living",Q1 2025,50/50 Payment Plan,N/A,Error,Error
https://youtu.be/4jNzPR0Ulgs,https://opr.ae/projects/meera-tower-al-habtoor-city-apartments-for-sale-in-dubai,Al Habtoor Meera Tower,Al Habtoor Group,Business Bay,"Apartments, Penthouses",1700000,https://437e81e1-5ed1-4d53-bed7-e6f8d97dcc9b.selcdn.net/e7/85/c7/a6e7dd53f19e8d03d420ce43e6692aad3a/1161x832q5/header.jpg,"25.183879, 55.255532",EN,N/A,https://cdn.opr.ae/brochures/noora.pdf,35/65 3 Years Post-Handover,N/A,N/A,N/A,N/A,"Dubai Luxury Living, Waterfront Living",Completed,35/65 3 Years Post-Handover,N/A,https://opr.ae/ru/projects/meera-tower-al-habtoor-city-apartments-for-sale-in-dubai,Error
https://youtu.be/J8IPp83Vzes,https://opr.ae/projects/emaar-elie-saab-villas-arabian-ranches-3-for-sale-in-dubai,Emaar x Elie Saab Villas II,Emaar,Arabian Ranches,Villas,4820000,https://437e81e1-5ed1-4d53-bed7-e6f8d97dcc9b.selcdn.net/f1/6f/7a/894295bbc7d686e67f8a3a1f9441f96829/1161x832q5/header.jpg,"25.069220, 55.327708",EN,N/A,https://cdn.opr.ae/brochures/elie-saab-2.pdf,N/A,N/A,N/A,N/A,N/A,"Green Nature Living, Branded Residences",Q4 2025,N/A,N/A,Error,Error
https://youtu.be/6Uid4DhMl_I,https://opr.ae/projects/emaar-creek-beach-grove-in-dubai-creek-harbour,Emaar Grove Creek Beach,Emaar,Dubai Creek Harbour,Apartments,1100000,https://i.1.creatium.io/c8/f4/e8/09dbf6aa9b27a15240d7ce602e7f5ed05c/1161x832q5/emaar_creek_beach_grove.jpg,"25.201675, 55.347049",EN,N/A,https://cdn.opr.ae/brochures/grove-creek-beach.pdf,70/30 Payment Plan,N/A,N/A,N/A,N/A,"Beachfront Living, Waterfront Living",Q2 2025,70/30 Payment Plan,N/A,Error,https://opr.ae/ar/projects/emaar-creek-beach-grove-in-dubai-creek-harbour
https://youtu.be/TnSWQQBtYCQ,https://opr.ae/projects/dubai-holding-lamtara-madinat-jumeirah-living,Lamtara at Madinat Jumeirah Living (MJL),Dubai Properties,Madinat Jumeirah,Apartments,1531000,https://i.1.creatium.io/72/b2/10/e19ed722814e19d05a0630b4e511492a9a/1161x832q5/header.jpg,"25.137472, 55.188990",EN,https://mjl.dubaiholding.com/virtual_tour/mjl/,https://cdn.opr.ae/brochures/mjl-lamtara.pdf,20/80 Payment Plan,N/A,N/A,N/A,N/A,Dubai Luxury Living,Completed,20/80 Payment Plan,N/A,https://opr.ae/ru/projects/dubai-holding-lamtara-madinat-jumeirah-living,https://opr.ae/ar/projects/dubai-holding-lamtara-madinat-jumeirah-living
https://youtu.be/GmAJXXO-T0U,https://opr.ae/projects/al-barari-seventh-heaven-for-sale-in-dubai,Al Barari Seventh Heaven Apartments,Al Barari,Al Barari,Apartments,2000000,https://i.1.creatium.io/74/9a/c9/5cae26a0903ab8da777877eee74d7b0ad1/1161x832q5/header.jpg,"25.099336, 55.316733",EN,N/A,https://cdn.opr.ae/brochures/seventh-heaven.pdf,N/A,N/A,N/A,N/A,N/A,Green Nature Living,Completed,N/A,N/A,Error,Error
N/A,https://opr.ae/projects/al-barari-the-reserve-villas-for-sale-in-dubai,Al Barari The Reserve Villas,Al Barari,Al Barari,Villas,13334000,https://i.1.creatium.io/dd/ac/d0/77d187e5a684d20194bcc72f41090ceec4/1161x832q5/header.jpg,"25.098320, 55.303028",EN,N/A,https://cdn.opr.ae/brochures/the-reserve.pdf,N/A,N/A,N/A,N/A,N/A,Green Nature Living,Completed,N/A,N/A,Error,Error
N/A,https://opr.ae/projects/al-barari-lunaria-villas-for-sale-in-dubai,Al Barari Lunaria Villas,Al Barari,Al Barari,Villas,15392481,https://i.1.creatium.io/6f/19/64/1d852597635606c176988b5e57222b81fe/lunaria_9.jpg,"25.101060, 55.328779",EN,N/A,https://cdn.opr.ae/brochures/lunaria.pdf,50/50 Payment Plan,N/A,N/A,N/A,N/A,Green Nature Living,Q2 2024,50/50 Payment Plan,N/A,Error,https://opr.ae/ar/projects/al-barari-lunaria-villas-for-sale-in-dubai
N/A,https://opr.ae/projects/ifa-the8-palm-jumeirah-dubai,Th8 Palm Jumeirah,IFA Hotels & Resorts,Palm Jumeirah,"Apartments, Penthouses, Townhouses",2400000,https://i.1.creatium.io/27/29/be/76fc9f60b04d23cb3143f5ccad729d1867/1161x832q5/header.jpg,"25.117897, 55.109964",EN,N/A,https://cdn.opr.ae/brochures/the-8.pdf,N/A,N/A,N/A,N/A,N/A,"Beachfront Living, Waterfront Living, Branded Residences",Completed,N/A,N/A,Error,Error
N/A,https://opr.ae/projects/lagoon-views-at-district-one-for-sale-in-dubai,Sobha District One Lagoon Views,Sobha,MBR City,"Apartments, Penthouses, Villas",1700000,https://i.1.creatium.io/7f/73/54/9ebbc91de44c3fdcdf2d305ef270a7521a/lagoon_views_at_district_one_dubai_photos_0.jpg,"25.170480, 55.277884",EN,N/A,https://cdn.opr.ae/brochures/lagoon-views.pdf,60/40 Payment Plan,N/A,N/A,N/A,N/A,"Green Nature Living, Waterfront Living, Beachfront Living",Q3 2025,60/40 Payment Plan,N/A,Error,https://opr.ae/ar/projects/lagoon-views-at-district-one-for-sale-in-dubai
https://youtu.be/n1HwRRdhCK4,https://opr.ae/projects/wasl1-park-gate-residences-dubai,Wasl 1 Park Gate Residences,wasl,Zabeel,Apartments,1488777,https://u10.plpstatic.ru/79ed07725e1da33d7dbf242e23057f7e/2a8235b66274c01b47d846f468b0bb6f.jpg,"25.233735, 55.294516",EN,N/A,https://cdn.opr.ae/brochures/Wasl1.pdf,6 Years Payment Plan,50% DLD Fees Waiver,N/A,N/A,N/A,Dubai Luxury Living,Completed,6 Years Payment Plan,N/A,Error,Error
https://youtu.be/u6MEjw_Zt3A,https://opr.ae/projects/five-jbr-residences-for-sale-in-dubai,FIVE JBR Residences,FIVE Holdings,Jumeirah Beach Residence (JBR),"Apartments, Penthouses",N/A,https://cdn.opr.ae/upload/photo/SENSORIA%20FIVE%20LUX.jpg,"25.072823, 55.129596",EN,N/A,https://cdn.opr.ae/brochures/five-jbr.pdf,Ready,N/A,N/A,N/A,N/A,"Dubai Luxury Living, Beachfront Living, Waterfront Living, Branded Residences",Completed,N/A,N/A,https://opr.ae/ru/projects/five-jbr-residences-for-sale-in-dubai,https://opr.ae/ar/projects/five-jbr-residences-for-sale-in-dubai
N/A,https://opr.ae/projects/five-palm-jumeirah-apartments-for-sale-in-dubai,FIVE Palm Jumeirah Residences,FIVE Holdings,Palm Jumeirah,"Apartments, Penthouses",1500000,https://437e81e1-5ed1-4d53-bed7-e6f8d97dcc9b.selcdn.net/84/30/02/32fbcd8994322dd59f4e58e4c240908d6e/1161x832q8/Header.jpg,"25.104582, 55.148769  ",EN,N/A,https://cdn.opr.ae/brochures/five.pdf,N/A,N/A,N/A,N/A,N/A,"Dubai Luxury Living, Beachfront Living, Waterfront Living, Branded Residences",Completed,N/A,N/A,Error,https://opr.ae/ar/projects/five-palm-jumeirah-apartments-for-sale-in-dubai
https://youtu.be/_C6JLdkX7-g,https://opr.ae/projects/noora-tower-al-habtoor-city,Al Habtoor Noora Tower,Al Habtoor Group,Business Bay,"Apartments, Penthouses",1550000,https://cdn.opr.ae/icons/1345hsjd1/noora-tower.jpg,"25.183510, 55.255870",EN,N/A,https://cdn.opr.ae/brochures/noora.pdf,35/65 3 Years Post-Handover,N/A,N/A,N/A,N/A,"Dubai Luxury Living, Waterfront Living",Completed,35/65 3 Years Post-Handover,N/A,https://opr.ae/ru/projects/noora-tower-al-habtoor-city,https://opr.ae/ar/projects/noora-tower-al-habtoor-city
https://youtu.be/WpjtXDRH5JM,https://opr.ae/projects/amna-tower-apartments-al-habtoor-city-dubai,Al Habtoor Amna Tower,Al Habtoor Group,Business Bay,"Apartments, Penthouses",1124181,https://i.1.creatium.io/40/99/d1/b31cd36cb54deadd901e949a7bef846a8b/amna-8.jpg,"25.183510, 55.255872",EN,N/A,https://cdn.opr.ae/brochures/amna.pdf,3 Years Post-Handover,N/A,N/A,N/A,N/A,"Dubai Luxury Living, Waterfront Living",Completed,3 Years Post-Handover,N/A,Error,https://opr.ae/ar/projects/amna-tower-apartments-al-habtoor-city-dubai
https://youtu.be/WpjtXDRH5JM,https://opr.ae/projects/tiger-group-the-square-tower-jvc-in-jumeirah-village-circle-dubai-for-sale,Tiger Group The Square Tower JVC,Tiger Group,Jumeirah Village Circle (JVC),Apartments,492000,https://i.1.creatium.io/9a/e4/55/072fbf2cdf2c6be82e12a5953b23864ad8/1161x832q5/header.jpg,"25.046731, 55.206112",EN,N/A,https://cdn.opr.ae/brochures/the-square-jvc.pdf,20/80 4 Years Post-Handover,N/A,N/A,N/A,N/A,Green Nature Living,Completed,20/80 4 Years Post-Handover,N/A,Error,Error
N/A,https://opr.ae/projects/majid-al-futtaim-tilal-al-ghaf-alaya-villas-for-sale-in-dubai,Tilal Al Ghaf Alaya Villas,Majid Al Futtaim,Tilal Al Ghaf,Villas,6800000,https://i.1.creatium.io/cd/49/88/06cf133839e3bacc19c014b8ddf5b76a58/3.jpg,"25.028118, 55.230999",EN,N/A,https://cdn.opr.ae/brochures/alaya.pdf,60/40 Payment Plan,50% DLD Fees Waiver,N/A,N/A,N/A,"Green Nature Living, Beachfront Living",Q4 2024,60/40 Payment Plan,N/A,Error,https://opr.ae/ar/projects/majid-al-futtaim-tilal-al-ghaf-alaya-villas-for-sale-in-dubai
https://youtu.be/5J9sJcq7W1s,https://opr.ae/projects/sobha-hartland-waves-grande-apartments-for-sale-in-mbr-city-dubai,Sobha Hartland Waves Grande,Sobha,Sobha Hartland,Apartments,1200000,https://437e81e1-5ed1-4d53-bed7-e6f8d97dcc9b.selcdn.net/7d/d6/df/acb8078aa3cf96fc9fe5ccfe0f4d5b5e00/1161x832q5/header.jpg,"25.175516, 55.309618",EN,N/A,https://cdn.opr.ae/brochures/waves-grande.pdf,20/80 Payment Plan,N/A,N/A,N/A,N/A,"Dubai Luxury Living, Waterfront Living",Q2 2024,20/80 Payment Plan,N/A,Error,Error
https://youtu.be/swiXJ3S8smE,https://opr.ae/projects/mr-c-residences-jumeirah-dubai-by-ignazio-and-maggio-cipriani,Mr C Residences Jumeirah,Alta,Jumeirah,"Apartments, Penthouses",19152000,https://437e81e1-5ed1-4d53-bed7-e6f8d97dcc9b.selcdn.net/dd/63/29/97af218e7db1824cd761de49c895b44c29/1161x832q4/Mr-C-Residences-Dubai-Jumeirah.jpg,"25.192367, 55.242671",EN,N/A,https://cdn.opr.ae/brochures/mr-c-residences.pdf,50/50 Payment Plan,N/A,N/A,N/A,N/A,"Waterfront Living, Dubai Luxury Living, Branded Residences",Q4 2023,50/50 Payment Plan,N/A,https://opr.ae/ru/projects/mr-c-residences-jumeirah-dubai-by-ignazio-and-maggio-cipriani,https://opr.ae/ar/projects/mr-c-residences-jumeirah-dubai-by-ignazio-and-maggio-cipriani
https://youtu.be/0dThGZGIfVI,https://opr.ae/projects/emaar-beachfront-beach-mansion-apartments-for-sale-in-dubai,Emaar Beachfront Beach Mansion,Emaar,Emaar Beachfront,"Apartments, Penthouses, Townhouses",1829888,https://437e81e1-5ed1-4d53-bed7-e6f8d97dcc9b.selcdn.net/b0/96/78/64503acab1f5cd2bb6bc37e2821ceccb8b/1161x832q8/Header.jpg,"25.097563, 55.140241",EN,N/A,https://cdn.opr.ae/brochures/beach-mansion.pdf,80/20 2 Years Post-Completion,50% DLD Fees Waiver,N/A,N/A,N/A,"Dubai Luxury Living, Beachfront Living",Completed,80/20 2 Years Post-Completion,N/A,Error,https://opr.ae/ar/projects/emaar-beachfront-beach-mansion-apartments-for-sale-in-dubai
https://youtu.be/DksP66G0-mc,https://opr.ae/projects/dubai-properties-amaranta-townhouses,Dubai Properties Amaranta Villanova,Dubai Properties,Villanova,"Townhouses, Villas",1500000,https://i.1.creatium.io/7b/13/98/cf7882f8bb6fc83ed58d275ad53d52fbad/amaranta_12.jpg,"25.076931, 55.355195",EN,N/A,https://cdn.opr.ae/brochures/amaranta.pdf,N/A,N/A,N/A,N/A,N/A,Green Nature Living,Q4 2022,N/A,N/A,Error,https://opr.ae/ar/projects/dubai-properties-amaranta-townhouses
N/A,https://opr.ae/projects/villa-plots-for-sale-in-sobha-hartland-dubai,Sobha Hartland Villas Plots,Sobha,Sobha Hartland,Land Plots,3770000,https://i.1.creatium.io/02/08/e3/6811f5419a2bcb189074d8b4b12102aa6a/Land Plots_in_sobha_hartland_1.jpg,"25.175771, 55.307443",EN,N/A,https://cdn.opr.ae/brochures/sobha-hartland-Land Plots.pdf,1 Year Payment Plan,N/A,N/A,N/A,N/A,"Waterfront Living, Green Nature Living",Q1 2025,1 Year Payment Plan,N/A,Error,Error
N/A,https://opr.ae/projects/emaar-june-villas-in-arabian-ranches-3-for-sale,Emaar June Villas Arabian Ranches III,Emaar,Arabian Ranches,Villas,3200000,https://i.1.creatium.io/77/e2/a9/b816aca48d9f6970dabef09e5f75bfdd9b/1161x832q8/Header.jpg,"25.069220, 55.327708",EN,N/A,https://cdn.opr.ae/brochures/june.pdf,85/15 2 Years Post-Handover,50% DLD Fees Waiver,N/A,N/A,N/A,Green Nature Living,Q1 2023,85/15 2 Years Post-Handover,N/A,Error,https://opr.ae/ar/projects/emaar-june-villas-in-arabian-ranches-3-for-sale
https://youtu.be/iTttHLoWJIU,https://opr.ae/projects/dubai-properties-la-rosa-townhouses,Dubai Properties La Rosa Villanova,Dubai Properties,Villanova,Townhouses,1399000,https://437e81e1-5ed1-4d53-bed7-e6f8d97dcc9b.selcdn.net/b9/5f/d2/f21415360a67f83a59347b43a4f0d4742f/650x558q8/Dubai%20Properties%20La%20Rosa%20Townhouses%20at%20Villanova.jpg,"25.075605, 55.362391",EN,https://www.dp.ae/360Pano/virtual_tours/la-rosa/,https://cdn.opr.ae/brochures/la-rosa.pdf,50/50 Payment Plan,50% DLD Fees Waiver,N/A,N/A,N/A,Green Nature Living,Q2 2024,50/50 Payment Plan,N/A,Error,https://opr.ae/ar/projects/dubai-properties-la-rosa-townhouses
https://youtu.be/f_8piZdpIJM,https://opr.ae/projects/mirdif-hills-dubai,Mirdif Hills,Dubai Investments Real Estate,Mirdif,Apartments,682500,https://u20.plpstatic.ru/s/163qcja061/044180964861ed3464a1c067ea0103a6/20a0e11eaa311eaced2d35b44807ecec.jpg,"25.219629, 55.406904",EN,https://mirdifhills.ae/mirdifhills-360/index.html,https://cdn.opr.ae/brochures/mirdif-hills.pdf,20/80 5 Years Post-Handover,N/A,N/A,N/A,N/A,Green Nature Living,Completed,20/80 5 Years Post-Handover,N/A,Error,https://opr.ae/ar/projects/mirdif-hills-dubai
https://youtu.be/kwru92Q1i1g,https://opr.ae/projects/marquise-square-burj-khalifa-district-apartments-for-sale-in-dubai,Marquise Square Tower,SRG Holding,Burj Khalifa District,Apartments,847888,https://437e81e1-5ed1-4d53-bed7-e6f8d97dcc9b.selcdn.net/15/a7/21/4ccaf2d1633a11307a2cd5a29ce46c4328/1161x832q8/Header.jpg,"25.184807, 55.276205",EN,N/A,https://cdn.opr.ae/brochures/marquise-square.pdf,3 Years Post-Handover,N/A,N/A,N/A,N/A,Dubai Luxury Living,Completed,3 Years Post-Handover,N/A,Error,https://opr.ae/ar/projects/marquise-square-burj-khalifa-district-apartments-for-sale-in-dubai
https://youtu.be/nzYy74FlBI4,https://opr.ae/projects/emaar-rove-city-walk-residences-for-sale,Emaar Rove City Walk,Emaar,City Walk,Apartments,772888,https://i.1.creatium.io/e7/b7/f2/5adce13381a675e225a166203ece67f34b/ROCW-BURJ-EXTERIOR-D.jpg,"25.206180, 55.268010",EN,N/A,https://cdn.opr.ae/brochures/rove.pdf,80/20 2 Years Post-Handover,50% DLD Fees Waiver,N/A,N/A,N/A,Dubai Luxury Living,Completed,80/20 2 Years Post-Handover,N/A,Error,https://opr.ae/ar/projects/emaar-rove-city-walk-residences-for-sale
https://youtu.be/HOWo8bE-OdU,https://opr.ae/projects/damac-hills-2-duo-villas-for-sale-in-dubai,DAMAC Duo Prestige Villas,DAMAC,DAMAC Hills 2,Villas,1270000,https://437e81e1-5ed1-4d53-bed7-e6f8d97dcc9b.selcdn.net/82/54/08/305f4e3dcd57b73f8c2b73c734ea59aee4/1161x832q8/Header.jpg,"24.989969, 55.378271",EN,N/A,https://cdn.opr.ae/brochures/duo.pdf,4 Years Payment Plan,N/A,N/A,N/A,N/A,"Green Nature Living, Near Golf Course",Q4 2024,4 Years Payment Plan,N/A,Error,https://opr.ae/ar/projects/damac-hills-2-duo-villas-for-sale-in-dubai
https://youtu.be/JHXmOZnAhMw,https://opr.ae/projects/motor-city-hills-townhouses-for-sale-in-dubai-by-union-properties,Motor City Hills Townhouses,Union Properties,Dubai Motor City,Townhouses,1795000,https://437e81e1-5ed1-4d53-bed7-e6f8d97dcc9b.selcdn.net/e1/3c/df/a3a9ae37e0d2a03dd215de9809f218d70a/1161x832q8/Header.jpg,"25.042056, 55.236567",EN,N/A,https://cdn.opr.ae/brochures/motor-city-hills.pdf,4 Years Post-Handover,N/A,N/A,N/A,N/A,Green Nature Living,Q3 2024,4 Years Post-Handover,N/A,Error,https://opr.ae/ar/projects/motor-city-hills-townhouses-for-sale-in-dubai-by-union-properties
N/A,https://opr.ae/projects/residence-22-in-business-bay-dubai,Residence 22,H&H Development,Business Bay,Apartments,15000000,https://437e81e1-5ed1-4d53-bed7-e6f8d97dcc9b.selcdn.net/5b/e4/13/8f4541ca561237df01db3eeac5c86cab47/1161x832q6/Header.jpg,"25.192451, 55.288417",EN,N/A,https://cdn.opr.ae/brochures/22-residence.pdf,N/A,N/A,N/A,N/A,N/A,Dubai Luxury Living,Completed,N/A,N/A,Error,Error
N/A,https://opr.ae/projects/majid-al-futtaim-tilal-al-ghaf-aura-gardens-townhouses-and-villas-in-dubai,Tilal Al Ghaf Aura Gardens,Majid Al Futtaim,Tilal Al Ghaf,"Townhouses, Villas",1800000,https://cdn.metropolitan.realestate/icons/aura-gardens.jpg,"25.028118, 55.230999",EN,N/A,https://cdn.opr.ae/brochures/aura-gardens.pdf,60/40 2 Years Post-Handover,N/A,N/A,N/A,N/A,Green Nature Living,Q2 2024,60/40 2 Years Post-Handover,N/A,Error,https://opr.ae/ar/projects/majid-al-futtaim-tilal-al-ghaf-aura-gardens-townhouses-and-villas-in-dubai
https://youtu.be/xjSzfm03kw0,https://opr.ae/projects/the-royal-atlantis-the-palm-dubai-resort-residences-for-sale,The Royal Atlantis Residences,The Royal Atlantis,Palm Jumeirah,"Apartments, Penthouses",7200000,https://437e81e1-5ed1-4d53-bed7-e6f8d97dcc9b.selcdn.net/55/47/f5/3bec261227f35545fa27c1edf268c6e8e6/1161x832q8/Mobile-Header.jpg,"25.138076, 55.127442",EN,N/A,https://cdn.opr.ae/brochures/atlantis.pdf,40/60 Payment Plan,N/A,N/A,N/A,N/A,"Beachfront Living, Branded Residences",Completed,40/60 Payment Plan,N/A,https://opr.ae/ru/projects/the-royal-atlantis-the-palm-dubai-resort-residences-for-sale,https://opr.ae/ar/projects/the-royal-atlantis-the-palm-dubai-resort-residences-for-sale
https://youtu.be/bvDyMnF1UwE,https://opr.ae/projects/emaar-the-valley-nara-for-sale-in-dubai,Emaar The Valley Nara Townhouses,Emaar,Emaar The Valley,Townhouses,1340000,https://437e81e1-5ed1-4d53-bed7-e6f8d97dcc9b.selcdn.net/ba/7b/a5/6da6154a38d53153ced95e9bc58cb65df7/1161x832q8/Header.jpg,"25.009954, 55.450769",EN,N/A,https://cdn.opr.ae/brochures/the-valley.pdf,50/50 Payment Plan,50% DLD Fees Waiver,N/A,N/A,N/A,Green Nature Living,Q4 2024,50/50 Payment Plan,N/A,Error,https://opr.ae/ar/projects/emaar-the-valley-nara-for-sale-in-dubai
https://youtu.be/7_b9FcjvvgE,https://opr.ae/projects/urban-oasis-by-missoni-apartments-in-dubai-canal-business-bay,Dar Al Arkan Urban Oasis by Missoni,Dar Al Arkan,Business Bay,Apartments,606666,https://cdn.metropolitan.realestate/icons/uoxm01.jpg,"25.184304, 55.259347",EN,N/A,https://cdn.opr.ae/brochures/missoni.pdf,N/A,N/A,N/A,N/A,N/A,"Dubai Luxury Living, Waterfront Living",Q4 2023,N/A,N/A,https://opr.ae/ru/projects/urban-oasis-by-missoni-apartments-in-dubai-canal-business-bay,https://opr.ae/ar/projects/urban-oasis-by-missoni-apartments-in-dubai-canal-business-bay
https://youtu.be/miDeeHLoQCk,https://opr.ae/projects/deyaar-regalia-apartments-for-sale-in-business-bay-dubai,Deyaar Regalia,Deyaar,Business Bay,"Apartments, Penthouses",627000,https://i.1.creatium.io/16/fc/ae/59f81b0e8490e605b9ca19957cdfb2d639/2.jpg,"25.186915, 55.265491",EN,N/A,https://cdn.opr.ae/brochures/regalia.pdf,7 Years Payment Plan,100% DLD Fees Waiver,N/A,N/A,N/A,"Dubai Luxury Living, Waterfront Living",Q4 2024,7 Years Payment Plan,N/A,Error,https://opr.ae/ar/projects/deyaar-regalia-apartments-for-sale-in-business-bay-dubai
https://youtu.be/aBic-FwUw8g,https://opr.ae/projects/deyaar-mont-rose-apartments-in-al-barsha-south-dubai-science-park,Deyaar Mont Rose,Deyaar,Arjan,Apartments,600000,https://i.1.creatium.io/b9/e3/f8/52c1ff9d984d82581df75b18a37910a9f1/header.jpg,"25.069324, 55.245777",EN,N/A,https://cdn.opr.ae/brochures/deyaar-mont-rose.pdf,N/A,N/A,N/A,N/A,N/A,Green Nature Living,Completed,N/A,N/A,https://opr.ae/ru/projects/deyaar-mont-rose-apartments-in-al-barsha-south-dubai-science-park,https://opr.ae/ar/projects/deyaar-mont-rose-apartments-in-al-barsha-south-dubai-science-park
N/A,https://opr.ae/projects/deyaar-bella-rose-apartments-in-al-barsha-south-dubai-science-park,Deyaar Bella Rose,Deyaar,Arjan,Apartments,526000,https://i.1.creatium.io/43/af/bd/5f129fe4cfa7cd3452cce92b2ee89a1e6b/deyaar_bella_rose_apartments_1.jpg,"25.070462, 55.245079",EN,N/A,https://cdn.opr.ae/brochures/deyaar-bella-rose.pdf,N/A,N/A,N/A,N/A,N/A,Green Nature Living,Completed,N/A,N/A,https://opr.ae/ru/projects/deyaar-bella-rose-apartments-in-al-barsha-south-dubai-science-park,https://opr.ae/ar/projects/deyaar-bella-rose-apartments-in-al-barsha-south-dubai-science-park
N/A,https://opr.ae/projects/damac-hills-the-legends-villas-for-sale-dubai,DAMAC The Legends Villas,DAMAC,DAMAC Hills,Villas,1870000,https://437e81e1-5ed1-4d53-bed7-e6f8d97dcc9b.selcdn.net/49/6f/0c/15a6a71ce0b1f25277d5ddc8015054e38e/1161x832q8/Header.jpg,"25.031511, 55.257457",EN,N/A,https://cdn.opr.ae/brochures/the-legends.pdf,4 Years Payment Plan,N/A,N/A,N/A,N/A,"Dubai Luxury Living, Green Nature Living, Near Golf Course",Q4 2024,4 Years Payment Plan,N/A,Error,https://opr.ae/ar/projects/damac-hills-the-legends-villas-for-sale-dubai
https://youtu.be/BuH85iSuVis,https://opr.ae/projects/damac-hills-the-trump-estate-villas-dubai,DAMAC Belair II (The Trump Estates),DAMAC,DAMAC Hills,Villas,1870000,https://i.1.creatium.io/0e/5e/02/24d23d4d28c9c2a7d8c56bce6b6a2a9bad/3.jpg,"25.023763, 55.252710",EN,https://my.matterport.com/show/?m=EECwXTEcjfm&play=1&brand=0&help=0&mls=0&qs=0&title=0&hl=0,https://cdn.opr.ae/brochures/belair.pdf,4 Years Payment Plan,N/A,N/A,N/A,N/A,"Green Nature Living, Near Golf Course",Q4 2024,4 Years Payment Plan,N/A,Error,https://opr.ae/ar/projects/damac-hills-the-trump-estate-villas-dubai
https://youtu.be/WEwaPH2j6sE,https://opr.ae/projects/murooj-al-furjan-townhouses-for-sale-by-nakheel,Nakheel Murooj Al Furjan Townhouses,Nakheel,Al Furjan,Townhouses,3650000,https://i.1.creatium.io/03/62/b5/515b314afe136f3a56976237c1f2c71363/7.jpeg,"25.025518, 55.145629",EN,N/A,https://cdn.opr.ae/brochures/murooj.pdf,N/A,N/A,N/A,N/A,N/A,Green Nature Living,Q1 2024,N/A,N/A,Error,https://opr.ae/ar/projects/murooj-al-furjan-townhouses-for-sale-by-nakheel
https://youtu.be/m9SWylElR4c,https://opr.ae/projects/emaar-dubai-hills-vistas-lamborghini-villas-for-sale,Emaar Dubai Hills Vista by Lamborghini,Emaar,Dubai Hills Estate,Villas,Ask for Price,https://437e81e1-5ed1-4d53-bed7-e6f8d97dcc9b.selcdn.net/67/09/af/ddf05e4fa6721eee35488a85c63915f1df/1161x832q8/1.jpg,"25.113221, 55.273662",EN,N/A,https://cdn.opr.ae/brochures/dubai-hills-vista.pdf,70/30 2 Years Post-Completion,100% DLD Fees Waiver,N/A,N/A,N/A,"Green Nature Living, Near Golf Course, Branded Residences",Q4 2024,70/30 2 Years Post-Completion,N/A,Error,https://opr.ae/ar/projects/emaar-dubai-hills-vistas-lamborghini-villas-for-sale
https://youtu.be/MV3OE03FALU,https://opr.ae/projects/omniyat-one-palm,Omniyat One Palm,Omniyat,Palm Jumeirah,"Apartments, Penthouses",16233000,https://u20.plpstatic.ru/s/163qdfl061/044180964861ed3464a1c067ea0103a6/c8ec693242ff8928ce2e32b5357c53b5.jpg,"25.103203, 55.149419",EN,https://my.matterport.com/show/?m=Cuzc3uh8EBC&play=1&brand=0&help=0&mls=0&qs=0&title=0&hl=0,https://cdn.opr.ae/brochures/one-palm.pdf,N/A,N/A,N/A,N/A,N/A,Waterfront Living,Completed,N/A,N/A,https://opr.ae/ru/projects/omniyat-one-palm,https://opr.ae/ar/projects/omniyat-one-palm
https://youtu.be/2jlAQeQ8DCc,https://opr.ae/projects/w-residences-dubai,W Residences Dubai,Al Sharq Investment,Palm Jumeirah,Penthouses,22500000,https://u20.plpstatic.ru/s/163qdl3061/044180964861ed3464a1c067ea0103a6/d913b703673fb18b3944bb197232b29b.jpg,"25.108981, 55.111002",EN,https://my.matterport.com/show/?m=UwU2XoGb3rq&play=1&brand=0&help=0&mls=0&qs=0&title=0&hl=0,https://cdn.opr.ae/brochures/alef.pdf,N/A,N/A,N/A,N/A,N/A,"Beachfront Living, Branded Residences",Completed,N/A,N/A,https://opr.ae/ru/projects/w-residences-dubai,https://opr.ae/ar/projects/w-residences-dubai
https://youtu.be/oZn0lB1OERQ,https://opr.ae/projects/emaar-mina-rashid-apartments-for-sale-in-dubai,Emaar Mina Rashid Sirdhana,Emaar,Mina Rashid,Apartments,999888,https://i.1.creatium.io/1d/55/f1/a55225e437eda59d9ba9c1be5614af4edb/emaar_mina_rashid_apartments_photos_5.jpg,"25.284532, 55.275908",EN,N/A,https://cdn.opr.ae/brochures/mina-rashid.pdf,60/40 Payment Plan,50% DLD Fees Waiver,N/A,N/A,N/A,"Waterfront Living, Beachfront Living",Q3 2025,60/40 Payment Plan,N/A,Error,Error
https://youtu.be/uta7C0NSC1c,https://opr.ae/projects/xtreme-vision-volante-apartments-dubai,Volante Tower,Xtreme Vision,Dubai Canal,Apartments,20000000,https://437e81e1-5ed1-4d53-bed7-e6f8d97dcc9b.selcdn.net/2e/18/b1/acc35139398bdfad5304d742a7f7acc901/1161x832q8/header.jpg,"25.182490, 55.271620",EN,https://my.matterport.com/show/?m=1pWpi6rPJVn&play=1&brand=0&help=0&mls=0&qs=0&title=0&hl=0,https://cdn.opr.ae/brochures/volante.pdf,N/A,N/A,N/A,N/A,N/A,"Dubai Luxury Living, Waterfront Living",Completed,N/A,N/A,Error,Error
https://youtu.be/9khrYqlOZTA,https://opr.ae/projects/golf-views-seven-city-apartments-in-dubai-by-seven-tides,Golf Views Seven City,Seven Tides,Jumeirah Lake Towers (JLT),Apartments,833888,https://cdn.opr.ae/icons/Golf-Views-Seven-Tides-JLT-7.jpg,"25.079761, 55.153970",EN,N/A,https://cdn.opr.ae/brochures/golf-views-seven-tides.pdf,2 Years Payment Plan,N/A,N/A,N/A,N/A,"Green Nature Living, Near Golf Course",Q2 2023,2 Years Payment Plan,N/A,https://opr.ae/ru/projects/golf-views-seven-city-apartments-in-dubai-by-seven-tides,https://opr.ae/ar/projects/golf-views-seven-city-apartments-in-dubai-by-seven-tides
https://youtu.be/Um1MVebOz6Q,https://opr.ae/projects/emaar-arabian-ranches-villas-for-sale,Emaar Caya Arabian Ranches III,Emaar,Arabian Ranches,Villas,4130000,https://i.1.creatium.io/46/94/16/6b8cb3df106922ab954ff4d8e4445b32be/Emaar%20Caya%20Arabian%20Ranches%20Villas%201.jpg,"25.069220, 55.327708",EN,N/A,https://cdn.opr.ae/brochures/caya.pdf,N/A,N/A,N/A,N/A,N/A,Green Nature Living,Q4 2022,N/A,N/A,Error,https://opr.ae/ar/projects/emaar-arabian-ranches-villas-for-sale
https://youtu.be/Cqg83naMvkI,https://opr.ae/projects/emaar-elie-saab-villas-in-dubai-hills-estate,Emaar x Elie Saab Palm Hills,Emaar,Dubai Hills Estate,Villas,10000000,https://437e81e1-5ed1-4d53-bed7-e6f8d97dcc9b.selcdn.net/47/ee/72/cb69ebbb564321739cc2076f27eaef2b93/1161x832q8/Header.jpg,"25.113221, 55.273662",EN,N/A,N/A,N/A,N/A,N/A,N/A,N/A,"Green Nature Living, Near Golf Course, Branded Residences",Q4 2022,N/A,N/A,Error,https://opr.ae/ar/projects/emaar-elie-saab-villas-in-dubai-hills-estate
https://youtu.be/BlMMKkK49ks,https://opr.ae/projects/emaar-south-golf-links-villas,Emaar Golf Links,Emaar,Emaar South,Villas,2697888,https://u20.plpstatic.ru/s/73dcs9b061/044180964861ed3464a1c067ea0103a6/20dc08057c6b8405d04beb8960d34309.jpg,"24.859356, 55.141788",EN,https://my.matterport.com/show/?m=4tzBLSHXbKC&play=1&brand=0&help=0&mls=0&qs=0&title=0&hl=0,https://cdn.opr.ae/brochures/golf-links.pdf,25/75 3 Years Post-Handover ,50% DLD Fees Waiver,N/A,N/A,N/A,"Green Nature Living, Near Golf Course",Completed,25/75 3 Years Post-Handover ,N/A,Error,https://opr.ae/ar/projects/emaar-south-golf-links-villas
https://youtu.be/ZW7cyJq62ok,https://opr.ae/projects/ellington-kw-kensington-waters-apartments-in-meydan-mbr-city-dubai,Ellington KW (Kensington Waters),Ellington Properties,MBR City,Apartments,765828,https://437e81e1-5ed1-4d53-bed7-e6f8d97dcc9b.selcdn.net/13/c5/24/25828ab1dd390927aa813384b7115cd4f9/1161x832q8/Header.jpg,"25.178559, 55.312443",EN,N/A,https://cdn.opr.ae/brochures/kw.pdf,N/A,50% DLD Fees Waiver,N/A,N/A,N/A,Dubai Luxury Living,Q4 2024,N/A,N/A,Error,https://opr.ae/ar/projects/ellington-kw-kensington-waters-apartments-in-meydan-mbr-city-dubai
N/A,https://opr.ae/projects/murooj-al-furjan-villas-for-sale-by-nakheel,Nakheel Murooj Al Furjan Villas,Nakheel,Al Furjan,Villas,2900000,https://437e81e1-5ed1-4d53-bed7-e6f8d97dcc9b.selcdn.net/f3/e5/e3/7cd55ed1bb12b4668139a3cbf15bdae2b0/1161x832q8/Murooj-Al-Furjan-Villas-by-Nakheel.jpg,"25.025518, 55.145629",EN,N/A,https://cdn.opr.ae/brochures/murooj.pdf,40/60 Payment Plan,N/A,N/A,N/A,N/A,Green Nature Living,Q2 2024,40/60 Payment Plan,N/A,Error,https://opr.ae/ar/projects/murooj-al-furjan-villas-for-sale-by-nakheel
https://youtu.be/m9SWylElR4c,https://opr.ae/projects/majid-al-futtaim-tilal-al-ghaf-aura-villas-in-dubai,Tilal Al Ghaf Aura,Majid Al Futtaim,Tilal Al Ghaf,Villas,2600000,https://437e81e1-5ed1-4d53-bed7-e6f8d97dcc9b.selcdn.net/5a/44/a5/15746f66542950bbeb6aff608ef0ad806d/1161x832q8/Header.jpg,"25.028118, 55.230999",EN,N/A,N/A,60/40 2 Years Post-Handover,N/A,N/A,N/A,N/A,Green Nature Living,Q2 2024,60/40 2 Years Post-Handover,N/A,Error,https://opr.ae/ar/projects/majid-al-futtaim-tilal-al-ghaf-aura-villas-in-dubai
N/A,https://opr.ae/projects/damac-hills-green-woods-townhouses-for-sale-in-dubai,DAMAC Green Woods,DAMAC,DAMAC Hills,Townhouses,1688000,https://437e81e1-5ed1-4d53-bed7-e6f8d97dcc9b.selcdn.net/d8/63/6b/4d4a435fe2690f53308e9841f348704590/1161x832q8/Header.jpg,"25.029480, 55.252801",EN,https://my.matterport.com/show/?m=LZezwxMZqa9&play=1&brand=0&help=0&mls=0&qs=0&title=0&hl=00,https://cdn.opr.ae/brochures/green-woods.pdf,4 Years Payment Plan,N/A,N/A,N/A,N/A,"Green Nature Living, Near Golf Course",Q4 2024,4 Years Payment Plan,N/A,Error,https://opr.ae/ar/projects/damac-hills-green-woods-townhouses-for-sale-in-dubai
https://youtu.be/2_1ASx2IE1s,https://opr.ae/projects/damac-just-cavalli-villas-for-sale-in-damac-hills-dubai,DAMAC Just Cavalli Villas,DAMAC,DAMAC Hills 2,Villas,1150000,https://u6.plpstatic.ru/s/163qdfh061/e6c16d2f1b9d0ebdca33f222ceabeb18/e883c77b8a516159b720501e12850354.jpg,"24.993610, 55.387145",EN,https://my.matterport.com/show/?m=utFcBMa9PnD&play=1&brand=0&help=0&mls=0&qs=0&title=0&hl=0,https://cdn.opr.ae/brochures/just-cavalli.pdf,N/A,N/A,N/A,N/A,N/A,"Green Nature Living, Near Golf Course, Branded Residences",Completed,N/A,N/A,Error,https://opr.ae/ar/projects/damac-just-cavalli-villas-for-sale-in-damac-hills-dubai
N/A,https://opr.ae/projects/select-group-marina-gate-apartments-for-sale-dubai-marina,Select Group Marina Gate,Select Group,Dubai Marina,"Apartments, Penthouses",1700000,https://437e81e1-5ed1-4d53-bed7-e6f8d97dcc9b.selcdn.net/55/95/be/00ccaf954d9ae1f89304293a28f9779944/1161x832q8/Header.jpg,"25.087531, 55.147301",EN,https://my.matterport.com/show/?m=jerxt8pkCKe&play=1&brand=0&help=0&mls=0&qs=0&title=0&hl=0,https://cdn.opr.ae/brochures/marinagate.pdf,50/50 2 Years Post-Handover,N/A,N/A,N/A,N/A,"Dubai Luxury Living, Waterfront Living",Completed,50/50 2 Years Post-Handover,N/A,Error,https://opr.ae/ar/projects/select-group-marina-gate-apartments-for-sale-dubai-marina
https://youtu.be/_EkyzQXfwh0,https://opr.ae/projects/select-group-15-northside-business-bay-dubai,Select Group 15 Northside,Select Group,Business Bay,Apartments,590000,https://437e81e1-5ed1-4d53-bed7-e6f8d97dcc9b.selcdn.net/3b/ef/98/0342f63faeaeafdd69f01d1eb822030cea/1161x832q8/Header.jpg,"25.187068, 55.286674",EN,N/A,https://cdn.opr.ae/brochures/n15.pdf,30/70 Post-Completion,100% DLD Fees Waiver,N/A,N/A,N/A,"Dubai Luxury Living, Waterfront Living",Q4 2022,30/70 Post-Completion,N/A,Error,https://opr.ae/ar/projects/select-group-15-northside-business-bay-dubai
https://youtu.be/6klmsxMb27M,https://opr.ae/projects/district-one-d1-residences-for-sale-mbr-city-dubai,Sobha District One Residences,Sobha,MBR City,Apartments,1100000,https://i.1.creatium.io/e5/1e/42/a3b1b4e2d1a5d95dc96220febafafbec50/District%20One%20Apartments%20Dubai%201.jpg,"25.166509, 55.276740",EN,https://district1.com/districtone360/residence360.html,https://cdn.opr.ae/brochures/d1.pdf,60/40 Post-Completion,4% DLD Fees Waiver,N/A,N/A,N/A,"Green Nature Living, Waterfront Living, Beachfront Living",Q4 2023,60/40 Post-Completion,N/A,Error,https://opr.ae/ar/projects/district-one-d1-residences-for-sale-mbr-city-dubai
https://youtu.be/P4L-hmowHCQ,https://opr.ae/projects/select-group-studio-one-apartments-dubai-marina,Select Group Studio One,Select Group,Dubai Marina,"Apartments, Penthouses",550000,https://select-group.ae/wp-content/uploads/2016/10/Night-mood-Final-1.jpg,"25.069521, 55.128494",EN,https://my.matterport.com/show/?m=mnoHT8Ric2W&play=1&brand=0&help=0&mls=0&qs=0&title=0&hl=0,https://cdn.opr.ae/brochures/studio-one.pdf,50/50 2 Years Post-Handover ,N/A,N/A,N/A,N/A,"Dubai Luxury Living, Waterfront Living",Completed,50/50 2 Years Post-Handover ,N/A,Error,Error
N/A,https://opr.ae/projects/select-group-no-9-dubai-marina-apartments-for-sale,Select Group No 9,Select Group,Dubai Marina,"Apartments, Penthouses",1421000,https://i.1.creatium.io/17/a5/35/8e8a90cb22ab83c74f5f7241eb822e3710/header.jpg,"25.083567, 55.144560",EN,https://my.matterport.com/show/?m=jaWsqrRQPUE&play=1&brand=0&help=0&mls=0&qs=0&title=0&hl=0,https://cdn.opr.ae/brochures/no-9.pdf,N/A,N/A,N/A,N/A,N/A,"Dubai Luxury Living, Waterfront Living",Completed,N/A,N/A,Error,Error
N/A,https://opr.ae/projects/ellington-the-sloane-apartments-belgravia-heights-jvc-dubai,Ellington The Sloane,Ellington Properties,Jumeirah Village Circle (JVC),Apartments,434828,https://i.1.creatium.io/24/2c/f5/6a8ec74e6f3f601afd31047b8c46d1004e/2.jpg,"25.053436, 55.219830",EN,N/A,https://cdn.opr.ae/brochures/the-sloane.pdf,N/A,N/A,N/A,N/A,N/A,Dubai Luxury Living,Q2 2023,N/A,N/A,Error,https://opr.ae/ar/projects/ellington-the-sloane-apartments-belgravia-heights-jvc-dubai
https://youtu.be/lPEYG5hs7ug,https://opr.ae/projects/azizi-royal-bay-apartments-for-sale-on-palm-jumeirah,Azizi Royal Bay,Azizi,Palm Jumeirah,"Apartments, Penthouses",1535000,https://i.1.creatium.io/5f/55/ca/ef152aa80355b68d7f1744760a1760903c/header.jpg,"25.125167, 55.153199",EN,N/A,https://cdn.opr.ae/brochures/royal-bay.pdf,Pay 25% Now & Move-In,50% DLD Fees Waiver,N/A,N/A,N/A,"Waterfront Living, Beachfront Living",Completed,Pay 25% Now & Move-In,N/A,Error,Error
https://youtu.be/AbZCQDVz6xE,https://opr.ae/projects/azizi-mina-apartments-for-sale-on-palm-jumeirah,Azizi Mina,Azizi,Palm Jumeirah,"Apartments, Penthouses",2262000,https://i.1.creatium.io/90/f7/87/d117f22a57ed4975734fc515c1355365cf/Screenshot%202021-06-14%20at%2005.44.20.jpg,"25.127187, 55.153537",EN,https://azizidevelopments.s3.amazonaws.com/360views/2020/Mina-1BR.html,https://cdn.opr.ae/brochures/mina.pdf,30/70 Post-Completion,100% DLD Fees Waiver,N/A,N/A,N/A,"Waterfront Living, Beachfront Living",Completed,30/70 Post-Completion,N/A,Error,https://opr.ae/ar/projects/azizi-mina-apartments-for-sale-on-palm-jumeirah
N/A,https://opr.ae/projects/azizi-creek-views-apartments-dubai-healthcare-city,Azizi Creek Views II,Azizi,Dubai Healthcare City,Apartments,398000,https://cdn.opr.ae/icons/7245uwtejgd.jpg,"25.233021, 55.325139",EN,https://azizidevelopments.s3.amazonaws.com/360views/2020/Creek-1BR.html,https://cdn.opr.ae/brochures/creek-views-fp.pdf,50/50 Post-Completion,N/A,N/A,N/A,N/A,"Dubai Luxury Living, Waterfront Living",Completed,50/50 Post-Completion,N/A,Error,https://opr.ae/ar/projects/azizi-creek-views-apartments-dubai-healthcare-city
N/A,https://opr.ae/projects/azizi-samia-al-furjan-apartments-for-sale-in-dubai,Azizi Samia,Azizi,Al Furjan,Apartments,2100000,https://i.1.creatium.io/85/f1/b5/ba48c089d54094e0dfdbb214ceb8ea59a3/1161x832q5/header.jpg,"25.026299, 55.138778",EN,N/A,https://cdn.opr.ae/brochures/samia.pdf,4 Years Zero Service Fees,50% DLD Fees Waiver,N/A,N/A,N/A,N/A,Completed,4 Years Zero Service Fees,N/A,Error,Error
N/A,https://opr.ae/projects/azizi-riviera-meydan-apartments,Azizi Riviera,Azizi,MBR City,Apartments,663000,https://u20.plpstatic.ru/s/163qcje061/044180964861ed3464a1c067ea0103a6/7d8439e04af0a4eef62dd815f11073f4.jpg,"25.172131, 55.302661",EN,https://azizidevelopments.s3.amazonaws.com/360views/2020/Riviera-1BR.html,https://cdn.opr.ae/brochures/azizi-riviera.pdf,4 Years Service Charges Waiver,50% DLD Fees Waiver,N/A,N/A,N/A,N/A,Completed,4 Years Service Charges Waiver,N/A,Error,https://opr.ae/ar/projects/azizi-riviera-meydan-apartments
N/A,https://opr.ae/projects/azizi-victoria-apartments-dubai-meydan,Azizi Victoria,Azizi,MBR City,Apartments,430000,https://u20.plpstatic.ru/s/163qcje061/044180964861ed3464a1c067ea0103a6/eff0db9c44e9f815e9fac0d088b1dafe.jpg,"25.161314, 55.279541",EN,https://s3.amazonaws.com/azizidevelopments/360views/Victoria.html,https://cdn.opr.ae/brochures/victoria.pdf,N/A,N/A,N/A,N/A,N/A,N/A,Completed,N/A,N/A,Error,https://opr.ae/ar/projects/azizi-victoria-apartments-dubai-meydan
N/A,https://opr.ae/projects/azizi-aura-downtown-jebel-ali-apartments-for-sale-in-dubai,Azizi Aura,Azizi,Downtown Jebel Ali,Apartments,1130000,https://i.1.creatium.io/b9/74/cb/283f2fe2553db41560afc821d067fe1eeb/1161x832q5/header.jpg,"24.978164, 55.091773",EN,N/A,https://cdn.opr.ae/brochures/azizi-aura.pdf,N/A,50% DLD Fees Waiver,N/A,N/A,N/A,N/A,Completed,N/A,N/A,Error,Error
N/A,https://opr.ae/projects/azizi-montrell-al-furjan-apartments-for-sale-in-dubai,Azizi Montrell,Azizi,Al Furjan,Apartments,703000,https://i.1.creatium.io/fb/36/8f/6c5f6f1eac4de8517996b6c221d68e1175/1161x832q8/header.jpg,"25.018244, 55.129494",EN,N/A,https://cdn.opr.ae/brochures/azizi-montrell.pdf,Pay 25% Now & Move-In,50% DLD Fees Waiver,N/A,N/A,N/A,Dubai Luxury Living,Completed,Pay 25% Now & Move-In,N/A,Error,Error
N/A,https://opr.ae/projects/azizi-plaza-al-furjan-apartments-for-sale-in-dubai,Azizi Plaza,Azizi,Al Furjan,Apartments,528000,https://i.1.creatium.io/09/ba/cd/ac8945d622ed99f0729a77ff208facaa5c/1161x832q5/header.jpg,"25.022176, 55.139312",EN,N/A,https://cdn.opr.ae/brochures/azizi-plaza.pdf,4 Years Zero Service Fees,50% DLD Fees Waiver,N/A,N/A,N/A,N/A,Completed,4 Years Zero Service Fees,N/A,Error,Error
N/A,https://opr.ae/projects/azizi-roy-mediterranean-al-furjan-apartments-for-sale-in-dubai,Azizi Roy Mediterranean,Azizi,Al Furjan,Apartments,860000,https://i.1.creatium.io/d3/2c/dd/68c4662014479400b482bf36928747e2a5/1161x832q5/header.jpg,"25.021743, 55.155404",EN,N/A,https://cdn.opr.ae/brochures/azizi-roy-mediterranean.pdf,4 Years Zero Service Fees,50% DLD Fees Waiver,N/A,N/A,N/A,N/A,Completed,4 Years Zero Service Fees,N/A,Error,Error
N/A,https://opr.ae/projects/azizi-berton-al-furjan-apartments-for-sale-in-dubai,Azizi Berton,Azizi,Al Furjan,Apartments,350000,https://i.1.creatium.io/2f/e7/76/bbed115d591201c15759d1bbc3bda8896b/1161x832q5/header.jpg,"25.020395, 55.150193",EN,N/A,https://cdn.opr.ae/brochures/azizi-berton.pdf,4 Years Zero Service Fees,50% DLD Fees Waiver,N/A,N/A,N/A,N/A,Completed,4 Years Zero Service Fees,N/A,Error,Error
N/A,https://opr.ae/projects/azizi-farishta-al-furjan-apartments-for-sale-in-dubai,Azizi Farishta,Azizi,Al Furjan,"Apartments, Penthouses",531000,https://i.1.creatium.io/19/3a/38/eb8d1a77bf08b534f415b921cdd5ff2ffa/1161x832q5/header.jpg,"25.024469, 55.139151",EN,N/A,https://cdn.opr.ae/brochures/azizi-farishta.pdf,N/A,50% DLD Fees Waiver,N/A,N/A,N/A,N/A,Completed,N/A,N/A,Error,Error
N/A,https://opr.ae/projects/azizi-shaista-al-furjan-apartments-for-sale-in-dubai,Azizi Shaista,Azizi,Al Furjan,Apartments,808000,https://i.1.creatium.io/78/ae/b8/f7d8959bf55352b3c698933b7813f14511/azizi_shaista_al_furjan_photos_1.jpg,"25.030466, 55.140103",EN,N/A,https://cdn.opr.ae/brochures/azizi-shaista.pdf,4 Years Zero Service Fees,50% DLD Fees Waiver,N/A,N/A,N/A,N/A,Completed,4 Years Zero Service Fees,N/A,Error,Error
N/A,https://opr.ae/projects/azizi-star-al-furjan-apartments-for-sale-in-dubai,Azizi Star,Azizi,Al Furjan,Apartments,882000,https://i.1.creatium.io/23/87/a7/754c531f3d77e3a339b5c7dcfe3b713c4f/header.jpg,"25.025482, 55.138790",EN,N/A,https://cdn.opr.ae/brochures/azizi-star.pdf,4 Years Zero Service Fees,50% DLD Fees Waiver,N/A,N/A,N/A,N/A,Completed,4 Years Zero Service Fees,N/A,Error,Error
N/A,https://opr.ae/projects/azizi-cancade-acacia-al-furjan-apartments-for-sale-in-dubai,Azizi Cancade Acacia,Azizi,Al Furjan,Apartments,975000,https://i.1.creatium.io/bd/54/92/efda26a4731767c64179c8e5aa2899c22f/1161x832q8/header.jpg,"25.025893, 55.157761",EN,N/A,https://cdn.opr.ae/brochures/candace-acacia.pdf,4 Years Zero Service Fees,50% DLD Fees Waiver,N/A,N/A,N/A,N/A,Completed,4 Years Zero Service Fees,N/A,Error,Error
N/A,https://opr.ae/projects/azizi-orchid-residence-al-furjan-apartments-for-sale-in-dubai,Azizi Orchid Residence,Azizi,Al Furjan,Apartments,700000,https://i.1.creatium.io/23/f5/48/22b5a1f4711da9664270f6bcc65c75922e/header.jpg,"25.032110, 55.149586",EN,N/A,https://cdn.opr.ae/brochures/azizi-orchid.pdf,4 Years Zero Service Fees,50% DLD Fees Waiver,N/A,N/A,N/A,N/A,Completed,4 Years Zero Service Fees,N/A,Error,Error
N/A,https://opr.ae/projects/azizi-iris-residence-al-furjan-apartments-for-sale-in-dubai,Azizi Iris Residence,Azizi,Al Furjan,Apartments,1000000,https://i.1.creatium.io/01/3c/b3/41790259d26418bb4917ce66262d5e88aa/1161x832q5/header.jpg,"25.032451, 55.149115",EN,N/A,https://cdn.opr.ae/brochures/azizi-iris.pdf,4 Years Zero Service Fees,50% DLD Fees Waiver,N/A,N/A,N/A,N/A,Completed,4 Years Zero Service Fees,N/A,Error,Error
N/A,https://opr.ae/projects/azizi-tulip-residence-al-furjan-apartments-for-sale-in-dubai,Azizi Tulip Residence,Azizi,Al Furjan,Apartments,1090000,https://i.1.creatium.io/f4/a3/8f/e7de1357f59bfcb41e709b2e8c8b6090a5/1161x832q5/header.jpg,"25.029016, 55.153646",EN,N/A,https://cdn.opr.ae/brochures/azizi-tulip.pdf,4 Years Zero Service Fees,50% DLD Fees Waiver,N/A,N/A,N/A,N/A,Completed,4 Years Zero Service Fees,N/A,Error,Error
N/A,https://opr.ae/projects/azizi-daisy-residence-al-furjan-apartments-for-sale-in-dubai,Azizi Daisy Residence,Azizi,Al Furjan,Apartments,730000,https://i.1.creatium.io/ac/db/20/3362e63280cb1229355dc3c211587e09f0/header.jpg,"25.027509, 55.155853",EN,N/A,https://cdn.opr.ae/brochures/azizi-daisy.pdf,4 Years Zero Service Fees,50% DLD Fees Waiver,N/A,N/A,N/A,N/A,Completed,4 Years Zero Service Fees,N/A,Error,Error
N/A,https://opr.ae/projects/azizi-freesia-residence-al-furjan-apartments-for-sale-in-dubai,Azizi Freesia Residence,Azizi,Al Furjan,Apartments,800000,https://i.1.creatium.io/4c/09/5d/aaa64af6c059afa99f36f90423b11ab4eb/header.jpg,"25.027085, 55.156564",EN,N/A,https://cdn.opr.ae/brochures/azizi-freesia.pdf,4 Years Zero Service Fees,50% DLD Fees Waiver,N/A,N/A,N/A,N/A,Completed,4 Years Zero Service Fees,N/A,Error,Error
N/A,https://opr.ae/projects/azizi-feirouz-residence-al-furjan-apartments-for-sale-in-dubai,Azizi Feirouz Residence,Azizi,Al Furjan,Apartments,750000,https://i.1.creatium.io/14/6b/8c/0928942fd678d4578b91feb9852c94287d/1161x832q5/header.jpg,"25.033402, 55.147411",EN,N/A,https://cdn.opr.ae/brochures/azizi-feirouz.pdf,4 Years Zero Service Fees,50% DLD Fees Waiver,N/A,N/A,N/A,N/A,Completed,4 Years Zero Service Fees,N/A,Error,Error
N/A,https://opr.ae/projects/azizi-liatris-residence-al-furjan-apartments-for-sale-in-dubai,Azizi Liatris Residence,Azizi,Al Furjan,Apartments,700000,https://i.1.creatium.io/7a/b9/92/4f6e822636526cd747e8ac058f105dc6ff/header.jpg,"25.031464, 55.149941",EN,N/A,https://cdn.opr.ae/brochures/azizi-liatris.pdf,4 Years Zero Service Fees,50% DLD Fees Waiver,N/A,N/A,N/A,N/A,Completed,4 Years Zero Service Fees,N/A,Error,Error
N/A,https://opr.ae/projects/azizi-yasamine-residence-al-furjan-apartments-for-sale-in-dubai,Azizi Yasamine Residence,Azizi,Al Furjan,Apartments,720000,https://i.1.creatium.io/ba/97/c4/30e6ab3e0d95ffcff1eb8be90ffc580a10/header.jpg,"25.033691, 55.146907",EN,N/A,https://cdn.opr.ae/brochures/azizi-yasamine.pdf,4 Years Zero Service Fees,50% DLD Fees Waiver,N/A,N/A,N/A,N/A,Completed,4 Years Zero Service Fees,N/A,Error,Error
N/A,https://opr.ae/projects/sobha-hartland-waves-apartments-for-sale-in-mbr-city-dubai,Sobha Hartland Waves,Sobha,Sobha Hartland,Apartments,975000,https://i.1.creatium.io/a5/89/e9/091a741a04c9da90148142a8a097e05444/112.jpg,"25.179630, 55.328489",EN,N/A,https://cdn.opr.ae/brochures/waves.pdf,50/50 2 Years Post-Handover ,50% DLD Fees Waiver,N/A,N/A,N/A,"Dubai Luxury Living, Waterfront Living",Completed,50/50 2 Years Post-Handover ,N/A,Error,https://opr.ae/ar/projects/sobha-hartland-waves-apartments-for-sale-in-mbr-city-dubai
https://youtu.be/NXLPq4pAbgII,https://opr.ae/projects/emaar-beachfront-palace-beach-residence-for-sale-in-dubai,Emaar Beachfront Palace Beach Residence,Emaar,Emaar Beachfront,Apartments,1700000,https://437e81e1-5ed1-4d53-bed7-e6f8d97dcc9b.selcdn.net/8e/33/38/339b7c3f8cd9f84efdb59d1cb80c5ab5c7/1161x832q8/Emaar%20Palace%20Beach%20Residence.jpg,"25.098787, 55.141120",EN,N/A,https://cdn.opr.ae/brochures/palace-beach-residences.pdf,70/30 2 Years Post-Handover ,50% DLD Fees Waiver,N/A,N/A,N/A,"Dubai Luxury Living, Beachfront Living",Completed,70/30 2 Years Post-Handover ,N/A,Error,https://opr.ae/ar/projects/emaar-beachfront-palace-beach-residence-for-sale-in-dubai
https://youtu.be/x4xAAGAlDk4,https://opr.ae/projects/nakheel-nad-al-sheba-villas,Nakheel Nad Al Sheba Villas,Nakheel,Nad Al Sheba,Villas,2800000,https://cdn.opr.ae/icons/nasv_sales02.jpg,"25.160235, 55.371760",EN,https://my.matterport.com/show/?m=G5GT2Ct4KYX&play=1&brand=0&help=0&mls=0&qs=0&title=0&hl=0,https://cdn.opr.ae/brochures/nad-al-sheba.pdf,5 Years Service Charges Waiver,2% DLD Fees Waiver,N/A,N/A,N/A,Green Nature Living,Completed,5 Years Service Charges Waiver,N/A,Error,https://opr.ae/ar/projects/nakheel-nad-al-sheba-villas
https://youtu.be/sbB8JUrSXmU,https://opr.ae/projects/seven-palm-residences-dubai,Seven Palm Residences,Seven Tides,Palm Jumeirah,Apartments,649888,https://u20.plpstatic.ru/s/73olmm4061/044180964861ed3464a1c067ea0103a6/b85521bbff056a7ed4e083a90a429691.jpg,"25.112446, 55.138549",EN,https://my.matterport.com/show/?m=wgi3iXbm3YL&play=1&brand=0&help=0&mls=0&qs=0&title=0&hl=0,https://cdn.opr.ae/brochures/seven-palm.pdf,N/A,100% DLD Fees Waiver,N/A,N/A,N/A,Waterfront Living,Completed,N/A,N/A,Error,https://opr.ae/ar/projects/seven-palm-residences-dubai
N/A,https://opr.ae/projects/al-barari-the-neighbourhood-apartments-for-sale-in-dubai,Al Barari The Neighbourhood,Al Barari,Al Barari,Apartments,719588,https://437e81e1-5ed1-4d53-bed7-e6f8d97dcc9b.selcdn.net/c5/29/0f/c490b09a18e55ebf301bd67be88fc364aa/1920x881q8/Last%20Photo.jpg,"25.099062, 55.302304",EN,N/A,https://cdn.opr.ae/brochures/the-neighbourhood.pdf,20/80 Post-Completion,N/A,N/A,N/A,N/A,Green Nature Living,Completed,20/80 Post-Completion,N/A,Error,https://opr.ae/ar/projects/al-barari-the-neighbourhood-apartments-for-sale-in-dubai
https://youtu.be/IY02GMpa5YU,https://opr.ae/projects/palm-view-apartments-for-sale-on-palm-jumeirah,Avani Palm View,Avani,Palm Jumeirah,Apartments,1700000,https://i.1.creatium.io/f9/a6/4e/16495c4bf2cf347b2be9844998ee266b01/South-Facade_P-olqCwhYP.jpg,"25.098717, 55.156881",EN,https://my.matterport.com/show/?m=jm3vHNwwUt1&play=1&brand=0&help=0&mls=0&qs=0&title=0&hl=0,https://cdn.opr.ae/brochures/palm-view.pdf,20/80 5 Years Post-Handover ,N/A,N/A,N/A,N/A,Waterfront Living,Completed,20/80 5 Years Post-Handover ,N/A,Error,https://opr.ae/ar/projects/palm-view-apartments-for-sale-on-palm-jumeirah
https://youtu.be/vBDExQ2tSFs,https://opr.ae/projects/emaar-golf-place-villas-dubai-hills-estate,Emaar Golf Place II,Emaar,Dubai Hills Estate,Villas,7250000,https://i.1.creatium.io/8c/28/c4/231aa34757155772b9dcf647869c01f776/11.jpg,"25.113221, 55.273662",EN,https://premium.giraffe360.com/emaar/1669f0e4a50d48668cc772e2da07417c/,https://cdn.opr.ae/brochures/golf-place.pdf,60/40 2 Years Post-Handover,50% DLD Fees Waiver,N/A,N/A,N/A,"Green Nature Living, Near Golf Course",Completed,60/40 2 Years Post-Handover,N/A,Error,https://opr.ae/ar/projects/emaar-golf-place-villas-dubai-hills-estate
https://youtu.be/R5EdhTk1qDQ,https://opr.ae/projects/majid-al-futtaim-tilal-al-ghaf-harmony-villas-in-dubai,Tilal Al Ghaf Harmony II,Majid Al Futtaim,Tilal Al Ghaf,Villas,3390000,https://cdn.opr.ae/icons/3253dsgjsaujdy6q3ywrujsdg/53b5b5yrteg2qb.jpg,"25.028118, 55.230999",EN,N/A,https://cdn.opr.ae/brochures/harmony-villas.pdf,60/40 5 Years Post-Handover,50% DLD Fees Waiver,N/A,N/A,N/A,Green Nature Living,Completed,60/40 5 Years Post-Handover,N/A,Error,https://opr.ae/ar/projects/majid-al-futtaim-tilal-al-ghaf-harmony-villas-in-dubai
https://youtu.be/KIfrTkQxWVI,https://opr.ae/projects/district-one-d1-villas-for-sale-in-dubai-mbr-city,Sobha District One Villas,Sobha,MBR City,Villas,5000000,https://i.1.creatium.io/66/77/63/03f1db7f28b0cd5d0c09c3be2af401a37b/1.jpg,"25.166117, 55.273611",EN,N/A,https://cdn.opr.ae/brochures/d1-villas.pdf,N/A,N/A,N/A,N/A,N/A,"Green Nature Living, Waterfront Living, Beachfront Living",Completed,N/A,N/A,Error,https://opr.ae/ar/projects/district-one-d1-villas-for-sale-in-dubai-mbr-city
https://youtu.be/vnGozqHM7EE,https://opr.ae/projects/damac-hills-green-acres-villas-for-sale-in-dubai,DAMAC Green Acres,DAMAC,DAMAC Hills,Villas,1600000,https://437e81e1-5ed1-4d53-bed7-e6f8d97dcc9b.selcdn.net/4f/2f/d9/629b31ed1f207078fe9cf4dfc8fc8bd5f4/1161x832q8/Header.jpg,"25.029480, 55.252801",EN,N/A,https://cdn.opr.ae/brochures/green-acres.pdf,4 Years Payment Plan,2% DLD Fees Waiver,N/A,N/A,N/A,"Green Nature Living, Near Golf Course",Completed,4 Years Payment Plan,N/A,Error,https://opr.ae/ar/projects/damac-hills-green-acres-villas-for-sale-in-dubai
https://youtu.be/g6FeCW0GXng,https://opr.ae/projects/damac-hills-a-la-carte-villas-dubai,DAMAC A La Carte Villas,DAMAC,DAMAC Hills,Villas,1499000,https://437e81e1-5ed1-4d53-bed7-e6f8d97dcc9b.selcdn.net/82/62/cb/54751837b94826d0e6064d2f7ec979fdee/1161x832q8/Header.jpg,"25.028159, 55.252068",EN,N/A,https://cdn.opr.ae/brochures/a-la-carte.pdf,18 Months Post-Handover,N/A,N/A,N/A,N/A,"Green Nature Living, Near Golf Course",Completed,18 Months Post-Handover,N/A,Error,https://opr.ae/ar/projects/damac-hills-a-la-carte-villas-dubai
N/A,https://opr.ae/projects/grand-bleu-tower-2-at-emaar-beachfront,Emaar Beachfront Grand Bleu Tower II,Emaar,Emaar Beachfront,Apartments,2100000,https://i.1.creatium.io/ee/6c/bc/5d38f81d3e94492c5d95caf2b68a473927/1.jpg,"25.099815, 55.140260",EN,N/A,https://cdn.opr.ae/brochures/grandbleutower2.pdf,60/40 2 Years Post-Handover,50% DLD Fees Waiver,N/A,N/A,N/A,"Dubai Luxury Living, Beachfront Living, Branded Residences",Completed,60/40 2 Years Post-Handover,N/A,Error,Error
https://youtu.be/hpcSbK3dIRI,https://opr.ae/projects/emaar-il-primo-the-opera-district-in-downtown-dubai,Emaar IL Primo The Opera District,Emaar,Downtown Dubai,"Apartments, Penthouses",20601888,https://i.1.creatium.io/64/ff/e4/d082be9b0e34f024953eaa1111cabc19fe/amenities6.jpg,"25.196581, 55.271970",EN,https://www.emaar.com/DowntownDubai_IL_Primo_4BR/index.html#pano13/-45.0/0.0/60.0,https://cdn.opr.ae/brochures/il-primo.pdf,60/40 2 Years Post-Handover ,50% DLD Fees Waiver,N/A,N/A,N/A,Dubai Luxury Living,Completed,60/40 2 Years Post-Handover ,N/A,https://opr.ae/ru/projects/emaar-il-primo-the-opera-district-in-downtown-dubai,https://opr.ae/ar/projects/emaar-il-primo-the-opera-district-in-downtown-dubai
https://youtu.be/HCDtQBByEk8,https://opr.ae/projects/emaar-blvd-heights-downtown-dubai,Emaar BLVD Heights,Emaar,Downtown Dubai,Apartments,5773888,https://i.1.creatium.io/dd/19/1f/47df4201d177876acfb87e54b43f4af4d2/1620x832_Hero-1620x832.jpg,"25.192703, 55.269815",EN,https://my.matterport.com/show/?m=s7V931ersdg&play=1&brand=0&help=0&mls=0&qs=0&title=0&hl=0,https://cdn.opr.ae/brochures/blvd-heights.pdf,25/75 3 Years Post-Handover ,100% DLD Fees Waiver,N/A,N/A,N/A,Dubai Luxury Living,Completed,25/75 3 Years Post-Handover ,N/A,Error,https://opr.ae/ar/projects/emaar-blvd-heights-downtown-dubai
https://youtu.be/ykcUicyTY6Q,https://opr.ae/projects/dubai-properties-la-vie-jbr,Dubai Properties La Vie JBR,Dubai Properties,Jumeirah Beach Residence (JBR),"Apartments, Penthouses",7300000,https://437e81e1-5ed1-4d53-bed7-e6f8d97dcc9b.selcdn.net/63/d2/b1/8f543cf2476c834408c4ddd008a577667b/1161x832q8/Header.jpg,"25.080148, 55.134007",EN,https://www.dp.ae/360Pano/virtual_tours/la-vie/,https://cdn.opr.ae/brochures/la-vie.pdf,60/40 3 Years Post-Handover,50% DLD Fees Waiver,N/A,N/A,N/A,Beachfront Living,Completed,60/40 3 Years Post-Handover,N/A,Error,https://opr.ae/ar/projects/dubai-properties-la-vie-jbr
https://youtu.be/gEpRaEYFhfA,https://opr.ae/projects/dubai-holding-asayel-madinat-jumeirah-living,Asayel at Madinat Jumeirah Living (MJL),Dubai Properties,Madinat Jumeirah,Apartments,1225000,https://static.propsearch.ae/dubai-locations/madinat-jumeirah-living-15804.jpg,"25.137472, 55.188990",EN,https://mjl.dubaiholding.com/virtual_tour/mjl/,https://cdn.opr.ae/brochures/mjl.pdf,50/50 Payment Plan,N/A,N/A,N/A,N/A,Dubai Luxury Living,Completed,50/50 Payment Plan,N/A,https://opr.ae/ru/projects/dubai-holding-asayel-madinat-jumeirah-living,https://opr.ae/ar/projects/dubai-holding-asayel-madinat-jumeirah-living
https://youtu.be/9gAdGka7TRU,https://opr.ae/projects/dubai-holding-rahaal-madinat-jumeirah-living,Rahaal at Madinat Jumeirah Living (MJL),Dubai Properties,Madinat Jumeirah,Apartments,1800000,https://cdn.opr.ae/icons/mjl/community/1.jpg,"25.137472, 55.188990",EN,https://mjl.dubaiholding.com/virtual_tour/mjl/,https://cdn.opr.ae/brochures/rahaal.pdf,2 Years Post-Handover,N/A,N/A,N/A,N/A,Dubai Luxury Living,Completed,2 Years Post-Handover,N/A,https://opr.ae/ru/projects/dubai-holding-rahaal-madinat-jumeirah-living,https://opr.ae/ar/projects/dubai-holding-rahaal-madinat-jumeirah-living
https://youtu.be/fvdePH95KLU,https://opr.ae/projects/omniyat-anwa-apartments-in-dubai-maritime-city,Omniyat Anwa,Omniyat,Dubai Maritime City,Apartments,864000,https://i.1.creatium.io/09/b9/5a/8b499d30de31f954227f9d621f85203448/anwa-24.jpg,"25.269770112157822, 55.269963112588265",EN,N/A,https://cdn.opr.ae/brochures/anwa.pdf,5 Years Payment Plan,N/A,N/A,N/A,N/A,"Dubai Luxury Living, Waterfront Living",Completed,5 Years Payment Plan,N/A,Error,Error
N/A,https://opr.ae/projects/meraas-sur-la-mer-townhouses,Meraas Sur La Mer,Meraas,Jumeirah 1,Townhouses,7500000,https://u20.plpstatic.ru/s/163qc09061/e6c16d2f1b9d0ebdca33f222ceabeb18/5820449cf9b78291113fe90eee6a51a8.jpg,"25.235375, 55.254931",EN,https://360.visengine.com/meraas_vrt4/v45_99/#pano22/0.0/0.0/100.0,https://cdn.opr.ae/brochures/sur-la-mer.pdf,50/50 Post-Handover,100% DLD Fees Waiver,N/A,N/A,N/A,Waterfront Living,Completed,50/50 Post-Handover,N/A,https://opr.ae/ru/projects/meraas-sur-la-mer-townhouses,https://opr.ae/ar/projects/meraas-sur-la-mer-townhouses
https://youtu.be/_P1gqQwhDQE,https://opr.ae/projects/dubai-properties-one-jbr,Dubai Properties One JBR,Dubai Properties,Jumeirah Beach Residence (JBR),"Apartments, Penthouses",7000000,https://437e81e1-5ed1-4d53-bed7-e6f8d97dcc9b.selcdn.net/46/bc/d9/3a44405dd7d41998408582a7b37a3d3644/1161x832q8/Header.jpg,"25.083994, 55.138728",EN,N/A,https://cdn.opr.ae/brochures/1jbr.pdf,N/A,100% DLD Fees Waiver,N/A,N/A,N/A,Waterfront Living,Completed,N/A,N/A,https://opr.ae/ru/projects/dubai-properties-one-jbr,https://opr.ae/ar/projects/dubai-properties-one-jbr
https://youtu.be/JbVOZxrMXXg,https://opr.ae/projects/al-barari-chorisia-villas-for-sale-in-dubai,Al Barari Chorisia Villas,Al Barari,Al Barari,Villas,5300000,https://i.1.creatium.io/13/67/5e/e7456dd859fa8625c0998fd609b0c82b66/chorisia-48.jpg,"25.099062, 55.302304",EN,N/A,https://cdn.opr.ae/brochures/chorisia.pdf,N/A,N/A,N/A,N/A,N/A,Green Nature Living,Q4 2022,N/A,N/A,Error,https://opr.ae/ar/projects/al-barari-chorisia-villas-for-sale-in-dubai
N/A,https://opr.ae/projects/stella-maris-dubai-marina-apartments-for-sale,Bloom Stella Maris,Bloom,Dubai Marina,Apartments,998000,https://437e81e1-5ed1-4d53-bed7-e6f8d97dcc9b.selcdn.net/f9/c2/b1/7522a8fcc06518270dd86d8351c5c61afd/1161x832q8/Header.jpg,"25.085940, 55.143946",EN,N/A,https://cdn.opr.ae/brochures/stella-maris.pdf,N/A,N/A,N/A,N/A,N/A,"Dubai Luxury Living, Waterfront Living",Completed,N/A,N/A,Error,Error
https://youtu.be/khOeaIlbRVE,https://opr.ae/projects/serenia-residences-palm-jumeirah-dubai,Serenia Residences The Palm,Palma Holding,Palm Jumeirah,Apartments,2200000,https://palmaholding.com/wp-content/uploads/2015/04/Serenia-Residences-The-Palm-5.jpg,"25.132471, 55.151932",EN,https://my.matterport.com/show/?m=5ASpJKX7P4m&play=1&brand=0&help=0&mls=0&qs=0&title=0&hl=0,https://cdn.opr.ae/brochures/serenia.pdf,N/A,N/A,N/A,N/A,N/A,"Beachfront Living, Waterfront Living, Dubai Luxury Living",Completed,N/A,N/A,Error,https://opr.ae/ar/projects/serenia-residences-palm-jumeirah-dubai
https://youtu.be/EEhCvm2KkBU,https://opr.ae/projects/meraas-nikki-beach-residences-dubai,Meraas Nikki Beach Residences,Meraas,Pearl Jumeirah,Apartments,3010000,https://www.meraas.com/-/media/project/meraasecosystem/meraas/media-center/2018/nikki-beach/nikkibeach-m.jpg,"25.247846, 55.258211",EN,https://my.matterport.com/show/?m=q9Z8kXQXh56&play=1&brand=0&help=0&mls=0&qs=0&title=0&hl=0,https://cdn.opr.ae/brochures/nikki-beach.pdf,10/90 4 Years Post-Handover,N/A,N/A,2 Years Service Charges Waiver,N/A,Beachfront Living,Completed,10/90 4 Years Post-Handover,N/A,Error,https://opr.ae/ar/projects/meraas-nikki-beach-residences-dubai
https://youtu.be/Fn4YXpOq1PM,https://opr.ae/projects/meraas-amalfi-villas-dubai,Meraas Amalfi Villas,Meraas,Jumeira Bay,Villas,5700000,https://www.luxuryproperty.com/uploads/images/-bedroom-villa-for-sale-villa_amalfi-LP01800-eb6ead570e08f80.jpg,"25.213835, 55.236940",EN,N/A,https://cdn.opr.ae/brochures/amalfi.pdf,N/A,N/A,N/A,N/A,N/A,Green Nature Living,Completed,N/A,N/A,https://opr.ae/ru/projects/meraas-amalfi-villas-dubai,https://opr.ae/ar/projects/meraas-amalfi-villas-dubai
https://youtu.be/lcBRlFRQdyU,https://opr.ae/projects/marsa-al-arab-villas,Marsa Al Arab Quay Wall Villas,Jumeirah Group,Jumeirah,Villas,40000000,https://i.1.creatium.io/3e/39/d2/d944458426ad09b4644c4c1cacaa2ce924/marsa_al_arab_9.jpg,"25.147132, 55.188533",EN,N/A,https://cdn.opr.ae/brochures/marsa-al-arab.pdf,N/A,N/A,N/A,N/A,N/A,Waterfront Living,Completed,N/A,N/A,Error,Error
N/A,https://opr.ae/projects/22-carat-villas-palm-jumeirah,XXII CARAT Club Villas (22 CARAT),Forum Group,Palm Jumeirah,Villas,38535000,https://i.1.creatium.io/0f/62/04/a02181a8dcb8b48605b37cda7a3513e00d/1.jpg,"25.098939, 55.130772",EN,N/A,https://cdn.opr.ae/brochures/22-carat.pdf,N/A,N/A,N/A,N/A,N/A,Waterfront Living,Completed,N/A,N/A,https://opr.ae/ru/projects/22-carat-villas-palm-jumeirah,Error
https://youtu.be/b8bBoJnF-gg,https://opr.ae/projects/hillside-villas-jumeirah-golf-estates-dubai,Hillside Villas,SOL Properties,Jumeirah Golf Estates,Villas,55000000,https://cdn.opr.ae/icons/3253dsgjsaujdy6q3ywrujsdg/hillside.jpg,"25.020443, 55.197272",EN,N/A,https://cdn.opr.ae/brochures/hillside.pdf,N/A,N/A,N/A,N/A,N/A,"Green Nature Living, Near Golf Course",Completed,N/A,N/A,Error,https://opr.ae/ar/projects/hillside-villas-jumeirah-golf-estates-dubai
https://youtu.be/tmxOuleB1bA,https://opr.ae/projects/meraas-cherrywoods-townhouses,Meraas Cherrywoods,Meraas,Al Ain Road,Townhouses,1600000,https://i.1.creatium.io/84/7b/11/6294974294ab1d0b7e7d40a121715b08c4/Meraas%20Cherrywoods%20Townhouses%20Exterior%201.jpg,"25.023012, 55.287803",EN,https://360.visengine.com/cherrywoods_vrt/5/#pano13/41.0/11.3/100.0,https://cdn.opr.ae/brochures/cherrywoods.pdf,40/60 3 Years Post-Handover,N/A,N/A,N/A,N/A,Green Nature Living,Completed,40/60 3 Years Post-Handover,N/A,Error,https://opr.ae/ar/projects/meraas-cherrywoods-townhouses
https://youtu.be/D07vAAndkmU,https://opr.ae/projects/emaar-beachfront-beach-isle-apartments-dubai,Emaar Beachfront Beach Isle,Emaar,Emaar Beachfront,Apartments,1533888,https://static.homesoverseas.ru/pic/complex/4/0/3/6/40362.jpg,"25.098787, 55.141120",EN,N/A,https://cdn.opr.ae/brochures/beach-isle.pdf,70/30 2 Years Post-Handover,2% DLD Fees Waiver,N/A,N/A,N/A,"Dubai Luxury Living, Beachfront Living",Q2 2023,70/30 2 Years Post-Handover,N/A,Error,Error
https://youtu.be/CozOS2fKA2E,https://opr.ae/projects/emaar-beachfront-marina-vista-apartments-for-sale,Emaar Beachfront Marina Vista,Emaar,Emaar Beachfront,Apartments,2251888,https://static.tildacdn.com/tild3937-6232-4939-a161-386433363564/b4db5167b502ae9320d2.jpg,"25.099642, 55.141465",EN,N/A,https://cdn.opr.ae/brochures/marinavista.pdf,60/40 2 Years Post-Handover,2% DLD Fees Waiver,N/A,N/A,N/A,"Dubai Luxury Living, Beachfront Living",Q1 2023,60/40 2 Years Post-Handover,N/A,Error,Error
https://youtu.be/CozOS2fKA2E,https://opr.ae/projects/emaar-beachfront-south-beach-apartments-for-sale,Emaar Beachfront South Beach,Emaar,Emaar Beachfront,Apartments,2549888,https://i.1.creatium.io/db/57/99/205b32e9018ce1ece7f4c55428a5a3ca17/Emaar%20Beachfront%20South%20Beach.jpg,"25.098675, 55.141018",EN,N/A,https://cdn.opr.ae/brochures/south-beach.pdf,60/40 2 Years Post-Handover,2% DLD Fees Waiver,N/A,N/A,N/A,"Dubai Luxury Living, Beachfront Living",Completed,60/40 2 Years Post-Handover,N/A,Error,Error
https://youtu.be/CozOS2fKA2E,https://opr.ae/projects/emaar-beachfront-beach-vista-apartments-for-sale,Emaar Beachfront Beach Vista,Emaar,Emaar Beachfront,Apartments,2218888,https://static.tildacdn.com/tild3636-3931-4933-b433-373161626165/Mask_Group_1.png,"25.100092, 55.141274",EN,N/A,https://cdn.opr.ae/brochures/Beach-Vista.pdf,50/50 3 Years Post-Handover,2% DLD Fees Waiver,N/A,N/A,N/A,"Dubai Luxury Living, Beachfront Living",Completed,50/50 3 Years Post-Handover,N/A,Error,Error
https://youtu.be/CozOS2fKA2E,https://opr.ae/projects/emaar-beachfront-sunrise-bay-apartments-for-sale,Emaar Beachfront Sunrise Bay,Emaar,Emaar Beachfront,Apartments,2048888,https://i.1.creatium.io/d7/6d/2b/f6f20ca8d889dc04e2d50b8055b6e97f73/1618x832q8/Emaar%20Beachfront%20Sunrise%20Bay.jpg,"25.099853, 55.142179",EN,https://premium.giraffe360.com/emaar/emaar-beachfront-sunrise-bay/,https://cdn.opr.ae/brochures/sunrise-bay.pdf,50/50 3 Years Post-Handover,2% DLD Fees Waiver,N/A,N/A,N/A,"Dubai Luxury Living, Beachfront Living",Completed,50/50 3 Years Post-Handover,N/A,Error,Error
https://youtu.be/CozOS2fKA2E,https://opr.ae/projects/grand-bleu-tower-at-emaar-beachfront,Emaar Beachfront Grand Bleu Tower I,Emaar,Emaar Beachfront,Apartments,1670888,https://i.1.creatium.io/e5/ec/a2/bbca0dd6642a8840f6864e037f385e257e/ee72b8355a52bddb9a839f5b64d77ee1.jpg,"25.099815, 55.140260",EN,N/A,https://cdn.opr.ae/brochures/grandbleutower.pdf,60/40 2 Years Post-Handover,2% DLD Fees Waiver,N/A,N/A,N/A,"Dubai Luxury Living, Beachfront Living, Branded Residences",Q3 2023,60/40 2 Years Post-Handover,N/A,Error,Error
https://youtu.be/7vgtlZXMGUo,https://opr.ae/projects/tebyan-sparkle-towers-apartments-dubai-marina,Tebyan Sparkle Towers,Tebyan,Dubai Marina,Apartments,840477,https://u10.plpstatic.ru/e6c16d2f1b9d0ebdca33f222ceabeb18/24cd75dddb61fb6f9b60ceb3e52f26db.jpg,"25.071671, 55.130993",EN,https://my.matterport.com/show/?m=5T5qdkqhoYe&play=1&brand=0&help=0&mls=0&qs=0&title=0&hl=0,https://cdn.opr.ae/brochures/sparkle-towers.pdf,N/A,N/A,N/A,N/A,N/A,"Dubai Luxury Living, Waterfront Living",Completed,N/A,N/A,Error,https://opr.ae/ar/projects/tebyan-sparkle-towers-apartments-dubai-marina
https://youtu.be/7T23V0Vg1P0,https://opr.ae/projects/emaar-5242-apartments-dubai-marina,Emaar 52 42,Emaar,Dubai Marina,Apartments,1964888,https://u20.plpstatic.ru/s/94lph0h061/044180964861ed3464a1c067ea0103a6/b9c83108a361d465ffaeacd5756f1026.jpg,"25.071349, 55.124993",EN,N/A,https://cdn.opr.ae/brochures/5242.pdf,25/75 3 Years Post-Handover ,50% DLD Fees Waiver,N/A,N/A,N/A,"Dubai Luxury Living, Waterfront Living",Completed,25/75 3 Years Post-Handover ,N/A,Error,https://opr.ae/ar/projects/emaar-5242-apartments-dubai-marina
N/A,https://opr.ae/projects/al-barari-ashjar-apartments-for-sale-in-dubai,Al Barari Ashjar Apartments,Al Barari,Al Barari,Apartments,2457944,https://mybayutcdn.bayut.com/mybayut/wp-content/uploads/al-barari-cover.jpg,"25.099062, 55.302304",EN,N/A,https://cdn.opr.ae/brochures/ashjar.pdf,40/60 2 Years Post-Handover,N/A,N/A,N/A,N/A,Green Nature Living,Completed,40/60 2 Years Post-Handover,N/A,Error,https://opr.ae/ar/projects/al-barari-ashjar-apartments-for-sale-in-dubai
N/A,https://opr.ae/projects/damac-zada-residences-dubai,DAMAC Zada Residences,DAMAC,Business Bay,Apartments,669999,https://u20.plpstatic.ru/s/163qc2n061/044180964861ed3464a1c067ea0103a6/3f756dc55c3e8a48953b02e4356f52e8.jpg,"25.184466, 55.261449",EN,N/A,https://cdn.opr.ae/brochures/zada.pdf,5 Years Payment Plan,N/A,N/A,N/A,N/A,"Dubai Luxury Living, Waterfront Living",Q4 2022,5 Years Payment Plan,N/A,Error,https://opr.ae/ar/projects/damac-zada-residences-dubai
https://youtu.be/xCeu4rsiEow,https://opr.ae/projects/al-barari-the-nest-villas-dubai,Al Barari The Nest Villas,Al Barari,Al Barari,Villas,12709234,https://u8.plpstatic.ru/s/15bmmi6061/e6c16d2f1b9d0ebdca33f222ceabeb18/cea967e2e88e1690ec0ecd22d476b5fc.jpg,"25.099062, 55.302304",EN,N/A,https://cdn.opr.ae/brochures/the-nest.pdf,40/60 2 Years Post-Handover,N/A,N/A,N/A,N/A,Green Nature Living,Completed,40/60 2 Years Post-Handover,N/A,Error,Error
N/A,https://opr.ae/projects/soho-palm-jumeirah-dubai-apartments,Soho Palm,NYC Holdings Limited,Palm Jumeirah,Apartments,1275000,https://u10.plpstatic.ru/s/163qbge061/e6c16d2f1b9d0ebdca33f222ceabeb18/bf04b5b4c8eca8db622573efc901b9a5.png,"25.108487, 55.143547",EN,N/A,https://cdn.opr.ae/brochures/soho-palm.pdf,N/A,N/A,N/A,N/A,N/A,Waterfront Living,Completed,N/A,N/A,Error,Error
N/A,https://opr.ae/projects/ellington-collection-palm-jumeirah-island-beachfront-villas-for-sale,The Ellington Collection Villas,Ellington Properties,Palm Jumeirah,Villas,18000000,https://i.1.creatium.io/e7/e0/91/75d746d7046875aa47856eeac5544cea7e/1161x832q5/header.jpg,"25.113639, 55.128194",EN,N/A,https://cdn.opr.ae/brochures/ellington-palm-jumeirah-villas.pdf,N/A,N/A,N/A,N/A,N/A,"Dubai Luxury Living, Waterfront Living, Beachfront Living",Completed,N/A,N/A,Error,https://opr.ae/ar/projects/ellington-collection-palm-jumeirah-island-beachfront-villas-for-sale
N/A,https://opr.ae/projects/nakheel-madinat-badr-apartments-for-sale-in-dubai,Nakheel Madinat Badr,Nakheel,Madinat Badr,Apartments,1200000,https://437e81e1-5ed1-4d53-bed7-e6f8d97dcc9b.selcdn.net/85/4b/6b/77a7bba3cb665354e0a66bc4c01ffbf4d2/1161x832q8/Header.jpg,"25.237352, 55.413361",EN,https://my.matterport.com/show/?m=TT6vgShhrdg&play=1&brand=0&help=0&mls=0&qs=0&title=0&hl=0,https://cdn.opr.ae/brochures/madinat-badr.pdf,10 Years Payment Plan,N/A,N/A,N/A,N/A,Green Nature Living,Q4 2022,10 Years Payment Plan,N/A,Error,https://opr.ae/ar/projects/nakheel-madinat-badr-apartments-for-sale-in-dubai
https://youtu.be/8q9hC_rwwio,https://opr.ae/projects/emaar-blvd-crescent-downtown-dubai,Emaar BLVD Crescent,Emaar,Downtown Dubai,Apartments,1240000,https://u20.plpstatic.ru/s/94jgb11061/044180964861ed3464a1c067ea0103a6/32f29a8fe50c900b18836a9efe895067.jpg,"25.191680, 55.270428",EN,https://my.matterport.com/show/?m=s7V931ersdg&play=1&brand=0&help=0&mls=0&qs=0&title=0&hl=0,https://cdn.opr.ae/brochures/blvd-crescent.pdf,25/75 3 Years Post-Handover ,50% DLD Fees Waiver,N/A,N/A,N/A,Dubai Luxury Living,Completed,25/75 3 Years Post-Handover ,N/A,Error,https://opr.ae/ar/projects/emaar-blvd-crescent-downtown-dubai
N/A,https://opr.ae/projects/emaar-act-one-act-two-downtown-dubai,Emaar Act One Act Two,Emaar,Downtown Dubai,Apartments,1566888,https://u10.plpstatic.ru/s/163qcmn061/e6c16d2f1b9d0ebdca33f222ceabeb18/5e05dd42787d9b9a76572d2fb85d34e5.jpg,"25.192816, 55.271328",EN,N/A,https://cdn.opr.ae/brochures/act-towers.pdf,60/40 2 Years Post-Handover ,50% DLD Fees Waiver,N/A,N/A,N/A,Dubai Luxury Living,Completed,60/40 2 Years Post-Handover ,N/A,Error,Error
N/A,https://opr.ae/projects/emaar-grande-downtown-dubai,Emaar Grande,Emaar,Downtown Dubai,Apartments,4252888,https://u10.plpstatic.ru/s/94il5kg061/e6c16d2f1b9d0ebdca33f222ceabeb18/962208434330960a23255d5f95108700.jpg,"25.194930, 55.271455",EN,https://properties.emaar.com/wp-content/uploads/virtual-tour/DowntownDubai-Grande-1BR/,https://cdn.opr.ae/brochures/grande.pdf,60/40 2 Years Post-Handover ,50% DLD Fees Waiver,N/A,N/A,N/A,Dubai Luxury Living,Q1 2023,60/40 2 Years Post-Handover ,N/A,Error,https://opr.ae/ar/projects/emaar-grande-downtown-dubai
https://youtu.be/8DJbOc0rhdI,https://opr.ae/projects/emaar-downtown-views-downtown-dubai,Emaar Downtown Views II,Emaar,Downtown Dubai,Apartments,2263888,https://u20.plpstatic.ru/s/163qd7h061/044180964861ed3464a1c067ea0103a6/779092d96ebf77bd5f5e0da793051f17.jpg,"25.203151, 55.280662",EN,N/A,https://cdn.opr.ae/brochures/downtown-views.pdf,70/30 2 Years Post-Handover ,50% DLD Fees Waiver,N/A,N/A,N/A,Dubai Luxury Living,Completed,70/30 2 Years Post-Handover ,N/A,Error,https://opr.ae/ar/projects/emaar-downtown-views-downtown-dubai
https://youtu.be/oPY6PeS7r9I,https://opr.ae/projects/emaar-vida-residence-downtown-dubai,Emaar VIDA Residence Downtown Dubai,Emaar,Downtown Dubai,Apartments,4076888,https://cdn.opr.ae/icons/vida-downtown-dubai-3.jpg,"25.190232, 55.273041",EN,N/A,https://cdn.opr.ae/brochures/vida-downtown-dubai.pdf,25/75 3 Years Post-Handover ,50% DLD Fees Waiver,N/A,N/A,N/A,Dubai Luxury Living,Completed,25/75 3 Years Post-Handover ,N/A,Error,https://opr.ae/ar/projects/emaar-vida-residence-downtown-dubai
N/A,https://opr.ae/projects/marina-arcade-apartments-for-sale-in-dubai-marina,Marina Arcade,Marina Arcade Real Estate,Dubai Marina,Apartments,1506000,https://i.1.creatium.io/4e/78/26/f70a9037d991b7ee685bd2a7c2db509a1a/header.jpg,"25.090330, 55.150351",EN,N/A,https://cdn.opr.ae/brochures/marina-arcade.pdf,25/75 2 Years Post-Handover,N/A,N/A,N/A,N/A,Waterfront Living,Completed,25/75 2 Years Post-Handover,N/A,https://opr.ae/ru/projects/marina-arcade-apartments-for-sale-in-dubai-marina,Error
N/A,https://opr.ae/projects/emaar-address-residences-fountain-views,Emaar Address Fountain Views,Emaar,Downtown Dubai,Apartments,2550000,https://u20.plpstatic.ru/s/163qdfl061/044180964861ed3464a1c067ea0103a6/1aba16b617b62fb6b8c5d42e756a9f4c.jpg,"25.194881, 55.283161",EN,N/A,https://cdn.opr.ae/brochures/address-fountain-views.pdf,25/75 3 Years Post-Handover ,50% DLD Fees Waiver,N/A,N/A,N/A,"Dubai Luxury Living, Branded Residences",Completed,25/75 3 Years Post-Handover ,N/A,Error,https://opr.ae/ar/projects/emaar-address-residences-fountain-views
N/A,https://opr.ae/projects/emaar-forte-downtown-dubai-apartments-for-sale,Emaar Forte,Emaar,Downtown Dubai,Apartments,2090888,https://i.1.creatium.io/73/3d/e6/9b43e5d7431305a24db75ca9f7efae963a/header.jpg,"25.196083, 55.269528",EN,N/A,https://cdn.opr.ae/brochures/forte.pdf,50/50 2 Years Post-Handover ,50% DLD Fees Waiver,N/A,N/A,N/A,Dubai Luxury Living,Completed,50/50 2 Years Post-Handover ,N/A,Error,Error
N/A,https://opr.ae/projects/emaar-armani-residences-downtown-dubai,Emaar Armani Residences,Emaar,Downtown Dubai,Apartments,3981888,https://u20.plpstatic.ru/s/163qcsl061/044180964861ed3464a1c067ea0103a6/f1375becdbd58a2e6e5bcdb655141503.jpg,"25.197467, 55.275034",EN,https://my.matterport.com/show/?m=G9dUpPGNLov&play=1&brand=0&help=0&mls=0&qs=0&title=0&hl=0,N/A,25/75 3 Years Post-Handover ,50% DLD Fees Waiver,N/A,N/A,N/A,"Dubai Luxury Living, Branded Residences",Completed,25/75 3 Years Post-Handover ,N/A,https://opr.ae/ru/projects/emaar-armani-residences-downtown-dubai,https://opr.ae/ar/projects/emaar-armani-residences-downtown-dubai
N/A,https://opr.ae/projects/emaar-burj-crown-downtown-dubai,Emaar Burj Crown,Emaar,Downtown Dubai,Apartments,1867888,https://u20.plpstatic.ru/s/163qcgp061/044180964861ed3464a1c067ea0103a6/1e3813f9b1605804841356e1a9b14342.jpg,"25.194446, 55.269242",EN,N/A,https://cdn.opr.ae/brochures/burj-crown.pdf,60/40 2 Years Post-Handover ,50% DLD Fees Waiver,N/A,N/A,N/A,Dubai Luxury Living,Q1 2023,60/40 2 Years Post-Handover ,N/A,Error,Error
https://youtu.be/dvQADG00kWQ,https://opr.ae/projects/emaar-opera-grand-downtown-dubai,Emaar Opera Grand,Emaar,Downtown Dubai,Apartments,4916888,https://437e81e1-5ed1-4d53-bed7-e6f8d97dcc9b.selcdn.net/fb/ce/cf/97e0220ca35cdf532952c09dd244c314c5/2083x1390/Header.jpg,"25.193955, 55.271159",EN,https://my.matterport.com/show/?m=bTmnWeoohBV&play=1&brand=0&help=0&mls=0&qs=0&title=0&hl=0,https://cdn.opr.ae/brochures/opera-grand.pdf,25/75 3 Years Post-Handover ,50% DLD Fees Waiver,N/A,N/A,N/A,Dubai Luxury Living,Completed,25/75 3 Years Post-Handover ,N/A,Error,https://opr.ae/ar/projects/emaar-opera-grand-downtown-dubai
N/A,https://opr.ae/projects/emaar-burj-royale-downtown-dubai,Emaar Burj Royalе,Emaar,Downtown Dubai,Apartments,2751888,https://i.1.creatium.io/75/89/73/33f6173e4e17caabed17e465b71aade4a1/1.jpg,"25.191913, 55.280186",EN,N/A,https://cdn.opr.ae/brochures/burj-royale.pdf,60/40 2 Years Post-Handover ,50% DLD Fees Waiver,N/A,N/A,N/A,Dubai Luxury Living,Completed,60/40 2 Years Post-Handover ,N/A,Error,Error
N/A,https://opr.ae/projects/emaar-vida-zaabeel,Emaar VIDA Zaabeel,Emaar,Downtown Dubai,Apartments,1320888,https://u8.plpstatic.ru/s/163qch8061/e6c16d2f1b9d0ebdca33f222ceabeb18/7db77cb824f779968511ee483efeed38.jpg,"25.226158, 55.294083",EN,N/A,https://cdn.opr.ae/brochures/vida-zaabeel.pdf,60/40 2 Years Post-Handover ,50% DLD Fees Waiver,N/A,N/A,N/A,Dubai Luxury Living,Completed,60/40 2 Years Post-Handover ,N/A,Error,Error
N/A,https://opr.ae/projects/emaar-vida-residence-dubai-mall,Emaar VIDA Residence Dubai Mall,Emaar,Downtown Dubai,Apartments,2290888,https://u8.plpstatic.ru/e6c16d2f1b9d0ebdca33f222ceabeb18/addc0d459b6a26d4af998d12138702a5.jpg,"25.195700, 55.283236",EN,N/A,https://cdn.opr.ae/brochures/vida-residence-dubai-mall.pdf,50/50 2 Years Post-Handover,50% DLD Fees Waiver,N/A,N/A,N/A,Dubai Luxury Living,Completed,50/50 2 Years Post-Handover,N/A,Error,https://opr.ae/ar/projects/emaar-vida-residence-dubai-mall
N/A,https://opr.ae/projects/omniyat-the-residences-dorchester-collection,Omniyat The Dorchester Collection,Omniyat,Downtown Dubai,Apartments,30000000,https://i.1.creatium.io/e2/4e/3a/207d11147dceab659a09fbc16f260fd1b4/DC-Day-hero-01-scaled.jpg,"25.188266, 55.288956",EN,https://my.matterport.com/show/?m=YYxEnM7qaPA&play=1&brand=0&help=0&mls=0&qs=0&title=0&hl=0,https://cdn.opr.ae/brochures/dorchester.pdf,2 Years Post-Handover,N/A,N/A,N/A,N/A,"Dubai Luxury Living, Branded Residences",Q1 2023,2 Years Post-Handover,N/A,Error,https://opr.ae/ar/projects/omniyat-the-residences-dorchester-collection
https://youtu.be/iXCyzQMRia0,https://opr.ae/projects/omniyat-the-pad-the-business-bay-for-sale,Omniyat The Pad,Omniyat,Business Bay,Apartments,1250000,https://i.1.creatium.io/bf/d4/fa/e2979d06f2e5ebf985a0614be6f73ea193/header.jpg,"25.184651, 55.281945",EN,N/A,https://cdn.opr.ae/brochures/omniyat-the-pad.pdf,N/A,N/A,N/A,N/A,N/A,Dubai Luxury Living,Completed,N/A,"1BR, 2BR",Error,https://opr.ae/ar/projects/omniyat-the-pad-the-business-bay-for-sale
N/A,https://opr.ae/projects/omniyat-langham-place-downtown-dubai-apartments-for-sale-in-business-bay,Omniyat Langham Place,Omniyat,Business Bay,Apartments,1350000,https://i.1.creatium.io/94/e2/f8/a7eb797ba5e3f47753dbb950a79f54c5f1/1161x832q5/header.jpg,"25.190568, 55.290004",EN,N/A,https://cdn.opr.ae/brochures/omniyat-langham-place.pdf,N/A,N/A,N/A,N/A,N/A,Dubai Luxury Living,Completed,N/A,"Studios, 1BR, 2BR",Error,https://opr.ae/ar/projects/omniyat-langham-place-downtown-dubai-apartments-for-sale-in-business-bay
N/A,https://opr.ae/projects/emaar-sidra-villas-dubai-hills-estate,Emaar Sidra,Emaar,Dubai Hills Estate,Villas,5036888,https://u20.plpstatic.ru/s/151jof4061/044180964861ed3464a1c067ea0103a6/21ca01ac63587d32f9dbd0086addfcf5.jpg,"25.093245, 55.250391",EN,N/A,https://cdn.opr.ae/brochures/sidra.pdf,25/75 3 Years Post-Handover ,50% DLD Fees Waiver,N/A,N/A,N/A,"Green Nature Living, Near Golf Course",Completed,25/75 3 Years Post-Handover ,N/A,Error,Error
https://youtu.be/wrGqluwg5l8,https://opr.ae/projects/emaar-maple-townhouses-for-sale-in-dubai-hills-estate,Emaar Maple,Emaar,Dubai Hills Estate,Townhouses,4283888,https://u20.plpstatic.ru/s/163qch4061/044180964861ed3464a1c067ea0103a6/6230bce9bb98eedd73548af41583554d.jpg,"25.093055, 55.254031",EN,N/A,https://cdn.opr.ae/brochures/maple.pdf,25/75 3 Years Post-Handover ,50% DLD Fees Waiver,N/A,N/A,N/A,"Green Nature Living, Near Golf Course",Completed,25/75 3 Years Post-Handover ,N/A,Error,Error
https://youtu.be/wrGqluwg5l8,https://opr.ae/projects/emaar-club-villas-for-sale-in-dubai-hills-estate,Emaar Club Villas,Emaar,Dubai Hills Estate,Villas,4105888,https://i.1.creatium.io/68/93/2b/4d13fdf6bf372e60b9f9d21c6215875013/club-villas-7.jpg,"25.121289, 55.260269",EN,N/A,https://cdn.opr.ae/brochures/club-villas.pdf,25/75 3 Years Post-Handover,100% DLD Fees Waiver,N/A,N/A,N/A,"Green Nature Living, Near Golf Course",Completed,25/75 3 Years Post-Handover,N/A,Error,https://opr.ae/ar/projects/emaar-club-villas-for-sale-in-dubai-hills-estate
https://youtu.be/wrGqluwg5l8,https://opr.ae/projects/emaar-green-square-dubai-hills-estate,Emaar Green Square,Emaar,Dubai Hills Estate,Apartments,1066888,https://u20.plpstatic.ru/s/163qcja061/044180964861ed3464a1c067ea0103a6/6e2b3d40ba40b98f23253820917db890.jpg,"25.111540, 55.247205",EN,N/A,https://cdn.opr.ae/brochures/green-square.pdf,60/40 3 Years Post-Handover,100% DLD Fees Waiver,N/A,N/A,N/A,"Green Nature Living, Near Golf Course",Q1 2023,60/40 3 Years Post-Handover,N/A,Error,https://opr.ae/ar/projects/emaar-green-square-dubai-hills-estate
https://youtu.be/gX0eN_QqmKU,https://opr.ae/projects/emaar-golf-suites-dubai-hills-estate,Emaar Golf Suites,Emaar,Dubai Hills Estate,Apartments,1066888,https://u21.plpstatic.ru/s/163qcja061/044180964861ed3464a1c067ea0103a6/0948c038baabb5832b765c17867aabde.jpg,"25.123260, 55.260162",EN,N/A,https://cdn.opr.ae/brochures/golf-suites.pdf,60/40 2 Years Post-Handover,50% DLD Fees Waiver,N/A,N/A,N/A,"Green Nature Living, Near Golf Course",Completed,60/40 2 Years Post-Handover,N/A,Error,Error
https://youtu.be/wrGqluwg5l8,https://opr.ae/projects/emaar-golf-grove-villas-dubai-hills-estate,Emaar Golf Grove,Emaar,Dubai Hills Estate,Villas,3020888,https://437e81e1-5ed1-4d53-bed7-e6f8d97dcc9b.selcdn.net/2f/4e/d6/1e67969e41f69ba1cd81b016dcec6bb092/1300x812q8/Screenshot%202020-05-27%20at%2002.38.50.jpg,"25.115511, 55.273080",EN,N/A,https://cdn.opr.ae/brochures/golf-grove.pdf,60/40 2 Years Post-Handover,50% DLD Fees Waiver,N/A,N/A,N/A,"Green Nature Living, Near Golf Course",Completed,60/40 2 Years Post-Handover,N/A,Error,Error
https://youtu.be/wrGqluwg5l8,https://opr.ae/projects/emaar-collective-dubai-hills-estate,Emaar Collective 2.0,Emaar,Dubai Hills Estate,Apartments,1133888,https://u10.plpstatic.ru/s/73d25ar061/e6c16d2f1b9d0ebdca33f222ceabeb18/e475fa0006c8da7dc8caa5f3b1a351d3.jpg,"25.092914, 55.246339",EN,N/A,https://cdn.opr.ae/brochures/collective.pdf,60/40 2 Years Post-Handover,50% DLD Fees Waiver,N/A,N/A,N/A,"Green Nature Living, Near Golf Course",Completed,60/40 2 Years Post-Handover,N/A,Error,Error
https://youtu.be/wrGqluwg5l8,https://opr.ae/projects/emaar-parkway-vistas-dubai-hills-estate,Emaar Parkway Vistas,Emaar,Dubai Hills Estate,Villas,11796000,https://i.1.creatium.io/f3/13/3e/b01102d8dc36d503b7e4dd7ee521071d48/Header.jpg,"25.125105, 55.264347",EN,N/A,https://cdn.opr.ae/brochures/parkway-vistas.pdf,25/75 3 Years Post-Handover ,50% DLD Fees Waiver,N/A,N/A,N/A,N/A,Completed,25/75 3 Years Post-Handover ,N/A,Error,Error
N/A,https://opr.ae/projects/emaar-park-ridge-dubai-hills-estate,Emaar Park Ridge,Emaar,Dubai Hills Estate,Apartments,1066888,https://u20.plpstatic.ru/s/163qcja061/044180964861ed3464a1c067ea0103a6/6e2b3d40ba40b98f23253820917db890.jpg,"25.111883, 55.247370",EN,https://my.matterport.com/show/?m=94UWDdsGgXY&play=1&brand=0&help=0&mls=0&qs=0&title=0&hl=0,https://cdn.opr.ae/brochures/park-ridge.pdf,25/75 3 Years Post-Handover ,50% DLD Fees Waiver,N/A,N/A,N/A,"Green Nature Living, Near Golf Course",Completed,25/75 3 Years Post-Handover ,N/A,Error,Error
https://youtu.be/wrGqluwg5l8,https://opr.ae/projects/emaar-mulberry-park-heights-dubai-hills-estate,Emaar Mulberry Park Heights,Emaar,Dubai Hills Estate,Apartments,1100000,https://u20.plpstatic.ru/s/163qch4061/044180964861ed3464a1c067ea0103a6/9f67f0754900c25a59f1a90a09531e12.jpg,"25.106930, 55.246559",EN,https://my.matterport.com/show/?m=AXGr4iUm2H5&play=1&brand=0&help=0&mls=0&qs=0&title=0&hl=0,https://cdn.opr.ae/brochures/mulberry-park-heights.pdf,25/75 3 Years Post-Handover ,50% DLD Fees Waiver,N/A,N/A,N/A,"Green Nature Living, Near Golf Course",Completed,25/75 3 Years Post-Handover ,N/A,Error,Error
https://youtu.be/wrGqluwg5l8,https://opr.ae/projects/emaar-acacia-dubai-hills-estate,Emaar Acacia Park Heights,Emaar,Dubai Hills Estate,Apartments,1661888,https://u20.plpstatic.ru/s/163qdfl061/044180964861ed3464a1c067ea0103a6/81531c8a57cd08bfb1ecdfc03a368372.jpg,"25.109890, 55.244382",EN,https://my.matterport.com/show/?m=E94YrJi8ajo&play=1&brand=0&help=0&mls=0&qs=0&title=0&hl=0,https://cdn.opr.ae/brochures/acacia.pdf,25/75 3 Years Post-Handover ,50% DLD Fees Waiver,N/A,N/A,N/A,"Green Nature Living, Near Golf Course",Completed,25/75 3 Years Post-Handover ,N/A,Error,https://opr.ae/ar/projects/emaar-acacia-dubai-hills-estate
https://youtu.be/wrGqluwg5l8,https://opr.ae/projects/emaar-park-point-dubai-hills-estate,Emaar Park Point,Emaar,Dubai Hills Estate,Apartments,1122888,https://u20.plpstatic.ru/s/1537eoj061/044180964861ed3464a1c067ea0103a6/b6cefcd8623d2f4301d2f87116e0620b.jpg,"25.110891, 55.243888",EN,https://my.matterport.com/show/?m=XxrQgmkdKCv&play=1&brand=0&help=0&mls=0&qs=0&title=0&hl=0,https://cdn.opr.ae/brochures/park-point.pdf,25/75 3 Years Post-Handover ,50% DLD Fees Waiver,N/A,N/A,N/A,"Green Nature Living, Near Golf Course",Completed,25/75 3 Years Post-Handover ,N/A,Error,Error
https://youtu.be/wrGqluwg5l8,https://opr.ae/projects/emaar-executive-residences-in-dubai-hills-estate-apartments-for-sale,Emaar Executive Residences,Emaar,Dubai Hills Estate,Apartments,1100000,https://i.1.creatium.io/cf/54/48/13c95fa50f4419ad5d1a7f7323a6000f61/header.jpg,"25.111643, 55.246668",EN,N/A,https://cdn.opr.ae/brochures/executive-residences.pdf,60/40 2 Years Post-Handover,N/A,N/A,N/A,N/A,"Green Nature Living, Near Golf Course",Q4 2022,60/40 2 Years Post-Handover,N/A,Error,https://opr.ae/ar/projects/emaar-executive-residences-in-dubai-hills-estate-apartments-for-sale
N/A,https://opr.ae/projects/emaar-golfville-apartments-in-dubai-hills-estate,Emaar Golfville,Emaar,Dubai Hills Estate,Apartments,750000,https://i.1.creatium.io/db/bb/12/c571b6755c167ebb516fe69dfd227c8b57/emaar_golfville_2.jpg,"25.123813, 55.259545",EN,N/A,https://cdn.opr.ae/brochures/emaar-golfville.pdf,50/50 3 Years Post-Handover,50% DLD Fees Waiver,N/A,N/A,N/A,"Green Nature Living, Near Golf Course",Q3 2024,50/50 3 Years Post-Handover,N/A,Error,https://opr.ae/ar/projects/emaar-golfville-apartments-in-dubai-hills-estate
N/A,https://opr.ae/projects/emaar-emirates-hills-land-plots-for-sale-in-dubai,Emaar Emirates Hills Plots,Emaar,Emirates Hills,Land Plots,46145888,https://i.1.creatium.io/b5/89/01/bfbbfbd4bbaf1d500ac03c653a6ae2ad34/header.jpg,"25.069770, 55.170623",EN,N/A,N/A,25/75 1 Year Payment Plan,N/A,N/A,N/A,N/A,"Green Nature Living, Near Golf Course",Q2 2023,25/75 1 Year Payment Plan,N/A,Error,Error
N/A,https://opr.ae/projects/emaar-emerald-hills-plots-dubai-hills-estate,Emaar Emerald Hills Plots,Emaar,Dubai Hills Estate,Land Plots,7664888,https://437e81e1-5ed1-4d53-bed7-e6f8d97dcc9b.selcdn.net/d0/9c/19/f31449e51ebc619c94e1c866075e61ede8/1303x820q8/Screenshot%202020-06-02%20at%2020.31.38.jpg,"25.096895, 55.254940",EN,N/A,https://cdn.opr.ae/brochures/emerald-hills.pdf,80/20 4 Years Payment Plan,100% DLD Fees Waiver,N/A,N/A,N/A,"Green Nature Living, Near Golf Course",Q3 2023,80/20 4 Years Payment Plan,N/A,Error,https://opr.ae/ar/projects/emaar-emerald-hills-plots-dubai-hills-estate
https://youtu.be/me4Nv1NXCSo,https://opr.ae/projects/emaar-dubai-hills-views-villas-and-plots,Emaar Dubai Hills Views Villas & Plots,Emaar,Dubai Hills Estate,"Villas, Land Plots",15947888,https://i.1.creatium.io/28/8c/9e/57fdcd703b051e61d5f7f49ce46c7691e9/1161x832q5/header.jpg,"25.115965, 55.265504",EN,N/A,https://cdn.opr.ae/brochures/hills-views.pdf,25/75 3 Years Post-Handover,50% DLD Fees Waiver,N/A,N/A,N/A,"Green Nature Living, Near Golf Course",Completed,25/75 3 Years Post-Handover,N/A,Error,Error
N/A,https://opr.ae/projects/emaar-fairway-vistas-dubai-hills-estate,Emaar Fairway Vistas,Emaar,Dubai Hills Estate,Villas,10000000,https://u20.plpstatic.ru/s/151bnfh061/044180964861ed3464a1c067ea0103a6/26039c378efee36b0c3359f6a801bfda.jpg,"25.112510, 55.266155",EN,N/A,https://cdn.opr.ae/brochures/fairway-vistas.pdf,25/75 3 Years Post-Handover ,50% DLD Fees Waiver,N/A,N/A,N/A,"Green Nature Living, Near Golf Course",Completed,25/75 3 Years Post-Handover ,N/A,Error,https://opr.ae/ar/projects/emaar-fairway-vistas-dubai-hills-estate
https://youtu.be/wrGqluwg5l8,https://opr.ae/projects/emaar-grove-villas-dubai-hills-estate,Emaar Grove Villas,Emaar,Dubai Hills Estate,Villas,45000000,https://i.1.creatium.io/a7/04/0a/acaae37e8e554d5d23c1d9f552c16497e8/1161x832q5/header.jpg,"25.102313, 55.250918",EN,N/A,https://cdn.opr.ae/brochures/grove.pdf,N/A,N/A,N/A,N/A,N/A,"Green Nature Living, Near Golf Course",Completed,N/A,N/A,Error,Error
N/A,https://opr.ae/projects/paradise-hills-townhouses-and-villas-for-sale-in-dubai-golf-city-for-sale,Paradise Hills Townhouses & Villas,Gulf Land Property Developers,Dubai Golf City,"Villas, Townhouses",3250000,https://i.1.creatium.io/6c/cc/fa/d068790ef843ae94a4fb51fdbd2574091f/header.jpg,"25.016533, 55.230302",EN,N/A,https://cdn.opr.ae/brochures/paradise-hills.pdf,50/50 1 Year Post-Handover,N/A,N/A,N/A,N/A,"Green Nature Living, Near Golf Course",Q4 2023,50/50 1 Year Post-Handover,N/A,Error,Error
N/A,https://opr.ae/projects/redwood-avenue-villas-jumeirah-golf-estates,Redwood Avenue,Jumeirah Golf Estates,Jumeirah Golf Estates,Villas,3126000,https://u8.plpstatic.ru/s/1537g3e061/e6c16d2f1b9d0ebdca33f222ceabeb18/6e7a004ea8439cd56e1fabc0e1906fd2.jpg,"25.018987, 55.207992",EN,https://www.jumeirahgolfestates.com/360/redwood-medium/index.html,https://cdn.opr.ae/brochures/rwa-fp.pdf,20/80 4 Years Post-Handover,4% DLD Fees Waiver,N/A,N/A,N/A,"Green Nature Living, Near Golf Course",Completed,20/80 4 Years Post-Handover,N/A,Error,Error
N/A,https://opr.ae/projects/dubai-properties-serena-townhouses,Dubai Properties Casa Viva Serena,Dubai Properties,Serena,Townhouses,1820000,https://images.vfl.ru/ii/1557068399/b6f5b17a/26426811.jpg,"25.036491, 55.281434",EN,N/A,https://cdn.opr.ae/brochures/serena.pdf,5 Years Post-Handover,N/A,N/A,N/A,N/A,Green Nature Living,Completed,5 Years Post-Handover,N/A,Error,https://opr.ae/ar/projects/dubai-properties-serena-townhouses
N/A,https://opr.ae/projects/dubai-properties-la-quinta-villanova,Dubai Properties La Quinta Villanova,Dubai Properties,Villanova,Villas,2190000,https://u20.plpstatic.ru/s/163qchk061/e6c16d2f1b9d0ebdca33f222ceabeb18/3f8f203694447ba70a3901fb830696d3.jpg,"25.073909, 55.356051",EN,N/A,https://cdn.opr.ae/brochures/la-quinta.pdf,N/A,100% DLD Fees Waiver,N/A,N/A,N/A,Green Nature Living,Completed,N/A,N/A,Error,https://opr.ae/ar/projects/dubai-properties-la-quinta-villanova
N/A,https://opr.ae/projects/dubai-properties-arabella-mudon,Dubai Properties Arabella Mudon,Dubai Properties,Mudon,Townhouses,2000000,https://u20.plpstatic.ru/s/163qc0h061/044180964861ed3464a1c067ea0103a6/c423d692d3427a89c4f7584ebf7046c3.jpg,"25.014215, 55.266844",EN,N/A,https://cdn.opr.ae/brochures/arabella.pdf,N/A,N/A,N/A,N/A,N/A,Green Nature Living,Completed,N/A,N/A,Error,https://opr.ae/ar/projects/dubai-properties-arabella-mudon
https://youtu.be/EvD1UUF6FkU,https://opr.ae/projects/dubai-properties-mudon-apartments,Dubai Properties Mudon Views,Dubai Properties,Mudon,Apartments,580000,https://u20.plpstatic.ru/s/163qc58061/044180964861ed3464a1c067ea0103a6/552a27fceb3182646d202a5f1cfd067d.jpg,"25.023778, 55.265148",EN,https://www.dp.ae/360Pano/virtual_tours/mudon/,https://cdn.opr.ae/brochures/mudon-views.pdf,N/A,100% DLD Fees Waiver,N/A,N/A,N/A,Green Nature Living,Completed,N/A,N/A,Error,https://opr.ae/ar/projects/dubai-properties-mudon-apartments
N/A,https://opr.ae/projects/dubai-properties-bellevue-towers,Dubai Properties Bellevue Towers,Dubai Properties,Burj Khalifa District,Apartments,2230000,https://u20.plpstatic.ru/s/163qdeq061/044180964861ed3464a1c067ea0103a6/7bd664b1d4a12f27a2211839bdc4c430.jpg,"25.187408, 55.275951",EN,N/A,https://cdn.opr.ae/brochures/bellevue-towers.pdf,6 Years Post-Handover,100% DLD Fees Waiver,N/A,N/A,N/A,Dubai Luxury Living,Completed,6 Years Post-Handover,N/A,Error,https://opr.ae/ar/projects/dubai-properties-bellevue-towers
N/A,https://opr.ae/projects/ellington-wilton-park-residences,Ellington Wilton Park Residences,Ellington Properties,MBR City,Apartments,970000,https://u1.plpstatic.ru/e6c16d2f1b9d0ebdca33f222ceabeb18/79200e326bc5b6834ffc7e8c2a6b2377.jpg,"25.178559, 55.312443",EN,https://my.matterport.com/show/?m=2N3r5h12NJs&play=1&brand=0&help=0&mls=0&qs=0&title=0&hl=0,https://cdn.opr.ae/brochures/wilton-park-residence.pdf,N/A,N/A,N/A,N/A,N/A,Dubai Luxury Living,Q4 2023,N/A,N/A,Error,Error
https://youtu.be/mW7nYVT74O0,https://opr.ae/projects/ellington-dt1-apartments-dubai,Ellington DT1,Ellington Properties,Downtown Dubai,Apartments,1179828,https://u20.plpstatic.ru/s/163qcdo061/044180964861ed3464a1c067ea0103a6/033ece127a8dc4c142d9f4e149d30cc4.jpg,"25.191867, 55.269298",EN,https://ellingtongroup.com/360-view/property/dt1/360view/,https://cdn.opr.ae/brochures/dt1.pdf,N/A,N/A,N/A,N/A,N/A,Dubai Luxury Living,Completed,N/A,N/A,Error,Error
N/A,https://opr.ae/projects/ellington-belgravia-square-dubai,Ellington Belgravia Square,Ellington Properties,Jumeirah Village Circle (JVC),Apartments,969828,https://u10.plpstatic.ru/s/163qdqe061/e6c16d2f1b9d0ebdca33f222ceabeb18/5df423329d16ddd80b5c3c34c278e9e5.jpg,"25.048748, 55.204018",EN,N/A,https://cdn.opr.ae/brochures/belgravia-square.pdf,N/A,N/A,N/A,N/A,N/A,Dubai Luxury Living,Q4 2022,N/A,N/A,Error,Error
N/A,https://opr.ae/projects/emaar-bayshore-dubai-creek,Emaar Bayshore Creek Beach,Emaar,Dubai Creek Harbour,Apartments,2042888,https://u20.plpstatic.ru/s/153nieh061/044180964861ed3464a1c067ea0103a6/cd7be9338c53df33e24653c0160c4d98.jpg,"25.202768, 55.348415",EN,N/A,https://cdn.opr.ae/brochures/bayshore.pdf,60/40 2 Years Post-Handover,50% DLD Fees Waiver,N/A,N/A,N/A,Beachfront Living,Completed,60/40 2 Years Post-Handover,N/A,Error,https://opr.ae/ar/projects/emaar-bayshore-dubai-creek
https://youtu.be/-JQa2JaoSr0,https://opr.ae/projects/emaar-17-icon-bay-dubai-creek-harbour,Emaar 17 Icon Bay,Emaar,Dubai Creek Harbour,Apartments,3153888,https://u20.plpstatic.ru/s/163qchc061/044180964861ed3464a1c067ea0103a6/df1ee28dc1bbb2b3b97cf4a433e87145.jpg,"25.203965, 55.345722",EN,N/A,https://cdn.opr.ae/brochures/17-icon-bay.pdf,60/40 2 Years Post-Handover,50% DLD Fees Waiver,N/A,N/A,N/A,"Dubai Luxury Living, Waterfront Living",Completed,60/40 2 Years Post-Handover,N/A,Error,https://opr.ae/ar/projects/emaar-17-icon-bay-dubai-creek-harbour
N/A,https://opr.ae/projects/emaar-dubai-creek-residences,Emaar Dubai Creek Residences,Emaar,Dubai Creek Harbour,Apartments,3120888,https://u20.plpstatic.ru/s/73e02j6061/044180964861ed3464a1c067ea0103a6/0dc23cc7a9edd5efd88dda47b191b00b.jpg,"25.205635, 55.343683",EN,https://my.matterport.com/show/?m=AkyztBxYPv8&play=1&brand=0&help=0&mls=0&qs=0&title=0&hl=0,https://cdn.opr.ae/brochures/dubai-creek-residences.pdf,20/80 3 Years Post-Handover ,50% DLD Fees Waiver,N/A,N/A,N/A,"Dubai Luxury Living, Waterfront Living",Completed,20/80 3 Years Post-Handover ,N/A,Error,https://opr.ae/ar/projects/emaar-dubai-creek-residences
N/A,https://opr.ae/projects/emaar-vida-residences-creek-beach,Emaar VIDA Residences Creek Beach,Emaar,Dubai Creek Harbour,Apartments,1718888,https://u20.plpstatic.ru/s/163qch8061/044180964861ed3464a1c067ea0103a6/c0e805519c4723c2f9630da2d8d61dea.jpg,"25.204625, 55.349784",EN,N/A,https://cdn.opr.ae/brochures/vida-creek-beach.pdf,60/40 2 Years Post-Handover,50% DLD Fees Waiver,N/A,N/A,N/A,"Dubai Luxury Living, Waterfront Living",Completed,60/40 2 Years Post-Handover,N/A,Error,https://opr.ae/ar/projects/emaar-vida-residences-creek-beach
https://youtu.be/M9npEhkpuDc,https://opr.ae/projects/emaar-creek-gate-apartments,Emaar Creek Gate,Emaar,Dubai Creek Harbour,Apartments,1792888,https://u20.plpstatic.ru/s/1537ebo061/044180964861ed3464a1c067ea0103a6/6e32ea5e62355963aae3fa561dea8583.jpg,"25.207708, 55.347199",EN,https://my.matterport.com/show/?m=ynASxhro33U&play=1&brand=0&help=0&mls=0&qs=0&title=0&hl=0,https://cdn.opr.ae/brochures/creek-gate.pdf,50/50 2 Years Post-Handover,50% DLD Fees Waiver,N/A,N/A,N/A,"Dubai Luxury Living, Waterfront Living",Completed,50/50 2 Years Post-Handover,N/A,Error,https://opr.ae/ar/projects/emaar-creek-gate-apartments
N/A,https://opr.ae/projects/emaar-creek-horizon-apartments,Emaar Creek Horizon,Emaar,Dubai Creek Harbour,Apartments,2936888,https://i.pinimg.com/originals/63/08/8a/63088abf4ab90776ba8ab163e72fb0b4.jpg,"25.206908, 55.344790",EN,https://my.matterport.com/show/?m=nkzxFL8kyxL&play=1&brand=0&help=0&mls=0&qs=0&title=0&hl=0,https://cdn.opr.ae/brochures/creek-horizon.pdf,50/50 2 Years Post-Handover,50% DLD Fees Waiver,N/A,N/A,N/A,"Dubai Luxury Living, Waterfront Living",Completed,50/50 2 Years Post-Handover,N/A,Error,https://opr.ae/ar/projects/emaar-creek-horizon-apartments
N/A,https://opr.ae/projects/emaar-creek-rise-in-dubai-creek-harbour-apartments-for-sale,Emaar Creek Rise,Emaar,Dubai Creek Harbour,Apartments,2037888,https://i.1.creatium.io/dd/6f/84/80ac9245d3b4ff7254d169847211012d5f/1161x832q5/header.jpg,"25.208706, 55.345965",EN,N/A,https://cdn.opr.ae/brochures/creek-rise.pdf,50/50 2 Years Post-Handover,50% DLD Fees Waiver,N/A,N/A,N/A,"Dubai Luxury Living, Waterfront Living",Completed,50/50 2 Years Post-Handover,N/A,Error,Error
N/A,https://opr.ae/projects/emaar-the-grand-dubai-creek-harbour,Emaar The Grand,Emaar,Dubai Creek Harbour,Apartments,1481888,https://u10.plpstatic.ru/79ed07725e1da33d7dbf242e23057f7e/878ce603a731142b3af6f8d29e7ef81b.jpg,"25.207760, 55.342525",EN,N/A,https://cdn.opr.ae/brochures/the-grand.pdf,50/50 2 Years Post-Handover,50% DLD Fees Waiver,N/A,N/A,N/A,"Dubai Luxury Living, Waterfront Living",Completed,50/50 2 Years Post-Handover,N/A,Error,https://opr.ae/ar/projects/emaar-the-grand-dubai-creek-harbour
N/A,https://opr.ae/projects/emaar-breeze-creek-beach-dubai,Emaar Breeze Creek Beach,Emaar,Dubai Creek Harbour,Apartments,1085000,https://437e81e1-5ed1-4d53-bed7-e6f8d97dcc9b.selcdn.net/05/4d/e5/2da6a4aecaa974891deb3464c9427c14e7/1161x832q8/Header.jpg,"25.205585, 55.346241",EN,N/A,https://cdn.opr.ae/brochures/breeze.pdf,60/40 2 Years Post-Handover,50% DLD Fees Waiver,N/A,N/A,N/A,"Dubai Luxury Living, Waterfront Living",Q3 2023,60/40 2 Years Post-Handover,N/A,Error,https://opr.ae/ar/projects/emaar-breeze-creek-beach-dubai
N/A,https://opr.ae/projects/emaar-surf-creek-beach-dubai,Emaar Surf Creek Beach,Emaar,Dubai Creek Harbour,Apartments,2352888,https://u20.plpstatic.ru/044180964861ed3464a1c067ea0103a6/627701244c51d80ff4f298d89331d6a4.jpg,"25.202247, 55.346510",EN,N/A,https://cdn.opr.ae/brochures/surf.pdf,60/40 2 Years Post-Handover,50% DLD Fees Waiver,N/A,N/A,N/A,"Dubai Luxury Living, Waterfront Living",Q3 2025,60/40 2 Years Post-Handover,N/A,Error,https://opr.ae/ar/projects/emaar-surf-creek-beach-dubai
N/A,https://opr.ae/projects/emaar-sunset-creek-beach-dubai,Emaar Sunset Creek Beach,Emaar,Dubai Creek Harbour,Apartments,2316888,https://u1.plpstatic.ru/e6c16d2f1b9d0ebdca33f222ceabeb18/f7bab609806319851403e301f434d25f.jpg,"25.202165, 55.346792",EN,N/A,https://cdn.opr.ae/brochures/sunset.pdf,60/40 2 Years Post-Handover,50% DLD Fees Waiver,N/A,N/A,N/A,"Dubai Luxury Living, Waterfront Living",Completed,60/40 2 Years Post-Handover,N/A,Error,https://opr.ae/ar/projects/emaar-sunset-creek-beach-dubai
N/A,https://opr.ae/projects/emaar-palace-residences-dubai-creek-harbour,Emaar Palace Residences,Emaar,Dubai Creek Harbour,Apartments,2815888,https://u10.plpstatic.ru/e6c16d2f1b9d0ebdca33f222ceabeb18/d1fc2a7915ec973625e1960516dd3006.jpg,"25.195834, 55.349642",EN,N/A,https://cdn.opr.ae/brochures/creek-palace.pdf,60/40 2 Years Post-Handover,50% DLD Fees Waiver,N/A,N/A,N/A,"Dubai Luxury Living, Waterfront Living",Q4 2022,60/40 2 Years Post-Handover,N/A,Error,https://opr.ae/ar/projects/emaar-palace-residences-dubai-creek-harbour
https://youtu.be/cnzRt8wgUF0,https://opr.ae/projects/emaar-the-address-harbour-point-dubai,Emaar The Address Harbour Point,Emaar,Dubai Creek Harbour,Apartments,2026888,https://u20.plpstatic.ru/s/52jo821061/044180964861ed3464a1c067ea0103a6/d3e4705aa4b2b6cb6ffba378f86d8256.jpg,"25.208116, 55.342904",EN,N/A,https://cdn.opr.ae/brochures/the-address-harbour-point.pdf,60/40 2 Years Post-Handover,50% DLD Fees Waiver,N/A,N/A,N/A,"Dubai Luxury Living, Waterfront Living, Branded Residences",Completed,60/40 2 Years Post-Handover,N/A,Error,https://opr.ae/ar/projects/emaar-the-address-harbour-point-dubai
N/A,https://opr.ae/projects/emaar-harbour-gate-apartments,Emaar Harbour Gate,Emaar,Dubai Creek Harbour,Apartments,1151888,https://u20.plpstatic.ru/s/163qd4g061/e6c16d2f1b9d0ebdca33f222ceabeb18/aeaee4115898033f4abe2cffdd1ccf8b.jpg,"25.207673, 55.347255",EN,https://my.matterport.com/show/?m=gT6NNrZFiBP&play=1&brand=0&help=0&mls=0&qs=0&title=0&hl=0,https://cdn.opr.ae/brochures/harbour-gate.pdf,25/75 3 Years Post-Handover ,50% DLD Fees Waiver,N/A,N/A,N/A,"Dubai Luxury Living, Waterfront Living",Completed,25/75 3 Years Post-Handover ,N/A,Error,https://opr.ae/ar/projects/emaar-harbour-gate-apartments
N/A,https://opr.ae/projects/emaar-harbour-views-apartments,Emaar Harbour Views,Emaar,Dubai Creek Harbour,Apartments,2144888,https://u20.plpstatic.ru/s/163qc0h061/044180964861ed3464a1c067ea0103a6/5bc9a753af924eb3e3da9e2b388d3363.jpg,"25.201381, 55.342238",EN,https://my.matterport.com/show/?m=6jQTcZbDDyZ&play=1&brand=0&help=0&mls=0&qs=0&title=0&hl=0,https://cdn.opr.ae/brochures/harbour-views.pdf,25/75 3 Years Post-Handover ,50% DLD Fees Waiver,N/A,N/A,N/A,"Dubai Luxury Living, Waterfront Living",Completed,25/75 3 Years Post-Handover ,N/A,Error,https://opr.ae/ar/projects/emaar-harbour-views-apartments
N/A,https://opr.ae/projects/emaar-creekside18-apartments,Emaar Creekside 18,Emaar,Dubai Creek Harbour,Apartments,2227888,https://u20.plpstatic.ru/s/1537eoj061/e6c16d2f1b9d0ebdca33f222ceabeb18/5ebb04dae6888cb6dbe6dbe4de157540.jpg,"25.205361, 55.344177",EN,https://premium.giraffe360.com/emaar/56422bcfe8be43469e790d2ccae6360c/,https://cdn.opr.ae/brochures/creekside18.pdf,25/75 3 Years Post-Handover ,50% DLD Fees Waiver,N/A,N/A,N/A,"Dubai Luxury Living, Waterfront Living",Completed,25/75 3 Years Post-Handover ,N/A,Error,https://opr.ae/ar/projects/emaar-creekside18-apartments
N/A,https://opr.ae/projects/emaar-island-park-in-dubai-creek-harbour-apartments-for-sale,Emaar Island Park,Emaar,Dubai Creek Harbour,Apartments,1119888,https://i.1.creatium.io/27/0b/91/a3d3915b5ea17a0b463f0214ffddf52402/1.jpg,"25.201149, 55.344422",EN,N/A,https://cdn.opr.ae/brochures/island-park.pdf,25/75 3 Years Post-Handover ,100% DLD Fees Waiver,N/A,N/A,N/A,"Dubai Luxury Living, Waterfront Living",Completed,25/75 3 Years Post-Handover ,N/A,Error,https://opr.ae/ar/projects/emaar-island-park-in-dubai-creek-harbour-apartments-for-sale
N/A,https://opr.ae/projects/emaar-creek-heights-in-dubai-creek-harbour-apartments-for-sale,Emaar Creek Heights,Emaar,Dubai Creek Harbour,Apartments,1623000,https://i.1.creatium.io/36/77/db/ae0b401c6f7834a16a32aa5d0ad69d70c6/1.jpg,"25.209954, 55.344086",EN,N/A,https://cdn.opr.ae/brochures/creek-heights.pdf,60/40 2 Years Post-Handover,50% DLD Fees Waiver,N/A,N/A,N/A,"Dubai Luxury Living, Waterfront Living",Q4 2022,60/40 2 Years Post-Handover,N/A,Error,https://opr.ae/ar/projects/emaar-creek-heights-in-dubai-creek-harbour-apartments-for-sale
N/A,https://opr.ae/projects/emaar-south-urbana-townhouses,Emaar Urbana,Emaar,Emaar South,Townhouses,1067888,https://u20.plpstatic.ru/s/73dcsii061/044180964861ed3464a1c067ea0103a6/c3cc5930033c809344ad3ec093f5bbea.jpg,"24.860096, 55.150875",EN,https://my.matterport.com/show/?m=62chCUY8kpm&play=1&brand=0&help=0&mls=0&qs=0&title=0&hl=0,https://cdn.opr.ae/brochures/urbana.pdf,25/75 3 Years Post-Handover ,50% DLD Fees Waiver,N/A,N/A,N/A,"Green Nature Living, Near Golf Course",Completed,25/75 3 Years Post-Handover ,N/A,Error,https://opr.ae/ar/projects/emaar-south-urbana-townhouses
https://youtu.be/0RbMp-fiOHY,https://opr.ae/projects/emaar-south-golf-views-apartments,Emaar Golf Views,Emaar,Emaar South,Apartments,621888,https://u20.plpstatic.ru/s/73lc1il061/044180964861ed3464a1c067ea0103a6/38461b677555331f17eff6441f9c87aa.jpg,"24.862102, 55.143258",EN,https://my.matterport.com/show/?m=ZHaV8fNao76&play=1&brand=0&help=0&mls=0&qs=0&title=0&hl=0,https://cdn.opr.ae/brochures/golf-views.pdf,25/75 3 Years Post-Handover ,50% DLD Fees Waiver,N/A,N/A,N/A,"Green Nature Living, Near Golf Course",Completed,25/75 3 Years Post-Handover ,N/A,Error,Error
https://youtu.be/5NQtCGN55nY,https://opr.ae/projects/emaar-vida-residences-dubai-marina,Emaar VIDA Residences Dubai Marina,Emaar,Dubai Marina,Apartments,1300000,https://u20.plpstatic.ru/044180964861ed3464a1c067ea0103a6/6e0abc42bcac261793be4aa09497efd6.jpg,"25.072930, 55.135914",EN,N/A,https://cdn.opr.ae/brochures/vida-dubai-marina.pdf,60/40 2 Years Post-Handover,50% DLD Fees Waiver,N/A,N/A,N/A,"Dubai Luxury Living, Waterfront Living",Completed,60/40 2 Years Post-Handover,N/A,Error,https://opr.ae/ar/projects/emaar-vida-residences-dubai-marina
N/A,https://opr.ae/projects/liv-residences-dubai-marina,LIV Residence,LIV Developers,Dubai Marina,Apartments,850000,https://u20.plpstatic.ru/s/163qbrf061/044180964861ed3464a1c067ea0103a6/f70362146c25d58931d69a4ff3eca015.jpg,"25.081053, 55.140838",EN,N/A,https://cdn.opr.ae/brochures/liv.pdf,N/A,N/A,N/A,N/A,N/A,"Dubai Luxury Living, Waterfront Living",Completed,N/A,N/A,Error,Error
N/A,https://opr.ae/projects/sobha-creek-vistas-apartments-dubai,Sobha Hartland Creek Vistas,Sobha,Sobha Hartland,Apartments,1250000,https://u20.plpstatic.ru/s/163qd93061/044180964861ed3464a1c067ea0103a6/6eda16a16506cba48f7343b4fa866241.jpg,"25.179843, 55.305395",EN,N/A,https://cdn.opr.ae/brochures/sobha-creek-vistas.pdf,10/90 Post-Completion,N/A,N/A,N/A,N/A,"Dubai Luxury Living, Waterfront Living",Completed,10/90 Post-Completion,N/A,Error,https://opr.ae/ar/projects/sobha-creek-vistas-apartments-dubai
N/A,https://opr.ae/projects/sobha-hartland-one-park-avenue,Sobha Hartland One Park Avenue,Sobha,Sobha Hartland,Apartments,1030000,https://u20.plpstatic.ru/s/163qd93061/044180964861ed3464a1c067ea0103a6/ee024e0a84e404ac2889b944b7ae16a5.jpg,"25.178410, 55.308518",EN,N/A,https://cdn.opr.ae/brochures/one-park-avenue.pdf,60/40 Post-Completion,N/A,N/A,N/A,N/A,Dubai Luxury Living,Q2 2023,60/40 Post-Completion,N/A,Error,https://opr.ae/ar/projects/sobha-hartland-one-park-avenue
N/A,https://opr.ae/projects/sobha-hartland-greens-apartments-dubai,Sobha Hartland Greens,Sobha,Sobha Hartland,Apartments,755000,https://u20.plpstatic.ru/s/163qcja061/044180964861ed3464a1c067ea0103a6/0d3fbe63092e939bd70dc0a268d6f129.jpg,"25.177582, 55.310659",EN,N/A,https://cdn.opr.ae/brochures/hartland-greens.pdf,Pay 10% and Move In,N/A,N/A,N/A,N/A,Dubai Luxury Living,Q2 2023,Pay 10% and Move In,N/A,Error,Error
N/A,https://opr.ae/projects/sobha-forest-villas-dubai-mbr-city,Sobha Hartland Forest Villas,Sobha,Sobha Hartland,Villas,5950000,https://u10.plpstatic.ru/s/163qcd0061/79ed07725e1da33d7dbf242e23057f7e/504b136863ab910e61e7e76a035f856f.jpg,"25.204779, 55.301884",EN,N/A,https://cdn.opr.ae/brochures/forest-villas.pdf,60/40 Payment Plan,N/A,N/A,N/A,N/A,Green Nature Living,Completed,60/40 Payment Plan,N/A,Error,https://opr.ae/ar/projects/sobha-forest-villas-dubai-mbr-city
https://youtu.be/tGcMvhX0gA4,https://opr.ae/projects/jumeirah-luxury-villas-dubai,Jumeirah Luxury,Jumeirah Golf Estates,Jumeirah Golf Estates,Villas,2600000,https://u20.plpstatic.ru/s/1537g3a061/e6c16d2f1b9d0ebdca33f222ceabeb18/a52ea41c243be007c6fbebcfa42da06b.jpg,"25.228766, 55.265796",EN,N/A,https://cdn.opr.ae/brochures/jumeirah-luxury.pdf,N/A,N/A,N/A,N/A,N/A,"Green Nature Living, Near Golf Course",Completed,N/A,N/A,Error,Error
N/A,https://opr.ae/projects/damac-aykon-heights,DAMAC AYKON Heights,DAMAC,Business Bay,Apartments,599999,https://u20.plpstatic.ru/s/161eh19061/044180964861ed3464a1c067ea0103a6/c138d9f0b17034731a2123973b7ce5db.jpg,"25.180417, 55.252866",EN,https://my.matterport.com/show/?m=gWVq66MVKbE&play=1&brand=0&help=0&mls=0&qs=0&title=0&hl=0,https://cdn.opr.ae/brochures/aykon-heights.pdf,N/A,100% DLD Fees Waiver,N/A,N/A,N/A,"Dubai Luxury Living, Waterfront Living",Completed,N/A,N/A,Error,https://opr.ae/ar/projects/damac-aykon-heights
N/A,https://opr.ae/projects/damac-heights-apartments-dubai-marina,DAMAC Heights,DAMAC,Dubai Marina,Apartments,1950000,https://q-cf.bstatic.com/images/hotel/max1024x768/214/214750395.jpg,"25.087386, 55.145753",EN,N/A,https://cdn.opr.ae/brochures/damac-heights.pdf,2 Years Payment Plan,N/A,N/A,N/A,N/A,"Dubai Luxury Living, Waterfront Living",Completed,2 Years Payment Plan,N/A,Error,https://opr.ae/ar/projects/damac-heights-apartments-dubai-marina
N/A,https://opr.ae/projects/alandalus-jumeirah-golf-estates-dubai,Alandalus,Jumeirah Golf Estates,Jumeirah Golf Estates,Apartments,749000,https://u6.plpstatic.ru/s/83so05k061/e6c16d2f1b9d0ebdca33f222ceabeb18/93f8b6ea6e6f57d41919626577fd721d.jpg,"25.019176, 55.201037",EN,https://www.jumeirahgolfestates.com/360/apartment-medium/index.htmll,https://cdn.opr.ae/brochures/alandalus.pdf,N/A,N/A,N/A,N/A,N/A,"Green Nature Living, Near Golf Course",Completed,N/A,N/A,Error,Error
N/A,https://opr.ae/projects/damac-hills-golf-town-apartments-for-sale-in-dubai,DAMAC Golf Town,DAMAC,DAMAC Hills,Apartments,411000,https://i.1.creatium.io/0f/c3/31/964adc38036ce168a796558554aaf0f3c2/damac_hills_golf_town_apartments_1.jpg,"25.015979, 55.249800",EN,N/A,https://cdn.opr.ae/brochures/damac-golf-town.pdf,4 Months Payment Plan,N/A,N/A,N/A,N/A,"Green Nature Living, Near Golf Course",Completed,4 Months Payment Plan,N/A,Error,Error
N/A,https://opr.ae/projects/damac-hills-golf-vita-apartments-dubai,DAMAC Golf Vita,DAMAC,DAMAC Hills,Apartments,480000,https://u6.plpstatic.ru/s/163qbj3061/e6c16d2f1b9d0ebdca33f222ceabeb18/873081d5e4b89c1eec14e97a7fe9c5b1.jpg,"25.023046, 55.242487",EN,https://my.matterport.com/show/?m=5T5qdkqhoYe&play=1&brand=0&help=0&mls=0&qs=0&title=0&hl=0,https://cdn.opr.ae/brochures/Golf_Vita_Apartments.pdf,N/A,N/A,N/A,N/A,N/A,"Green Nature Living, Near Golf Course",Completed,N/A,N/A,Error,https://opr.ae/ar/projects/damac-hills-golf-vita-apartments-dubai
N/A,https://opr.ae/projects/damac-hills-carson-towers-apartments-for-sale,DAMAC Carson Towers,DAMAC,DAMAC Hills,Apartments,400000,https://i.1.creatium.io/d3/8f/0e/2293e004d26a0f5bb6b9e3b13de30a45a2/1161x832q5/header.jpg,"25.025212, 55.243705",EN,N/A,https://cdn.opr.ae/brochures/damac-carson.pdf,N/A,N/A,N/A,N/A,N/A,"Green Nature Living, Near Golf Course",Completed,N/A,"Studios, 1BR, 2BR",Error,https://opr.ae/ar/projects/damac-hills-carson-towers-apartments-for-sale
N/A,https://opr.ae/projects/damac-hills-bellavista-apartments-for-sale,DAMAC Bellavista,DAMAC,DAMAC Hills,Apartments,400000,https://i.1.creatium.io/bd/95/21/35def2ab77df88b47500587996feb93438/1161x832q5/header.jpg,"25.025475, 55.244490",EN,N/A,https://cdn.opr.ae/brochures/damac-bellavista.pdf,N/A,N/A,N/A,N/A,N/A,"Green Nature Living, Near Golf Course",Completed,N/A,"Studios, 1BR, 2BR",Error,https://opr.ae/ar/projects/damac-hills-bellavista-apartments-for-sale
N/A,https://opr.ae/projects/damac-hills-kiara-apartments-for-sale,DAMAC Kiara,DAMAC,DAMAC Hills,Apartments,799000,https://i.1.creatium.io/48/36/c1/e7ebd2e3549bc560aeed7fa99fc441b821/1161x832q5/header.jpg,"25.019408, 55.245325",EN,N/A,https://cdn.opr.ae/brochures/damac-kiara.pdf,N/A,N/A,N/A,N/A,N/A,"Green Nature Living, Near Golf Course",Completed,N/A,"Studios, 1BR, 2BR, 3BR",Error,https://opr.ae/ar/projects/damac-hills-kiara-apartments-for-sale
N/A,https://opr.ae/projects/damac-hills-artesia-hotel-serviced-apartments-for-sale,DAMAC Artesia,DAMAC,DAMAC Hills,Apartments,420000,https://i.1.creatium.io/a5/3f/55/8182ab38186e3b50499061e3c125277835/1161x832q5/header.jpg,"25.019905, 55.245161",EN,N/A,https://cdn.opr.ae/brochures/damac-artesia.pdf,N/A,N/A,N/A,N/A,N/A,"Green Nature Living, Near Golf Course",Completed,N/A,"Studios, 1BR, 2BR, 3BR",Error,https://opr.ae/ar/projects/damac-hills-artesia-hotel-serviced-apartments-for-sale
N/A,https://opr.ae/projects/damac-hills-golf-promenade-apartments-for-sale,DAMAC Golf Promenade,DAMAC,DAMAC Hills,Apartments,450000,https://i.1.creatium.io/d4/37/97/54e4d6ed0c83c7079bbda86f0de3abd676/1161x832q5/header.jpg,"25.015036, 55.250304",EN,N/A,https://cdn.opr.ae/brochures/damac-golf-promenade.pdf,N/A,N/A,N/A,N/A,N/A,"Green Nature Living, Near Golf Course",Completed,N/A,"Studios, 1BR, 2BR, 3BR",Error,https://opr.ae/ar/projects/damac-hills-golf-promenade-apartments-for-sale
N/A,https://opr.ae/projects/damac-hills-golf-panorama-apartments-for-sale,DAMAC Golf Panorama,DAMAC,DAMAC Hills,Apartments,450000,https://i.1.creatium.io/35/e3/b8/824a78eea7848a890362e33532b25a0c64/1161x832q5/header.jpg,"25.015573, 55.253584",EN,N/A,https://cdn.opr.ae/brochures/damac-golf-panorama.pdf,N/A,N/A,N/A,N/A,N/A,"Green Nature Living, Near Golf Course",Completed,N/A,"Studios, 1BR, 2BR, 3BR",Error,https://opr.ae/ar/projects/damac-hills-golf-panorama-apartments-for-sale
N/A,https://opr.ae/projects/damac-hills-golf-horizon-apartments-for-sale,DAMAC Golf Horizon,DAMAC,DAMAC Hills,Apartments,450000,https://i.1.creatium.io/df/3a/3b/a08d47ad1170d04f8b3d964ba1b6e39c8c/1161x832q5/header.jpg,"25.016064, 55.253316",EN,N/A,https://cdn.opr.ae/brochures/damac-golf-horizon.pdf,N/A,N/A,N/A,N/A,N/A,"Green Nature Living, Near Golf Course",Completed,N/A,"Studios, 1BR, 2BR, 3BR",Error,https://opr.ae/ar/projects/damac-hills-golf-horizon-apartments-for-sale
N/A,https://opr.ae/projects/damac-hills-golf-terrace-apartments-for-sale,DAMAC Golf Terrace,DAMAC,DAMAC Hills,Apartments,450000,https://i.1.creatium.io/9e/5d/2e/e764dc6d6e67d16dbcd056133a0ddf2890/1161x832q5/header.jpg,"25.018435, 55.252438",EN,N/A,https://cdn.opr.ae/brochures/damac-golf-terrace.pdf,N/A,N/A,N/A,N/A,N/A,"Green Nature Living, Near Golf Course",Completed,N/A,"Studios, 1BR, 2BR, 3BR",Error,https://opr.ae/ar/projects/damac-hills-golf-terrace-apartments-for-sale
N/A,https://opr.ae/projects/damac-hills-golf-vista-apartments-for-sale,DAMAC Golf Vista,DAMAC,DAMAC Hills,Apartments,450000,https://i.1.creatium.io/ef/f5/f2/f13b9db119911b331d42593c1eeccf1178/1161x832q5/header.jpg,"25.018045, 55.252469",EN,N/A,https://cdn.opr.ae/brochures/damac-golf-vista.pdf,N/A,N/A,N/A,N/A,N/A,"Green Nature Living, Near Golf Course",Completed,N/A,"Studios, 1BR, 2BR, 3BR",Error,https://opr.ae/ar/projects/damac-hills-golf-vista-apartments-for-sale
N/A,https://opr.ae/projects/damac-hills-golf-veduta-apartments-for-sale,DAMAC Golf Veduta,DAMAC,DAMAC Hills,Apartments,450000,https://i.1.creatium.io/ea/53/a4/3d7facb7ebace2357e1694e2dfec0ceb5c/1161x832q5/header.jpg,"25.017734, 55.252452",EN,N/A,https://cdn.opr.ae/brochures/damac-golf-veduta.pdf,N/A,N/A,N/A,N/A,N/A,"Green Nature Living, Near Golf Course",Completed,N/A,"Studios, 1BR, 2BR, 3BR",Error,https://opr.ae/ar/projects/damac-hills-golf-veduta-apartments-for-sale
N/A,https://opr.ae/projects/damac-hills-orchid-apartments-for-sale,DAMAC Orchid,DAMAC,DAMAC Hills,Apartments,750000,https://i.1.creatium.io/3e/f4/56/ad415505afb490bca46415c442d2360306/1161x832q5/header.jpg,"25.013796, 55.254550",EN,N/A,https://cdn.opr.ae/brochures/damac-orchid.pdf,N/A,N/A,N/A,N/A,N/A,"Green Nature Living, Near Golf Course",Completed,N/A,"Studios, 1BR, 2BR, 3BR",Error,https://opr.ae/ar/projects/damac-hills-orchid-apartments-for-sale
N/A,https://opr.ae/projects/damac-hills-loreto-apartments-for-sale,DAMAC Loreto,DAMAC,DAMAC Hills,Apartments,750000,https://i.1.creatium.io/f1/09/b6/394da59c2c318bc7d822772889dca158b5/1161x832q5/header.jpg,"25.016021, 55.254407",EN,N/A,https://cdn.opr.ae/brochures/damac-loreto.pdf,N/A,N/A,N/A,N/A,N/A,"Green Nature Living, Near Golf Course",Completed,N/A,"Studios, 1BR, 2BR, 3BR",Error,https://opr.ae/ar/projects/damac-hills-loreto-apartments-for-sale
N/A,https://opr.ae/projects/damac-hills-all-seasons-apartments-for-sale,DAMAC All Seasons Apartments,DAMAC,DAMAC Hills,Apartments,750000,https://cdn.opr.ae/icons/ddmc.jpg,"25.019061, 55.252562",EN,N/A,https://cdn.opr.ae/brochures/damac-all-seasons.pdf,N/A,N/A,N/A,N/A,N/A,"Green Nature Living, Near Golf Course",Completed,N/A,"Studios, 1BR, 2BR, 3BR",Error,https://opr.ae/ar/projects/damac-hills-all-seasons-apartments-for-sale
N/A,https://opr.ae/projects/ellington-somerset-mews-townhouses-for-sale-in-jvc-jumeirah-village-circle,Ellington Somerset Mews,Ellington Properties,Jumeirah Village Circle (JVC),Townhouses,2500000,https://i.1.creatium.io/c6/23/67/7cb9148482977bd9bf392c5546ad4c971d/header.jpg,"25.063454, 55.207400",EN,N/A,https://cdn.opr.ae/brochures/ellington-somerset-views.pdf,N/A,N/A,N/A,N/A,N/A,Green Nature Living,Completed,N/A,N/A,Error,https://opr.ae/ar/projects/ellington-somerset-mews-townhouses-for-sale-in-jvc-jumeirah-village-circle
N/A,https://opr.ae/projects/ellington-harrington-house-jvc-apartments-in-jumeirah-village-circle-dubai,Ellington Harrington House,Ellington Properties,Jumeirah Village Circle (JVC),Apartments,800000,https://i.1.creatium.io/a2/2d/83/2d1999b4fe3f16b328db4e72452e97e7fb/header.jpg,"25.051217, 55.201175",EN,N/A,https://cdn.opr.ae/brochures/ellington-harrington-house.pdf,N/A,N/A,N/A,N/A,N/A,Green Nature Living,Completed,N/A,N/A,Error,https://opr.ae/ar/projects/ellington-harrington-house-jvc-apartments-in-jumeirah-village-circle-dubai
N/A,https://opr.ae/projects/ellington-eaton-place-dubai,Ellington Eaton Place,Ellington Properties,Jumeirah Village Circle (JVC),Apartments,865828,https://u6.plpstatic.ru/s/163qcba061/e6c16d2f1b9d0ebdca33f222ceabeb18/13fb4ba4c19f57a91a37f27b6b609170.jpg,"25.060407, 55.199974",EN,N/A,https://cdn.opr.ae/brochures/eaton-place.pdf,N/A,N/A,N/A,N/A,N/A,Green Nature Living,Completed,N/A,N/A,Error,Error
N/A,https://opr.ae/projects/ellington-belgravia-3-apartments-dubai,Ellington Belgravia III,Ellington Properties,Jumeirah Village Circle (JVC),Apartments,2050828,https://u8.plpstatic.ru/s/163qcna061/e6c16d2f1b9d0ebdca33f222ceabeb18/8c252080a7db47790643d3ea6fa7bfc2.jpg,"25.059578, 55.199832",EN,N/A,https://cdn.opr.ae/brochures/belgravia-3.pdf,N/A,N/A,N/A,N/A,N/A,Green Nature Living,Completed,N/A,N/A,Error,Error
N/A,https://opr.ae/projects/ellington-wilton-terraces-apartments-mbr-city-dubai,Ellington Wilton Terraces II,Ellington Properties,MBR City,Apartments,1002828,https://u10.plpstatic.ru/s/163nlj4061/79ed07725e1da33d7dbf242e23057f7e/d377b3fadd9bb5f5a44cf5b3d8daa533.jpg,"25.177958, 55.310000",EN,N/A,https://cdn.opr.ae/brochures/wilton-terraces-2.pdf,N/A,N/A,N/A,N/A,N/A,Green Nature Living,Completed,N/A,N/A,Error,Error
N/A,https://opr.ae/projects/emaar-spring-townhouses-arabian-ranches-dubai,Emaar Spring Arabian Ranches III,Emaar,Arabian Ranches,Townhouses,1234888,https://api.metropolitan.realestate/offplan/public/properties/spring_townhouses_emaar.jpg,"25.066004, 55.322301",EN,N/A,https://cdn.opr.ae/brochures/spring.pdf,60/40 2 Years Post-Handover,50% DLD Fees Waiver,N/A,N/A,N/A,Green Nature Living,Q4 2022,60/40 2 Years Post-Handover,N/A,Error,https://opr.ae/ar/projects/emaar-spring-townhouses-arabian-ranches-dubai
https://youtu.be/xJ70JifvD0c,https://opr.ae/projects/emaar-ruba-townhouses-arabian-ranches-dubai,Emaar Ruba Arabian Ranches III,Emaar,Arabian Ranches,Townhouses,1794888,https://cloud.offplan-dubai.com/wp-content/uploads/2019/05/Spring-at-Arabian-Ranches-III-Mobile-1-600x300.jpg,"25.072413, 55.334452",EN,N/A,https://cdn.opr.ae/brochures/ruba.pdf,60/40 2 Years Post-Handover,50% DLD Fees Waiver,N/A,N/A,N/A,Green Nature Living,Q1 2023,60/40 2 Years Post-Handover,N/A,Error,https://opr.ae/ar/projects/emaar-ruba-townhouses-arabian-ranches-dubai
https://youtu.be/pLL53ROUrNM,https://opr.ae/projects/emaar-sun-townhouses-arabian-ranches-dubai,Emaar Sun Arabian Ranches III,Emaar,Arabian Ranches,Townhouses,1200888,https://images.vfl.ru/ii/1557058360/2c047bf5/26425363.jpg,"25.066004, 55.322301",EN,N/A,https://cdn.opr.ae/brochures/sun.pdf,60/40 2 Years Post-Handover,50% DLD Fees Waiver,N/A,N/A,N/A,Green Nature Living,Q1 2023,60/40 2 Years Post-Handover,N/A,Error,https://opr.ae/ar/projects/emaar-sun-townhouses-arabian-ranches-dubai
N/A,https://opr.ae/projects/emaar-joy-townhouses-arabian-ranches-dubai,Emaar Joy Arabian Ranches III,Emaar,Arabian Ranches,Townhouses,2275888,https://i.pinimg.com/736x/c8/5b/62/c85b62cdeb064af409e65a4ee1098f60.jpg,"25.057147, 55.309573",EN,N/A,https://cdn.opr.ae/brochures/joy.pdf,60/40 2 Years Post-Handover,50% DLD Fees Waiver,N/A,N/A,N/A,Green Nature Living,Q1 2023,60/40 2 Years Post-Handover,N/A,Error,https://opr.ae/ar/projects/emaar-joy-townhouses-arabian-ranches-dubai
N/A,https://opr.ae/projects/emaar-camelia-townhouses-arabian-ranches-dubai,Emaar Camelia Arabian Ranches II,Emaar,Arabian Ranches,Townhouses,1498888,https://u10.plpstatic.ru/s/14slc0r061/e6c16d2f1b9d0ebdca33f222ceabeb18/ca13cd074b91356caef7b735b30bd48e.jpg,"25.036951, 55.275754",EN,N/A,https://cdn.opr.ae/brochures/camelia.pdf,60/40 2 Years Post-Handover,50% DLD Fees Waiver,N/A,N/A,N/A,Green Nature Living,Completed,60/40 2 Years Post-Handover,N/A,Error,https://opr.ae/ar/projects/emaar-camelia-townhouses-arabian-ranches-dubai
N/A,https://opr.ae/projects/damac-reva-residences-business-bay-dubai,DAMAC The Reva Residences,DAMAC,Business Bay,Apartments,787000,https://thumb.tildacdn.com/tild6137-6634-4265-b037-313836396433/-/format/webp/27ec39d26e6cfee25aaf.jpg,"25.187400, 55.282799",EN,https://my.matterport.com/show/?m=dnB65P7hcR2&play=1&brand=0&help=0&mls=0&qs=0&title=0&hl=0,https://cdn.opr.ae/brochures/reva-residences.pdf,N/A,N/A,N/A,N/A,N/A,"Dubai Luxury Living, Waterfront Living",Completed,N/A,N/A,Error,https://opr.ae/ar/projects/damac-reva-residences-business-bay-dubai
N/A,https://opr.ae/projects/damac-vera-residences-business-bay-dubai,DAMAC The Vera Residences,DAMAC,Business Bay,Apartments,811000,https://www.homznspace.com/wp-content/uploads/2017/11/DAMAC-Vera-Residences.jpg,"25.186797, 55.282375",EN,https://my.matterport.com/show/?m=bjVFPnjU6bm&play=1&brand=0&help=0&mls=0&qs=0&title=0&hl=0,https://cdn.opr.ae/brochures/Vera-Residences.pdf,N/A,N/A,N/A,N/A,N/A,"Dubai Luxury Living, Waterfront Living",Completed,N/A,N/A,Error,https://opr.ae/ar/projects/damac-vera-residences-business-bay-dubai
N/A,https://opr.ae/projects/damac-merano-tower-business-bay-dubai,DAMAC Merano Tower,DAMAC,Business Bay,Apartments,519000,https://static.tildacdn.com/tild6266-6137-4565-b139-323935633566/DAMAC.jpg,"25.187705, 55.258096",EN,https://my.matterport.com/show/?m=3r8TNAwXjn9&play=1&brand=0&help=0&mls=0&qs=0&title=0&hl=0,https://cdn.opr.ae/brochures/merano.pdf,N/A,N/A,N/A,N/A,N/A,"Dubai Luxury Living, Waterfront Living",Completed,N/A,N/A,Error,https://opr.ae/ar/projects/damac-merano-tower-business-bay-dubai
N/A,https://opr.ae/projects/damac-towers-paramount-hotels-and-resorts-dubai-business-bay-for-sale,DAMAC Towers by Paramount,DAMAC,Business Bay,Apartments,799000,https://i.1.creatium.io/97/46/bf/4f77c738b1286963dc0d8d9178e0ac2597/header.jpg,"25.186859, 55.291994",EN,N/A,https://cdn.opr.ae/brochures/damac-towers-paramount.pdf,3 Years Payment Plan,N/A,N/A,N/A,N/A,Dubai Luxury Living,Completed,3 Years Payment Plan,N/A,Error,Error
N/A,https://opr.ae/projects/damac-tower-108-jvc-apartments-in-dubai-jumeirah-village-circle,DAMAC Tower 108,DAMAC,Business Bay,Apartments,480000,https://i.1.creatium.io/disk2/b4/91/af/b520b1f3ffa0bea1e79f224a58a688bce8/1.jpg,"25.053359, 55.197852",EN,N/A,https://cdn.opr.ae/brochures/damac-tower-108.pdf,N/A,N/A,N/A,N/A,N/A,Dubai Luxury Living,Completed,N/A,"Studios, 1BR, 2BR, 3BR",https://opr.ae/ru/projects/damac-tower-108-jvc-apartments-in-dubai-jumeirah-village-circle,https://opr.ae/ar/projects/damac-tower-108-jvc-apartments-in-dubai-jumeirah-village-circle
N/A,https://opr.ae/projects/damac-avanti-tower-apartments-for-sale-in-dubai-business-bay,DAMAC Avanti Tower,DAMAC,Business Bay,Apartments,620000,https://i.1.creatium.io/disk2/ba/9c/0a/6ffd0fed083b5611e1aea2b9055ec6f7e6/1.jpg,"25.177012, 55.272716",EN,N/A,https://cdn.opr.ae/brochures/damac-avanti.pdf,N/A,N/A,N/A,N/A,N/A,Dubai Luxury Living,Completed,N/A,"Studios, 1BR, 2BR, 3BR",https://opr.ae/ru/projects/damac-avanti-tower-apartments-for-sale-in-dubai-business-bay,https://opr.ae/ar/projects/damac-avanti-tower-apartments-for-sale-in-dubai-business-bay
N/A,https://opr.ae/projects/damac-maison-the-vogue-apartments-in-business-bay-dubai-for-sale,DAMAC The Vogue,DAMAC,Business Bay,Apartments,800000,https://i.1.creatium.io/disk2/5f/c9/72/db834452eaf413da04ba9802d2c6ea0f1a/1.jpg,N/A,EN,N/A,https://cdn.opr.ae/brochures/damac-the-vogue.pdf,N/A,N/A,N/A,N/A,N/A,Dubai Luxury Living,Completed,N/A,"Studios, 1BR, 2BR, 3BR",https://opr.ae/ru/projects/damac-maison-the-vogue-apartments-in-business-bay-dubai-for-sale,https://opr.ae/ar/projects/damac-maison-the-vogue-apartments-in-business-bay-dubai-for-sale
N/A,https://opr.ae/projects/damac-maison-prive-apartments-for-sale-in-business-bay-dubai,DAMAC Prive,DAMAC,Business Bay,Apartments,850000,https://i.1.creatium.io/disk2/24/2a/68/794c068eb5a6265b8fc3db9fd98f4af02c/1.jpg,"25.184322, 55.275541",EN,N/A,https://cdn.opr.ae/brochures/damac-prive.pdf,N/A,N/A,N/A,N/A,N/A,Dubai Luxury Living,Completed,N/A,"Studios, 1BR, 2BR, 3BR",https://opr.ae/ru/projects/damac-maison-prive-apartments-for-sale-in-business-bay-dubai,https://opr.ae/ar/projects/damac-maison-prive-apartments-for-sale-in-business-bay-dubai
N/A,https://opr.ae/projects/damac-breeze-apartments-for-sale-in-business-bay-dubai,DAMAC Breeze,DAMAC,Business Bay,Apartments,850000,https://i.1.creatium.io/disk2/3c/fd/63/7a6d6dc721dd25258e27827219a74e7285/1.jpg,N/A,EN,N/A,https://cdn.opr.ae/brochures/damac-breeze.pdf,N/A,N/A,N/A,N/A,N/A,Dubai Luxury Living,Completed,N/A,"Studios, 1BR, 2BR, 3BR",https://opr.ae/ru/projects/damac-breeze-apartments-for-sale-in-business-bay-dubai,https://opr.ae/ar/projects/damac-breeze-apartments-for-sale-in-business-bay-dubai
N/A,https://opr.ae/projects/damac-tenora-apartments-maison-de-ville-for-sale-in-dubai-south,DAMAC Tenora,DAMAC,Dubai South,Apartments,400000,https://i.1.creatium.io/disk2/c7/e1/df/efe6da7fc56ce4d2438ce5dc23b45b4a13/1.jpg,"24.946503, 55.211785",EN,N/A,https://cdn.opr.ae/brochures/damac-tenora.pdf,N/A,N/A,N/A,N/A,N/A,Dubai Luxury Living,Completed,N/A,"Studios, 1BR, 2BR",https://opr.ae/ru/projects/damac-tenora-apartments-maison-de-ville-for-sale-in-dubai-south,https://opr.ae/ar/projects/damac-tenora-apartments-maison-de-ville-for-sale-in-dubai-south
N/A,https://opr.ae/projects/damac-celestia-maison-de-ville-apartments-in-dubai-south,DAMAC Celestia,DAMAC,Dubai South,Apartments,400000,https://i.1.creatium.io/disk2/84/19/87/893bd4d375c035ae65978adb88d7a90fb3/1.jpg,"24.948285, 55.202846",EN,N/A,https://cdn.opr.ae/brochures/damac-celestia.pdf,N/A,N/A,N/A,N/A,N/A,Dubai Luxury Living,Completed,N/A,"Studios, 1BR, 2BR",https://opr.ae/ru/projects/damac-celestia-maison-de-ville-apartments-in-dubai-south,https://opr.ae/ar/projects/damac-celestia-maison-de-ville-apartments-in-dubai-south
N/A,https://opr.ae/projects/gemini-symphony-business-bay-apartments-in-dubai-for-sale,Gemini Symphony,Gemini,Business Bay,Apartments,Ask for Price,https://i.1.creatium.io/b6/13/bb/a794cc66afc04b37887b61146294b325fd/header.jpg,"25.180040, 55.267569",EN,N/A,https://cdn.opr.ae/brochures/gemini-symphony.pdf,N/A,N/A,N/A,N/A,N/A,Waterfront Living,Completed,N/A,N/A,Error,Error
N/A,https://opr.ae/projects/park-one-swiss-property-apartments-for-sale-jvt-jumeirah-village-triangle-dubai,Swiss Property Park One,Swiss Property,Jumeirah Village Triangle (JVT),Apartments,840000,https://i.1.creatium.io/dc/73/ba/1c83532575cbc22ecd9c99d0dee62f329e/1.jpg,"25.033780, 55.173261",EN,N/A,https://cdn.opr.ae/brochures/swiss-park-one.pdf,N/A,N/A,N/A,N/A,N/A,N/A,Completed,N/A,N/A,Error,Error
N/A,https://opr.ae/projects/the-habitat-jvc-townhouses-for-sale-in-jumeirah-village-circle-dubai,The Habitat JVC Townhouses,Radiant Star,Jumeirah Village Circle (JVC),Townhouses,2500000,https://i.1.creatium.io/c9/b1/56/363135f73d4883e452cafd7ab539bd2864/habitat_5.jpg,"25.064703, 55.203059",EN,N/A,https://cdn.opr.ae/brochures/the-habitat.pdf,N/A,N/A,N/A,N/A,N/A,N/A,Completed,N/A,N/A,Error,Error
N/A,https://opr.ae/projects/reportage-properties-alexis-tower-dubai-downtown-jebel-ali,Reportage Alexis Tower,Reportage Properties,Downtown Jebel Ali,Apartments,419154,https://static.tildacdn.com/tild6535-6439-4363-b339-646663633533/2-1.jpg,"24.976282, 55.090938",EN,N/A,https://cdn.opr.ae/brochures/alexis-tower.pdf,N/A,N/A,N/A,N/A,N/A,Dubai Luxury Living,Completed,N/A,N/A,Error,Error
N/A,https://opr.ae/projects/district-one-buildings-for-sale-in-dubai,Sobha District One Buildings,Sobha,MBR City,Buildings,47000000,https://i.1.creatium.io/e8/ab/84/3b6c1b28f9ab24e0f370b2cbec680af014/District%20One%20Apartments%20Dubai%202.jpg,"25.166509, 55.276740",EN,N/A,N/A,N/A,N/A,N/A,N/A,N/A,"Green Nature Living, Waterfront Living, Beachfront Living",Completed,N/A,N/A,Error,Error
N/A,https://opr.ae/projects/flamingo-residence-meydan-for-sale-in-dubai,Flamingo Residence,Eminent,MBR City,Buildings,47000000,https://437e81e1-5ed1-4d53-bed7-e6f8d97dcc9b.selcdn.net/5d/7a/ac/43d9f65faa1bc9a1fc11810f1f47b0423d/1161x832q8/header.jpg,"25.061805, 55.199867",EN,N/A,N/A,N/A,N/A,N/A,N/A,N/A,N/A,Completed,N/A,N/A,Error,Error
N/A,https://opr.ae/projects/al-haseen-residences-for-sale-in-dubai-industrial-park-by-city-properties,Al Haseen Residences,City Properties,Dubai Industrial Park,Apartments,546000,https://i.1.creatium.io/d1/23/48/6164558bf24b012dc9bbb1e6dfc6c664f9/header.jpg,"24.877029, 55.049553",EN,N/A,https://cdn.opr.ae/brochures/al-haseen-residences.pdf,N/A,N/A,N/A,N/A,N/A,Green Nature Living,Completed,N/A,N/A,Error,Error
N/A,https://opr.ae/projects/green-valley-tower-jvc-district-13-apartments-for-sale-in-dubai,Green Valley Tower JVC,Green Valley Group Real Estate,Jumeirah Village Circle (JVC),Apartments,Ask for Price,https://i.1.creatium.io/78/3a/a1/ef54acaac50e559d834ce33256fcd4a016/header.jpg,"25.047344, 55.209945",EN,N/A,https://cdn.opr.ae/brochures/green-valley-tower.pdf,N/A,N/A,N/A,N/A,N/A,N/A,N/A,N/A,N/A,Error,Error
N/A,https://opr.ae/projects/micasa-avenue-al-furjan-dubai-apartments-for-sale,Micasa Avenue,Diamond Real Estate Developer,Al Furjan,Apartments,470000,https://i.1.creatium.io/0b/e2/f2/5c65498fbcf49cdee5bb882140cb3e61b1/header.jpg,"25.022740, 55.156803",EN,N/A,https://cdn.opr.ae/brochures/micasa-avenue.pdf,N/A,N/A,N/A,N/A,N/A,N/A,Completed,N/A,N/A,Error,Error
N/A,https://opr.ae/projects/oxford-residence-2-jvc-jumeirah-village-circle-for-sale-in-dubai,Oxford Residence 2,Iman Developers,Jumeirah Village Circle (JVC),Apartments,450000,https://i.1.creatium.io/cf/f9/a1/77928840c1901f511b0dbcf357f8c0d60f/header.jpg,"25.066981, 55.207956",EN,N/A,https://cdn.opr.ae/brochures/oxford.pdf,N/A,N/A,N/A,N/A,N/A,Green Nature Living,Completed,N/A,N/A,Error,Error
N/A,https://opr.ae/projects/mag-eye-apartments-dubai-mbr-city,MAG City 710 Apartments,MAG,MBR City,Apartments,530000,https://i.1.creatium.io/plp/u6.plpstatic.ru/e6c16d2f1b9d0ebdca33f222ceabeb18/395f1c450b5c6e6684047a2e9645bc77.jpg,"25.146822, 55.284170",EN,N/A,N/A,N/A,N/A,N/A,N/A,N/A,N/A,Q4 2022,N/A,N/A,Error,Error
N/A,https://opr.ae/projects/muriya-the-beachfront-jebel-sifah-oman,Muriya The Beachfront Jebel Sifah Oman,Muriya,Muscat (The Sultanate of Oman),"Apartments, Townhouses, Villas",870000,https://cdn.opr.ae/icons/11967d5e9addc5416ea9224eee0e91fc.jpg,N/A,EN,N/A,https://cdn.opr.ae/brochures/the-beachfront-jebel-sifah.pdf,90/10 Payment Plan,N/A,N/A,N/A,N/A,N/A,N/A,90/10 Payment Plan,N/A,Error,https://opr.ae/ar/projects/muriya-the-beachfront-jebel-sifah-oman
https://youtu.be/mcGjOUXXnfc,https://opr.ae/projects/muriya-amazi-hawana-salalah-oman-for-sale,Muriya Amazi Hawana Salalah Oman,Muriya,Salalah (The Sultanate of Oman),Villas,752016,https://cdn.opr.ae/icons/8f8810292fad02a5ef3dedff550acea7.jpg,N/A,EN,N/A,https://cdn.opr.ae/brochures/amazi.pdf,10/90 Payment Plan,N/A,N/A,N/A,N/A,N/A,N/A,10/90 Payment Plan,N/A,Error,https://opr.ae/ar/projects/muriya-amazi-hawana-salalah-oman-for-sale
https://youtu.be/IudnzLogS6k,https://opr.ae/projects/eagle-hills-the-residences-at-mandarin-oriental-for-sale-in-muscat-oman,The Residences Mandarin Oriental Oman,Eagle Hills,Muscat (The Sultanate of Oman),"Apartments, Penthouses",N/A,https://i.1.creatium.io/6b/2a/0c/ab6d9e31e2096455fde7af2538339d047a/header.jpg,N/A,EN,N/A,https://cdn.opr.ae/brochures/mandarin-oriental-muscat-north.pdf,30/70 Payment Plan,N/A,N/A,N/A,N/A,N/A,Q2 2023,30/70 Payment Plan,N/A,Error,https://opr.ae/ar/projects/eagle-hills-the-residences-at-mandarin-oriental-for-sale-in-muscat-oman
https://youtu.be/K2fBUM_N7yo,https://opr.ae/projects/darglobal-aida-villas-in-muscat-oman-for-sale,DarGlobal AIDA Villas Oman,DarGlobal,Muscat (The Sultanate of Oman),Villas,N/A,https://i.1.creatium.io/3f/71/82/7a9983c1f5c5b22cc2efdd36f0800d8592/header.jpg,N/A,EN,N/A,https://cdn.opr.ae/brochures/aida.pdf,N/A,N/A,N/A,N/A,N/A,N/A,N/A,N/A,N/A,Error,Error
https://youtu.be/94ji1q34dhU,https://opr.ae/projects/arada-masaar-sarai-mansions-for-sale-in-sharjah,Arada Masaar Sarai Mansions,Arada,Masaar (Sharjah Emirate),Mansions,20632000,https://i.1.creatium.io/9a/0d/52/fa14c1456b8b4f93aa7ec5867373c063e7/header.jpg,N/A,EN,N/A,https://cdn.opr.ae/brochures/arada-sarai.pdf,40/60 Payment Plan,N/A,N/A,N/A,N/A,N/A,Q4 2025,40/60 Payment Plan,N/A,Error,https://opr.ae/ar/projects/arada-masaar-sarai-mansions-for-sale-in-sharjah
https://youtu.be/wqufJeVbGrQ,https://opr.ae/projects/sharjah-sustainable-city-villas-for-sale-in-united-arab-emirates,Sharjah Sustainable City Villas,Diamond Developers,Sustainable City (Sharjah Emirate),Villas,1900000,https://i.1.creatium.io/0c/4e/25/5937e71ee6acbbe0161dbfc968cf47fe0a/header.jpg,"25.493772, 55.535377",EN,https://my.matterport.com/show/?m=3EbhtdjB2hx&play=1&brand=0&help=0&mls=0&qs=0&title=0&hl=0,https://cdn.opr.ae/brochures/sharjah-sustainable-city.pdf,20/80 Payment Plan,5 Years Zero Service Charge,N/A,N/A,N/A,N/A,Q3 2023,20/80 Payment Plan,N/A,Error,https://opr.ae/ar/projects/sharjah-sustainable-city-villas-for-sale-in-united-arab-emirates
https://youtu.be/-mYdGf7I8EM,https://opr.ae/projects/sharjah-garden-city-villas-by-shomous-properties-for-sale,Sharjah Garden City Villas,Shoumous Properties,Garden City (Sharjah Emirate),Villas,1999000,https://i.1.creatium.io/b7/98/05/3f6e2b0a9d607f805f3f0df3f4ad46edeb/1161x832q5/header.jpg,"25.356761, 55.551979",EN,N/A,https://cdn.opr.ae/brochures/sharjah-garden-city-villas.pdf,40/60 5 Years Post-Handover,N/A,N/A,N/A,N/A,N/A,Q4 2024,40/60 5 Years Post-Handover,N/A,Error,https://opr.ae/ar/projects/sharjah-garden-city-villas-by-shomous-properties-for-sale
N/A,https://opr.ae/projects/arada-masaar-robinia-villas-and-townhouses-in-sharjah-for-sale-uae,Arada Robinia Masaar Villas & Townhouses,Arada,Masaar (Sharjah Emirate),"Villas, Townhouses",1374000,https://i.1.creatium.io/a1/1c/37/812eb96e7d9c60a7dbc16c881a6c936966/header.jpg,"25.198544, 55.635440",EN,N/A,https://cdn.opr.ae/brochures/robinia.pdf,N/A,N/A,N/A,N/A,N/A,N/A,Q2 2024,N/A,N/A,Error,https://opr.ae/ar/projects/arada-masaar-robinia-villas-and-townhouses-in-sharjah-for-sale-uae
https://youtu.be/bVMAsL-NnXg,https://opr.ae/projects/arada-masaar-kaya-villas-and-townhouses-for-sale-in-sharjah,Arada Kaya Masaar Villas & Townhouses,Arada,Masaar (Sharjah Emirate),"Villas, Townhouses",1299000,https://i.1.creatium.io/79/2f/b0/0e4e79f9fc00ec168531b25c7f6ac5aefd/1161x832q5/header.jpg,"25.259054, 55.596729",EN,N/A,https://cdn.opr.ae/brochures/kaya.pdf,N/A,N/A,N/A,N/A,N/A,N/A,Q4 2023,N/A,N/A,Error,https://opr.ae/ar/projects/arada-masaar-kaya-villas-and-townhouses-for-sale-in-sharjah
https://youtu.be/vNbfL2YS3jg,https://opr.ae/projects/arada-masaar-sendian-for-sale-in-sharjah,Arada Masaar Sendian Villas,Arada,Masaar (Sharjah Emirate),Villas,1197000,https://i.1.creatium.io/a6/a0/8a/c3ac43a1d7a243093a999cdf5d02e57859/2.jpg,"25.259152, 55.597003",EN,N/A,https://cdn.opr.ae/brochures/masaar.pdf,N/A,N/A,N/A,N/A,N/A,N/A,Q4 2022,N/A,N/A,Error,https://opr.ae/ar/projects/arada-masaar-sendian-for-sale-in-sharjah
https://youtu.be/vNbfL2YS3jg,https://opr.ae/projects/arada-vida-residences-aljada-sharjah-for-sale-in-uae,Arada VIDA Residences Aljada,Arada,Aljada (Sharjah Emirate),Apartments,667000,https://i.1.creatium.io/fc/be/dd/ce5479b6082aa39e8f33a1e73b5b8d8bb2/arada_vida_residences_aljada_2.jpg,"25.259054, 55.596729",EN,N/A,https://cdn.opr.ae/brochures/vida-aljada.pdf,N/A,N/A,N/A,N/A,N/A,N/A,Q4 2022,N/A,N/A,Error,https://opr.ae/ar/projects/arada-vida-residences-aljada-sharjah-for-sale-in-uae
N/A,https://opr.ae/projects/arada-sokoon-aljada-apartments-in-aljada-naseej-district-sharjah-uae,Arada Sokoon Aljada Apartments,Arada,Aljada (Sharjah Emirate),Apartments,548000,https://i.1.creatium.io/88/2c/67/3a12cbfc740b0f6de32d8062d24287edc6/1161x832q5/header.jpg,"25.318404, 55.474275",EN,N/A,https://cdn.opr.ae/brochures/sokoon.pdf,N/A,N/A,N/A,N/A,N/A,N/A,Q2 2023,N/A,N/A,Error,https://opr.ae/ar/projects/arada-sokoon-aljada-apartments-in-aljada-naseej-district-sharjah-uae
N/A,https://opr.ae/projects/arada-tiraz-apartments-for-sale-in-aljada-naseej-district-sharjah-uae,Arada Tiraz Aljada Apartments,Arada,Aljada (Sharjah Emirate),Apartments,299000,https://www.aljada.com/-/media/images/aljada/residencies/tiraz/dusk-high.jpg,"25.311636, 55.469093",EN,N/A,https://cdn.opr.ae/brochures/tiraz.pdf,N/A,N/A,N/A,N/A,N/A,N/A,Q4 2022,N/A,N/A,Error,https://opr.ae/ar/projects/arada-tiraz-apartments-for-sale-in-aljada-naseej-district-sharjah-uae
N/A,https://opr.ae/projects/arada-aljada-rehan-apartments-for-sale-in-sharjah-uae,Arada Rehan Aljada Apartments,Arada,Aljada (Sharjah Emirate),Apartments,299000,https://i.1.creatium.io/cd/24/0d/b903d2ca2de2f36a13ef6cc38c9fe5b30b/header.jpg,"25.316354, 55.472250",EN,N/A,https://cdn.opr.ae/brochures/rehan.pdf,N/A,N/A,N/A,N/A,N/A,N/A,Completed,N/A,N/A,Error,https://opr.ae/ar/projects/arada-aljada-rehan-apartments-for-sale-in-sharjah-uae
N/A,https://opr.ae/projects/arada-aljada-areej-apartments-for-sale-in-sharjah-uae,Arada Areej Aljada Apartments,Arada,Aljada (Sharjah Emirate),Apartments,427000,https://i.1.creatium.io/24/a7/84/c2b1f2ec336ef8c17529d84d1e85c3f680/header.jpg,"25.318518, 55.479648",EN,N/A,https://cdn.opr.ae/brochures/areej.pdf,N/A,N/A,N/A,N/A,N/A,N/A,Completed,N/A,N/A,Error,https://opr.ae/ar/projects/arada-aljada-areej-apartments-for-sale-in-sharjah-uae
N/A,https://opr.ae/projects/arada-aljada-nasaq-apartments-for-sale-in-sharjah-uae,Arada Nasaq Aljada Apartments,Arada,Aljada (Sharjah Emirate),Apartments,799000,https://i.1.creatium.io/6f/21/c3/006c81e8f23f2eef70883e0b5ab81e9222/1161x832q5/header.jpg,"25.319470, 55.481896",EN,N/A,https://cdn.opr.ae/brochures/nasaq.pdf,N/A,N/A,N/A,N/A,N/A,N/A,Q2 2024,N/A,N/A,Error,https://opr.ae/ar/projects/arada-aljada-nasaq-apartments-for-sale-in-sharjah-uae
N/A,https://opr.ae/projects/arada-aljada-the-boulevard-apartments-for-sale-in-sharjah-uae,Arada The Boulevard Aljada Apartments,Arada,Aljada (Sharjah Emirate),Apartments,547000,https://i.1.creatium.io/9e/d7/f1/5570e01b11c2d112114fa5d93d0c1560ca/1161x832q5/header.jpg,"25.318404, 55.474275",EN,N/A,https://cdn.opr.ae/brochures/the-boulevard.pdf,N/A,N/A,N/A,N/A,N/A,N/A,Q4 2022,N/A,N/A,Error,https://opr.ae/ar/projects/arada-aljada-the-boulevard-apartments-for-sale-in-sharjah-uae
N/A,https://opr.ae/projects/arada-aljada-the-gate-apartments-for-sale-in-sharjah-uae,Arada The Gate Aljada Apartments,Arada,Aljada (Sharjah Emirate),Apartments,611000,https://i.1.creatium.io/63/72/ce/ceb403534010672b1db8dcd14a2a6de647/1161x832q5/header.jpg,"25.315733, 55.474520",EN,N/A,https://cdn.opr.ae/brochures/the-gate.pdf,N/A,N/A,N/A,N/A,N/A,N/A,Q2 2023,N/A,N/A,Error,https://opr.ae/ar/projects/arada-aljada-the-gate-apartments-for-sale-in-sharjah-uae
N/A,https://opr.ae/projects/arada-aljada-misk-apartments-for-sale-in-sharjah-uae,Arada Misk Aljada Apartments,Arada,Aljada (Sharjah Emirate),Apartments,775000,https://i.1.creatium.io/9a/3e/47/a4dfb32d460ab746aee02351236a8109f7/1.jpg,"25.318404, 55.474275",EN,N/A,https://cdn.opr.ae/brochures/misk.pdf,N/A,N/A,N/A,N/A,N/A,N/A,Completed,N/A,N/A,Error,https://opr.ae/ar/projects/arada-aljada-misk-apartments-for-sale-in-sharjah-uae
N/A,https://opr.ae/projects/arada-nest-aljada-apartments-in-sharjah-for-sale,Arada Nest Aljada Apartments,Arada,Aljada (Sharjah Emirate),Apartments,348000,https://i.1.creatium.io/71/06/d2/dc6dd83f8f6dfb6b1fe68fcaea8cb41f44/1161x832q5/header.jpg,"25.320055, 55.480917",EN,N/A,https://cdn.opr.ae/brochures/nest.pdf,N/A,N/A,N/A,N/A,N/A,N/A,Completed,N/A,N/A,Error,https://opr.ae/ar/projects/arada-nest-aljada-apartments-in-sharjah-for-sale
N/A,https://opr.ae/projects/arada-east-village-aljada-apartments-for-sale-in-sharjah-uae,Arada East Village Aljada Apartments,Arada,Aljada (Sharjah Emirate),Apartments,331000,https://i.1.creatium.io/10/a1/13/fbee01a1ea36e3059b82a1d3e72579d2a9/1161x832q5/header.jpg,"25.318404, 55.474275",EN,N/A,https://cdn.opr.ae/brochures/east-village.pdf,N/A,N/A,N/A,N/A,N/A,N/A,Q4 2022,N/A,N/A,Error,https://opr.ae/ar/projects/arada-east-village-aljada-apartments-for-sale-in-sharjah-uae
N/A,https://opr.ae/projects/arada-aljada-sarab-townhouses-and-villas-in-sharjah-uae-for-sale,Arada Sarab Aljada Townhouses & Villas,Arada,Aljada (Sharjah Emirate),"Villas, Townhouses",1199000,https://i.1.creatium.io/3e/27/55/e736158d8c60904de0d844a2a264106f43/header.jpg,"25.318782, 55.476694",EN,N/A,https://cdn.opr.ae/brochures/sarab.pdf,N/A,N/A,N/A,N/A,N/A,N/A,Q4 2022,N/A,N/A,Error,https://opr.ae/ar/projects/arada-aljada-sarab-townhouses-and-villas-in-sharjah-uae-for-sale
N/A,https://opr.ae/projects/arada-first-avenue-residences-aljada-townhouses-and-villas-for-sale-in-sharjah,Arada First Avenue Residences Aljada,Arada,Aljada (Sharjah Emirate),"Villas, Townhouses",1045000,https://i.1.creatium.io/8c/8a/34/20be46ad79dd524e77c127f76103d3c4a3/header.jpg,"25.313186, 55.472258",EN,N/A,https://cdn.opr.ae/brochures/first-avenue-aljada.pdf,N/A,N/A,N/A,N/A,N/A,N/A,Completed,N/A,N/A,Error,https://opr.ae/ar/projects/arada-first-avenue-residences-aljada-townhouses-and-villas-for-sale-in-sharjah
N/A,https://opr.ae/projects/arim-hayyan-villas-in-sharjah-for-sale-by-alef-group,Alef Arim Hayyan Townhouses & Villas,Alef Group,Hayyan (Sharjah Emirate),"Villas, Townhouses",1399000,https://i.1.creatium.io/05/3a/a2/0daf66cb352f893f3c17833801b248e6bb/header.jpg,"25.318404, 55.474275",EN,N/A,https://cdn.opr.ae/brochures/arim.pdf,N/A,N/A,N/A,N/A,N/A,N/A,Q2 2025,N/A,N/A,Error,https://opr.ae/ar/projects/arim-hayyan-villas-in-sharjah-for-sale-by-alef-group
N/A,https://opr.ae/projects/sawa-apartments-in-al-mamsha-sharjah-by-alef,Alef Sawa Al Mamsha Apartments,Alef Group,Al Mamsha (Sharjah Emirate),Apartments,590000,https://i.1.creatium.io/d9/5e/5a/ead4766dcac0a43b16f29c2ffed66dd266/header.jpg,"25.281374, 55.585328",EN,N/A,https://cdn.opr.ae/brochures/sawa.pdf,N/A,N/A,N/A,N/A,N/A,N/A,Completed,N/A,N/A,Error,https://opr.ae/ar/projects/sawa-apartments-in-al-mamsha-sharjah-by-alef
N/A,https://opr.ae/projects/alef-al-mamsha-raseel-darb-apartments-for-sale-in-sharjah,Alef Darb Al Mamsha Apartments,Alef Group,Al Mamsha (Sharjah Emirate),Apartments,639000,https://i.1.creatium.io/6b/c6/8a/157c9da62ee93917f5c6878a35f8aec2a4/header.jpg,"25.307397, 55.467901",EN,N/A,https://cdn.opr.ae/brochures/darb.pdf,N/A,N/A,N/A,N/A,N/A,N/A,Q4 2025,N/A,N/A,Error,https://opr.ae/ar/projects/alef-al-mamsha-raseel-darb-apartments-for-sale-in-sharjah
N/A,https://opr.ae/projects/alef-al-mamsha-souks-apartments-for-sale-in-sharjah,Alef Souks Al Mamsha Apartments,Alef Group,Al Mamsha (Sharjah Emirate),Apartments,395000,https://i.1.creatium.io/84/80/e9/093c6d4827ff66cb224bfc9833a934f881/1161x832q5/header.jpg,"25.307397, 55.467901",EN,N/A,https://cdn.opr.ae/brochures/al-mamsha-souks.pdf,N/A,N/A,N/A,N/A,N/A,N/A,Completed,N/A,N/A,Error,Error
N/A,https://opr.ae/projects/suroor-apartments-al-mamsha-sharjah-for-sale-by-alef-group,Alef Suroor Al Mamsha Apartments,Alef Group,Al Mamsha (Sharjah Emirate),Apartments,515000,https://i.1.creatium.io/c2/fd/e2/0532209cc81a3485877851e0bcde1ed84c/header.jpg,"25.307397, 55.467901",EN,N/A,https://cdn.opr.ae/brochures/suroor.pdf,N/A,N/A,N/A,N/A,N/A,N/A,Completed,N/A,N/A,Error,Error
N/A,https://opr.ae/projects/al-zahia-al-narjis-townhouses-for-sale-in-sharjah-united-arab-emirates,Al Zahia Al Narjis Townhouses,Sharjah Holding,Al Zahia (Sharjah Emirate),Townhouses,2380000,https://i.1.creatium.io/e3/1a/27/b31bd04a013027f3f3a40138fb5e61c859/1161x832q5/header.jpg,"25.307397, 55.467901",EN,N/A,https://cdn.opr.ae/brochures/al-zahia-al-narjis.pdf,N/A,N/A,N/A,N/A,N/A,N/A,Completed,N/A,N/A,Error,https://opr.ae/ar/projects/al-zahia-al-narjis-townhouses-for-sale-in-sharjah-united-arab-emirates
N/A,https://opr.ae/projects/al-zahia-al-yasmeen-townhouses-and-villas-for-sale-in-sharjah-uae,Al Zahia Al Yasmeen Townhouses & Villas,Sharjah Holding,Al Zahia (Sharjah Emirate),"Villas, Townhouses",1585000,https://i.1.creatium.io/8a/88/4b/173157fe8f190aef6037f729207c9c1adf/1161x832q5/header.jpg,"25.311191, 55.453072",EN,N/A,https://cdn.opr.ae/brochures/al-zahia-al-yasmeen.pdf,N/A,N/A,N/A,N/A,N/A,N/A,Q3 2023,N/A,N/A,Error,https://opr.ae/ar/projects/al-zahia-al-yasmeen-townhouses-and-villas-for-sale-in-sharjah-uae
N/A,https://opr.ae/projects/al-zahia-al-lilac-townhouses-and-villas-for-sale-by-sharjah-holding,Al Zahia Al Lilac Townhouses & Villas,Sharjah Holding,Al Zahia (Sharjah Emirate),"Villas, Townhouses",1499000,https://i.1.creatium.io/41/a8/cd/dfb073dc0f498fe22adf36b10a79da94fa/header.jpg,"25.075268, 55.140041",EN,N/A,https://cdn.opr.ae/brochures/al-zahia-al-lilac.pdf,N/A,N/A,N/A,N/A,N/A,N/A,Completed,N/A,N/A,Error,https://opr.ae/ar/projects/al-zahia-al-lilac-townhouses-and-villas-for-sale-by-sharjah-holding
N/A,https://opr.ae/projects/al-zahia-acacia-villas-for-sale-by-sharjah-holding-in-uae,Al Zahia Acacia Villas,Sharjah Holding,Al Zahia (Sharjah Emirate),Villas,7600000,https://i.1.creatium.io/69/2c/ff/f0af34f442ea22b0f677db42bd143b2151/header.jpg,"25.317757, 55.452074",EN,N/A,https://cdn.opr.ae/brochures/al-zahia-acacia.pdf,N/A,N/A,N/A,N/A,N/A,N/A,Completed,N/A,N/A,Error,https://opr.ae/ar/projects/al-zahia-acacia-villas-for-sale-by-sharjah-holding-in-uae
N/A,https://opr.ae/projects/al-zahia-mansion-avenue-villas-for-sale-in-sharjah,Al Zahia Mansion Avenue Villas,Sharjah Holding,Al Zahia (Sharjah Emirate),Villas,Ask for Price,https://i.1.creatium.io/d2/13/38/5d7967e43c3221bfc1f8c19c63f5d554c2/header.jpg,"25.323074, 55.468640",EN,N/A,https://cdn.opr.ae/brochures/al-zahia-mansion-avenue.pdf,N/A,N/A,N/A,N/A,N/A,N/A,Completed,N/A,N/A,Error,https://opr.ae/ar/projects/al-zahia-mansion-avenue-villas-for-sale-in-sharjah
N/A,https://opr.ae/projects/al-zahia-orchid-villas-plots-for-sale-in-sharjah-uae,Al Zahia Orchid Villas Land Plots,Sharjah Holding,Al Zahia (Sharjah Emirate),Land Plots,800000,https://i.1.creatium.io/c6/42/48/8fca1b0dd8cb69b88e9509b8fbe33d9363/1161x832q5/header.jpg,"25.340557, 55.482599",EN,N/A,https://cdn.opr.ae/brochures/al-zahia-orchid.pdf,N/A,N/A,N/A,N/A,N/A,N/A,Q4 2022,N/A,N/A,Error,https://opr.ae/ar/projects/al-zahia-orchid-villas-plots-for-sale-in-sharjah-uae
N/A,https://opr.ae/projects/al-zahia-garden-apartments-for-sale-by-sharjah-holding,Al Zahia Garden Apartments,Sharjah Holding,Al Zahia (Sharjah Emirate),Apartments,Ask for Price,https://i.1.creatium.io/52/34/17/02c4dda75c4e79b812594b700a7964b970/al_zahia_garden_apartments_2.jpg,"25.322184, 55.331143",EN,N/A,https://cdn.opr.ae/brochures/al-zahia-garden-apartments.pdf,N/A,N/A,N/A,N/A,N/A,N/A,Completed,N/A,N/A,Error,https://opr.ae/ar/projects/al-zahia-garden-apartments-for-sale-by-sharjah-holding
N/A,https://opr.ae/projects/al-zahia-uptown-woroud-apartments-for-sale-in-sharjah,Uptown Al Zahia Woroud Apartments,Sharjah Holding,Al Zahia (Sharjah Emirate),"Apartments, Penthouses",420000,https://i.1.creatium.io/0e/82/96/f343e70148c818bb2c473be46901b733e9/header.jpg,"25.311829, 55.461782",EN,N/A,https://cdn.opr.ae/brochures/al-zahia-woroud.pdf,N/A,N/A,N/A,N/A,N/A,N/A,Q2 2023,N/A,N/A,Error,https://opr.ae/ar/projects/al-zahia-uptown-woroud-apartments-for-sale-in-sharjah
N/A,https://opr.ae/projects/zohour-apartments-al-zahia-uptown-in-sharjah-for-sale,Uptown Al Zahia Zohour Apartments,Sharjah Holding,Al Zahia (Sharjah Emirate),Apartments,670000,https://i.1.creatium.io/8d/1b/7c/e1df0bf9cef8798e4302e9bb67693149bf/header.jpg,"25.346255 ,55.420931",EN,N/A,https://cdn.opr.ae/brochures/al-zahia-zohour.pdf,N/A,N/A,N/A,N/A,N/A,N/A,Completed,N/A,N/A,Error,https://opr.ae/ar/projects/zohour-apartments-al-zahia-uptown-in-sharjah-for-sale
N/A,https://opr.ae/projects/bluebay-walk-apartments-for-sale-in-sharjah-by-ajmal-makan,Ajmal Makan BlueBay Walk Apartments,Ajmal Makan,Waterfront City (Sharjah Emirate),Apartments,305000,https://i.1.creatium.io/be/18/1a/77253766e92f8cb2fe4a17b5ed917bb0b6/header.jpg,"25.066981, 55.207956",EN,N/A,https://cdn.opr.ae/brochures/bluebay-walk.pdf,N/A,N/A,N/A,N/A,N/A,N/A,Q4 2022,N/A,N/A,Error,Error
N/A,https://opr.ae/projects/ajmal-makan-sun-island-villas-for-sale-in-sharjah-waterfront-city,Ajmal Makan Sun Island Villas,Ajmal Makan,Waterfront City (Sharjah Emirate),Villas,2700000,https://i.1.creatium.io/33/79/c7/599130389068b484ce47e87b1f55c155a6/header.jpg,"25.494198, 55.537994",EN,N/A,https://cdn.opr.ae/brochures/sun-island-villas.pdf,N/A,N/A,N/A,N/A,N/A,N/A,Completed,N/A,N/A,Error,Error
N/A,https://opr.ae/projects/eagle-hills-sama-residences-on-maryam-island-sharjah-uae-for-sale,Eagle Hills Sama Residences,Eagle Hills,Maryam Island (Sharjah Emirate),"Apartments, Townhouses",584000,https://i.1.creatium.io/96/89/1c/28531baf7a1aad4e6e75735019d47467f7/header.jpg,"25.346255 ,55.420931",EN,N/A,https://cdn.opr.ae/brochures/sama.pdf,N/A,N/A,N/A,N/A,N/A,N/A,Q2 2023,N/A,N/A,Error,https://opr.ae/ar/projects/eagle-hills-sama-residences-on-maryam-island-sharjah-uae-for-sale
N/A,https://opr.ae/projects/eagle-hills-shams-residences-on-maryam-island-sharjah-uae-for-sale,Eagle Hills Shams Residences,Eagle Hills,Maryam Island (Sharjah Emirate),Apartments,463888,https://i.1.creatium.io/bb/1c/12/7a15cbdab71e41448bf24df2564aabb5a3/header.jpg,"25.323368, 55.362676",EN,N/A,https://cdn.opr.ae/brochures/shams.pdf,N/A,N/A,N/A,N/A,N/A,N/A,Q2 2023,N/A,N/A,Error,https://opr.ae/ar/projects/eagle-hills-shams-residences-on-maryam-island-sharjah-uae-for-sale
N/A,https://opr.ae/projects/eagle-hills-rimal-residences-on-maryam-island-sharjah-uae-for-sale,Eagle Hills Rimal Residences,Eagle Hills,Maryam Island (Sharjah Emirate),Apartments,320000,https://i.1.creatium.io/f7/90/17/8ea1e5902f586564d1c1319a92611197f2/header.jpg,"25.317792, 55.358538",EN,N/A,https://cdn.opr.ae/brochures/rimal.pdf,N/A,N/A,N/A,N/A,N/A,N/A,Q2 2023,N/A,N/A,Error,https://opr.ae/ar/projects/eagle-hills-rimal-residences-on-maryam-island-sharjah-uae-for-sale
N/A,https://opr.ae/projects/eagle-hills-azure-beach-residence-on-maryam-island-sharjah-uae-for-sale,Eagle Hills Azure Beach Residence,Eagle Hills,Maryam Island (Sharjah Emirate),Apartments,484888,https://i.1.creatium.io/61/22/cb/a94d74791ffaa3d8845d3ad602c6c980a9/header.jpg,"25.323376, 55.359742",EN,N/A,https://cdn.opr.ae/brochures/maryam-island-azure.pdf,N/A,N/A,N/A,N/A,N/A,N/A,Completed,N/A,N/A,Error,https://opr.ae/ar/projects/eagle-hills-azure-beach-residence-on-maryam-island-sharjah-uae-for-sale
N/A,https://opr.ae/projects/eagle-hills-cyan-beach-residence-on-maryam-island-sharjah-uae-for-sale,Eagle Hills Cyan Beach Residence,Eagle Hills,Maryam Island (Sharjah Emirate),Apartments,401888,https://i.1.creatium.io/d7/10/2b/66fbae33d3e1f1edee6065493a495f5d07/header.jpg,"25.323359, 55.361718",EN,N/A,https://cdn.opr.ae/brochures/cyan-maryam-island.pdf,N/A,N/A,N/A,N/A,N/A,N/A,Completed,N/A,N/A,Error,https://opr.ae/ar/projects/eagle-hills-cyan-beach-residence-on-maryam-island-sharjah-uae-for-sale
N/A,https://opr.ae/projects/eagle-hills-sapphire-beach-residence-on-maryam-island-sharjah-uae-for-sale,Eagle Hills Sapphire Beach Residence,Eagle Hills,Maryam Island (Sharjah Emirate),Apartments,423888,https://i.1.creatium.io/2a/ae/69/19d8266afa0c06521fbbd266547a4762b5/header.jpg,"25.323650, 55.362540",EN,N/A,https://cdn.opr.ae/brochures/maryam-island-sapphire.pdf,N/A,N/A,N/A,N/A,N/A,N/A,Completed,N/A,N/A,Error,https://opr.ae/ar/projects/eagle-hills-sapphire-beach-residence-on-maryam-island-sharjah-uae-for-sale
N/A,https://opr.ae/projects/eagle-hills-indigo-beach-residence-on-maryam-island-sharjah-uae-for-sale,Eagle Hills Indigo Beach Residence,Eagle Hills,Maryam Island (Sharjah Emirate),Apartments,412888,https://i.1.creatium.io/78/ac/ff/5868be33b843616755ef0e4bad79bfefcd/1161x832q5/header.jpg,"25.323380, 55.361260",EN,N/A,https://cdn.opr.ae/brochures/maryam-island-indigo.pdf,N/A,N/A,N/A,N/A,N/A,N/A,Completed,N/A,N/A,Error,https://opr.ae/ar/projects/eagle-hills-indigo-beach-residence-on-maryam-island-sharjah-uae-for-sale
N/A,https://opr.ae/projects/eagle-hills-noor-residences-on-maryam-island-sharjah-uae-for-sale,Eagle Hills Noor Residences,Eagle Hills,Maryam Island (Sharjah Emirate),Apartments,912888,https://i.1.creatium.io/08/eb/e5/7f85530e647345317d00ca092bb55eff96/1161x832q5/header.jpg,"25.323510, 55.360300",EN,N/A,https://cdn.opr.ae/brochures/maryam-island-noor-residences.pdf,N/A,N/A,N/A,N/A,N/A,N/A,Q4 2022,N/A,N/A,Error,https://opr.ae/ar/projects/eagle-hills-noor-residences-on-maryam-island-sharjah-uae-for-sale
N/A,https://opr.ae/projects/eagle-hills-nada-residences-on-maryam-island-sharjah-uae-for-sale,Eagle Hills Nada Residences,Eagle Hills,Maryam Island (Sharjah Emirate),Apartments,445888,https://i.1.creatium.io/8b/a6/01/7125db342f8d6a367384927e4f2e7c521e/header.jpg,"25.323361, 55.359320",EN,N/A,https://cdn.opr.ae/brochures/maryam-island-nada-residences.pdf,N/A,N/A,N/A,N/A,N/A,N/A,Q1 2023,N/A,N/A,Error,https://opr.ae/ar/projects/eagle-hills-nada-residences-on-maryam-island-sharjah-uae-for-sale
N/A,https://opr.ae/projects/eagle-hills-naseem-residences-on-maryam-island-sharjah-uae-for-sale,Eagle Hills Naseem Residences,Eagle Hills,Maryam Island (Sharjah Emirate),Apartments,728888,https://i.1.creatium.io/ab/14/66/5e18095efba77aa3d85ba5c1fd2baaa0c7/1161x832q5/header.jpg,"25.323373, 55.360487",EN,N/A,https://cdn.opr.ae/brochures/maryam-island-naseem-residences.pdf,N/A,N/A,N/A,N/A,N/A,N/A,Q2 2023,N/A,N/A,Error,https://opr.ae/ar/projects/eagle-hills-naseem-residences-on-maryam-island-sharjah-uae-for-sale
N/A,https://opr.ae/projects/oceano-al-marjan-island-in-ras-al-khaimah-uae-for-sale,Oceano Al Marjan Island,The Luxe Developers,Al Marjan Island (Ras Al Khaimah Emirate),"Apartments, Penthouses, Sky Villas",1900000,https://i.1.creatium.io/73/53/9b/4d5f23d83838820de10396a75140c052fc/2.jpg,"25.686928, 55.744876",EN,N/A,https://cdn.opr.ae/brochures/oceana.pdf,N/A,N/A,N/A,N/A,N/A,N/A,N/A,N/A,N/A,Error,https://opr.ae/ar/projects/oceano-al-marjan-island-in-ras-al-khaimah-uae-for-sale
https://youtu.be/B20B3Nnss6I,https://opr.ae/projects/danah-bay-townhouses-villas-in-ras-al-khaimah-al-marjan-island,Danah Bay Townhouses & Villas,Dubai Investments Real Estate,Al Marjan Island (Ras Al Khaimah Emirate),"Townhouses, Villas",2700000,https://i.1.creatium.io/41/16/c5/36c97ef40753d7e534f80829538c7859ee/header.jpg,"25.690910, 55.743238",EN,N/A,https://cdn.opr.ae/brochures/danah-bay.pdf,N/A,N/A,N/A,N/A,N/A,N/A,Q4 2024,N/A,N/A,Error,https://opr.ae/ar/projects/danah-bay-townhouses-villas-in-ras-al-khaimah-al-marjan-island
https://youtu.be/PbERgVvdE5Y,https://opr.ae/projects/gateway-residences-for-sale-mina-al-arab-ras-al-khaimah-uae-by-rak-properties,Gateway Residences Mina Al Arab,RAK Properties,Mina Al Arab (Ras Al Khaimah Emirate),Apartments,690000,https://i.1.creatium.io/16/35/2a/6b59249a218e5f99a474e1dda0ca81a3ba/header.jpg,"25.323510, 55.360300",EN,N/A,https://cdn.opr.ae/brochures/rak-gateway.pdf,N/A,N/A,N/A,N/A,N/A,N/A,Completed,N/A,N/A,Error,https://opr.ae/ar/projects/gateway-residences-for-sale-mina-al-arab-ras-al-khaimah-uae-by-rak-properties
N/A,https://opr.ae/projects/gateway-2-residences-for-sale-mina-al-arab-ras-al-khaimah-uae-by-rak-properties,Gateway Residences 2 Mina Al Arab,RAK Properties,Mina Al Arab (Ras Al Khaimah Emirate),Apartments,700000,https://i.1.creatium.io/46/16/66/f18406c92b346eae29eec5657d9cf39b3a/1161x832q5/header.jpg,"25.716483, 55.831213",EN,N/A,https://cdn.opr.ae/brochures/rak-gateway-2.pdf,N/A,N/A,N/A,N/A,N/A,N/A,Q4 2024,N/A,N/A,Error,https://opr.ae/ar/projects/gateway-2-residences-for-sale-mina-al-arab-ras-al-khaimah-uae-by-rak-properties
N/A,https://opr.ae/projects/bermuda-villas-and-townhouses-in-mina-al-arab-ras-al-khaimah-by-rak-properties,Bermuda Villas Mina Al Arab,RAK Properties,Mina Al Arab (Ras Al Khaimah Emirate),"Villas, Townhouses",1750000,https://i.1.creatium.io/d6/8c/b6/c6a28b8b0a54cf7b9d594cd984f707ba80/header.jpg,"25.718920, 55.831540",EN,N/A,https://cdn.opr.ae/brochures/rak-bermuda.pdf,N/A,N/A,N/A,N/A,N/A,N/A,Completed,N/A,N/A,Error,https://opr.ae/ar/projects/bermuda-villas-and-townhouses-in-mina-al-arab-ras-al-khaimah-by-rak-properties
N/A,https://opr.ae/projects/bayviews-by-rak-properties-on-hayat-island-mina-al-arab-ras-al-khaimah,Bayviews Residences Hayat Island,RAK Properties,Mina Al Arab (Ras Al Khaimah Emirate),Apartments,530000,https://i.1.creatium.io/b4/1e/53/31102dfb11cb8992eeb729ebadc25daf60/2.jpg,"25.724191, 55.845458",EN,N/A,https://cdn.opr.ae/brochures/rak-bayviews.pdf,N/A,N/A,N/A,N/A,N/A,N/A,N/A,40/60 Payment Plan,"Studios, 1BR, 2BR",Error,https://opr.ae/ar/projects/bayviews-by-rak-properties-on-hayat-island-mina-al-arab-ras-al-khaimah
https://youtu.be/acGL4t1AZuk,https://opr.ae/projects/south-bay-residences-by-rak-properties-on-hayat-island-mina-al-arab-ras-al-khaimah,South Bay Residences Hayat Island,RAK Properties,Hayat Island (Ras Al Khaimah Emirate),Apartments,480000,https://i.1.creatium.io/45/a1/0c/a2a54b5b42eab3207761c6653a3549014b/rak_properties_south_bay_residences_1.jpg,"25.724388, 55.843532",EN,N/A,https://cdn.opr.ae/brochures/rak-southbay-residences.pdf,N/A,N/A,N/A,N/A,N/A,N/A,Q4 2023,N/A,N/A,https://opr.ae/ru/projects/south-bay-residences-by-rak-properties-on-hayat-island-mina-al-arab-ras-al-khaimah,https://opr.ae/ar/projects/south-bay-residences-by-rak-properties-on-hayat-island-mina-al-arab-ras-al-khaimah
N/A,https://opr.ae/projects/northbay-residences-by-rak-properties-on-hayat-island-mina-al-arab-ras-al-khaimah,North Bay Residences Hayat Island,RAK Properties,Hayat Island (Ras Al Khaimah Emirate),Apartments,555581,https://i.1.creatium.io/df/77/39/90dfe7bbcf522c2e102e851942df28a35b/header.jpg,"25.698081, 55.810156",EN,N/A,https://cdn.opr.ae/banners/rak-northbay.pdf,N/A,N/A,N/A,N/A,N/A,N/A,Q4 2023,N/A,N/A,Error,https://opr.ae/ar/projects/northbay-residences-by-rak-properties-on-hayat-island-mina-al-arab-ras-al-khaimah
N/A,https://opr.ae/projects/bay-residences-central-hayat-island-ras-al-khaimah-uae-by-rak-properties,Bay Residences Hayat Island,RAK Properties,Hayat Island (Ras Al Khaimah Emirate),Apartments,732000,https://i.1.creatium.io/73/d9/26/5d1f7d495f6dda7932d6e4732d6e73b11f/4.jpg,"25.724640, 55.844100",EN,N/A,https://cdn.opr.ae/brochures/bay-residence.pdf,N/A,N/A,N/A,N/A,N/A,N/A,Q1 2024,N/A,N/A,https://opr.ae/ru/projects/bay-residences-central-hayat-island-ras-al-khaimah-uae-by-rak-properties,https://opr.ae/ar/projects/bay-residences-central-hayat-island-ras-al-khaimah-uae-by-rak-properties
N/A,https://opr.ae/projects/rak-properties-flamingo-villas-in-mina-al-arab-for-sale-ras-al-khaimah-uae,Flamingo Villas Mina Al Arab,RAK Properties,Mina Al Arab (Ras Al Khaimah Emirate),Villas,1000000,https://i.1.creatium.io/9f/0f/4d/97c6dd230308c411f8ed478f15215dde3e/header.jpg,"25.719910, 55.852080",EN,N/A,https://cdn.opr.ae/banners/rak-flamingo.pdf,N/A,N/A,N/A,N/A,N/A,N/A,Completed,N/A,N/A,Error,https://opr.ae/ar/projects/rak-properties-flamingo-villas-in-mina-al-arab-for-sale-ras-al-khaimah-uae
N/A,https://opr.ae/projects/malibu-mina-al-arab-villas-and-townhouses-for-sale-in-ras-al-khaimah-by-rak-properties,Malibu Villas Mina Al Arab,RAK Properties,Mina Al Arab (Ras Al Khaimah Emirate),"Villas, Townhouses",1750000,https://i.1.creatium.io/70/c9/59/8dd0fbdef0f342570f5fc2b41397a8c538/header.jpg,"25.718149, 55.846466",EN,N/A,https://cdn.opr.ae/banners/rak-malibu.pdf,N/A,N/A,N/A,N/A,N/A,N/A,Completed,N/A,N/A,Error,https://opr.ae/ar/projects/malibu-mina-al-arab-villas-and-townhouses-for-sale-in-ras-al-khaimah-by-rak-properties
N/A,https://opr.ae/projects/rak-properties-lagoon-views-apartments-mina-al-arab-for-sale-in-ras-al-khaimah-uae,Lagoon Views Mina Al Arab,RAK Properties,Mina Al Arab (Ras Al Khaimah Emirate),Apartments,300000,https://i.1.creatium.io/ce/e6/e5/f2bf13449c1a3fdaea6857eff0c6e7467e/1161x832q5/header.jpg,"24.956442, 55.200086",EN,N/A,https://cdn.opr.ae/brochures/rak-lagoon-views.pdf,N/A,N/A,N/A,N/A,N/A,N/A,Completed,N/A,N/A,Error,https://opr.ae/ar/projects/rak-properties-lagoon-views-apartments-mina-al-arab-for-sale-in-ras-al-khaimah-uae
N/A,https://opr.ae/projects/marbella-villas-hayat-island-by-rak-properties-mina-al-arab-ras-al-khaimah,Marbella Villas Hayat Island,RAK Properties,Hayat Island (Ras Al Khaimah Emirate),"Villas, Townhouses",4400000,https://i.1.creatium.io/27/aa/d8/5b092f82856eb0fc1ec1eaa6f1f978e772/header.jpg,"25.722480, 55.842331",EN,N/A,https://cdn.opr.ae/banners/rak-marbella.pdf,N/A,N/A,N/A,N/A,N/A,N/A,Q4 2024,50/50 Payment Plan,"3BR, 4BR",Error,https://opr.ae/ar/projects/marbella-villas-hayat-island-by-rak-properties-mina-al-arab-ras-al-khaimah
N/A,https://opr.ae/projects/rak-properties-julphar-towers-in-al-nakheel-ras-al-khaimah-uae,Julphar Towers Al Nakheel,RAK Properties,Al Nakheel (Ras Al Khaimah Emirate),Apartments,250000,https://i.1.creatium.io/4a/bf/e6/ea6c7c79e9cd713aa0cbdedb11a62c7631/header.jpg,"25.791740, 55.958770",EN,N/A,https://cdn.opr.ae/brochures/rak-julphar-towers.pdf,N/A,N/A,N/A,N/A,N/A,N/A,Completed,N/A,N/A,Error,https://opr.ae/ar/projects/rak-properties-julphar-towers-in-al-nakheel-ras-al-khaimah-uae
https://youtu.be/PPIoMP0-SCw,https://opr.ae/projects/the-royal-breeze-residences-ras-al-khaimah,Al Hamra The Royal Breeze Residences,Al Hamra,Al Hamra Village (Ras Al Khaimah Emirate),Apartments,420000,https://i.1.creatium.io/01/fd/40/0395190de046faba33863f39df3c8788e1/header.jpg,"25.700092, 55.782443",EN,N/A,https://cdn.opr.ae/brochures/the-royal-breeze.pdf,N/A,N/A,N/A,N/A,N/A,N/A,Completed,N/A,N/A,Error,https://opr.ae/ar/projects/the-royal-breeze-residences-ras-al-khaimah
N/A,https://opr.ae/projects/bayti-townhomes-ras-al-khaimah,Al Hamra Bayti Homes,Al Hamra,Al Hamra Village (Ras Al Khaimah Emirate),Villas,1861888,https://i.1.creatium.io/0c/58/db/09b1c2b3206c007a89ceac7df712d6aefa/header.jpg,"25.699520, 55.790670",EN,N/A,https://cdn.opr.ae/brochures/bayti.pdf,N/A,N/A,N/A,N/A,N/A,N/A,Completed,N/A,N/A,Error,https://opr.ae/ar/projects/bayti-townhomes-ras-al-khaimah
https://youtu.be/pimkHMPP9Gg,https://opr.ae/projects/aldar-saadiyat-lagoons-villas-for-sale-on-saadiyat-island-abu-dhabi,Aldar Saadiyat Lagoons Villas,Aldar,Saadiyat Island (Abu Dhabi Emirate),Villas,6100000,https://i.1.creatium.io/43/97/d3/2de07cf7698370cff70aec7c2d476d0225/header.jpg,"24.528768, 54.454210",EN,N/A,https://cdn.opr.ae/brochures/aldar-saadiyat-lagoons.pdf,N/A,N/A,N/A,N/A,N/A,N/A,Q1 2026,N/A,N/A,Error,https://opr.ae/ar/projects/aldar-saadiyat-lagoons-villas-for-sale-on-saadiyat-island-abu-dhabi
https://youtu.be/eiOBL-JGPJs,https://opr.ae/projects/aldar-louvre-abu-dhabi-residences-for-sale,Aldar Louvre Abu Dhabi Residences,Aldar,Saadiyat Grove (Abu Dhabi Emirate),Apartments,1300000,https://i.1.creatium.io/64/24/11/3d7b64c2d8e4fee4311af08eea70431799/header.jpg,"24.534919, 54.401228",EN,N/A,https://cdn.opr.ae/brochures/louvre.pdf,N/A,N/A,N/A,N/A,N/A,N/A,Q1 2025,N/A,N/A,Error,Error
N/A,https://opr.ae/projects/seaside-hills-residences-al-zorah-ajman-for-sale-in-uae,Seaside Hills Residence Al Zorah,Solidere International,Al Zorah (Ajman Emirate),"Apartments, Penthouses, Villas",2055000,https://i.1.creatium.io/8f/9b/e9/5d5391b10fd616e1c56b6ae6a955270ab2/header.jpg,"25.441662, 55.466579",EN,N/A,https://cdn.opr.ae/brochures/seaside-hills.pdf,N/A,N/A,N/A,N/A,N/A,N/A,Q4 2025,N/A,N/A,Error,Error
N/A,https://opr.ae/projects/tierra-viva-villa-by-darglobal-and-lamborghini-in-benahavis-costa-del-sol-marbella-spain,DarGlobal Tierra Viva Villas in Spain,DarGlobal,"Benahavis, Spain",Villas,14400000,https://i.1.creatium.io/69/1d/8e/7d181bf60c3996f7fc0645a6fea89d227c/2.jpg,N/A,EN,N/A,https://cdn.opr.ae/brochures/tierra-viva.pdf,N/A,N/A,N/A,N/A,N/A,N/A,N/A,N/A,N/A,https://opr.ae/ru/projects/tierra-viva-villa-by-darglobal-and-lamborghini-in-benahavis-costa-del-sol-marbella-spain,https://opr.ae/ar/projects/tierra-viva-villa-by-darglobal-and-lamborghini-in-benahavis-costa-del-sol-marbella-spain
