canonical_name,level,parent,aliases
Dubai,city,,"dub, dubi, dubay, dabai, dabay, duba, db, dby, dbai"
Al Aweer,community,Dubai,"aweer, aw, al aw, aweer area, aweer com, al awir, al awer, al aweir, al awear, al aweeer, al awyr, al aweerr, alaweer, dubai aweer, aweer dubai, dxb aweer, dby aweer, dubai al aweer, al aweer dubai, dubaialaweer"
Al Mina,community,Dubai,"mina, almena, elmina, el mena, almina, dubai al mina, al mina dubai, am, al minna, min, al mian"
Arabian Ranches 3,community,Dubai,"ar3, ranches 3, ar ranches 3, ranchesiii, ar ranches iii, ranches, arb ranches, arb ranches 3, arabian ranchs 3, arbian ranches 3, arabian ranche 3, arbian ranchs 3, ranche 3, arabianranches3, ranches3, arabianranchesiii, dubai ar3, dubai ranches 3, dubai arabian ranches 3, dubai ranchesiii"
Dragon City,community,Dubai,"dc, dcity, dragonc, dragoncity, dragon, dragn city, drgon city, dragon cty, dragen city, drgn city, dubai dc, dc dubai, dubai dragon, dragon dubai, dragncity, drgoncity, dragon c"
Dubai Design District,community,Dubai,"ddd, d d d, d3, design district, des dist, dsgn dist, design, district, dubaidesigndistrict, designdistrict, designdist, dubaid3, desin district, disign district, dsign district, desine district, desgn district, desin dist, desin, disrict, dubai ddd, dubai d3, design district dubai, d3 dubai"
Dubai Hills Estate,community,Dubai,"dhe, dh, dubai hills, hills, hills estate, dubai hils, dubai hilss, dubay hills, dubi hills, dubai hills est, dubaihills, dubaihillsestate, dubaihillz, dubai hls, d hills, hills est, dubai hills etate, dubai hills estat"
Dubai Outsource Zone,community,Dubai,"doz, doz community, outsource zone, dubai outsource, outsource, dubai outsorce zone, dubai outsourse zone, dubai outsourc zone, dubai outsorce, dubai outsorcezone, dubai outsorce zonne, dubai outsurce zone, dubai otsource zone, dubai outsorce zon, dubai outsurce, dubaioutsourcezone, outsourcezone, dubaioutsource, dubai doz, doz dubai, outsource zone dubai"
Dubai Studio City,community,Dubai,"dsc, studio city, studios, studio cty, dubai studio, studiocity, dscity, dubai studo city, dubai stidio city, dubai studio citi, dubai studo cty, duba studio city, dubai studeo city, studio citi, dxb studio city, dxbstudiocity, dubai sc, studio, dubai stduio city, dubai stodio city, scity"
Mina Rashid,community,Dubai,"mr, mina, rashid, mina rash, mena rashid, mina rashed, mina rasheed, mena rashed, mena rasheed, minarashid, minarash, dubai mina rashid, mina rashid dubai, dubai mr, mr dubai, minrashid, mina rashd, minna rashid, mina rashidd"
Mohammed Bin Rashid City,community,Dubai,"mbr, mbrc, mbr city, mo bin rashid, mo rashid, rashid city, mohammad bin rashid, mohmed bin rashid, mohd bin rashid, mohammad bin rashed, mhd bin rashid, mohamad bin rashid, mohamad bin rashed, mohammedbinrashid, mbrcity, mohdbrc, dubai mbr, dubai mbrc, dubai mbr city, mbr dubai, mbrc dubai, mbr city dubai"
Murqquab,community,Dubai,"mqq, mrq, murq, murqab, murkab, murgab, murqub, murquab, marqab, marqquab, murqb, dubaimurqab, murqabdxb, dubaimurqquab, murqquabdxb, murk"
Oud Al Muteena,community,Dubai,"oam, oud muteena, oud mut, muteena, oud, ood al muteena, oud al mutena, oud al mutina, oud mutena, oud mutina, mutena, muteina, mutina, oudalmuteena, oudmuteena, oudalmutena, oudmutena, dubai oud al muteena, oud al muteena dubai, dubai oam, oam dubai, dubai oud muteena"
Reem,community,Dubai,"rem, ream, raam, riem, rym, dubaireem, reemdubai, dbaireem, reemdbai"
The Hills,community,Dubai,"th, hills, hls, the hls, the hils, the hilz, thehill, th hills, thehlls, thehills, thehls, thehils, the hills dubai, hills dubai, dubai hills, db hills"
The Valley,community,Dubai,"valley, tv, vally, valey, vallay, vly, thevalley, thevally, thevaley, dubai valley, valley dubai, dubai the valley, tv dubai, dubai tv, valleydubai"
Wasl Gate,community,Dubai,"wg, wasl, w gate, wasl g, waslgate, wasel, wasel gate, waselgate, wsal, wsal gate, waisl, waisl gate, waislgate, wasl gat, dubai wg, dubai wasl, dubai waslgate"
Zabeel,community,Dubai,"zab, zbl, zabel, zabiel, zabil, zabell, dubai zabeel, zabeel dubai, dxb zabeel, zabeel dxb"
399 Hills Park,subcommunity,"Dubai Hills Estate, Dubai","hills park, 399hp, hlp, hlsprk, 399 hills, hills 399, dhills hills park, hills park dh, hills park dubai, dhills park, 399 hills park dubai hills estate"
777,subcommunity,"Dubai Hills Estate, Dubai","777dhe, 777dubaihills, 777dh, 777dubai hills, 777hills, 777estate, 777h, 777dhills, d777, dh777, 777dubai, d777h, 777dubaihi, 777dhestate"
Address Hillcrest,subcommunity,"Dubai Hills Estate, Dubai","ahillcrest, hillcrest, dh ahillcrest, dh hillcrest, addressh, hillcrestdhe, hillcrestdubaihills, dhah, hillcrestdh, hillcrst, hilcrest, adrshillcrest, adrsh, adrhillcrst, adrhilcrest, hllcrest, hillcrestuae, dh addresshillcrest, haddresshillcrest"
Address Residences Dubai Hills Estate,subcommunity,"Dubai Hills Estate, Dubai","addres residences dhi, address dhi, address res dhi, dhi address residences, dhi address, address residence, addres res, dhiaddres, dhiaddress, addresresidences, dhi residences, addres dhi, dresidences, adresses residences"
Al Aweer 1,subcommunity,"Al Aweer, Dubai","alaweer1, a al a w e e r 1, al awer 1, alaweerone, 1 al a w e e r, al a w e e r, al a w e e r 1, al aweer, al a w e e r one, alaweer1 dubai"
Al Aweer Village,subcommunity,"Al Aweer, Dubai","al aweer vlg, aweer village, al awer, aweer, al awiir, al aweiir, al aweer v, aweervillage, al a. vlg, village aweer, al aweer vlg dubai"
Al Hudaiba Award Building,subcommunity,"Al Mina, Dubai","al hudaiba award bldg, hudaiba award, al hudaiba, hudaiba, hudaiba award bldg, al hudaiba award, al hudaiba bldg, hudaiba award building, alhudaiba award, alhudaiba, ahudaiba, al hudaiba award bldg al mina, al hudaiba al mina"
Al Murooj Complex,subcommunity,"Zabeel, Dubai","al murooj, murooj complex, murooj, al murooj zabeel, murooj zabeel, a.murooj, amurooj, almurooj, mroj, muroojc"
Al Shaiba Building,subcommunity,"Dubai Outsource Zone, Dubai","al shaiba bldg, shaiba bldg, al shaiba, shaiba, ashaiba, al shaibabuilding, shaibabuilding, dubai outsource zone al shaiba, al shaiba dubai outsource zone"
Alana,subcommunity,"The Valley, Dubai","alana tw, alana the valley, alana valley, the valley alana, valley alana, alna, alanna, alanna tw, alana@thevalley, alana.tv, atv alana, alana2, alana2.0"
Anya,subcommunity,"Arabian Ranches 3, Dubai","anya 3, arabian ranches 3 anya, arabianranches3 anya, ar 3 anya, aranyas, aranyas3"
Anya 2,subcommunity,"Arabian Ranches 3, Dubai","anyaii, anya2, ar3 anya, anya ranch3, anya ranches 3, anya r3, anya iii, anya two, anya-2, anya2 sub, anya phase 2, ar3 anya 2, anya 2nd, anya, anyia 2, anya ranches, anya2 ar3"
Arabic Villas,subcommunity,"Mohammed Bin Rashid City, Dubai","arb villas, arabic vils, arab villas, arabic villa, arabicvillas, arbvillas, mbrc arabic villas, arabic villas mbrc, arabic villlas, arbic villas, arabic villas mbr, mbr arabic villas, arabic villas city"
Avonlea,subcommunity,"Mina Rashid, Dubai","avnlea, avonlea mr, avonlea mina rashid, avonle, avonlea community, mr avonlea, avn lea, avon lea, avonlea dubai, avnlea mr, avn le"
Azizi Beach Oasis,subcommunity,"Dubai Studio City, Dubai","azizi oasis, studio city oasis, azizi beach, azizi studio city, azizibeachoasis, azizioasis, studio city azizi, azizi oasis dsc, azizibeachoasiss, azizi oasiss, azizibeach oasis, azizi beach oas, azizis studio city, dsc azizi oasis"
Azizi Beach Oasis 2,subcommunity,"Dubai Studio City, Dubai","azizi beach oasis ii, abo 2, abo2, azizibo2, azizibechoasis2, beach oasis 2, beach oasis ii, studio city beach oasis, beach oasis studio city, azizibeachoasiss2, azizi beach osis 2, azizi beach oases 2, azizi bch oasis 2, azizibeachoasis ii, azizibechoasisii"
Azizi Mirage,subcommunity,"Dubai Studio City, Dubai","az mirage, azizi mirg, az mirg, azizimirage, azizimirg, dsc azizi, studio city azizi, azizi studio city, az mirage studio city, azizi mirage dsc, az mirage dsc, azizimirage dsc, azizimiragedubai, azizimirag, azizi miragee, azzi mirage, azizi mirah, azizi miraje, azzi mirg, azizi mrg"
Azizi Vista,subcommunity,"Dubai Studio City, Dubai","az vista, azizivista, az vista studio city, azizi studio city, azv, azivista, azizivista studio city, azizi vista dsc, azizi vista studio city, azizivista dsc, azizi vista dubai studio city, azizivista dubai studio city"
Bayline,subcommunity,"Mina Rashid, Dubai","bl, bay line, bayline mina, mina bayline, bayline mr, bayline rashid, bay line mina, baylin, bay lne, baylyne, byln, bayliner, bayline emaar, bayline dubai"
Beach Oasis 2,subcommunity,"Dubai Studio City, Dubai","bo 2, beach oasis ii, beachoasis2, bo2, dsc beach oasis, beach oasis dsc, beach oasis studio city, beach oasis, b o 2, beach oases 2, beach oasis two, beachoasis ii, dscp beach oasis, studio city beach oasis 2"
Berkeley Place,subcommunity,"Mohammed Bin Rashid City, Dubai","berkeleyp, bp, berkeley plc, berkeley mbr, mbr berkeley, berkeleypl, berkeleyplace, berkely place, berkeley plac, berkeely place, berkeley p, berkeley mbrc, mbrc berkeley, berkley place, berkeleyplace mbr, bpl, berkeley pl, berkeley-place"
Bliss,subcommunity,"Arabian Ranches 3, Dubai","blis, blis ar3, ar3 blis, ar 3 bliss, arabian ranches 3 bliss, ar 3 sub, blis ranches, bliss ar, ar3b, bliss ar3, bliss r3, bliss ranch, blisss, arabian ranches bliss"
Bliss 2,subcommunity,"Arabian Ranches 3, Dubai","bliss ii, bliss2, bliss 2 ar3, ar3 bliss 2, bliss two, bliss2 ar3, ar3 bliss2, bliss2 ranch, ranch bliss 2, bliss2 ranches, ranches bliss 2, bliss ii ar3, ar3 bliss ii, blis 2, bliss2dubai, bliss2 dxb"
Caya,subcommunity,"Arabian Ranches 3, Dubai","caya ar3, ar3 caya, caya ranches, caya ar, ar iii caya, caya ar 3, caya arthree, ar3caya, cayaranches, cayaa, caaya, caya 3, ar3 caya sub, caya community, ar3 sub, caya phase 3"
Caya 2,subcommunity,"Arabian Ranches 3, Dubai","c2, cayaii, caya two, ar3 caya 2, ar3 caya ii, caya2 ar3, cayaii ar3, caya 2 aranches, caya2 arabian ranches, cayaii arabian ranches, caya2 ranches, cay2, caya sub2, aranches 3 caya 2, caya 2 sub, cayaa 2, caya 22, caya tw0"
Celia Residence,subcommunity,"Dubai Studio City, Dubai","celia res, celia, celia resid, celiaresidence, celia resi, celia residnce, celia residance, celia resd, celiares, dsc celia, celia dsc, celia studio city, celia residence dsc, celia res dsc, celiar residence, celiars, celia resi dsc"
Claydon House,subcommunity,"Mohammed Bin Rashid City, Dubai","claydon, claydon hse, claydonhouse, claydon mbrc, mbrc claydon, claydon house mbr, claydon h, clayden house, claydon hus, clydon house, claydonh, claydonmbr, mbrclaydon"
Clearpoint,subcommunity,"Mina Rashid, Dubai","clrpnt, clear point, minarashid clearpoint, mina rashid clearpoint, clearpoint mina rashid, clrpt, clrpoint, clearpnt, clearpiont, clearpint, clear point mina rashid, clearpoint mr, mr clearpoint, c-point, cpoint"
Club Drive,subcommunity,"Dubai Hills Estate, Dubai","clubdr, clubdrive, cd, cde, clubdriv, clubdve, clubd, clubdrie, clubdrivee, clubdrivs, clubdrive.dx, clubdrive-dhe, clubdrive dhe, dhe clubdrive, clubdrive dubaihills, clubdrivedubaihills, clubdrdhe, cludrive, clubdriev"
Club Place,subcommunity,"Dubai Hills Estate, Dubai","club pl, clubplace, cp, clubplace dhe, dhe club place, club plce, clubplac, club plase, clubp, club place dhe, clubpl, club place dubai hills, clubplace dubai hills, clubplace estate"
Club Villas at Dubai Hills,subcommunity,"Dubai Hills Estate, Dubai","cv, cv dh, cv dhe, clubvillas, club villas dhe, dh club villas, clubvillasdhe, clubvillasdh, club villas dubai hills, club villas dxb, clubvilla, clubvilladhe, cvillashills, clubvilas, cluvillas, clubvillas estate, dubaihills clubvillas, dh clubvillas, club villas dxb hills"
Collective,subcommunity,"Dubai Hills Estate, Dubai","coll, collect, colective, dhes collective, collective dhes, collective hills, dhes coll, coll dhes, collective estate, coll estate, colectiv, collctive, dhee collective, collective dubai hills"
Collective 2.0,subcommunity,"Dubai Hills Estate, Dubai","coll 2, coll 2.0, collective2, collective 2, col 2, col 2.0, dhe collective 2, collective 2.0 dhe, collective two, col2.0, col2, collective2.0, collecive 2, colective 2, collective20, dhe coll 2, collective 2.o, coll2.o"
Commercial Building 1,subcommunity,"Dubai Studio City, Dubai","cb1, comm bldg 1, com bldg 1, comm building 1, c b 1, cb 1, commercial bldg 1, dsc cb1, dsc comm bldg 1, dsc commercial 1, dsc commercial building 1, commbldg1, cb1dsc, commbldg1dsc, commercialbldg1, comblg1, combuildng1, comm build 1, comm bldg one, dsc cb 1"
Commercial Building 2,subcommunity,"Dubai Studio City, Dubai","comm bldg 2, cb 2, comm bld 2, commercial bldg 2, commbuild 2, comm blding 2, cb2, studio city comm bldg 2, comm bldg 2 studio city, dsc comm bldg 2, comm bldg 2 dsc, commbldg2, commbld2, com bldg 2, comm bulding 2, comm build 2, c b 2, comm bldg two, comm bldg ii"
Design Quarter,subcommunity,"Dubai Design District, Dubai","d3, d3dq, designquarter, d3 design quarter, d3quarter, d3 design, dq, des quarter, dsign quarter, designqtr, d3q, d3dqtr, d3 designquarter, desquarter, design qtr, d3 dquarter, d3-dq"
District 11,subcommunity,"Mohammed Bin Rashid City, Dubai","d11, dist 11, dist11, district11, mbrd11, mbr d11, mbrc d11, mbr city d11, district eleven, d-11, disteleven, dist eleven, mbr district 11, mbr dist 11, d11 mbr, dist11 mbr"
District 7,subcommunity,"Mohammed Bin Rashid City, Dubai","d7, dist7, district-7, d-7, mbrc d7, d7 mbrc, mohammed bin rashid city d7, districtseven, distseven, dist 7, mbr city district 7, district 7 mbr, d 7 mbr, dist 7 mbrc"
District One,subcommunity,"Mohammed Bin Rashid City, Dubai","d1, dist1, dist one, dstrct one, distric one, distirct one, d1 mbr, d1 mbrc, mbrc d1, d1 mbr city, d1 dubai, districtone, d1district, distone, distrct1, d1city"
Dragon Towers,subcommunity,"Dragon City, Dubai","dragontwr, dragontwrs, dt, dragoncitytowers, dragoncitytwr, dragontower, dragon twr, dgn twr, dragoncty twr, dragontowrs, dragon towers dubai, dragon city towers, drgon towers, dragon tqwer, dragon tlowers, dragontowers, dcity towers, dcity twr"
Dubai Hills,subcommunity,"Dubai Hills Estate, Dubai","dhe, dh estate, dubai hills estate, dubaihills, dhills, d hill, dubai hill, dhe estate, dhls, dubaihillsestate, dubai hill estate, d hills, dhill, dhil"
Dubai Hills Grove,subcommunity,"Dubai Hills Estate, Dubai","dhg, dubai hills estates grove, dh grove, dhg grove, dubaihillsgrove, dhgrove, dubai hill grove, dubai hils grove, d h g, dh estate grove"
Dubai Hills View,subcommunity,"Dubai Hills Estate, Dubai","dh view, dhv, hills view, dhv view, dhview, dubaihillsview, dh estate view, d hills view, dhills view, dh estate, dhv estate, dubaihills estate view, dh v, dh-view, dhview estate, dhl view"
Eden,subcommunity,"The Valley, Dubai","edn, the valley eden, valley eden, eden the valley, edn the valley, edden, eden valley, eden thevalley, eden dxb, the valley edn, edn valley"
Elie Saab II,subcommunity,"Arabian Ranches 3, Dubai","eliesaab2, eliesaabii, es2, esii, eliesaabranches, ar3eliesaab, eliesaab3, eliesaab ranches 3, eliesaab r3, eliesaab, e-saab, elisaab2, eliesaabll, eliesaabtwo, ar3 es2, eliesaab ranches, eliesaabii ar3"
Ellington House,subcommunity,"Dubai Hills Estate, Dubai","eh, eh house, ellington hse, ellingtn house, elington house, elington hse, dhe ellington, dhe ellington house, dubai hills ellington, dubai hills ellington house, ellngton house, ellingtnhouse, ehouse, ellingtonh, ellingtonhs, ellingtn, dhe eh, dhe ellington hse"
Ellington House II,subcommunity,"Dubai Hills Estate, Dubai","eh2, eh ii, ellington house 2, ellington house two, eh house 2, eh house ii, dh eh2, eh2 dubai hills, dubai hills eh2, ellingtn house 2, ellingtonhouse2, eh2 dhe, eh2dhe, eh-2, ell house 2, ellhouse2, elington house 2, ellingten house 2"
Ellington House III,subcommunity,"Dubai Hills Estate, Dubai","eh3, eh iii, ellington house 3, eh house 3, eh house iii, dh eh 3, dubai hills eh 3, eh3 dhe, eh iii dhe, ellington 3, ellington iii, elington house 3, elington house iii, elington 3, ehouse 3, ehouse iii, eh3 dubai hills, ellingtonhouse3, ellingtonhouseiii, eh3dhe"
Ellington House IV,subcommunity,"Dubai Hills Estate, Dubai","eh4, eh 4, ellington 4, ellingtons 4, ehiv, eh iv, ellingon house 4, elington house 4, elington4, eh house 4, dhe eh4, dhe eh 4, dubai hills eh4, dubai hills eh 4, ellingtonhouse4, ehouse4"
Elora,subcommunity,"The Valley, Dubai","elora valley, elr, elr valley, elora the valley, the valley elora, elora vly, eloraa, ellora, elra, elora community, elora sub, elora phase"
Emerald Hills,subcommunity,"Dubai Hills Estate, Dubai","eh, emeraldhills, emarald hills, emeral hills, emrald hills, emeraldhillsdhe, dheemerald, emeraldhills dubai, emeraldhill, emeraldh, emerald, emraldhills, emeraldhillsestate"
Executive Residences,subcommunity,"Dubai Hills Estate, Dubai","exec residences, exec res, exec residence, ex residences, ex res, executive res, executive residence, dhe exec, dhe executive, dhe exec residences, dubai hills exec, dubai hills executive, execres, execresidences, exres, exresidences, exective residences, exec residencies, exec residnce, exec residences dxb, executive residences dhe"
Farm Gardens,subcommunity,"The Valley, Dubai","fg, farmg, thevalleyfg, valleyfg, farmgardn, farmgardenss, farmgarden, thevalleyfarmgardens, farmgardns, farmgdn, farmgdns, fmg, fmgardens, valleyfarmgardens, farmgardensdubai, fgthevalley"
Farm Gardens 2,subcommunity,"The Valley, Dubai","fg2, farmgardens2, thevalleyfg2, fg2thevalley, farmgardensii, farmgarden2, fgii, farmgardenii, farmgarden 2, thevalleyfarmgardens2, fg 2, farmgardens 2, thevalley farm gardens 2, farm gardns 2, farmgarden s2, farmgardenstwo, valley fg2"
Gardenia Residence,subcommunity,"Dubai Hills Estate, Dubai","gardenia, gardenia residences, gardenia residency, grd, gardenia dhe, dhe gardenia, gardenia dubai hills, gdneia, gardeniaresidence, gardeniares, gardeniaresidences, gardenia res, gardinia, gardenia estates"
Gardenia Townhomes,subcommunity,"Wasl Gate, Dubai","gardenia, gtownhomes, gth, waslgategardenia, gardeniatownhomes, gardeniawaslgate, gardenia th, gardenia twh, g townhomes, gardnia, gardeniah, g-townhomes, wasl gardenia, gthomes, gardeniatownhome, g townhome, gardeniatwh, wasl gate gardenia"
Gardenia Townhomes II,subcommunity,"Wasl Gate, Dubai","gardenia 2, gardenia ii, gardenia townhouses 2, gardenia townhomes 2, wasl gate gardenia, gardenia wasl gate, gardenia 2 wasl, gardinia 2, gardenia2, gth2, waslgate gardenia, gardenia ii wasl, gardenia twnhms 2, gardina 2"
GHAPH Studio,subcommunity,"Dubai Studio City, Dubai","ghaph, studio city ghaph, dsc ghaph, ghaph apartments, ghap studio, ghaphst, ghaphstudi, ghaphstud, ghaphstduio, graph studio, ghap studio city, ghaph res, ghaph residence, ghaph resi, ghaphs, ghaph studio city"
Glitz,subcommunity,"Dubai Studio City, Dubai","glitz by danube, glitz studio city, gtz, glitzdsc, glitz sc, glitz st city, glitz studio, glitzs, gitz, glits, glitz 1, glitz 2, glitz 3, glitz3, glitzdanube"
Golf Grand,subcommunity,"Dubai Hills Estate, Dubai","gg, golfgrnd, golfgrandd, golfgh, golfgranddhe, golfgrnddhe, golfgranddubaihills, dhedubaihillsgolfgrand, golfgrnddubaihills, ggrand, ggranddhe, golfgrandestate"
Golf Grove,subcommunity,"Dubai Hills Estate, Dubai","gg, golfgrv, golfgrov, dhes golf grove, golf grove dhes, golfgrove, golfgrve, golff grove, golfgove, golfgrvo, golf grv, dxb hills golf grove, golf grove dxb hills"
Golf Hillside,subcommunity,"Dubai Hills Estate, Dubai","golfhill, ghs, ghside, dh golf hillside, golf hillside estate, golfhillside, gh estate, dh estate golf, golfhill side, golfhills, golfhillside estate, golfhill-side, ghs dubai hills, golfhillside dubai"
Golf Place,subcommunity,"Dubai Hills Estate, Dubai","gp, golfplace, golfpl, dhe golf place, golf place dhe, golfplace dhe, golfpl dhe, golf place dubai hills, golfplacedhe, golfplacedubaihills, golfplce, golp lace, golf p, golfplac, golfplce dhe"
Golfville,subcommunity,"Dubai Hills Estate, Dubai","golf ville, golfvile, gv, golfvillee, gville, golfville dubai hills, dubai hills golfville, dh golfville, golfville dh, golfvill, gv dh, golfvile estate, golf ville estate"
Green Square,subcommunity,"Dubai Hills Estate, Dubai","gs, green sq, greensquare, green sqr, dh green square, green square dhe, green sq dhe, greensq, green sqr dhe, green square dubai hills, gsq, gsq dhe, greensquare dhe, green sqr dubai hills"
Hammock Park,subcommunity,"Wasl Gate, Dubai","hp, hammockpk, hammock park wasl, wasl gate hammock, wasl gate hp, hamock park, hamok park, hammockpark, hp wasl, hammock, hammock wgate, waslgate hammock, hammok pk, hammock pkr, hammock park dubai"
Hills Business Park,subcommunity,"Dubai Hills Estate, Dubai","hbp, hills business, dhe hbp, dhe business park, dubaihills business park, dubai hills business, hill business park, hils business park, hbp dubai hills, hillsbizpark, hbp dhe, dubaihillsbusinespark, hills bus park, h hills business park"
Hills Park,subcommunity,"Dubai Hills Estate, Dubai","hillspark, hp, dhe hills park, hills park dxb, hill park, hill spk, hillspk, hp dhe, hills pk, hillprk, hillpark estate, dhe hillspark, hills park dubai hills, hillspk dhe, hp hills, hillprk estate, hillspark dxb"
Hillside Residences,subcommunity,"Wasl Gate, Dubai","hillside, hillside res, hsres, hillside resid, hillside residencies, hillside wasl, wasl hillside, waslgate hillside, hillsideresidences, hilde residence, hillside resi, hillside residnces, hillsideres, wasl hillside residence, hillside resd, hill side residences, hillside residence, hillside waslgate"
Joy,subcommunity,"Arabian Ranches 3, Dubai","jr, joy ar3, joy ranches 3, joy ar, joy 3, ar3 joy, joy sub, joy subcommunity, joi, jooy, joye, ar3joy, joyranches, joyranches3, joyar3"
June,subcommunity,"Arabian Ranches 3, Dubai","june ar3, ar3 june, june ar, ar 3 june, june ranches, jun, jn, june sub, ar3june, june3, ar 3 sub, june arabian ranches, june arabian, june ranches 3"
June 2,subcommunity,"Arabian Ranches 3, Dubai","j2, jun2, juneii, june two, ar3june2, ar3j2, arabianranches3june2, arabianranches3j2, jne2, june 02, j-2, j2ar3, june2ar3, ar3 june 2, june 2 ar3"
Kensington Waters,subcommunity,"Mohammed Bin Rashid City, Dubai","kw, kensington, kensingtonw, kensingtonwater, mrb kensington, mbrc kensington, kensingtonwaters mbr, kensington water, kensingtonwtrs, kensingtn waters, kensigton waters, kensingtonwaters, kensingtonwatersmbr, mbr kensington waters, kw mbr"
Lamborghini Mansions,subcommunity,"Dubai Hills Estate, Dubai","lambo mansions, lambo, lambo villas, lamborghini villas, lambo estates, lambo mansions dhe, lambomansions, lambo mansion, lambo estate, lamborghini mansions dhe, dhe lambo, dhe lambo mansions, lambo mansons, lambo mansons dhe, lambo mnsions, lambo mansions dubai hills, lambo dhe"
Laya Heights,subcommunity,"Dubai Studio City, Dubai","lh, laya, layah, layaheight, layahights, laya hts, layahst, layahheights, layaheights, studio city laya, laya studio city, dsc laya, dsc laya heights, layastudio, layahghts"
Lime Gardens,subcommunity,"Dubai Hills Estate, Dubai","lg, lime, limegarden, limegrdns, limegardensdxb, limegardensdhe, dhe lime, lime gardens dhe, limegrdn, limeg, lime garden, limegardens, lmg, lmgardens, limegardens estate"
MAG 900,subcommunity,"Mohammed Bin Rashid City, Dubai","mag900, mag 900 city, m900, mag-900, mbr city mag 900, mbrc mag 900, mag 900 mbr, magninehundred, mag 900 dubai, mag nine hundred, mag9oo, mag 900s, mag900 city"
Mag 910,subcommunity,"Mohammed Bin Rashid City, Dubai","mag910, m910, mag 9, mbrc mag 910, mag910 mbrc, mag910 dubai, magnine ten, mag910s, mag910 building, mag 910 mbr, m.b.r.c mag 910, mag910city, mag-910, mag 910s, mag910 appartments"
MAG 920,subcommunity,"Mohammed Bin Rashid City, Dubai","mag920, m920, mag 920 mbr, mbr mag 920, mag 920 city, mag920 mbr, mag920 dubai, mag nine twenty, mag920s, mag-920, mag 92, mag92, mbr city mag 920, mag 920s"
MAG 930,subcommunity,"Mohammed Bin Rashid City, Dubai","mag930, mag 930 mbrc, mbrc mag 930, mag 930 city, mag930 mbr, mag 930 mbr city, mag-930, mag nine thirty, mag930dubai, mag 930 dubia, mbg 930, mag 93, mag 930s"
MAG 960,subcommunity,"Mohammed Bin Rashid City, Dubai","mag960, mag 960 mbr, mag960 mbr, mbr mag 960, mag960 city, mag960 dubai, mag 960 city, mag 960 dubai, mag nine sixty, mag960 mohammed bin rashid, mag 960 mohammed bin rashid, mag960m, mag960 mbrc, mag960m b r, m b r mag 960, mag960s, mag960 res, mag 960 res, mag960 residence, mag 960 residence"
MAG 980,subcommunity,"Mohammed Bin Rashid City, Dubai","mag980, m980, mag 980 city, mbrc mag 980, mag 980 mbrc, mag980 mbr, mag 980 mohammed bin rashid city, mag980 dubai, mag 980 dubai, mag nine eighty, mag980m, mag 980m, m 980, mag980 city, mag980 property"
MAG Arabic,subcommunity,"Mohammed Bin Rashid City, Dubai","mag, mag mb r, mag city, mag mohammed bin rashid, mb r mag, mag arabic city, mag arab, magr, magrbc, mag arbic, mag arbic city, mag arabi, mag arabic mbr, mbr mag arabic, magarabic, magarabi, magarabic city"
MAG German 2 - 03,subcommunity,"Mohammed Bin Rashid City, Dubai","mag 2, mag german, mag g2, mag g 2, mag 2 mbr, mag mbr, mag city, mag g2 mbr, mag german 2, mag german2, maggermangermany, mag grmn 2, maggerman2, mbr mag 2, mbr mag german, mag german-2, mag 2 mbrc, mag2mbr, mag german ii"
Majestic Vistas,subcommunity,"Dubai Hills Estate, Dubai","mv, maj vistas, majestic vistas dh, maj vistas dhe, mj vistas, majesticvistas, majvistas, m vistas, majestic vista, majestic vista estate, dhe majestic vistas, majestic vistas dubai hills, majistas, maj vist, majvistasdhe, mjv, majesticvistasdhe, majesticvistas dubai"
Mallside Residence,subcommunity,"Dubai Hills Estate, Dubai","msr, mallside, mallside res, mall side, mallside resid, mallside dubai hills, dubai hills mallside, mallside dhee, msr dhe, mallside residences, malside, mallsidee, mallsideres, msresidence, mallside resi"
Maple at Dubai Hills Estate,subcommunity,"Dubai Hills Estate, Dubai","maple, maple dhe, maple dh, maple estate, maple d hills, mple, mappel, maple dubaihills, maple at dhe, maple dubai hills, maple dhedubai, maple d hills estate"
Marina Views,subcommunity,"Mina Rashid, Dubai","mv, m.views, mviews, marinaviews, mina rashid marina views, marina views mina rashid, minarashid mv, m.rashid mv, marina view, mariner views, marina vews, marina vws, mv mina rashid, marina rashid views"
May,subcommunity,"Arabian Ranches 3, Dubai","may ar3, ar3 may, ar3may, may ranch3, may ar 3, may sub, may community, my ar3, may ar, ar3-may, may r3, may ranches 3, may raches 3, may aranches 3"
Mediterranean Villas,subcommunity,"Mohammed Bin Rashid City, Dubai","med villas, medvillas, med villa, mbrc med villas, med villas mbr, med villas mbrc, mediterranean villas mbrc, medvillas mbrc, med vills, medvilla, mbr med villas, med villas dubai, med villas m, med villas mbrcity, mediterranean vills, med villas m.b.r. city, med vls, medvillasdubai"
Mira,subcommunity,"Reem, Dubai","mira reem, reem mira, mraa, mira community, mira sub, mira dubai, mira phase, mira villas"
Mira Oasis,subcommunity,"Reem, Dubai","mira, mira oas, m oasis, miraoasis, reem mira, mira reem, reem mira oasis, mira oases, myra oasis, mirra oasis, m oasis reem, mira oasist, mira oasies, mira oasiss, mira oasise, mra oasis"
Nara,subcommunity,"The Valley, Dubai","nara the valley, nratv, naravally, nra, nara valley, the valley nara, nara thevly, nra valley, narra, nra vly"
Nima,subcommunity,"The Valley, Dubai","nima the valley, the valley nima, nima valley, nimatv, nima v, nima sub, nima tvalley, nima valley dxb, nima the v, nimaa, nimaa the valley, nima property, the valley nima phase"
Ocean Cove,subcommunity,"Mina Rashid, Dubai","oc, oceanc, ocov, ocean cv, ocove, ocean cve, ocn cove, ocncove, oceancove, mina rashid ocean cove, ocean cove mina rashid, oc mr, oc mrashid, mina rashid oc, ocean cove mr, oceancv, ocean cove sub, ocean cove dubai, ocove mr"
Ocean Point,subcommunity,"Mina Rashid, Dubai","ocp, oceanpt, ocnpt, oceanpoint, minarashidoceanpoint, oceanpointminarashid, minarashidop, opminarashid, ocnpoint, ocpminarashid, ocnptminarashid, oceanpointmr, mrp, oceanpointdubai, oceanpnt, ocnptmntrashid"
Ocean Star,subcommunity,"Mina Rashid, Dubai","ocstar, oceanstar, os, o.star, ocean st, o star, o-star, oc star, mina rashid ocean star, ocean star mina rashid, oceanstar mina, oc star mr, mr ocean star, oceanstar mr, ocn star, ocnstar, ocnsatr, oceanstr, oceanstrar, oceanstar dubai"
Olivara Residences,subcommunity,"Dubai Studio City, Dubai","olivara, oli vara, olivera, olivara studio city, studio city olivara, olivara res, olivara resid, olivara dsc, dsc olivara, olivar, olivararesidences, olivarastudiocity, olivara residence, olivararecidences, olivera residences, olivaraa"
Orania,subcommunity,"The Valley, Dubai","orania the valley, the valley orania, orania valley, oran, ora, orania v, orania valley dubai, orania dubia, orania thevally, orania thevaley, oraniathevalley, thevalleyorania"
Palace Residences,subcommunity,"Dubai Hills Estate, Dubai","palace res, palace residence, palaceres, palaceresidences, dhe palace, palace dhe, palace hills, palaceres dhe, palaceresdhe, palace res dhe, palce residences, palace residances, palace residencs, palace resi, pr dhe, palaceresid, palaceresidence, palace hills estate, palace estate, palaceresdha, palace residents"
Palm Hills,subcommunity,"Dubai Hills Estate, Dubai","ph, palmhills, palm hill, phill, phills, phdhe, palmhillsdhe, dhepalmhills, palmehills, palmhils, palmhillz, palmhillestate, phdubaihills, dubaihillsph, palmhillse, palmhilll"
Park Field,subcommunity,"Dubai Hills Estate, Dubai","parkfield, pk field, pf, pkf, parkfld, park feild, parkfield dubai hills, dubai hills parkfield, dhe parkfield, parkfield dhe, parkfied, parkfiels, pkfield, pfield, parkfield estate"
Park Gate,subcommunity,"Dubai Hills Estate, Dubai","pge, pk gate, parkgate, pgdhe, dhe pg, park gate dhe, parkgate dhe, parkget, parkgat, prk gate, prkgate, parkg, pg dubai hills, dhe parkgate, pgate"
Park Heights,subcommunity,"Dubai Hills Estate, Dubai","ph, parkheights, parkheight, phdhe, dheph, dhparkheights, parkhgts, prkheights, parkheightes, parkhights, parkhight, pheights, parkheightstowers, parkheightsdubaihills, parkheightsdhe"
Park Horizon,subcommunity,"Dubai Hills Estate, Dubai","ph, parkhor, pkh, parkhoriz, parkh, park horizon dh, dh park horizon, parkhorizon, parkhorizondhe, parkhorizondubaihills, parkhorizn, parkhorrizon, parkhroizon, park horizion, parkhorizone, phdh, ph dxb hills, parkhorizndhe, parkhorizndubaihills"
Park Lane,subcommunity,"Dubai Hills Estate, Dubai","parklane, pl, pl dhe, parklane dhe, park lane dhe, parklane dubai hills, parklan, prklane, parklne, parklane estate, dhe parklane, park lane dubai hills, p-lane, parklanehills, parklaneestate"
Park Point,subcommunity,"Dubai Hills Estate, Dubai","pp, parkpt, parkpnt, park point dubai hills, parkpoint dhe, dhe park point, parkpoint dubai hills, parkpnt dhe, park pt, parkpnt dubai hills, parkpointdhe, parkpoint, parkpntdhe, parkpt dhe"
Park Ridge,subcommunity,"Dubai Hills Estate, Dubai","pr, pridge, parkridge, park ridge dubai, pr dhe, prdhe, parkrge, parkrdeg, park rige, park ridg, pr estate, dhe park ridge, dhe pr, parkridge dhe, park ridge dhe, parkriddge, parkridgeestate"
Parkland,subcommunity,"Dubai Hills Estate, Dubai","pkland, parklnd, pk lnd, parkland dhe, dhe parkland, parkland estate, pkland estate, park land, parklnd dhe, parkland dubai hills, pkland dubai hills, parklnd dubai hills, parklanddhe, dheparkland"
Parkside Hills,subcommunity,"Dubai Hills Estate, Dubai","psh, parkside, parksidehills, psh hills, parkside dxb hills, parkside estate, parkside dhe, dhe parkside, parksidehills estate, pside hills, park side hills, parksideh, parkside hill, parksidehils, parksidehill, psh dhe, parkside dubai hills, prkside hills, parksidehlis"
Parkside Views,subcommunity,"Dubai Hills Estate, Dubai","parkside, psv, psviews, parksideviews, parkside view, park side views, parksideview, prkside views, parksd views, parkside estate, dhe parkside, parkside dhe, parkside dubai hills, parkside views dhe, dhe psv, psv dhe, prkside, parksideviewsdhe, parksidevws, parksidev, parkside v, park side view"
Pinnacle,subcommunity,"Dubai Hills Estate, Dubai","pinnacle dhe, dhe pinnacle, pinnacle hills, pinnacle dubai hills, pinnacle estate, pinacle, pinnacel, pinnacl, pinnacles, pinnacle dxb, pinacle dhe, pinnaclehills, pinnacledhe, pinnacledubaihills"
Prive Residence,subcommunity,"Dubai Hills Estate, Dubai","prive, prive res, prive residences, priv residence, prive dubai hills, prive dhe, prive estate, privres, priveresidence, prive hills, prive residence dhe, prive residnce, prive residence dubai hills, prive dxb hills, priveres"
Raya,subcommunity,"Arabian Ranches 3, Dubai","raya3, ar3 raya, ar3raya, rayaar3, rya, raya ranches, raya subcommunity, rayah, raye, raya ar3, raya ranch 3"
Rivana,subcommunity,"The Valley, Dubai","rvn, riv, valley rivana, rivana the valley, the valley rivana, rivana valley, rivana sub, rivanna, rivana villa, rivan, rivana dxb, rivana community, rivana subcommunity, rivana emmaar, rivanathevalley, thevalleyrivana"
Ruba,subcommunity,"Arabian Ranches 3, Dubai","ruba ar3, rba, ruba ranch, ar3 ruba, ruba arabian ranches, ruba ar, rubba, ruba 3, ar3ruba, rubaar3, rba ar3, ruba ranch 3"
Samana Golf Avenue,subcommunity,"Dubai Studio City, Dubai","samana golf, samana golf ave, sg avenue, golf avenue, samana studio city, samana dsc, samana golf dsc, samana golf ave dsc, samana golf studio city, samana golf av, samana golf avn, samana golf avnue, samana golfave, samanagolfave, samana golf avenue dsc, samana golf avenue studio city, sga, sga studio city, samana golf avne"
Samana Mykonos,subcommunity,"Dubai Studio City, Dubai","smykonos, samana mykonos studio city, smykonos studio city, samana studio city, mykonos studio city, samana mykonos dsc, smykonos dsc, samana mykonos dubailand, smykonos dubailand, samana mykono, samana mykonis, samanamykonos, samana myk, mykonos dsc, smyk, samanamyk, samana myknos, samana mykonus"
Samana Santorini,subcommunity,"Dubai Studio City, Dubai","samana santorine, samana st, ssantorini, santorini dsc, santorini studio city, dsc santorini, samana studio city, smn santorini, samanasntorini, samana santorini dsc, samana santorin, storini, santorini samana"
Seagate,subcommunity,"Mina Rashid, Dubai","sgt, seagate mina, mina seagate, seagat, segate, seagate rashid, seagate mr, mina rashid seagate, sgtrashid, seagateminrashid"
Seascape,subcommunity,"Mina Rashid, Dubai","sea scape, seascape mina rashid, mina rashid seascape, seascapeminarashid, minarashidseascape, seascap, sescape, seascape mr, mr seascape, sea-scape, seascape dubai, seascape port rashid, seascape port, seascape phase, seascape rasid"
Sidra Villas,subcommunity,"Dubai Hills Estate, Dubai","sidra, sidravillas, sidra villa, sdra, sidra dh, sidra dhe, sidra estate, sidravilla, sidra villas dubai hills, sidra dubai hills, sidra hills, sidera, sidraa, sidravila, sidravillasdhe, sidradhe, dhe sidra, sidra 1, sidra 2, sidra3"
Sirdhana,subcommunity,"Mina Rashid, Dubai","sirdana, sirdhannah, srdhana, sirdhuna, sirdhna, mina rashid sirdhana, sirdhana mina rashid, sirdhanamina, mina sirdhana, sirdhana mr, mr sirdhana, sirdana mina rashid, sirdhona, sirdhyna"
Sobha Hartland,subcommunity,"Mohammed Bin Rashid City, Dubai","sh, sobha, sobhahartland, hartland, mbr sh, mbr sobha, mbr hartland, sobha hrtland, sobha hatland, soba hartland, sobha hartlend, sobha hartaln, shrtland, sobha h, hartland mbr"
Sobha Hartland II,subcommunity,"Mohammed Bin Rashid City, Dubai","sh2, sobha hartland 2, hartland 2, hartland2, sobhahartland2, mrb hartland 2, mbrc hartland 2, sh ii, sobha ii, sobha hartlandtwo, shii, sobha2, sobha h2, hartlandii, sobhahrtland2, sobha hartlnd 2, sh 2, mbr sobha 2"
Socio by Emaar,subcommunity,"Dubai Hills Estate, Dubai","socio, socio dhe, socio hills, socio dubai hills, socio emaar, socio emaar hills, socio dh, socio dhi, socio estate, socio hills estate, sociodhe, socioemaar, sociobyemaar, socio d hills, socio dh estate, socio dubaihills, sociohill, sociohils"
Socio Tower,subcommunity,"Dubai Hills Estate, Dubai","socio, socio towers, socio dxb hills, socio hills, socio estate, socio dubai hills, socio dhe, dhe socio, socio tewr, socio towr, socio dwb hills, socio dh, socio dxb, sociotower, socio.tower"
Spring,subcommunity,"Arabian Ranches 3, Dubai","springs, spr, spr3, ar3 springs, ar3spring, ar3 spring, springs ar3, ranches 3 springs, ar 3 springs, sprng, sprngs, ar3spr, springs ranches, springs r3, springs 3"
Studio 101,subcommunity,"Dubai Studio City, Dubai","s101, studio101, st101, st 101, studio city 101, dsc 101, studiocity 101, studiocity101, studyo 101, studyo101, s-101, st-101"
Sun,subcommunity,"Arabian Ranches 3, Dubai","sun ar3, sun ar iii, sun ranches, ar3 sun, sun ranches 3, sun r3, sun ranch 3, sun r-3, sunar3, sunranches3, sun ranch iii, sun ar 3, sun 3, sun riii, sun r 3, sunn, sunn ranch, ar3 sunn, sun ranche 3, sun ranchs 3"
Sunridge By Emaar,subcommunity,"Mina Rashid, Dubai","sunridge, sun ridge, sr ridge, sunridge mina rashid, mina rashid sunridge, sunridge mr, sunridge mrashid, sunrudge, sunridgge, sunridgeemaar, sr mina rashid, sunrdge, sunridge emaar, s-ridge, sunridge phase 1, sunridge rasid"
Sway Residences,subcommunity,"Dubai Hills Estate, Dubai","sway, sway res, sway resid, sway residencies, sway resi, sway residence, dhes sway, sway dhe, sway dubai hills, sway estate, swayhills, swy res, swy residences, swayres, swayresidences, sway residencies dubai hills, sway res dubai hills, sway resid dhe"
Talia,subcommunity,"The Valley, Dubai","talia the valley, tal, tly, thevalleytalia, talya, talia valley, talia thevalley, tlya, taliia, taliah, taliah valley, vly talia, talia vly"
The Golf Residence,subcommunity,"Dubai Hills Estate, Dubai","golf residence, the golf res, golf res, tgr, the golf, golf residence dhe, golf residence hills, golf residence dubai hills, golfresidence, golfresidense, golf residance, golf residnce, thegolfresidence, dhe golf residence, golf res dhe, golfres, golf res dubai, golf res dxb"
The Grove by Iman,subcommunity,"Dubai Hills Estate, Dubai","thegrove, thegroveiman, iman grove, the grove dh, grove dh, thegrove dubai hills, dh grove, grove by iman, thegrovebyiman, groveiman, thegroove, thegroovebyiman, thegroveestate, grove estate, iman grove dh, dh the grove, thegrovehills"
The Highbury,subcommunity,"Mohammed Bin Rashid City, Dubai","thehighbury, highbury, highbury mbr, mbr highbury, highbury city, highbury mbru, highbury mbrc, the high bury, highbery, highbury dubai, highbury residence, highbury residences, highbury mrb, highbury mrbc, highbury dxb, highbury project, highbury offplan, highbury property, highbury units"
The Hills A,subcommunity,"The Hills, Dubai","hills a, thehillsa, hillsa, hills-a, the hills sub a, hills a dubai, the hills a emirates living, hillsa dubai, thills a, thehilza, hill a, the hillsa, hills a phase 1"
The Hills B,subcommunity,"The Hills, Dubai","hills b, hillsb, the hills bld, the hills block b, hills block b, hillsbld, hills-b, th hills b, thehils b, thehillsb, hills bldg"
The Hills C,subcommunity,"The Hills, Dubai","hills c, hills-c, thehills c, hillsc, thc, the hillsc, hills subc, hills c phase, the hills c phase, the hill c, hill c, th c, thehllsc, hills c dubai"
The Hive,subcommunity,"Dubai Studio City, Dubai","hive, thehive, dsc hive, hive dsc, studio city hive, hive studio city, the hive dsc, dschive, thehive dsc, hive dubia studio city, hve, the hve, hive dxb, hive studio, dsc the hive"
The Nook,subcommunity,"Wasl Gate, Dubai","nook, thenook, nook wasl, wasl nook, waslgate nook, nook wg, nookwg, tnook, nuk, nooke, nook waslgate, wasl gate nook"
The Residences at District One,subcommunity,"Mohammed Bin Rashid City, Dubai","d1, d1 residences, district one, mbrc d1, mbrc district one, d1 mbrc, dist one, dist 1, done, distone, districtone, distone residences, d1 res, mbrc d1 residences, dist1, d1mubarak, dist one residences"
The Royal Gardens,subcommunity,"Mohammed Bin Rashid City, Dubai","trg, royal gardens, mbrc royal gardens, royal gardens mbrc, mbr royal gardens, royal gardens city, royalgardens, royal garden, royalgardn, royal grdns, trg mbr, mbr trg, royal gardns, royal gardens mbr"
The Terraces,subcommunity,"Mohammed Bin Rashid City, Dubai","terraces, mbrc terraces, terraces mbrc, the terraces mbr, terraces city, terraces mb r, terrces, teraces, terracesmrc, mbr terraces, terraces dubai, terracess"
The Watercrest,subcommunity,"Mohammed Bin Rashid City, Dubai","watercrest, water crest, mbr watercrest, watercrest mbr, mbrc watercrest, watercrest mbrc, thewatercrest, watercrest dubai, wcrest, w-crest, watercest, watercres, watercrst, water crest mbr, watercrest city, watercrest mohammed bin rashid, mbr city watercrest, watercrest mbc, water crest city, watercrest residence"
The Waterway by Prestige One,subcommunity,"Mohammed Bin Rashid City, Dubai","waterway, thewaterway, waterwaymbr, mbrwaterway, waterwayprestige, thewaterwaymbr, waterwaypres, waterwayresidences, waterwaycity, mrbwaterway, waterwy, waterwey, waterwaybyprestige, thewaterwaybyprestigeone, mbrcwaterway, waterwayp1, p1waterway"
Vida Hotel,subcommunity,"The Hills, Dubai","vida, the hills vida, vida hills, vidahotel, the hills hotel, vdahotel, vda hotel, videa hotel, vida the hills, vida htl, vida htel"
Vida Residence,subcommunity,"The Hills, Dubai","vida res, vida res hills, vida hills, vida the hills, v-res, v res, vidares, vres, vida residnce, vida residance, vida resi, vida residence hills, vida hills residence, vida thehills, vidaresidence"
Vida Residences,subcommunity,"Dubai Hills Estate, Dubai","vida, vidares, vida residence, vhe, vida hills, vidahills, vdh, vde, vida hills estate, vidaresidences, vidaresidence, vidha, vida res, vida residence dxb, dubai hills vida, vida dubai hills, vda residences, vida rsd, vida resd, vida resdnc"
Vida Za'abeel,subcommunity,"Zabeel, Dubai","vz, vidaz, vidazabeel, zabeelvida, vza, vida zabeel, zabeel vida, vidazbeel, vidazabil, vzabeel, v-zabeel, zabeel v, vidazabel, vida zabel, vidazabell, v zabeel"
Villas Area,subcommunity,"Oud Al Muteena, Dubai","villas, oud vls, oud villas, oam villas, oamvillas, oudalmuteena villas, oudalmuteenavillas, oud al muteena vls, oal villas, oalm villas, oudmuteena villas, oud al mutina villas, oud al mutena villas"
Warsan Estate,subcommunity,"Al Aweer, Dubai","warsan, warsan est, w-san, wrsn, warsan al aweer, al aweer warsan, warsan estate al aweer, warsancommunity, warsanest, warsaan, warsen, warsn, wresan, warsan 1, warsan1, al aweer warsan estate"
wasl port views,subcommunity,"Al Mina, Dubai","w pv, wasl port, port views, al mina port views, wpv, wasl portviews, waslportviews, waslport, portview, almina port views, wasl portview, wportviews, portviews, wasl portveiws, wasl portvies, waslport view"
Wilton Park Residences,subcommunity,"Mohammed Bin Rashid City, Dubai","wilton park, wilton park res, wilton park resid, wilton park residencies, wiltonpark, wiltonparkres, mbrc wilton park, wilton park mbrc, wilton park residence, wilton park residense, wiltonparkresidences, wilton prk, wilton res, wilton resid, wilton park dubai"
Wilton Terraces 1,subcommunity,"Mohammed Bin Rashid City, Dubai","wilton terrace 1, wilton t 1, wilton 1, wt 1, wilton terr 1, wiltonterrace 1, wiltonterraces1, wiltonterrace1, mbrc wilton 1, wilton 1 mbrc, wilton terraces one, wiltonterraceone, wilton t one, wilton terrace one, wilton ter 1, wilton t 1 mbr, mbr wilton 1, wilton terracee 1, wilton terrces 1, wiltonteraces 1"
Wilton Terraces 2,subcommunity,"Mohammed Bin Rashid City, Dubai","wilton terraces ii, wilton terr 2, wilton 2, wilton terraces two, wt2, wilton terrs 2, wilton terraces2, wiltonterrace2, wilton terrac 2, mbrc wilton 2, wilton 2 mbrc, wilton terraces 2 mbr, wilton teraces 2, wilton t 2, wilton terraces ii mbrc, wilton terr 2 mbrc, wiltonterraceii, wilton 2 dubai, wilton terraces two mbrc, wilton ter 2"
Zabeel 1,subcommunity,"Zabeel, Dubai","z1, zab1, zabeel1, zabeel one, z1 dubai, zab1 dubai, zabl 1, zabel 1, zabeelone, z1dxb, zab one, zbl 1"
Zabeel 2,subcommunity,"Zabeel, Dubai","z2, zab2, zabeel2, zabeel 2nd, zabeel ii, zabeel2nd, z2nd, zabel 2, zabel2, zabeell 2, zabeel sub 2, zabeel 2 sub, zabeel-2, zabeelcommunity2"
Zabeel Road,subcommunity,"Zabeel, Dubai","zabeel rd, zabeelroad, zbl rd, zbl road, zblrd, zabel rd, zabeelr, zabeel-rd, zabeelrd"
Zaytouna Residence Studio City,subcommunity,"Dubai Studio City, Dubai","zaytouna residence, zaytouna studio city, zaytouna sc, zaytouna dsc, zaytouna studio, zaytouna res, zaytounaresidence, zaytounastudiocity, zaytounasc, zaytounares, zaytouna, zaytona residence, zaytona studio city, zaytona sc, zaytona, zaytounna residence, zaytoona residence, zaytouna residnce, zaytouna residence dsc, dsc zaytouna, studio city zaytouna"
320 Riverside Crescent,property,"Sobha Hartland II, Mohammed Bin Rashid City, Dubai","320rc, 320 riverside, 320 riversidecrescent, 320rc hartland, 320rc sobha, 320 riverside hartland, 320 riverside sobha, 320riversidecrescent, 320riverside, 320 rc, 320rc mbr, 320rc mbrc, hartland 320rc, sobha 320rc, 320 riversidecres, 320 riverside cres, 320rsc, 320 rsc, 320 riverside cresent, 320 riverside crescentt, 320 riverside cresentt, 320riversidecres, 320rc hartland 2, 320rc hartland2"
330 Riverside Crescent,property,"Sobha Hartland II, Mohammed Bin Rashid City, Dubai","330rc, 330 riverside, 330rc hartland, 330 riverside crescent sobha, 330rc sobha, 330rsc, 330r, 330 riverside hartland, 330rc mbrm, 330rc mbrc, 330rc dubai, 330riversidecrescent, 330rcrescent, 330riverside, 330rc hartland 2, 330rc hartlandii, 330riversidehartland, 330residecrescent, 330riversidecres, 330rscent, 330riversidec, 330rcs, 330rcsobha, 330rcsobhahartland"
340 Riverside Crescent,property,"Sobha Hartland II, Mohammed Bin Rashid City, Dubai","340rc, 340 riverside, 340rc sobha, 340rc hartland, 340rc mbr, 340 riverside sobha, 340 riverside hartland, 340rc sobhahartland, 340riversidecrescent, 340rcmhr, 340rcc, 340rc hartland2, 340 riverside ii, 340 riverside 2, 340rc ii, 340rc 2, 340 riverside crscnt, 340rc cres, 340 riverside crescent mbr, 340 riverside crescent sobha, 340riverside, 340rcs, 340rc sobha hartland 2"
350 Riverside Crescent,property,"Sobha Hartland II, Mohammed Bin Rashid City, Dubai","350rc, 350 riverside, 350rc sobha, 350rc hartland, 350rcc, 350rc mbrc, 350 riverside cresent, 350 riverside cres, 350rc dubai, 350riversidecrescent, 350rcs, 350 riverside crs, 350 riverside csc, 350rc hartland 2, 350 riverside crescent sobha, 350rcsobha, 350 riversidecrescent, 350r c, 350 riverside cresc"
360 Riverside Crescent,property,"Sobha Hartland II, Mohammed Bin Rashid City, Dubai","360rc, 360 riverside, 360 crescent, 360r, 360rc hartland, 360rc mbr, 360 riverside hartland, 360 riverside crescent hartland, hartland 360, 360r crescent, 360rs, 360res, 360riversidecrescent, 360rcres, 360riverside, 360rcsobha, sobha 360, 360rs crescent, 360rc mbrc, 360r cresent, 360 riverside cres, 360rcd, 360river side crescent"
430 Riverside Crescent,property,"Sobha Hartland II, Mohammed Bin Rashid City, Dubai","430rc, 430 riverside, 430 rc, 430riversidecrescent, 430rcrescent, 430rsc, 430riversidehartland, hartland 430, hartland 430rc, 430rc sobha, 430 riverside sobha, 430riverside, 430rscrescent, 430 rsc, sobha 430rc, 430 riverside cresent, 430 riverside cres, 430 riverside crscent, 430 riv crescent"
A1,property,"The Hills A, The Hills, Dubai","the hills a1, hills a1, a 1, the hills a 1, hills a 1, the hillsa1, hillsa1, a-1, the hills-a1"
A2,property,"The Hills A, The Hills, Dubai","the hills a2, the hills a 2, thehillsa2, a2 the hills, a-2, the hills a-2, a2 tower, a2 unit, a2 at the hills, thehills a2, the hills a, a2 property, a2 apartment"
Acacia,property,"Park Heights, Dubai Hills Estate, Dubai","aca, acacia dubaills, acacia dhe, acacia park heights, acacia ph, acacia parkheights, accacia, acassia, acacia property, park heights acacia, dhe acacia, acaciadhe, acacia ph dhe"
Acacia A,property,"Park Heights, Dubai Hills Estate, Dubai","acacia, aca, acaciaa, acacia park heights, acacia dhe, acacia hills, acacia dh, acacia dubai hills, acaia, accacia, a a, acacia-a, acacia dh estate, aca dh, acacia estate, acasia, acasia a"
Acacia B,property,"Park Heights, Dubai Hills Estate, Dubai","acacia, acacia b dhe, acacia b park heights, acacia park heights, acacia b dubai hills, acacia dubai hills, acb, ac b, accacia, acacia b building, acaciab, acb park heights, acacia height, acacia b community, acacia-b"
Acacia C,property,"Park Heights, Dubai Hills Estate, Dubai","acacia, ac c, acc, acaciac, acacia dhes, acacia park heights, acacia dubai hills, acacia c dhe, acacia c dhes, acaciac dhes, acaciac dhe, ac c dhe, acc dhe, acc dhes, acdhe, acdhes, ac c park heights, acc park heights, acacia c ph, acacia ph"
Address Residences Zabeel,property,"Zabeel 1, Zabeel, Dubai","address zabeel, addr zabeel, az, address zabeel 1, zabeel address, addr zbl, addres zabeel, adres zabeel, addresszabeel, zabeel residence, zabeel address residences, addr zabeel 1, addrzabeel, address zbeel"
Address Residences Zabeel 2,property,"Zabeel 1, Zabeel, Dubai","addr zabeel 2, address zabeel 2, zabeel 2 address, zabeel 2 residences, address zabeel two, address zabeel2, addr zabeel ii, add zabeel 2, zabeel 2 addr, address zabl 2, adress zabeel 2, address zabeel, addr zbl 2, address zabeel-2, zabeel residence 2, address zabeel ii"
Address Residences Zabeel 3,property,"Zabeel 1, Zabeel, Dubai","adr zabeel 3, address zabeel 3, address z3, adr z3, address zabeel three, adr zabeel three, addres zabeel 3, addres z3, addresszabeel3, adrzabeel3, zabeel 3 address, zabeel 3 adr, zabeel residence 3, address residence 3, adr res zabeel 3, addres zabel 3, address zabel 3, address zabeel iii, adr zabeel iii, address zabeel3, zabeel address 3, zabeel adr 3"
Al Murooj Rotana Hotel,property,"Al Murooj Complex, Zabeel, Dubai","almurooj, murooj rotana, murooj, almurooj hotel, murooj hotel, almuroojrotana, muroojrotana, al murooj rotana, al murooj, al murooj complex, murooj complex, murooj zabeel, almurooj zabeel, amr, amr hotel, amr dubai, murooj rotana dubai"
AZIZI Victoria at District 7,property,"District 7, Mohammed Bin Rashid City, Dubai","azizi victoria, azizi vic, vic d7, vic mbrc, azizivictoria, azizivic, vic dist 7, dist 7 azizi, mbrc azizi victoria, azizi dist 7, azizivictoriad7, azzizi victoria, azizi victria, d7 victoria, mbd victoria, azizivictora, azizi victa, azizi vic d7, victoria mbrc, dist7 azizi"
B1,property,"The Hills B, The Hills, Dubai","the hills b1, hills b1, b one, b-1, b1 the hills, b1 hills, thehillsb1, b1thehills, b1thills, b1hils, b-one, b-one hills, the hills b one, bone"
B2,property,"The Hills B, The Hills, Dubai","b2 hills, b2 the hills, b2 tower, the hills b2, b-2, b 2, b2thehills, b2hills, hills b2, b2 bldg, b2 property"
Block A,property,"Al Hudaiba Award Building, Al Mina, Dubai","hudaiba block a, al hudaiba block a, hudaiba a, al hudaiba a, al hudaiba award block a, mina block a, al mina block a, hudaibablocka, hudaiba a block, hudaiba award a, blocka, blk a, blka, hudaiba award building a, al hudaiba award bldg a, hudaiba bldg a, al hudaiba award blocka"
Block B,property,"Al Hudaiba Award Building, Al Mina, Dubai","blockb, b-block, alhudaibablockb, alhudaiba-b, ahablockb, ahab, almina-b, alminablockb, alhudayba-b, alhudaibab, block-b, alhudaybablockb"
Block C,property,"Al Hudaiba Award Building, Al Mina, Dubai","ahab c, al hudaiba block c, al hudaiba award c, alhudaiba c, ahabblockc, alhudaibablockc, alhudaibabldgc, hudaiba c, hudaiba award c, almina block c, alminablockc, blockc, al hudaibaward c, alhudaibawardc, al hudaiba award building c"
C1,property,"The Hills C, The Hills, Dubai","the hills c1, c1 the hills, c 1, the hills c 1, the hills c-1, hills c1, c1 building, c1 tower, c1 building the hills, c1 the hills dubai, c1 thehills, c-1, c one, c one the hills, hills c 1"
C2,property,"The Hills C, The Hills, Dubai","c2 tower, c2 the hills, the hills c2, c2 hills, c2thehills, c2thehill, c2thehillstower, c-2, c 2, ctwo, c-two"
Cassia at the Fields,property,"District 11, Mohammed Bin Rashid City, Dubai","cassia, the fields, fields, cassia fields, cassia mbrm, cassia d11, cassia district 11, d11 cassia, mbrm cassia, casia, cassiaatfields, cassiafields, cassa, thefields, fields d11, fields mbrm, cassia at fields, casia fields"
Collective 2.0 Tower A,property,"Collective 2.0, Dubai Hills Estate, Dubai","coll 2.0, col 2.0, collective 2, col 2, coll2, coll2.0, collective2.0a, collective 2.0 a, coll 2a, col 2a, coll2a, coll 2.0 tower a, coll 2.0 twr a, dhe coll 2.0, dhe collective 2.0, collective2a, col2a, coll2-a, collective 2-0, coll 2 point 0, coll 2.0twr, col 2.0 tower, collective 2.0a, coll2.o, collective twr a, dhe coll2, coll2.0a, coll2.0 a"
Collective 2.0 Tower B,property,"Collective 2.0, Dubai Hills Estate, Dubai","coll 2.0, coll2, coll 2.0 b, collective 2, collective 2 b, coll 2b, col 2.0, coll two, coll2.0b, collective2.0b, collective2, dhe coll 2.0, dhe coll 2, collective 2.0 towerb, coll2b tower, coll 2.0 tower b, coll 2, collective 2.0b, coll 2.0b tower, collective 2 tower b"
Collective Tower 1,property,"Collective, Dubai Hills Estate, Dubai","coll 1, coll one, collective 1, collectiveone, collective1, coll1, col1, collective tower1, coll tower 1, dhe coll 1, dubaihills collective 1, collective dhy, collective tower one, colletive 1, colective 1, coll t1, coll t 1"
Collective Tower 2,property,"Collective, Dubai Hills Estate, Dubai","coll2, col2, collective2, coll tower 2, col tower 2, collective t2, coll t2, col t2, dhe collective 2, dubai hills collective 2, collective2dhe, col2dhe, coll2dhe, colctive 2, colective 2, collctive 2, colllectivetower2, coll2dubaihills, dubaihillscollective2"
Creek Vistas Heights,property,"Sobha Hartland, Mohammed Bin Rashid City, Dubai","cvh, creek vistas, creek vista height, creek vista heights, creekvistas, creekvista, sobha creek vistas, hartland creek vistas, mbrc creek vistas, creek v heights, cv heights, creekvistaheights, creek vista h, cvh sobha, creek vistas h, creek vesta heights, creek vista hight, creek vistah, sobha creek vista"
Crest Grande,property,"Sobha Hartland, Mohammed Bin Rashid City, Dubai","crestgrd, crest grand, cg, cgh, crest hartland, sobha crest grande, crest g, crestgr, crestgrande, cresgrande, crestgrnd, crest grnd, crest grd, hartland crest, mbrc crest, crest sobha"
Crest Grande Tower A,property,"Sobha Hartland, Mohammed Bin Rashid City, Dubai","crest grande, cg tower a, cg t-a, crest grande a, crest grande tower, crest grand, crest grnd, cg hartland, hartland crest grande, crest grande mbr, crestgrande, crestgrande a, crestgrande tower, crest grnd a, cgtowera, crest grande t-a, cg t a, crest grand a, crest grande towra, crest grade a"
Crest Grande Tower B,property,"Sobha Hartland, Mohammed Bin Rashid City, Dubai","crest grande b, cg tower b, cg b, crest grande hartland, crest grande mbrc, crestgrande, crestgrandeb, crest grnd, crest grnde, crest grande b tower, crest grande b sobha, cgb, crest grandeb, crest grande towerb, crest grande b mbc, crest grande b mrb, crest grande b mrc, crest grande, crest grande tower, crest grand b"
Crest Grande Tower C,property,"Sobha Hartland, Mohammed Bin Rashid City, Dubai","cg, crest grande c, crest grand c, crest grande sobha, sobha crest grande, crest grande mbr, mbr crest grande, crestgrandec, crestgrandetowerc, crestgrnd, crestgrndc, crest grande tower c3, crest grande c3, crestgrdc, cgtc, crest grnd, crst grande, crest grand, crest grande hartland, hartland crest grande"
Desert Palm,property,"Al Aweer Village, Al Aweer, Dubai","dp, desertpalm, dpalm, d palm, desertplm, desert palmm, al aweer desert palm, desert palm al aweer, d.palm, desertpalm hotel, desertpalm property, desert palm villa, desertplam, desert plam, desertpalm community, desertpalm dxb"
Design Quarter Tower A,property,"Design Quarter, Dubai Design District, Dubai","dq tower a, dq tower, design quarter a, d3 design quarter, d3 tower a, design quarter t a, dq t a, d3 dq, designqtr, d3designquarter, design quarter tower, d3 design quarter a, dq a, designqtr a, dq twr a, d3 dq a, designquartera, d3dq, dq t-a"
Design Quarter Tower B,property,"Design Quarter, Dubai Design District, Dubai","dqtb, design quarter b, d3 design quarter b, d3 tower b, dq tower b, d3 b tower, design quarter towerb, dq tb, designquarterb, d3 design quarter tower b, d3 dq b, design quarter bldg b, d3 bldg b, dq bldg b, desing quarter b, dseign quarter b, design quater b, design quarter tower bb, d3 towerb"
Design Quarter Tower C,property,"Design Quarter, Dubai Design District, Dubai","dq tower c, dqt c, design quarter c, d3 design quarter, d3dq, design quarter tower, d3 tower c, dq t c, dqtc, designquarterc, d3dq c, d3 design quarter c, designqtr c, designqtr tower c, dqt-c, design quarter tower-c, d3 designquarter, dq c tower"
District One Mansions,property,"District One, Mohammed Bin Rashid City, Dubai","d1, d1 mansions, d1m, d1mansion, d1 mansions mrc, d1mrc, d1m rcity, d1m city, dist 1, dist one, distone, dist1, d1mansiond, d1mansions, d1msh, d1mshns, d1 mansions dubai, d1 mansions mrb, d1m mansion, d1 mansons, districtone mansions, distone mansions, d1m mrc, d1m residences, d1 manshions"
District One Phase III,property,"District One, Mohammed Bin Rashid City, Dubai","d1, d1 phase 3, d1 ph3, d1p3, dist 1, dist one, d1 mbr, d1 mbrc, d1 mohammed bin rashid, d1 mohammed bin rashid city, district 1, district 1 ph3, district one 3, d1 phase three, d1p iii, distone, d1mbrc, d1phase3, d1p3 mbr, d1 phase 3 mbrc, districtone3, d1ph3, d1 ph 3"
District One Villas,property,"District One, Mohammed Bin Rashid City, Dubai","d1, d1v, dist 1, district1, d1villas, mbrc d1, d1 mbrc, distone, dist one, d1 villa, district one villa, dist 1 villas, d one, d1vilas, distonevillas, d1mbrc, mbrc district one, d-1, d1-villas"
District One West Phase 2,property,"District One, Mohammed Bin Rashid City, Dubai","d1w2, d1 west 2, d1west phase 2, mrc d1 west 2, district one west p2, d1w phase 2, dist one west 2, d1w2 mrc, d1 west phase 2, mrc d1w2, d1west2, dist1 west 2, districtone west 2, d1w ph 2, d1w phase2, d1westp2, mrc district one west 2, d1 west p2"
District One West Phase I,property,"District One, Mohammed Bin Rashid City, Dubai","d1 west, d1w, d1 west phase 1, d1 west ph1, district one west, d1 west mbrc, d1w mbr, d1west, d1w1, d1 west phase i, dist one west, d1w phase 1, d1 west ph 1, d1westph1, d1 west mbr city, d1w phase i, d1 west phaseone, d1 west mbr, d1w1 mbrc"
Downtown Views,property,"Zabeel 2, Zabeel, Dubai","dtv, dv, downtownviews, downtownview, downtown views 2, dtv2, dv2, dtn views, dt views, dwn twn views, dwntwn views, dwntn views, dtown views, downtownveiws, downtown vws, zabeel dtv, dtv zabeel, downtown views zabeel, zabeel 2 downtown views, dtv zabeel 2"
Dragon Tower A,property,"Dragon Towers, Dragon City, Dubai","dt a, dragontower a, dragon twr a, dtower a, dragon towers a, dragon city tower a, dragon a, dragontwra, dragontowera, dta, dragon t-a, dragon t a, dragon tower alpha, dragon tower, dragoncity tower a"
Dragon Tower B,property,"Dragon Towers, Dragon City, Dubai","dragontowerb, dtb, dragon b, dragon tower bldg, dragon city tower b, dragon city b, dragontowersb, dtowerb, dragon towerb, dragontower b, dragon towrb, dragon towre b, dragoon tower b, d-tower b, dt b"
Elvira,property,"Park Heights, Dubai Hills Estate, Dubai","elvira dhee, elvira dhe, elvira dubai hills, elvira park heights, elv, elivra, elvera, elvirra, elviradh, elviraparkheights, park heights elvira, dhe elvira, elv dhee, elv ph"
Executive Residences 1,property,"Executive Residences, Dubai Hills Estate, Dubai","er1, exec residences 1, executive residences one, exec resid 1, ex resid 1, executive res 1, execres1, executive residences, ex residences 1, exec resid, er 1, exec resid one, exec residence 1, exres1, execres 1, executive residence one"
Executive Residences 2,property,"Executive Residences, Dubai Hills Estate, Dubai","exec residences 2, exec res 2, er 2, executive residences two, exec residence 2, er2, exec res2, executive res 2, execres 2, executive residencesii, exec residences ii, exec res ii, er ii, dubai hills exec res 2, dhe exec res 2, exec residences dubai hills 2, excecutive residences 2, executiv residences 2, exectuive residences 2, exec residance 2, exec resd 2"
Fairway Vistas,property,"Dubai Hills, Dubai Hills Estate, Dubai","fv, fairway, fairwayvista, fv dubai hills, fv dhe, fairway v, fairway vsta, fair way vistas, fairwayvistas, fairwayvistasdhe, fairways, fairways vistas, fairwaysvista, fv estate, dhe fairway, fairwayvistas dubai, fairway vistas dhe, fairwayvista dhe"
Gardenia,property,"Al Murooj Complex, Zabeel, Dubai","gardina, gd, gdn, gard, al murooj gardenia, murooj gardenia, gardenia murooj, murooj complex gardenia, gardenia zabeel, zabeel gardenia, gardnia, gardinia, gardeniaalmurooj, muroojgd, gdnmurooj"
Gemini Splendor,property,"Sobha Hartland, Mohammed Bin Rashid City, Dubai","gs, gemini, gemini s, gemini spl, gemini sp, gemini hartland, hartland gemini, geminisplendor, geminispl, geminis, gemini-s, gemini spldr, gemeni splendor, gemini splender, gemeni splender, gemini soplendor, gemini splingdor, g splendor, gemini soba hartland, gemini mbrc, mbrc gemini, gemini dubailand"
Glitz 1,property,"Glitz, Dubai Studio City, Dubai","g1, gltz 1, glitz1, glitzone, glitz one, glitz 1 dsc, dsc glitz 1, gltz1, glitx 1, glits 1, glitz-1, gltzone, glitz one dsc"
Glitz 2,property,"Glitz, Dubai Studio City, Dubai","glitz2, g2, glitz two, glitz ii, glitz 2 dsc, dsc glitz 2, glitz2 dsc, glitz 2 studio city, glitztwo, glitzii, glitz 2 studio, glitz 2 dubaisc, glitz 2 dubai studio, glitz2dubai, gitz 2, glits 2, glit 2, glitz2studio, glitz 2dsc"
Glitz 3,property,"Glitz, Dubai Studio City, Dubai","glitz3, g3, glitz three, glitz iii, gltz 3, glits 3, glitz3 studio city, glitz 3 dsc, gltz3, glitzthree, glitz3dubai, g3dsc, glitz3dsc, glitz3 studio, glitz 3 property, glitz3."
Golf Place 1,property,"Golf Place, Dubai Hills Estate, Dubai","gp1, gp 1, golfplace1, golfplace 1, golfplace, gp, golf place one, golf place i, dh golf place 1, dubai hills golf place 1, golfplaceone, golf place-1, golfplce 1, golf plac 1, golfplce1"
Golf Place 2,property,"Golf Place, Dubai Hills Estate, Dubai","gp2, golf place two, golfplace2, golfplace 2, gp 2, golfplaceii, golf place ii, golfplace two, dh golf place 2, dhe golf place 2, golf place phase 2, golfplace phase 2, gp ii, golfplace, golf place 2nd phase"
Golf Ridges,property,"Sobha Hartland, Mohammed Bin Rashid City, Dubai","golfridge, gr, grsobhahartland, golfridgessobha, hartlandgolfridges, golfridgehartland, g.ridges, g.r.sobha, golf-ridges, golfridg, sobha-gr, mbrc-gr, golfrdges, golfridgeashartland"
Golf Suites,property,"Dubai Hills, Dubai Hills Estate, Dubai","gs, golfs, golfsuites, golfsuite, golf stes, golf st, gh golf suites, dhe golf suites, golf suites dhe, golfsuitesdhe, golfst, golf ste, golfstes, golf suit, golfsute, golfsits, golfstsuites, golfstsuite"
Greenside Residence,property,"Dubai Hills, Dubai Hills Estate, Dubai","greenside, greenside residnce, greenside res, greenside resi, greenside dhells, greenside hills, dh greenside, dubai hills greenside, greensideresidence, greensideres, greenside resedence, gresidence, greenside redidence, greenside resdence"
Grenland Residence,property,"District 11, Mohammed Bin Rashid City, Dubai","grenland, grenland res, grenland resid, greenland residence, grenland mbr, grenland mbrc, grenland d11, mbr grenland, d11 grenland, grenlandres, grenlandresidence, grenlandd11, grenlandmbrc, grenland residance, grenland resi, grnland residence"
Hartland Garden Apartments,property,"Sobha Hartland, Mohammed Bin Rashid City, Dubai","hartland gardens, shga, sh garden, hartland garden, sobha hartland garden, hartland gardn, hartland grdns, hartlandgarden, shg, sobha garden, mrc hartland garden, hartland gardens apartments, hartland gardnes, sh garden apts, hartland apts, sobha hartland gardens"
Hartland Gardenia,property,"Sobha Hartland, Mohammed Bin Rashid City, Dubai","hartland gardenias, gardenia sobha, sh gardenia, gardenia mbrc, hartland gardeniaa, gardeniaa, gardeniahartland, sobha gardenia, gdn sobha, hartland gdn, gardenia, gardenia mbr, m br gardenia, h gardenia, sobha h gardenia"
Hartland Greens,property,"Sobha Hartland, Mohammed Bin Rashid City, Dubai","hartland green, hg, hartlandgrns, sobhahartlandgreens, shg, sobha hg, hartland g, h greens, hgrns, hartlandgreen, sobha greens, hartlandgrn, hgrn, s hg, mbrc hartland greens, hartland greens sobha"
Hyde Residences,property,"Dubai Hills, Dubai Hills Estate, Dubai","hyde, hyderes, hyderesidence, hydehills, hyde dxb hills, hyderesd, hyderesid, hyde dhee, hyde estate, hyde dh, hyderesidences, hideresidences, hideres, hyde resid, hyderesidency, hyde dubai hills, hyde dxb, hyde dhe, hyde hills estate"
Jade at the Fields,property,"District 11, Mohammed Bin Rashid City, Dubai","jade@thefields, jatf, jade fields, jade field, jade d11, jade mbrc, jade at fields, jadeatthefields, jadeatfield, jadefields, jtf, jade d11 fields, jaded11, jade mbr, jade city, jade, fields jade, d11 jade, mbrc jade"
Kensington Waters A,property,"Kensington Waters, Mohammed Bin Rashid City, Dubai","kw a, kw-a, kensington water a, kensngton waters a, kensingtonwatersa, kensington waters, kw mbrc, kensington waters mbrc, kw dubai, kw a mbrc, kensington waters a mbr, kensington water, kensington, kensigton waters a, kw a project, kw property, kw a property"
Kensington Waters B,property,"Kensington Waters, Mohammed Bin Rashid City, Dubai","kwb, kensington b, kensington watersb, kensingtn waters b, kensington wtr b, kw waters b, kensingon waters b, kensingtonn waters b, kensingtonwaterb, kensingtwn waters b, mbrc kensington b, kensington waters mb r, kensington waters mbrc, kensington waters mbc, kensington water b, kw b"
Keturah Reserve,property,"District 7, Mohammed Bin Rashid City, Dubai","keturah, k-reserve, kreserve, keturahreserve, keturahres, mbr k-reserve, mbr keturah, keturah mbr, kreserve mbr, ketura reserve, keturah resv, keturahresv, keturah reserv, k-res, keturahreser, mbr-keturah, mbrketurah, kreserve mbrc, keturah mbrc"
Khafajy Building,property,"Zabeel 2, Zabeel, Dubai","khafaji bldg, khafajy bld, khafajy, zabeel khafajy, khafajy zabeel, khfajy bldg, khafaji building, khafajy2, zabeel 2 khafajy, khafajy zabeel 2, khafajy bldg zabeel, khafajy bld zabeel, khafaji bld, khafajy building zabeel, zabeel2 khafajy"
Lagoon Views,property,"District One, Mohammed Bin Rashid City, Dubai","lv, lagoonviews, lagun views, lagon views, d1 lagoon views, d1 lv, district one lagoon views, lagoon view, lagoonv, mrb lagoon views, mbrc lagoon views, lagoonview, lagoonvws, lagone views, lgoon views"
Lavender,property,"Al Murooj Complex, Zabeel, Dubai","lav, lavndr, al murooj lav, lav al murooj, murooj lav, lav mj, almuroojlav, lav complex, lav zabeel, lavzabeel, lavr, lvn, al murooj lavender"
Lua Residences,property,"District 11, Mohammed Bin Rashid City, Dubai","lua, lua res, lua residence, lua mbr, lua d11, lua dist 11, lua district 11, luaresidences, luares, luaresi, luaresid, luaresdnc, lura residences, lua resd, d11 lua, mbrc lua, lua mbr city, lua mohammed bin rashid, lua mohammed bin rashid city, lua residencies, lua resedencies, lua resedence"
MAG City,property,"District 7, Mohammed Bin Rashid City, Dubai","mag, mag city mbr, magcity, magcity mbr, mag mbr, mag mbr city, mag city d7, mag d7, magcityd7, magcity d7, magcitymbr, magcitymbrcity, mbc mag, mag city dubai, mag cty, mag citi, magcty"
MAG City Apartments,property,"District 7, Mohammed Bin Rashid City, Dubai","magcity, mag city, mag city apts, mag apts, mag apartments, magcityapts, mbc mag city, mag city mrc, mag city mrb, mag city d7, mag city dist 7, mag city district 7, magcity mrc, magcity d7, mag cty, magcty, mag cityy, mag citty, mag cti, magcity apts"
MAG City Meydan,property,"District 7, Mohammed Bin Rashid City, Dubai","mag city, mag meydan, magcity, magmeydan, mag city mbr, mag meydan city, mag city d7, mag city district 7, mag city mbrc, mag city mbr city, magcitymeydan, magcitymbr, magcityd7, mag cty, mag midan, mag maydan, mag medyan, mag cityy, magg city, mag cityy meydan"
MAG Eye,property,"District 7, Mohammed Bin Rashid City, Dubai","mageye, mag eyes, m.b.r city mag, mbr mag, mag mbr, mag d7, mag district 7, mag city, mgeye, magaye, mag ei, mag eye mbro, mag eye mbz, mag mbc, mag eye d7, mag eye city, magedubai, magmbrid, mbrc mag, mag eye property, mag eyes mbr"
Maple 1,property,"Maple at Dubai Hills Estate, Dubai Hills Estate, Dubai","mpl1, m1, mapleone, mapl1, mapel1, maple 1 dhe, maple 1 dubai hills, dhe maple 1, maple1dhe, maple1dubaikills, maple1, mapleone dhe, mpl 1, mapleone estate"
Maple 2,property,"Maple at Dubai Hills Estate, Dubai Hills Estate, Dubai","mpl2, m2, mapl2, maple-2, mapleii, m2dhe, mapledhe, mapledubaihills, maplehills, mapl at dhe, mapl2dhe, mapledubaihillsestate, m2 dubai hills, maple 2 dhe, m2-dhe, mapl two, mapl 2"
Maple 3,property,"Maple at Dubai Hills Estate, Dubai Hills Estate, Dubai","maple3, m3, m3dhe, mapl3, maple iii, maplethree, mple3, mapel3, maple at dhe, maple dhe, maple hills, maple 3 dubai hills, m3 dubai hills, mapel 3, mapple3, mapple 3, m3est, m3 estate, maple 3 estate"
Marina Views Tower 1,property,"Marina Views, Mina Rashid, Dubai","mv1, marina views 1, mv tower 1, marinaviews1, mvt1, marina view 1, mv tower, minarashid mv1, marina views t1, mv t1, marina view tower 1, mv1 mina rashid, mvt 1, marina vws 1, minarashid marina views 1"
Marina Views Tower 2,property,"Marina Views, Mina Rashid, Dubai","mv t2, marina views 2, mv tower 2, marinaviews 2, mvt2, mv t-2, marinaview t2, mina rashid mv2, mv tower two, mviews 2, marinaviewstower2, marina view 2, mv t02, mv tower ii, minarashid mv t2, mv2 tower, marina views tower ii, mv t 2, mvt 2"
Marina Views Tower 3,property,"Marina Views, Mina Rashid, Dubai","mvt3, marina views 3, mv3, marinaviews3, mvt 3, mina rashid tower 3, marina view 3, mvt-3, marinaviewt3, marinarashid mv3, marina views t3, mvt tower 3, mv t3, marina views tower3, marinaviews tower 3, mr mv3, mvt iii"
Millennium Square,property,"District 11, Mohammed Bin Rashid City, Dubai","msq, millenium square, milenium sq, millsq, msquare, millsqr, msqr, millsquare, mill sq, msq d11, millenium sq d11, mbrc millenium square, d11 millenium square, millenium square d11, millsq d11, mill square d11, msq mbrc, millsq mbrc, milleniumsq, milleniumsqr, millsqre, mileniumsq, mileniumsquare"
Mira 1,property,"Mira, Reem, Dubai","m1, miraone, mra1, mira1reem, reemmira1, mira 01, m-1, mira-1, miraonereem, m1reem, miraa1, mira1dubai, mirra1, mraone"
Mira 2,property,"Mira, Reem, Dubai","m2, mira ii, mira2, reem mira 2, mira reem 2, m2 mira, mira-2, mirra 2, mira 2nd, mii mira, mira two, mira2 reem, reem m2"
Mira 3,property,"Mira, Reem, Dubai","mira iii, m3, mira phase 3, reem mira 3, mira3, mira tre, mira three, mira3 reem, reem mira phase 3, miraa 3, mira3 dubailand, mira 3 reem, miraiii, mira sub 3, mira phase iii"
Mira 4,property,"Mira, Reem, Dubai","m4, miraiv, mira4, mira four, mr4, reem mira 4, mira4 reem, mira reem 4, mira4 villa, mira iv, mira 4 reem, mira4dubai, mira4uae, mira4 community, miraa4, mirafor, mira four reem, m4 reem, mira-4"
Mira 5,property,"Mira, Reem, Dubai","mira5, m5, mira-5, mira five, mira community 5, mira reem 5, reem mira 5, mira5 reem, mira5 dubai, mira v, mira 5th, mira5 community, mira, mirra 5, miraa 5, mira5 villas, mira five villas"
Mira Oasis 1,property,"Mira Oasis, Reem, Dubai","mo1, mira oas 1, mira oasis one, mo 1, miraoasis1, mira oas, mira oasis i, mira oas i, mra oasis 1, mira oisis 1, mo-1, mira oais 1, reem mira oasis 1, mira oasis reem 1, moone"
Mira Oasis 2,property,"Mira Oasis, Reem, Dubai","mira oasis ii, mo2, mo 2, mira oasis two, mira oassis 2, mira osis 2, mira oasiss 2, mira oasise 2, reem mira oasis 2, mira oasis reem 2, mo2reem, miraoasis2, moii, mira o2, mira oasiss2, mira osis ii, mira osis2"
Mira Oasis 3,property,"Mira Oasis, Reem, Dubai","mira oasis iii, mo3, mo 3, mira o3, mira oasis three, miraoasis3, mira oasiss 3, mira oases 3, mira osis 3, reem mira oasis 3, mira oasis reem 3, mo-3, mira oasisi 3, mira oasys 3, mo iii, mira oasiss3"
Mulberry 1,property,"Park Heights, Dubai Hills Estate, Dubai","mulberry1, mulb1, mulberry, mulb, mulberrydhe, mulberryhills, parkheightsmulberry, phmulberry, mulberryparkheights, mulberrydhe1, mulbery, mulbary, mulberryone, mulb-1"
Mulberry 2,property,"Park Heights, Dubai Hills Estate, Dubai","mulberry, mulb, mulb 2, mulb2, mulbii, mulbery 2, mulbery, mulberry2, park heights mulberry, park heights mulberry 2, mulberry park heights, ph mulberry, ph mulberry 2, mulb park heights, mulb 2 park heights, mulbery ii, mulb ii"
Naya 3,property,"District One, Mohammed Bin Rashid City, Dubai","naya3, naya iii, naya three, d1 naya 3, d1 naya, mbrm naya 3, mbrc naya 3, dist 1 naya, district one naya 3, naya3 d1, naya3 mbrc, naya iii d1, naya three d1, nayaa 3, naya 33, naya 3 property, naya 3 dxb, naya phase 3, naya-3, naya-iii"
Naya at District One,property,"District One, Mohammed Bin Rashid City, Dubai","naya d1, naya d 1, naya district1, d1 naya, d1 naya residences, naya mbr, naya mbrc, naya mbr city, naya district one, nayad1, naya d-1, naya residence d1, naya at d1, naya at d one, naya d one, naya districtone"
Nineteen Riviera Lagoon,property,"District 11, Mohammed Bin Rashid City, Dubai","19riviera, 19rivieralagoon, 19rl, 19rlagoon, nineteennriviera, ninteenriviera, ninetinriviera, d11nineteen, mrbcnineteen, mrbc19, dist11nineteen, 19rivieradist11, nineteenriviera11, 19rivierad11, 19rv, nineteennrivieralagoon, 19rivieralagoonmrbc"
Ocean Point 1,property,"Ocean Point, Mina Rashid, Dubai","op1, oceanpt1, oceanpointone, op 1, ocean pt 1, oceanpt 1, minarashid ocean point 1, ocean point mina rashid 1, oceanpoint, oceanpoint1, opone, ocean pnt 1, ocn pt 1, ocnpt1, ocean point one, ocean point i, ocean point 01, op-1"
Ocean Point 2,property,"Ocean Point, Mina Rashid, Dubai","op2, oceanpoint2, opii, oceanpt2, optwo, ocnpt2, oceanpointii, op 2, ocean point ii, opii mina rashid, ocean point 2 dubai, oceanpt ii, op 2 mina rashid, oceanpnt2, oceanpointtwo, opmina, oceanpttwo, op2 mr"
Olivara Residences 1,property,"Olivara Residences, Dubai Studio City, Dubai","olivara1, olivara res 1, olivara res one, olivara residence 1, olivar residences 1, olivara studio city, olivara dsc, dsc olivara, olivara 1 dsc, olivararesidences1, olivara1dsc, olvara 1, olivar 1, olivari 1, olivara r1, olivara resi 1"
Olivara Residences 2,property,"Olivara Residences, Dubai Studio City, Dubai","olivarares2, olivara res 2, olivararesidences2, olivara 2, olivara studio city 2, olivarra 2, olivara residences two, olivarares, olivarares 2, olivararesidences ii, olivera 2, oliveraresidences2, olivarares2 dsc, olivara studio 2, olivara 2 dsc"
Olivara Residences 3,property,"Olivara Residences, Dubai Studio City, Dubai","olivara3, olivara res 3, olivara resi 3, olivara residence 3, olivara 3 studio city, olivara studio city 3, olivarares 3, olivararesidences3, olvara 3, olivar 3, olvira 3, olviara 3, olivara resiii, olivara residence iii"
Olivara Residences 4,property,"Olivara Residences, Dubai Studio City, Dubai","olivara 4, olivara res 4, olivara res 4 dubai studio city, olivara residences iv, olvara 4, olivara4, olvara residences 4, studio city olivara 4, olivara res four, olivar residences 4, olivara residencies 4, olivara 4 dsc, dsc olivara 4, olivera 4, olivaraa 4, olivara4residences, olivara r 4"
One Park Avenue,property,"Sobha Hartland, Mohammed Bin Rashid City, Dubai","1pa, 1 park avenue, one park ave, oneparkavenue, op, opa, sobha 1pa, sobha one park, 1pa hartland, hartland 1pa, one park hartland, 1 park ave hartland, oneparkave, 1parkavenue, 1parkave, one park av, op hartland, sobha 1 park avenue"
One Za'abeel,property,"Zabeel 1, Zabeel, Dubai","1zaabeel, onezabeel, 1zabeel, onezaabel, oz, one zaabel, 1 zaabeel, zabeel one, 1z, onez, one zaabil, 1 zaabil, 1zabl, 1zab, onezabl, zaabeel 1, zabeel1, onezaable, oz1, oz 1"
Opal Gardens,property,"District 11, Mohammed Bin Rashid City, Dubai","og, opal, opal gdns, opalgardens, d11 opal, opal d11, mbrc opal, opal mbrc, opel gardens, opal garden, opall gardens, opalgardn, opalgdns, d11og, ogd11"
Park Field Tower 1,property,"Park Field, Dubai Hills Estate, Dubai","pf t1, parkfield t1, park field 1, pf tower 1, parkfield tower 1, parkfield t 1, pf1, pft1, park field t1, parkfield1, parkfield tower one, park field tower one, parkfiel t1, parkfeild t1, parkfieldt1, dhe park field t1, park field dhe t1, parkfield dhe t1"
Park Field Tower 2,property,"Park Field, Dubai Hills Estate, Dubai","pf2, parkfield 2, park field t2, pk field 2, parkfieldt2, parkfield tower2, d hills parkfield 2, park field d hills 2, parkfeild 2, parkfiel 2, parkfielddhe 2, parkfield towerr 2, pf tower 2, park fieldt 2"
Park Heights 1,property,"Park Heights, Dubai Hills Estate, Dubai","ph1, park heights one, ph 1, parkheights1, parkheights 1, park hgts 1, park hgts one, ph heights 1, parkhights 1, parkhieghts 1, park heights dubai hills 1, dh park heights 1, dhe park heights 1, parkheightsone, phone, park heights i, park heights 1st"
Park Heights 2,property,"Park Heights, Dubai Hills Estate, Dubai","ph2, parkh2, park heights ii, ph2 dhe, park heights 2 dhe, parkheights2, ph 2, park hts 2, park hts ii, parkhgt 2, park hieghts 2, park heigths 2, parkheights 2, dhe park heights 2, ph2 dubai hills, park heights two, ph two, park heights ii dhe"
Park Point Building A,property,"Park Point, Dubai Hills Estate, Dubai","pp a, park point a, pp building a, parkpoint a, parkpointa, park point bldg a, park point tower a, parkpoint building a, park point a dubai hills, dh park point a, ppa, park point a dh, parkpoint a dubai hills, park point a dxb, parkpointa dxb, park point a building, pp bldg a, park point a-a"
Park Point building B,property,"Park Point, Dubai Hills Estate, Dubai","pp b, pp building b, park point b, parkpoint b, parkpt b, park point bldg b, parkpointb, ppb, park point b building, park point buildingb, prk point b, park pnt b, park poimt b, park point bb, park point b-b"
Park Point Building C,property,"Park Point, Dubai Hills Estate, Dubai","ppc, park point c, park point bldg c, park point c building, dh park point c, pp building c, parkpoint c, parkpointc, park pt c, pk point c, park point c dubai hills, parkpoint building c, park point c bldg, pp c, park point c."
Park Point Building D,property,"Park Point, Dubai Hills Estate, Dubai","ppd, park point d, park point bldg d, park point build d, parkpointd, parkpoint building d, p.point d, parkpointdhe, park point dhe, dh park point d, pp building d, park point d dubai hills, parkpointd dubai hills, parkpnt d, parkpnt building d"
Park Ridge Tower C,property,"Park Ridge, Dubai Hills Estate, Dubai","pr c, pr tower c, parkridge c, prdhe, prdhe c, park ridge c, prt c, parkridgec, parkridge tower c, prdhec, pr ridge c, pr ridge tower c, prc, park ridge, parkridge, pr dhe, park ridge hills, park ridge dhe"
Quad Homes,property,"Sobha Hartland, Mohammed Bin Rashid City, Dubai","qh, quad, quadhms, quadhomesdubai, quadsobha, quadhartland, quadmbr, qhsobhahartland, quadhome, quadhmes, quadhmssobha, qhsobha, quadhartlandhomes, quadhmsmbrc, quadhomesmbr"
Residence 25,property,"District One, Mohammed Bin Rashid City, Dubai","res25, res 25, r25, residence25, d1res25, d1 res 25, mbrc res 25, mbrc residence 25, res-25, resi 25, residance 25, residnce 25, resi25, dist 1 res 25, d1r25"
Residences 1,property,"District One, Mohammed Bin Rashid City, Dubai","res 1, res1, d1 res 1, d1res1, d1res, d1 residences 1, district one res 1, district one residences 1, mbrc res 1, mbrc res1, residencies 1, residance 1, residancy 1, resone, res-1"
Residences 11,property,"District One, Mohammed Bin Rashid City, Dubai","res11, residences11, d1 res11, d1 residences 11, district one res 11, d1r11, res 11 d1, residences eleven, res 11 mbrc, mbrc res 11, res11 d1, r11, residencesoneone, d1residences11, residence11, residences 11 d1, residences11 d1, res11 mbr, d1r 11"
Residences 12,property,"District One, Mohammed Bin Rashid City, Dubai","res12, res 12, resi 12, res-12, residences12, d1 res 12, district one res 12, d1r12, d1res12, mbrc res 12, resedences 12, resedence 12, residance 12, residencies 12, residens 12, residence12, resd 12, d1 residence 12, mbr city res 12, dist one res 12"
Residences 13,property,"District One, Mohammed Bin Rashid City, Dubai","res 13, res-13, d1 res 13, d1res13, d1r13, mbrc res 13, district one res 13, res13, res.13, residence 13, residencies 13, d1 residence 13, d1 residencies 13, resd 13, dist one res 13, mbrc r13, d1r 13, resi 13, d1res 13"
Residences 14,property,"District One, Mohammed Bin Rashid City, Dubai","res14, r14, residences14, res 14, d1 res 14, d1r14, d1res14, mbrc res 14, district one res 14, d1 residences 14, res-14, r-14, residances 14, residnce 14, residence14, d1r 14, residencies 14, mrbc res 14, dist 1 res 14, r-fourteen"
Residences 15,property,"District One, Mohammed Bin Rashid City, Dubai","res15, res 15, d1 res 15, d1 res15, district one res 15, district one residences 15, mbrc res 15, mbrc residences 15, residences15, resfifteen, res-15, d1 residences 15, d1 residences15, d1r15, res 15 d1, res 15 district one, res 15 mbrc, residence 15, resedences 15, residances 15, residens 15, r15, r 15, d1 r15, mbrc r15"
Residences 16,property,"District One, Mohammed Bin Rashid City, Dubai","res16, res 16, r16, d1 res 16, d1res16, district one res 16, mbrc res 16, residences16, resedences 16, residencies 16, resi 16, r 16, dist 1 res 16, res-16"
Residences 17,property,"District One, Mohammed Bin Rashid City, Dubai","res 17, res17, resid 17, residence 17, d1 res 17, d1 residences 17, mbrc res 17, district one res 17, resid17, res-17, res seventeen, d1 residences seventeen, d1r17, d1 res17, residencesseventeen, resss 17, residance 17, resedence 17, d1 residences17"
Residences 18,property,"District One, Mohammed Bin Rashid City, Dubai","res18, res 18, r18, resi18, residences18, d1 res 18, d1 resi 18, district one res 18, mbrc res 18, resid18, resindences18, residances18, resedences18, distone res 18, d1r18, res18d1, res18mbrc, res 18 d1, resid 18"
Residences 2,property,"District One, Mohammed Bin Rashid City, Dubai","res2, res 2, r2, d1r2, d1 res 2, dist 1 res 2, mbrc res 2, residence 2, residens 2, resedence 2, res2 d1, d1 resid 2, res2 mbrc, residence2, res2d1, d1res2, residences2, res 2 d1, res 2 mbrc, dist one res 2"
Residences 20,property,"District One, Mohammed Bin Rashid City, Dubai","res20, res 20, r20, d1 res 20, d1res20, district one res 20, mbrc res 20, residencies 20, residance 20, resd 20, res.20, d1 residences 20, d1 residence 20, district one residences 20, resi 20, res20 d1, res20 mbrc"
Residences 21,property,"District One, Mohammed Bin Rashid City, Dubai","res21, res 21, r21, residences21, district one res 21, d1 res 21, d1 residences 21, d1 residences21, mbrc res 21, residences-21, resi 21, res 21 district one, residencies 21, resedences 21, residence 21, d1 r21, d1 res21"
Residences 22,property,"District One, Mohammed Bin Rashid City, Dubai","res22, res 22, d1 res 22, d1 residences 22, district one res 22, mbrc res 22, residences22, residence 22, res22 d1, res 22 mbrc, residence22, r22, d1 r22, mbr r22, res 22 d1, res 22 dubai, residences 22 d1, d1 res22, resd 22, residence22 d1"
Residences 23,property,"District One, Mohammed Bin Rashid City, Dubai","res23, res 23, resd 23, r23, d1 res 23, d1res23, d1 resd 23, district one res 23, mbrc res 23, resd23, residences23, resid 23, resdences 23, resi 23, d1 residence 23, res 23 d1"
Residences 26,property,"District One, Mohammed Bin Rashid City, Dubai","res26, r26, d1res26, d1residences26, residencies26, resedences26, district1res26, mbrcres26, mbrcresidences26, res 26, res26d1, d1r26, residence26, ressidences26, dist1res26, d1residence26, resedence26"
Residences 28,property,"District One, Mohammed Bin Rashid City, Dubai","res28, r28, d1 res 28, d1 residences 28, d1res28, mbrc res 28, residences28, residencess 28, residdences 28, res 28 d1, d1 r28, district one res 28, district one r28, d1 residences28, mrbc res 28, res28 d1, residnce 28, residnce28, res-28, res 2-8"
Residences 29,property,"District One, Mohammed Bin Rashid City, Dubai","res29, r29, res 29, residences29, d1 res 29, d1 res29, mbrc res 29, dist1 res 29, d1 r29, mbrc r29, residencies 29, residance 29, resedence 29, resi 29, d1 residence 29, d1 residences29, district one res 29"
Residences 3,property,"District One, Mohammed Bin Rashid City, Dubai","res3, res 3, r3, d1 res 3, d1 residences 3, d1 r3, d1r3, district one res 3, mbrc res 3, d1 res3, resi 3, residences3, d1 residences3, resd 3, resid 3, dist 1 res 3, d1 resd 3, mbr city res 3"
Residences 30,property,"District One, Mohammed Bin Rashid City, Dubai","res30, res 30, r30, d1 res 30, d1 res30, d1res30, residences30, district one res 30, district one residences 30, mbrc res 30, mbr city res 30, res-30, res.30, residence 30, residencies 30, residance 30, resedence 30, d1r30, d1 residences 30"
Residences 4,property,"District One, Mohammed Bin Rashid City, Dubai","res 4, res4, resid 4, resid4, d1 res 4, d1 res4, district one res 4, district one resid 4, mbrc res 4, mbrc resid 4, d1 residences 4, residences4, res-4, resid-4, d1-res-4, mbr-res-4, residenes 4, residance 4, residenc 4, d1 resiv 4, districtone res 4"
Residences 5,property,"District One, Mohammed Bin Rashid City, Dubai","res5, res 5, r5, res-5, d1 res 5, d1 res5, d1r5, dist one res 5, district one res 5, mbrc res 5, resdences 5, residencs 5, residens 5, resdence 5, res 5 d1, res5 d1, res5 dxb, d1 residences 5, residance 5, resedence 5"
Residences 6,property,"District One, Mohammed Bin Rashid City, Dubai","res6, res 6, residences6, d1 res 6, d1 residences 6, d1 res6, mbrc res 6, mbrc res6, residencies 6, resedences 6, residance 6, res 6 d1, d1r6, d1 residences6, district one res 6, d one res 6, d1 residence 6, ressi 6, res-6"
Residences 7,property,"District One, Mohammed Bin Rashid City, Dubai","res7, res 7, r7, resseven, resid 7, d1 res 7, d1 res7, d1 r7, mbrc res 7, mbrc res7, residencies 7, residencies7, res-7, res seven, d1 residences 7, residencs 7, residance 7, residenc 7, d1r7, district one res 7, district one res7, mbr city res 7"
Rose,property,"Al Murooj Complex, Zabeel, Dubai","rose tower, rose murooj, rose zabeel, murooj rose, rose apt, rose bldg, rose res, rose dxb, rose complex, roze, rose resid, rose property, rosee, rse, murooj rose complex, rose zabeel 1, rose zabeel 2"
Seagate Building 1,property,"Seagate, Mina Rashid, Dubai","seagate 1, sg 1, sg1, seagate bldg 1, seagate b1, seagte 1, seagateone, mina rashid seagate 1, mr seagate 1, seagate mina rashid, sg bldg 1, seagateb1, seagatebuilding1, seegate 1, sgone, seagate bld 1"
Seagate Building 2,property,"Seagate, Mina Rashid, Dubai","sg2, seagate2, seagate bldg 2, sg bldg 2, seagate bld 2, sea gate 2, sg-2, seagte 2, segate 2, seagateii, seagate building ii, mina rashid sg2, sg mina rashid, seagate mina rashid 2, sg2 mina, seagate bldg2, sg bld2, seagate2 mina rashid, sg 2, seagate 02"
Seagate Building 3,property,"Seagate, Mina Rashid, Dubai","sg3, seagate3, seagate b3, seagate bldg 3, sg bldg 3, sea gate 3, sea gate b3, seagateb3, sg-3, seagate building three, seagate bld 3, segate 3, seagate 3 mina rashid, mina rashid seagate 3, mr seagate 3, seagate three, sg three, sg b3, seagate bldg3"
Seagate Building 4,property,"Seagate, Mina Rashid, Dubai","sg4, seagate 4, seagate bldg 4, seagate b4, mina rashid sg4, sg bldg 4, seagateb4, segate 4, seagatefour, seagate bld 4, sg four, seagate b4 mina rashid, seagate bldg4"
Seagull Point Tower,property,"District One, Mohammed Bin Rashid City, Dubai","seagull pt, seagull pnt, sgl point, sgl pt, seagul point, seagullpoint, d1 seagull, d1 seagull point, mbrc seagull, mbrc seagull point, seagull point d1, seagull point mbrc, sgull point, seagullpnt, seagul pt, segull point, sglpnt"
Senses at the Fields,property,"District 11, Mohammed Bin Rashid City, Dubai","senses, senses fields, senses at fields, the fields senses, senses mbrc, senses d11, senses district 11, senses mbd, senses mb rcity, senses dubai, sensesthefields, sensfields, sensesfield, senss, sences, sences at the fields, sences fields, senss at the fields, senses mbr, senses mbr city, d11 senses, mbrc senses"
Sidra Villas I,property,"Sidra Villas, Dubai Hills Estate, Dubai","sidra, sidra 1, sidra villas 1, sidra v1, sidravillas1, sv1, sdra, sidra phase 1, dhe sidra, sidra dhe, sidra estate, sidra 1 villas, sidravillas i, sidra i, siddra, sidra1, sidraone, sidrav1, sidra villa 1"
Sidra Villas II,property,"Sidra Villas, Dubai Hills Estate, Dubai","sidra 2, sidra villas 2, sidra ii, sidra2, sidravillas2, sidra 2 dhe, dhe sidra 2, sidra villa 2, sidraii, sidra vilas 2, sidra v2, sidra v 2, sidra2dhe, sidra two, sidra ii dubai hills, sidra 2 dubai hills, s2, s2 dhe"
Sidra Villas III,property,"Sidra Villas, Dubai Hills Estate, Dubai","sidra3, sidra iii, sidra villa 3, sidra villas 3, sidra3 dhe, sidra iii dhe, sidra villa iii, sidra villa 3 dhe, sidra 3 dubai hills, sidravillas3, sidravillasiii, sidra3villas, sd3, sidra iii dubai hills, sidra vills 3, sidra vilas 3, sidra 3 villas, s3 dhe, sidra3dhe, sidra iii estates"
Skyscape Avenue,property,"Sobha Hartland II, Mohammed Bin Rashid City, Dubai","skyscape, skyscape ave, skyscape av, skyscape avn, skyscape avue, skyscapeave, skyscapeavenue, skyscape2, skyscape 2, hartland skyscape, sobha skyscape, mbrc skyscape, skyscape hartland, skyscape sobha, skyscape mbrc, skyscap ave, skyscap avenue, skyscpe avenue, skyscapee avenue, sky scape avenue, skyscape avnue, skyscapavenue"
Sobha Creek Vista Heights,property,"Sobha Hartland, Mohammed Bin Rashid City, Dubai","sch, creek vista, vista heights, sobha heights, scvh, sobha creek vista, creek vista heights sobha, hartland vista, sobha hartland heights, sobha creek, creek vista height, sch heights, sobha vista, vista heights sobha, creek vista heights, sobha creek vista hts, scv heights, sobha creek vh, sobha hartland creek vista, sobha heights hartland"
Sobha Creek Vistas Grande,property,"Sobha Hartland, Mohammed Bin Rashid City, Dubai","scvg, sobha creek vistas, creek vistas grande, vistas grande, scv grande, sobha hartland vistas, hartland vistas, scvgrande, sobhacreekvistasgrande, scvggrande, sobha creek vista, creek vista grande, sobha vista grande, scv g, sobha creek vistas g, hartland creek vistas, sobha creek vista grande, scvg hartland, creek vista g, sobha creek vista g"
Sobha Creek Vistas Reserve,property,"Sobha Hartland, Mohammed Bin Rashid City, Dubai","scvr, creek vistas reserve, hartland creek vistas, sobha creek, creek vistas, creek vista, scv, creek reserve, sobha creek vista, sobha creek vistas, hartland creek vista, creekvistas, creekvistasreserve, sobhacreekvistas, sobhacreek, sobhacreekreserve, creek vistas res, creek vista reserve, hartland scvr, scv reserve, sc vistas, creek vistasr, creekvistarreserve, sobhacreekvista, sobhacreekvistasreserve"
Sobha Creek Vistas Tower A,property,"Sobha Hartland, Mohammed Bin Rashid City, Dubai","sobhacreek, scv, scv tower a, scva, sobhacreekvistas, sobha creek vista, sobhacreekvista, scv a, sobha hartland creek vistas, sh creek vistas, sobha vista, sobhacreekvistas a, sobha crk vistas, scvta, sobha creek vista a, sobha hartland scv, sobhacreekvistas tower a, scv tower, sobha creek tower a, sobha creak vistas, sobha creek vistas a, sobhacreek vistas, sobha hartland vista, sobha vistsa, sobhacreekvistas tower, sobhacreekvista a"
Sobha Creek Vistas Tower B,property,"Sobha Hartland, Mohammed Bin Rashid City, Dubai","sobha creek, scv, scv b, sobha vista, sobha vistas, creek vistas b, sobha hartland creek, sh creek vistas, sobha creek vista, sobhacreek, scvb, sobha creek b, creek vistas tower b, hartland creek vistas, sobha crek, sobha vista b, creekvistasb, sobhacreekvistas, scv tower b, sobha hartland scv"
Sobha Estates Villas,property,"Sobha Hartland II, Mohammed Bin Rashid City, Dubai","sobha estates, se villas, sobha est, sobha hartland 2 estates, sobha hartland ii estates, sh2 estates, sobha estates hartland, sobhaestates, sobha estates 2, sobha estates ii, sobha hartland estates, sh2 villas, sobha est villas, sobha estates mbr, sobha estate, sobha villas hartland, sh ii estates, sobhaestatesvillas, sobha hartland 2 villas"
Sobha Hartland Estates-Townhouses,property,"Sobha Hartland, Mohammed Bin Rashid City, Dubai","sobha hartland th, sobha th, sh estates, sobha townhouses, sobha hartland townhouses, sh townhouses, sobha hartland ths, sh th, sobha hartland twnhs, sobha hartland t-houses, sobha town homes, sobha hartland town homes, sobha townhouses mbrc, mbrc sobha townhouses, sobha ths, sobha hartland thouses, sobha hartland townhous, sh town house, sobha hartland townh, sh townhouses mbrc"
Sobha Hartland Villas - Phase II,property,"Sobha Hartland, Mohammed Bin Rashid City, Dubai","shv, shv2, sobha hartland 2, hartland villas 2, shv phase 2, hartland phase 2, sobha phase 2, shv ph2, hartland 2, sobha villa 2, shv phase ii, hartland villas phase 2, sobha hrtland 2, sobha hartlandvillas2, sh villas 2, sobha hartland phase 2, sobha hartland ph2, shv2 villas, sobha v2, shv phase two"
Sobha Hartland Villas - Phase III,property,"Sobha Hartland, Mohammed Bin Rashid City, Dubai","sobha hartland villas 3, shv3, hartland villas 3, sh hartland phase 3, shv phase 3, sobha villas 3, mrc hartland villas 3, hartland phase 3, sh villas 3, sobha hartland 3, sobha h villas 3, sh hartland villas, sobha hartlandvillas3, shv iii, sobha hartland phase iii, sobha villas phase 3, sh hartland v3, hartland villas iii, shv3 villas, sobha hartland v3"
Sobha Hartland Waves,property,"Sobha Hartland, Mohammed Bin Rashid City, Dubai","shw, waves, waves sobha, sobha waves, sh waves, waves hartland, waves mbrc, hartland waves, sh hartland waves, shw hartland, waves property, waves tower, sobha wave, waves sobha hartland, wvs, shw sobha, waves mohammed bin rashid, waves mbr, sobhahartlandwaves, sobhawaves, hartlandwaves, wavessobha, shwhartland"
Sobha One,property,"Sobha Hartland, Mohammed Bin Rashid City, Dubai","sobha1, s1, sobhaone, s-one, sobha one hartland, sobha hartland one, sobha1 hartland, sobha one mbrc, sobha one mbr, s1 hartland, sobhaone hartland, sobhaone mbr, sobha one dubai, s one, sobha 1, sobhaone1, sobha1dubai, sobhaone dubai, shartland one, sobha one city"
Sobha one Tower A,property,"Sobha Hartland, Mohammed Bin Rashid City, Dubai","s1, sobha 1, s1 tower a, s1twa, sobhaone, sobha 1 tower a, sobha one t-a, s-one, s1 hartland, sobha hartland s1, mbrc sobha one, sobha 1 mbrc, sobhaonea, sobha 1a, sobhaone tower, s1a, s-one tower a, sobhaoneta, sobhaone t-a, sobha one a, sobha onea, sobha 1 hartland, s1 hartland tower a, sobha one towera"
Sobha One Tower B,property,"Sobha Hartland, Mohammed Bin Rashid City, Dubai","sobha one b, sobha one towerb, sobha 1b, sobha 1 tower b, sobha one b hartland, sobha hartland one b, sobha oneb, sobhaoneb, s1b, s1 tower b, sobha one tower-b, sobha one towerbb, sobha one t b, sobha one b mbr, sobha one b dubai, sobha one-b, sobha one b tower, s one b, sobha one b tower b, sobha one b th, sobha one b t-b"
Sobha One Tower C,property,"Sobha Hartland, Mohammed Bin Rashid City, Dubai","sobha one c, sobha 1 c, s1c, sobhaone tower c, sobha one c tower, sobhaone c, s-one c, sobhaone towerc, sobha hartland one c, mbr city sobha one c, sobha hartland s1c, sobha one c hartland, sobha1c, sobha one c dubai, sobha one tower-c, sobha onec, sobha one c mbr, sobha 1 tower c"
Sobha One Tower D,property,"Sobha Hartland, Mohammed Bin Rashid City, Dubai","sobha one d, s1 tower d, s1 d, sobhaone d, sobha1 d, sobhaone towerd, sobha hartland one d, mbrc sobha one, sobha one hartland, sobha one mbrc, s1 hartland, sobha 1 tower d, sobha one d tower, sobhaone d tower, s1d, sobhaoned, sobha one towerd, shobha one d"
Sobha One Tower E,property,"Sobha Hartland, Mohammed Bin Rashid City, Dubai","sobha one e, s1e, s1 tower e, sobha onee, sobhaonee, sobha one tower, sobha 1 e, sobha 1e, sobhaone, sobha 1, hartland sobha one e, mbr sobha one e, sobha hartland one e, sobha onee tower, sobhaone e, s1e tower, sobha onee t.e, sobha one e tower"
Sobha Skyscape Aura,property,"Sobha Hartland II, Mohammed Bin Rashid City, Dubai","skyscape aura, ssa, sobha aura, skyscape, skyscapeaura, ssa hartland, sobha hartland 2 aura, ssa mbri, skyscape aura hartland, skyscape aura 2, skyscap aura, sobha skyscape, ssa hartland 2, skyscapeaurahartland, hartland skyscape, ssa mbr, skyscape aoura, sobha aura 2, ssa hartland ii"
Socio Tower 1,property,"Socio Tower, Dubai Hills Estate, Dubai","socio1, socio t1, socio tower one, st1, s1, socio dubai hills, socio dhe, socio t 1, sociot1, socio towerr 1, socio twr 1, socio twr1, socio t-1, socio t1 tower, socio 1 dhe"
Socio Tower 2,property,"Socio Tower, Dubai Hills Estate, Dubai","socio t2, socio 2, soccio tower 2, socio tower two, socio t 2, st2, st 2, socio2, socio dhep, socio dhe, dhe socio 2, socio t-2, socio tower ii, socia tower 2, socio towers 2"
Soho The Berkeley,property,"Park Heights, Dubai Hills Estate, Dubai","soho berk, soho berkeley, soho park heights, soho dh, soho dhe, soho, berk soho, soho at park heights, soho dhills, soho berkeley park heights, soho berkly, soho berkley, soho parkheights, sohodhe, sohoberk, sohoberkeley, sohoh, park heights soho, dh soho, soho dxb hills"
Sunflower,property,"Al Murooj Complex, Zabeel, Dubai","sunflower al murooj, al murooj sunflower, sunflower zabeel, sunflower complex, sun flower, sunflwr, sunflower apts, sunflower bldg, sunflower resid, sunflower dubai, sunflover, sunflwer, sunflowerres, sunfloweralmurooj, almuroojsunflower"
The Crest,property,"Sobha Hartland, Mohammed Bin Rashid City, Dubai","crest, thecrest, crest sobha, sobha crest, crest mrc, crest hartland, the crest hartland, crest sobha hartland, crest sobha city, crest mbr, crest mbrc, crest dubai, thecrestsobha, crestsobha, hartland crest, sobha crest hartland, cresth, crestsh, thecrestsh, crestsobhahartland"
The Crest Tower A,property,"Sobha Hartland, Mohammed Bin Rashid City, Dubai","crest tower a, crest tower, crest a, crest, the crest, crest hartland, crest sobha, crest mbrc, crest mbr, crest tower a sobha, crest tower a hartland, crest a hartland, crest tower a mbr, cresttwr, cresttwra, crest a tower, the crest a, cresttower, cresttowera, crest sobha hartland, crest mbr city, crest a tower hartland, crest tower a dubai, crest tower a mbc"
The Crest Tower B,property,"Sobha Hartland, Mohammed Bin Rashid City, Dubai","crest b, the crest b, crest tower b, crestb, thecrestb, sobha crest b, crest sobha, hartland crest b, crest mbr, mbr crest b, crest towerb, thecrest, crestb sobha, crest-b, crestb tower, crest hartland, crest mbrcity"
The Crest Tower C,property,"Sobha Hartland, Mohammed Bin Rashid City, Dubai","crest c, crest tower c, the crest c, crest hartland, crest sobha, crest mbrc, crest tower c sobha, crestc, thecrestc, cresttwr, cresttfrc, cresttowerc, crst c, crest c sobha, crest tower c mbr, crestc sobha, crest c tower, crestc hartland, crest c mbrc, cresttowercsobha"
The Crest Tower D,property,"Sobha Hartland, Mohammed Bin Rashid City, Dubai","crest tower d, crest d, crest d tower, sobha crest d, hartland crest d, crestd, crest tower d sobha, the crest d, crest tower, sobha crest, crest tower sobha, crestd sobha, mbrc crest d, crest d hartland, crest towerd, cresttwr d, crest towerr d, crest d mbrc"
The Fairway,property,"Dubai Hills, Dubai Hills Estate, Dubai","thefairway, fairway, fw, fw dh, fw dhe, the fairway dhe, the fairway dh, fairway dhe, fairway dh, the fair way, thefaryway, the fairwya, thefairwya, fairwya, dh fairway, dhe fairway"
The Fields,property,"District 11, Mohammed Bin Rashid City, Dubai","thefields, fields, thefields mbr, fields mbr, fields d11, d11 fields, mbr fields, the fields mbr, field, thefield, d11thefields, mbr city fields, fields mohammed bin rashid, fields district 11"
The Fields at D11 - MBRMC,property,"District 11, Mohammed Bin Rashid City, Dubai","the fields, fields d11, d11 fields, fields mbr, fields mbrc, fields mbr city, d11, thefields, fieldsd11, mbrc fields, mbr fields, field d11, d11field, mrbc fields, mbrc d11, fields mb r, fields d-11, the fields d11"
The Hartland Villas,property,"Sobha Hartland, Mohammed Bin Rashid City, Dubai","hartland villas, shv, sh villas, sobha hartland villas, hartlandvillas, shvillas, sobha villas, sobha hartland, sobha h, hartland v, shv hartland, sobha hartland villa, hartland villa, sobha h villas, sobha hartlandvillas, hartland-villas, shv-villas"
The Lakeshore Villas By Ellington,property,"District 11, Mohammed Bin Rashid City, Dubai","lakeshore, lakeshore villas, the lakeshore, d11 lakeshore, d11 lakeshore villas, mbrc lakeshore, mbrc lakeshore villas, lakeshore d11, lakeshore mbrc, ellington lakeshore, ellington lakeshore villas, lakeshorevillas, lakeshorevillasd11, lakeshore villas d11, lks villas, lks shore, lakeshore villa, lakeshore villass, lakeshor villas, lakeshore vills, lkeshore, lakeshoree, d11 lakeshor, mbr city lakeshore, ellington lakeshore d11"
The Nook 1,property,"The Nook, Wasl Gate, Dubai","nook1, nook 1, thenook1, wasl gate nook 1, wg nook 1, nook one, the nook one, nookone, nook1 wasl, nook 1 wasl gate, nk 1, nk1, nook-1, thenook, the nook, wasl nook 1, nook 1 dubai, nooks 1"
The Nook 2,property,"The Nook, Wasl Gate, Dubai","nook2, nook 2, wasl nook 2, waslgate nook 2, nooktwo, nook ii, nook gate, wasl gate nook 2, nook2 wasl, nook two, nookii, nook, wasl gate nook, nook-2, nook.2"
The Parkway at Dubai Hills,property,"Dubai Hills, Dubai Hills Estate, Dubai","parkway, the parkway, parkway dh, parkway dhe, parkway dubai hills, dhe parkway, dubai hills parkway, parkwayvillas, parkwayvilla, pkwy, pkwy dhe, pkwy dh, theparkway, parkwaydubaihills, parkwayestates, parkway estate, parkwy, parkwey, pkwy villa, pkwyvillas, parkway dhv, parkway dhl"
The Spark By Esnaad,property,"District 11, Mohammed Bin Rashid City, Dubai","spark, spark esnaad, the spark, spark mbr, spark d11, d11 spark, spark mbrc, spark district 11, spark by esnaad, sparkesnaad, spark residence, spark pro, spark property, sprak, spark mbr city, spark dubai, spark d 11"
The Woodland Residences,property,"District 11, Mohammed Bin Rashid City, Dubai","woodlands, woodlnd, thewoodlands, woodlandsres, woodlandsresidences, mbrc woodlands, district 11 woodlands, d11 woodlands, woodlands d11, woodlandresidences, woodlandsmbr, woodlandsresd, woodland residnces, woodlan residences, woodlandres, mbr woodlands, mrbc woodlands, woodlands dubai, the woodlands residnces"
Tower B1,property,"Vida Hotel, The Hills, Dubai","b1, b-1, b one, vida tower b1, the hills b1, b1 the hills, vidahillsb1, b1vida, b1hills, b1 the hills tower, b1towers, b1 tower, b1h, b1-hills, b-1 hills, vidab1, thehillsb1, b1vida hotel"
Tower B2,property,"Vida Hotel, The Hills, Dubai","b2, b2 tower, vida b2, vidab2, the hills b2, b2 the hills, b2 hills, vidahillsb2, vdahotelb2, b2tower, b2vida, v-b2, b2thehills"
Tulip,property,"Al Murooj Complex, Zabeel, Dubai","tulip al murooj, murooj tulip, al murooj tulip, tulip zabeel, tlp, tlp al murooj, tulip complex, murooj complex tulip, tulip al murooj complex, al murooj tlp, tlp murooj"
Vida Residence 1,property,"Vida Residence, The Hills, Dubai","vida1, vida res 1, vr1, vida residence hills, vida hills 1, vida 1 the hills, vr residence 1, vda 1, vida residnce 1, vidares 1, vida res1, vida residenceone, vidaresidence1, vdr1, vida residence the hills 1"
Vida Residence 2,property,"Vida Residence, The Hills, Dubai","vida2, vida res 2, vida residence ii, vr2, v2 the hills, vida hills 2, vida 2 the hills, vidares2, vida residence 2nd, vidares ii, vh2, vida res ii, vida residence ii the hills, vida res two, vida residence two, vidahills2, vida residence 2 the hills, vr 2, vida res 2 the hills"
Vida Residence 3,property,"Vida Residence, The Hills, Dubai","vida3, vida res 3, vida residence iii, vr3, vida hills 3, vida the hills 3, vda res 3, vida resd 3, vida resi 3, vida resid 3, vida resedence 3, vida resdence 3, vidares3, vidaresidence3, v3, vida 3 the hills, the hills vida 3"
Vida Residence 4,property,"Vida Residence, The Hills, Dubai","vida res 4, vida residence the hills 4, vr4, vr 4, vrd4, vida hills 4, vida residence 4 the hills, vida res 4 the hills, vida res the hills 4, vrd residence 4, vieda res 4, vida resedence 4, vda res 4, vida res4, vidares4, vidares 4, vida 4, vida hills residence 4"
Violet,property,"Al Murooj Complex, Zabeel, Dubai","vlt, violett, vlt murooj, murooj violet, violet murooj, violet zabeel, vlt zabeel, al murooj vlt, violett murooj, vilet, violet complex"
Viridian at the Fields,property,"District 11, Mohammed Bin Rashid City, Dubai","viridian, the fields, fields, viridian fields, viridian d11, viridian mbrc, fields d11, fields mbrc, the fields d11, the fields mbrc, viridianmbrc, viridianthefields, thefields, fieldsdubai, viridiandubai, virdian, verdian, viridan, viridean, fields district 11, mbrc fields"
Wadi Villas by Arista,property,"District 11, Mohammed Bin Rashid City, Dubai","wadi villas, arista wadi, wadi villas d11, wadi d11, wadi mbrc, wadi villas mbr, wadivillas, aristawadi, wadi villa, wadi arista, wadi villas dubai, d11 wadi villas, mbrc wadi villas, wadii villas, wadi vilas, wady villas, wadi villlas, aristawadi villas"
Waterfront Villas,property,"Sobha Hartland, Mohammed Bin Rashid City, Dubai","wf villas, waterfront v, wf v, wf villa, waterfrontvillas, wfvilllas, waterfont villas, sobha waterfront, hartland waterfront, mrb waterfront, mrc waterfront, wf villas sobha, sobha wf villas, waterfrontvillas sobha, hartland wf villas"
Waves Grande,property,"Sobha Hartland, Mohammed Bin Rashid City, Dubai","wavesgrande, wg, waves g, waves gr, w gr, waves, waves grand, wavesgr, wavesgrde, wavesgrad, wavesgrnd, wavesgrandee, waves grnd, waves gnd, sobha waves, hartland waves, waves hartland, waves sobha, waves mbr, waves mbrc, waves mbr city, wavesgrande sobha, wg sobha, wavesg, waves grde, waves grnde"
Abu Dhabi,city,,"ad, auh, abudhabi, abu dabi, abudabi, abu dhabhi, abudhabhi, abu dhbi, abudhbi, abu d, aub dhabi, aubdhabi, abu dhaby, abudhaby"
Ajman,city,,"ajm, ajmaan, ajaman, ajmn, ajmancity, ajmcity, ajmanuae, ajmann, ajam, uaeajman"
Al Ain,city,,"alain, el ain, elain, al ayn, alayn, al-ain, all ain, allain, aln, aa, ain, alein, al ane, alane"
Fujairah,city,,"fuj, fj, fujeirah, fujayrah, fujerah, fujirah, fujira, fujair, fujuae, fujarah, fujariya, fujeira, fujariyah"
Ras Al Khaimah,city,,"rak, ras al khaima, rasalkhaimah, ras alkhaimah, ras al khaymah, ras al khayma, ras al khimah, rasalkhaima, rasalkhaymah, rasalkhayma, rass al khaimah, rasal khaimah, ras alkhaima, ras al khaim, rasal khaymah, rasal khayma, rasal khimah, rasalkhimah"
Sharjah,city,,"shj, sharja, shajah, sarjah, sarja, shjcity, shj city, sharjahcity, sharijah, sharajh"
Umm Al Quwain,city,,"uaq, u.a.q, ummalquwain, um al quwain, umm al quwan, umalquwain, ualquwain, umalquwan, umm al quwain city, uaq city, um al quwan"
Abu Dhabi Gate City,community,Abu Dhabi,"adgc, abu dhabi gate, ad gate city, gate city, abudhabigatecity, ad gate, abu dhabi gatecity, adgate, gatecity, abudhabigate"
Abu shagara,community,Sharjah,"abu shag, abushagara, abushagara sharjah, abushagra shj, abushagora, abushagrah, abushagrar, abushagra area, abushagra community, abushag, ashagara, ashagara shj, abushajara, abushajara shj, abu shagra shj, abushagrah shj"
Academic City,community,Dubai,"acad city, academic, acadcity, dubaiacademiccity, dac, acacity, acamedic city, academc city, acadmic city, acad city dubai, dac dubai, academiccity"
Ain Ajman,community,Ajman,"ainajman, ajmanain, ajman eye, the eye ajman, ain ajm, ain ajmn, ain ajmanm, aain ajman, ainajmn, ajman eye community"
Ain Al Faydah,community,Al Ain,"ainalfayda, ainalfaydah, alainfayda, ainfayda, ainfaydah, aaf, ainalfaida, ainalfaytha, alfayda, ainalfayada, alainalfayda, ainalfaidha"
Airport Road,community,Abu Dhabi,"airport rd, apt rd, airpt rd, airportroad, airportroadad, auh airport rd, airport road ad, airpot rd, airprt rd, airportr, airport ad"
Ajman Corniche Road,community,Ajman,"ajman corniche, corniche ajman, ajm corniche, ajman cornich, ajmancorniche, corniche rd ajman, ajman cornish, aj corniche, ajmancornich, corniche road ajm, ajmancornish, ajman cornic, corniche ajm"
Ajman Downtown,community,Ajman,"ajmandt, ajman dtn, ajman dt, ajmandown, ajman dwntwn, ajmn downtown, ajman down town, ajman dtown, ajmandtown, ajmandwntown, downtown ajman"
Ajman Industrial Area,community,Ajman,"ajman ind, ajman ind area, ajman indl, ajman industrial, ajmanind, ajmanindarea, ajmanindl, ajm ind, ajm ind area, ajm industrial, ajmind, ajmindarea, ajmindl, ind area ajman, industrial ajman, ajman indus, ajman indust, ajmanindus, ajmanindust, ajmanindstrial, ajman indstrial, ajman indstry, ajman indstry area, ajman indus area"
Ajman Meadows,community,Ajman,"aj meadows, ajman mdws, ajm meadows, ajmanmedows, ajmanmedow, aj meadows community, meadows ajman, ajman mdow, ajmanmeadows"
Ajman Uptown,community,Ajman,"aj uptown, ajmanuptown, ajmn uptown, ajm uptown, uptown ajman, uptown aj, ajm uptn, uptwn ajman, ajman uptwn, ajmanup, ajuptn, ajman uptown community"
Al Ain Industrial Area,community,Al Ain,"al ain ind, al ain industrial, alain ind area, alain industrial, alain indus, ind area al ain, alain ind, al ain indus, alain industrial area, al ain ind area, alainind, alainindarea, al ain indus area, alainindus, al ain indust, alain indust"
Al Ajayyiz,community,Al Ain,"ajayyiz, alajayyiz, alajayiz, alajayez, al ajayiz, al ajayez, alain ajayyiz, alainajayyiz, ajayiz, al ain ajayyiz"
Al Ajban,community,Abu Dhabi,"ajban, al ajban community, ajban abu dhabi, alajban, ajban ad, al ajban ad, ajben, al ajben, ajban community, ajban farm, ajban farms"
Al Alia,community,Ajman,"alia, ajman alia, alia ajman, al alia ajman, alalia, al aliaa, al aliya, aliya, alialia, ajman al alia"
Al Aman,community,Abu Dhabi,"alamn, al aman ad, ad al aman, alaman, al-aman, aaman, al aman community, alaman ad, alaman abu dhabi"
Al Ameera Village,community,Ajman,"al amira, al ameera, al amira village, al ameera vill, al amera vill, alameeravillage, alameera, ajman al ameera, al ameera ajman, al amira ajman, al amera ajman, al ameera vill ajman, al ameera vlg, al amira vlg"
Al Amerah,community,Ajman,"amerah, alamerah, ajman amerah, amerah ajman, amera, al amera, ajman amera, amera ajman, alamerahajman, ajmanamerah, al amrah, amrah, al amra, amra"
Al Aqah,community,Fujairah,"alaqah, al aqaa, al aqa, alaqaa, fujairah alaqah, alaqah fujairah, al aqah fuj, alaqah fuj, aaqah, al aqah beach, al aqah hotels, alaqah resort, alaqah area, al aqha, alaqha, alaqah beach"
Al Badaa,community,Abu Dhabi,"bada, al bada, badaa, albadaa, albada, bdaa, al bda, bda, albd, albadah, albad, al bada community, abu dhabi al badaa, al bada abu dhabi, albadaa abu dhabi, bada abu dhabi"
Al Badaa,community,Dubai,"bada, albada, al bada, al bda, al bdaa, albdaa, al-badaa, badaa, al badaa community"
Al Badie,community,Sharjah,"albadie, al bady, al badiya, al badi, albadya, albade, shj albadie, al badie shj, albadie shj, albadie sharjah, al badia, albadia"
Al Bahia,community,Abu Dhabi,"albhia, al bahya, albahya, albahiya, bahia, bahya, abudhabi albahia, albahia abudhabi, albh, al bahia community"
Al Bahia,community,Ajman,"albahia, bahia, ajman bahia, bahia ajman, al bahya, albahya, bahya, ajman al bahya, ajman albahya, albhy, bahiaajman, albahiaajman"
Al Baraha,community,Abu Dhabi,"albaraha, baraha, abudhabibaraha, barahaad, albarha, barha, albaraa, al barah, albariha, al bariha"
Al Barari,community,Dubai,"albarari, barari, abr, al barri, al bari, albrari, al-barari, albarri, barry, al barry, dubai albarari, albarari dubai"
Al Barqaa,community,Umm Al Quwain,"albarqa, barqa, al barqa, albarqaa, uaq al barqaa, uaq barqa, al barqaa uaq, albarqaa uaq, albarqa uaq, barqa uaq, albarqauaq, al barqah, albarqah"
Al Barsha,community,Dubai,"barsha, albarsha, al brsha, albarsha1, albarsha2, albarsha3, barsha1, barsha2, barsha3, al basha, albarsh, barsh, dubai barsha, al barsha dubai, ab, abs, barsha heights (not technically the same but often conflated), al barsha south, albarsha south, barsha south, al barsha s, barsha s"
Al Bataeh,community,Sharjah,"bataeh, albataeh, shj bataeh, bataeh sharjah, albateh, albatiah, btah, albtah, batayeh, albataia, al betaeh, albathea, bataeh shj"
Al Bateen,community,Abu Dhabi,"alb, bateen, albt, abateen, al batin, al bteen, albteen, al baten, al batin abu dhabi, alb abu dhabi, abudhabi al bateen, al bateen ad, alb ad"
Al Bateen,community,Al Ain,"albteen, albatten, al baten, albaten, alain albateen, albateen alain, al ain albateen, albateen al ain, al bteen, al batten"
Al Bidya,community,Fujairah,"albidiya, albidiah, bidya, bidiah, fujairahalbidya, albidya-fuj, albidia, albidaya, al-bidya, albidya fujairah"
Al Bithnah,community,Fujairah,"albithna, bithna, bithnah, albithnah, fujairahbithnah, bithnafuj, albithnafuj, albithn, albetnah, albitna, albithnuh, bithna fujairah"
Al Buraymi,community,Al Ain,"buraymi, al buraimi, alburaymi, alburaimi, buraimi, al-buraymi, al-buraimi, alain buraymi, buraymi al ain, al ain buraimi"
Al Bustan,community,Ajman,"albustan, ajman bustan, bustan ajman, albustn, al bustn, albtan, al bustan ajman, ajmanalbustn, albustane, albustam"
Al Butina,community,Sharjah,"butina, albutina, albntina, shj butina, butina sharjah, al butna, albutna, butna, shj butna"
Al Danah,community,Abu Dhabi,"aldana, al dana, danah, ad danah, aldanah, aldna, al-dana, al dana abu dhabi, aldana ad, aldana auh, al dana auh, danah abu dhabi"
Al Dar Al Baida'a,community,Umm Al Quwain,"aldar albaida, aldar al baida, aldaralbaida, al dar al baida, aldarbaida, uaq aldar albaida, aldar al baida uaq, aldar al bayda, aldar albayda, aldar albaida uaq, al dar al bayda, al daralbaida"
Al Dhafrah,community,Abu Dhabi,"aldhafrah, al dhafra, aldhafra, dhafrah, dhafra, ad dhafra, ad dhafrah, aldhafrah community, dhafrah community, aldhafra community, al dhafrah abu dhabi, aldhafra abudhabi, aldhafrah ad"
Al Dhahir,community,Al Ain,"aldhahir, aldahir, aldhaher, al dhahire, aldahire, alain dhahir, aldhahir al ain, al ain dhahir, aldhahr, aldhahar, al dahr"
Al Dhahrah,community,Al Ain,"aldhahra, dhahra, aldhahrah alain, alain aldhahra, al dhahra, aldhahrah community, al dhahrah al ain, aldhahra alain, aldhahra al ain, aldahra, aldhara, al dhara, aldhra, al dhra, aldhahrah community al ain"
Al Dhaid,community,Sharjah,"dhaid, aldhaid, dhaidcity, dhaidsharjah, sharjahdhaid, aldayd, aldhayd, dhayd, dhaied"
Al Dhait,community,Ras Al Khaimah,"aldhait, al dait, al dhayt, aldhait rak, rak aldhait, al dhait rak, al dait rak, adh, aldhait community, al dhait community"
Al Ettihad Street,community,Sharjah,"ettihad st, al ettihad rd, ettihad road, al ittihad st, ittihad st, ettihad street, al ettihad shj, shj ettihad st, ettihad shj, alittihad st, alittihad road, etihad st, itihad st, al etihad st, ettihadst, alittihad, al ettihad, ittihad road, ettihad rd"
Al Fahid,community,Abu Dhabi,"alfahid, alfahd, alfahed, fahid, alfh, af, alfahid abu dhabi, alfahid ad, alfahd ad, alfahid island, alfahd island, alfahidcomm, alfahidcommunity, alfahidd"
Al Falah City,community,Abu Dhabi,"alfalah, al falah, alfalah city, af city, af, al falah abu dhabi, alfalah abu dhabi, alfalah ad, afad, alfallah, alfalahcity, alflah"
Al Faqa'a,community,Al Ain,"alfaqa, al faqaa, alfaka, al faka, alfaq, faqa, faqaa, al faqa al ain, al ain al faqa, alfaqaalain, alfaqa community"
Al Farfar,community,Fujairah,"alfarfar, farfar, fuj alfarfar, alfarfar fuj, al far far, al farfar fuj, alfarfar fujairah, fujairah alfarfar, alfarfarfuj, alfarfarfujairah"
Al Faseel,community,Fujairah,"alfaseel, fujairah alfaseel, alfaseel fujairah, alfasil, alfasel, alfazeel, al faseil, alfseel, fuj al faseel, fuj alfaseel, fujaira alfaseel, alfaseelfujairah"
Al Fayha,community,Sharjah,"fayha, alfayha, al faya, faya, alfaya, shj fayha, fayha sharjah, al-fayha, alfyha, fayha shj"
Al Felyyah,community,Ras Al Khaimah,"alfelyah, alfalya, alfayha, af, rak felyah, felyah, felyah rak, al felyah, alflyah, al falyah, alfayh, alfalah, alfeliah, alfaliyah"
Al Foah,community,Al Ain,"alfoah, alfoa, alfoaa, alfoh, alfoha, alain alfoah, alfoah alain, al ain al foah, alfoah community, foah, alfoah al ain, alfoh alain, alfoa alain, alfoah aae"
Al Furjan,community,Dubai,"furjan, alfurjan, al furj, furjan community, furjan dubai, dubia furjan, al furan, al furjon, al furjan community, furjan area, af, alfrjn"
Al Garayen,community,Sharjah,"algarayen, garayen, al garayin, al garaien, garayin, al garayein, algarayin, shj garayen, garayen sharjah, al garayn, algarayn, garayn"
Al Garhoud,community,Dubai,"garhoud, al garh, algarhoud, al garhoud dubai, dubai al garhoud, al garhood, garhud, al garhud, al garhod, garhod, algarh, garh, al gar houd"
Al Ghadeer,community,Abu Dhabi,"alghadeer, aghadeer, al ghadeer ad, al ghadeer abu dhabi, ghadeer, alghadeer community, alghdeer, alghadir, al ghadir, alghadeer abudhabi"
Al Ghafeyah area,community,Sharjah,"alghafia, ghafia, alghafiya, ghafiya, alghafyia, alghafiah, shj ghafia, ghafia sharjah, alghafia shj, alghafiyashj, alghafiashj, alghafiyah, algfya, algafiya, alghafia area, ghafia area"
Al Ghail Industrial Zone,community,Ras Al Khaimah,"alghail, ghail ind, ghail ind zone, ghail industrial, rak alghail, alghail rak, al ghail rak, gail ind, al gail, alghailind, alghailindustrial, ghailind, ghailzone, alghailzone, algail, ghail, rak ghail"
Al Gharb,community,Sharjah,"algharb, sharjah algharb, al gharb sharjah, alghrb, alg, al gharb community, sharjah alg, alghrab, algrb"
Al Gulayaa,community,Sharjah,"algulaya, gulaya, al gulaya, shj gulaya, gulaya shj, al gulyah, algulayah, al glaya, algalaya, al gulayyah, gulayah"
Al Gurm West,community,Abu Dhabi,"algurm, algurmwest, agw, algurmw, algorm, algurmwestauh, auhalgurm, algurmwestabu dhabi, algurmwst, algurmwest community"
Al Haditha,community,Umm Al Quwain,"alhaditha, alhad, haditha, alhaditha uaq, uaq alhaditha, alhaditha community, alhaditha uae, al haditha uaq, alhadetha, al hadetha, alhadith, al-haditha"
Al Hamidiya,community,Ajman,"hamidiya, alhamidiya, ajman hamidiya, hamidiya ajman, hmdya, hamidya, al hamidya, hamidiah, hamidiah ajman, al hamidiah"
Al Hamra Village,community,Ras Al Khaimah,"alhamra, al hamra, hamra village, hamra, rak al hamra, al hamra rak, alhamravillage, al hamravillage, alhamra village, alhamra vill, alhamra vil, al hamra vill, al hamra vil, al hamra vlg, alhamra vlg, al hamra villa, alhamra villa, al hamra villge, alhamra villge"
Al Hamriyah,community,Sharjah,"hamriyah, alhamriyah, shjhamriyah, hamriyahshj, hamriya, alhamriya, hamriah, alhamriah, hamriyahcity, hamriahshj"
Al Hayer,community,Al Ain,"alhayer, alhayr, al hair, al haer, al hayyer, alhayer alain, alain alhayer, alhayer community, al hayer al ain, alayer, alhyr"
Al Hayl,community,Fujairah,"alhayl, al hayl fuj, fuj alhayl, al hail, alhail, al hayel, alhayel, al hayl fujairah, alhyl, alhayl fuj, al hail fujairah, alhayl fujairah"
Al Heerah,community,Sharjah,"alheerah, heerah, al heera, alhira, al herah, alheera, alhira sharjah, sharjah alheerah, alheerah sharjah, al heerah sharjah, alhira shj, al heera shj, alheera shj, al hera, alheera community"
Al Helio,community,Ajman,"helio, alhio, al helio ajman, ajman helio, helio ajman, alhelo, alhelio, helio comm, al helio comm, alhelio ajman, al helio community"
Al Hilal City,community,Fujairah,"alhilal, alhilalfuj, fujalhilal, alhelal, alhilalcity, alhilalfujairah, alhilal fuj, alhelal city, alhilal cty, alhilalcty"
Al Hili,community,Al Ain,"alhili, al hili al ain, alhili alain, al hili alain, al hili ain, alhili ain, hili, hili alain, al hily, alheeli, alheili, alhieli, al hieli, alheeli alain"
Al Hudaibah,community,Ras Al Khaimah,"hudaibah, alhudaibah, hudaiba, alhudaiba, rak hudaibah, hudaibah rak, al hudaiba, hudaiba rak, hudaybah, alhudaybah, hudayba, alhudayba, hudaibha, hudaibah community, rak hudaybah"
Al Hudayriat Island,community,Abu Dhabi,"hudayriat, hudayriat island, al hudayriyat, hudayriyat, hudayriat isl, hudayriat ad, ad hudayriat, hudayriat island ad, hudariyat, hudayrat, hudayriyat island, hudayriatistand, hudayriyatisland"
Al Humaid City,community,Ajman,"alhumaid, humaid city, ajman humaid, humaid ajman, alhumaidcity, alhumaidcty, al humaid, humaidcty, ahc, humaidcity, alhumaid cty, alhumaid city ajman"
Al Humra,community,Umm Al Quwain,"alhumra, al hamra, alhumrah, alhamrah, uaq alhamra, alhamra uaq, alhumra uaq, uaq hamra, alhmra, alhmrah, hamra uaq"
Al Iqabiyya,community,Al Ain,"iqabiyya, aliqabiyya, al ain iqabiyya, iqabiyya al ain, iqabia, al iqabia, iqabya, aliqabia, alain iqabiyya, iqabiyya alain, iqabyia, iqabaiya, iqabya al ain, al iqabya"
Al Ittihad Road,community,Abu Dhabi,"ittihad rd, ittihad road, ittihadrd, alittihad, alittihadrd, ittihad, ittihadroad, ad ittihad, ittihad ad, al ittihad rd"
Al Ittihad Village,community,Ajman,"alittihad, ittihad village, ittihad vill, ittihad, ajman ittihad, ittihad ajman, alittihad village, ittihadvillage, alittihadvillage, al etihad village, al etihad, etihad village, etihad vill, itihad village, al itihad, alittihad vill, ittihadvil"
Al Jaddaf,community,Dubai,"jaddaf, aljaddaf, al jadaf, al jadaff, jadaf, aljdf, al jdf, aljdaf, aljaddf, jaddf, al jaddaf dubai, aljaddaf dubai, dubai al jaddaf, dubai aljaddaf"
Al Jafiliya,community,Dubai,"jafiliya, jafliya, aljafliya, jafaliya, jafila, jafiliya dubai, dubai jafiliya, al jafliya, jafiliya community, jafliya community, aljafiliya"
Al Jaheli,community,Al Ain,"aljaheli, aljahli, aljahili, jahili, aljahili community, al ain aljahili, alain aljahili, aljahili alain, aljahely, aljahelee, aljahile, aljahli alain, aljahli al ain"
Al Jazirah Al Hamra,community,Ras Al Khaimah,"ajh, al jazira, al jazirah, aljazira, aljazirah, al jazira hamra, al jazirah hamra, jazira hamra, jazirah hamra, ajh rak, rak ajh, aljazirahhamra, aljazeera alhamra, al jazira al hamra, aljazira alhamra, aljazira hamra, aljasira hamra, aljazera hamra, aljasirah hamra, aljaziraah hamra"
Al Jimi,community,Al Ain,"aljimi, jimi, aljimy, al jimmy, alain jimi, jimi alain, aljimi alain, al jimi alain, aljmy, al jimie"
Al Jubail Island,community,Abu Dhabi,"aj, jubail, jubail island, al jubail, jubailis, aljubail, jubailisl, aljubailisland, jubail island abu dhabi, abu dhabi jubail, jubail auh, auh jubail, aljubailauh, jubailislandauh"
Al Jurainah,community,Sharjah,"jurainah, aljurainah, aljuraina, juraina, aljurina, jurina, shj jurainah, jurainah sharjah, al juraina, al jurina, jurainaa, jurainaah, aljurnah, jurnah, jurainah shj"
Al Jurf Industrial,community,Ajman,"aljurf, aljurf ind, aljurf industrial area, jurf, jurf ind, al jurf ind, aljurfind, ajman aljurf, aljurf ajman, aljurf indl, al jurf indl, aljruf, aljerf, aljurf ind area, jurfind, aljurf industrial ajman, al jurf ajman"
Al Juwais,community,Ras Al Khaimah,"aljuwais, juwais, aljweis, aljuweis, aljwais, jwais, rakaljuwais, aljuwaisrak, aljuwias, aljuwase, aljaws, aljuwis, aljuwais community"
Al Kaber,community,Umm Al Quwain,"alkaber, al kabir, elkaber, alkabr, alkbr, uaq al kaber, al kaber uaq, uaq kaber, alkaber uaq, al kabeer, elkabeer, alkaber community"
Al Karama,community,Dubai,"karama, alkarama, karma, karama dubai, dubai karama, karama dxb, alkarama dxb, krama, karrma, karamaa, al karrma, al-karama, alkarma, karama comm, karama community"
Al Karamah,community,Abu Dhabi,"karama, al karama, alkarama, alkaramah, karamah, ad karama, karama ad, abu dhabi karama, karama abu dhabi, al karmah"
Al Khabisi,community,Al Ain,"alkhabisi, alkhabisi al ain, al ain al khabisi, al khabsi, alkhabsi, al khabessi, alkhabessi, alkhabeesi, al khabisi alain, alkhabisialain, al khabisi al ain, alkhabisi alain, khabisi, khabisi alain, alkhbisi"
Al Khail Heights,community,Dubai,"akh, alkhailh, alkhailhts, khail heights, alkhailheights, al khail hts, alkhail hts, al khailh, alkhail, alkhal heights, al khail heigths, alkail heights, alkailheights, alkhail heights, al khail hieghts"
Al Khaldeia Area,community,Sharjah,"alkhaldia, alkhaldiya, khaldeia, khaldeya, khaldiya, alkhaldeia shj, shj alkhaldia, alkhaldia sharjah, alkhaldiaarea, alkhaldiyaarea, alkhaldeiaarea, alkhaldiya shj, alkhaldeya shj"
Al Khalidiya,community,Abu Dhabi,"khalidiya, alkhalidiya, khalidya, alkhalidya, khalidiyeh, khalidiyah, alkhalidiyah, khalidia, alkhalidia, adkhalidiya, khalidiyaad, alkhalidiyauae, alkhalidiaauh, khalidiyaauh"
Al Khan,community,Sharjah,"alkhan, khan, shjalkhan, alkhanshj, al-khan, alkan, alkaan, al khan shj, alkh, ak, alkhan sharjah"
Al Kharran,community,Ras Al Khaimah,"alkharrn, alkharan, al khran, alkhran, rak kharran, kharran rak, al kharn, alkharn, alkharran, alkharrann, al-kharran"
Al Khatim,community,Abu Dhabi,"alkhatm, alkatim, al khatem, khatim, khatm, al-khatim, alkhatim, auh khatim, khatim ad, khatim auh, alkhatim abu dhabi, khatim abu dhabi, alkhatm auh"
Al Khawaneej,community,Dubai,"alkhwanij, khawaneej, khawaneej1, khawaneej2, alkhwanij1, alkhwanij2, khawanj, khawaneej dubai, dubai khawaneej, alkhawaneej1, alkhawaneej2, khawaneej dxb, dxb khawaneej, akhawaneej, alkhwanij dx, khwanij, alkhwanij community"
Al Kifaf,community,Dubai,"kifaf, al kifaff, alkifaf, kifaf dubai, dubai kifaf, al kifaf community, kifaf community"
Al Lisaili,community,Dubai,"lisaili, al lisail, lisaily, al lisaily, lissaili, al lissaili, lsaili, allisaili, lisaili dubai, dubai lisaili, al lisaili community, lisaili community"
Al Madam,community,Sharjah,"almadam, madam, almdm, alm, al madam sharjah, sharjah al madam, almadam sharjah, almadamshj, almdmshj, al madm, al mdam, almadmm"
Al Madar,community,Umm Al Quwain,"almadar, al mdar, almad, al madar uaq, uaq al madar, almadar uaq, al madar comm, almadar comm, al mdar uaq"
Al Maffraq,community,Abu Dhabi,"mafraq, al mafrak, alfraq, mafrak, almfrq, mfrq, al mafraq abu dhabi, mafraq abu dhabi, mafraq ad, mafraqad, al-mafraq, almfraq"
Al Maidan,community,Umm Al Quwain,"maidan, almaidan, uaq maidan, maidan uaq, al maidan uaq, almaidan uaq, uaqmaidan, almeidan, almaydan, meidancity, maydancity, maidan uaqc, almaidan community"
Al Mairid,community,Ras Al Khaimah,"al mairid rak, mairid, mairid rak, al mairidh, al marid, al merid, al mared, al mairid community, rak al mairid, almairid, al mairid rk"
Al Majaz,community,Sharjah,"majaz, almajaz, shjmajaz, majazshj, al majz, almjz, majazz, almajazz, shj majaz, majaz sharjah"
Al Mamourah,community,Ras Al Khaimah,"mamoura, almamoura, rakmamoura, mamourahrak, almamourah, mamourahrk, almamoora, mamoora, almamurah, mamurah"
Al Mamzar - Sharjah,community,Sharjah,"mamzar, almamzar, mamzar sharjah, almamzar sharjah, shj mamzar, mamzar shj, al mamzar shj, almamzar shj, al mamzer, mamzer, mamzar sh, shj almamzar, almamzr, mamzr, al mamzr, al mamzar sharja"
Al Manara,community,Dubai,"almanara, almnr, al manra, al manaraa, almanra, al mnara, al-manara, manara, manra, almnra"
Al Manaseer,community,Abu Dhabi,"almanaseer, manaseer, alm, mnsr, almnsr, al manaser, al manassir, al manasir, manaser, manasir, almanser, almnasr, ad manaseer, manaseer abu dhabi, almanaser"
Al Manaseer,community,Al Ain,"almanaseer, manaseer, al mnaser, al manaser, almnaser, almnaseer, manaser, al ain manaseer, al ain mnaser, almnaseer al ain, manaseer al ain, al mnsr, almansir, al manasir, almnasir"
Al Manhal,community,Abu Dhabi,"almanhal, manhal, almanhal abudhabi, abudhabi almanhal, manhal ad, ad manhal, manhal abu dhabi, almanal, al manal, almanhal a, al manhal ad"
Al Maqam,community,Al Ain,"maqam, al maqam al ain, almaqam, al ain maqam, maqam al ain, almagam, al maquam, al maagam, al maqaam, maqam area, alain maqam"
Al Maqtaa,community,Abu Dhabi,"maqtaa, al maqta, maqta, alq maqtaa, almaqtaa, maqtaa ad, maqta ad, ad maqtaa, almaqta, almaq, maqtaa abu dhabi, maqta abudhabi, maqtaa community"
Al Marjan Island,community,Ras Al Khaimah,"marjan, almarjan, marjan island, marjan isl, rak marjan, marjan rak, al marjan isl, almarjanisland, marjanis, marjanisld, almarjanisl, marjan iland, marjan island rak"
Al Markaziyah,community,Abu Dhabi,"almarkaz, markaziyah, markaz, almarkazya, markazia, almarkazia, admarkaziyah, markaziyahad, almarkzyah, almarkaziah, markaziyahauh"
Al Markhaniya,community,Al Ain,"markhaniya, markhania, alkhaniya, almarkhania, almarkhaniya, markh, almarkh, almarkhaniya al ain, al ain markhaniya, almarkhaniya alain, alain markhaniya, makhaniya, markhanya, al markhanya"
Al Maryah,community,Abu Dhabi,"maryah, almaryah, maryah island, al maryah island, marya, almarya, maryah ad, ad maryah, maryahisland, almaryahisland, maryah isl, al maryah isl"
Al Maryah Island,community,Abu Dhabi,"maryah, almaryah, maryah island, al maryah, maryah isl, almaryah island, almaryahisl, maryahabudhabi, abudhabimaryah, almaryahauh, maryahauh, almarya, almaria, almaryiah, maryiah"
Al Masoodi,community,Al Ain,"almasoodi, almasoudi, almasoody, almasoudy, alainmasoodi, alainmasoudi, masoodi, masoudi, masoody, masoudy, almasudi, almasudy, alainmasoody, alainmasoudy"
Al Mataf,community,Ras Al Khaimah,"almataf, rkha, rakmataf, matafrk, almtaf, almtf, matafrak, rak mataf, mataf rak, al mataf rak, al mataf ras al khaimah, mataf rk, almatafrak"
Al Mina,community,Abu Dhabi,"almina, mina, mina abu dhabi, abudhabi mina, al mina ad, mina ad, al-mina, almina abu dhabi, minaabu dhabi"
Al Mirfa,community,Abu Dhabi,"mirfa, almirfa, mirfaa, almirfaa, mirfa ad, ad mirfa, mirfa city, al mirfah, mirfah"
Al Mizhar,community,Dubai,"mizhar, al mizhar 1, al mizhar 2, almizhar, al mizher, mizher, mizhar 1, mizhar 2, am 1, am 2, al mizar, mizhar dubai, dubai mizhar"
Al Mowaihat,community,Ajman,"mowaihat, al mowaihat ajman, mowaihat ajman, ajman mowaihat, mowaihat 1, mowaihat 2, mowaihat 3, mowaihat aj, al mowaihat aj, mowaihat a, mowaihat city, mowaihat community, al mowaihat 1, al mowaihat 2, al mowaihat 3, mowaihat1, mowaihat2, mowaihat3, mowaihet, mowaihatt, al mowaihet, mowaihat area, mowaihat residential, mowaihat off plan"
Al Muhaisnah,community,Dubai,"muhaisnah, al muhasnah, muhaisna, muhaisana, al muhaisna, muhaisnah1, muhaisnah2, muhaisnah3, muhaisnah4, muhaysnah, al muhaysnah, muhasna, muhisna, muhaisnah dubai, dubai muhaisnah, almuhaisnah, almuhasna"
Al Mujarrah,community,Sharjah,"almujarrah, mujarrah, al mujrah, al mujera, al mujarha, al mujarah, shj mujarrah, mujarrah shj, al mujarrrah, al mujarrah shj, mujrah shj, almujarah"
Al Mukawwrah,community,Ras Al Khaimah,"mukawwrah, almukawwrah, al mukawarah, al mukawara, mukawara, rak mukawwrah, mukawwrah rak, almkwrh, almukawara, al mukawra, mukawra, al mukawwrah rak, mukawrah community, almukawrah community"
Al Muntazah,community,Abu Dhabi,"almuntaza, muntazah, muntaza, almtzh, al muntaz, muntaz, al muntazah ad, muntazah abu dhabi, almuntazah ad, almuntazah abudhabi, almountazah, al muntazh, al muntazeh, muntazeh, al muntaza ad"
Al Muntazah,community,Sharjah,"almuntazah, al muntaza, al montazah, al montaza, al muntazh, al muntah, almuntaza, almuntah, shj almuntazah, almuntazah shj, al muntazah shj, al montazah shj, al muntazah sharjah, al montazah sharjah, almuntazahsharjah, al muntazeh, al muntazaah"
Al Murabaa,community,Al Ain,"almurbaa, almuraba, almrbaa, almrba, murabaa, muraba, mrbaa, mrba, alain almurbaa, almurbaa alain, alain murabaa, murabaa alain, alainmrbaa, alainmurabaa, almurbaaalain, murbaa, almurrabaa, almurraba"
Al Musalla,community,Sharjah,"musalla, almusalla, almusala, musala, musalla shj, shj musalla, al musala, al musala shj, shj al musalla, musla, almusla"
Al Mushrif,community,Abu Dhabi,"mushrif, mushrif ad, ad mushrif, al mushref, mushref, almushrif, almushref, al mushrif community, mushrif community, mushrif area, mushrif abu dhabi"
Al Mutarad,community,Al Ain,"almutarad, mutarad, alainmutarad, mutarad al ain, al ain mutarad, al mtrd, almtrd, mtrad, al mutrad, almutrad, al mutard, al mutarad al ain, mutarad alain"
Al Mutawaa,community,Al Ain,"mutawa, almutawa, mutawaa, al mutawa, alain mutawa, mutawa al ain, al ain mutawaa, al mutawaa al ain, mutawaa alain, mtwa, al mtwa, al mutawaa alain, alain mutawaa, mutawa alain, al mutawa community"
Al Muwahie,community,Al Ain,"almuwahieh, almuwaiji, al muwaiji, almuwayji, al muwayji, almuwajih, almuwaji, alain almuwaiji, al ain almuwaiji, almuwaiji alain, almuwaij, al muwaij, almuwayjeh, al muwayjeh, almuwajiha, almwji, amwji, almuwaiji community"
Al Muwaiji,community,Al Ain,"almuwaiji, muwaiji, al muwaij, al muwaji, al muwayji, al muwayj, muwayji, muwaji, al ain almuwaiji, almuwaiji alain, alm, almuw, al muw, al muwaijii, al muwaijie, almuwaieji, almuwaji, almuwaji alain"
Al Nabba,community,Sharjah,"nabba, alnaba, naba, shj nabba, nabba sharjah, alnabba, nabaa, alnabaa, shj naba, nabba shj"
Al Nahda,community,Abu Dhabi,"aln, alnahda, nahda, al nahda ad, al nahda abu dhabi, alnahda ad, alnahda abu dhabi, aln ad, aln abu dhabi, alnhda, al nahdah, alnahdah, al-nahda, alnahdaabudhabi"
Al Nahda,community,Dubai,"alnahda, nahda, alnada, alnhda, al nahda dxb, alnahdadxb, nahdadxb, alnahdah, alnahda1, alnahda2, alnahda 1, alnahda 2, nahda community"
Al Nahda,community,Sharjah,"aln, nahda, alnahda, alnhda, al nahda sharjah, alnahda sharjah, nahda sharjah, al nahda shj, alnahda shj, nahda shj, alnahdah, al-nahda, al nahda 1, alnahda 1, nahda 1, al nahda 2, alnahda 2, nahda 2"
Al Nahyan,community,Abu Dhabi,"nahyan, alnahyan, alnahyanad, nahyanad, alnhyan, alnhayan, alnayhan, alnahian, alnahyann, nahyann, alnahayan, alnayan"
Al Nahyan Camp,community,Abu Dhabi,"alnahyan, nahyan, nahyan camp, alnahyan camp, nahian camp, al nahian, nahyan auh, auh nahyan, nahyancamp, alnayan, al nayhan, nahayn, nahyan c, nahyan st, al nahayan"
Al Najda Street,community,Abu Dhabi,"najda, alnajda, najda st, najda street, alnajdast, alnajdastreet, najdast, najdastreet, abd najda, najda abu dhabi, al najda ad, najdha, alnajdha, al najdha, najdha st, najdha street"
Al Nakheel,community,Ras Al Khaimah,"nakheel, alnakheel, nakheel rak, rak nakheel, al nakhel, al nakheal, nakhel, alnakhil, alnakhle, al nakhle, nakheel community, nakheel r"
Al Nakhil,community,Ajman,"alnakhil, nakhil, alnakheel, nakheel, alnkhil, nkhil, ajman nakhil, nakhil ajman, alnakhil ajman, ajman nakheel, nakheel ajman, alnakhilajman, alnkhilajman, nakheelajman, nakheela, nakhila"
Al Nasreya,community,Sharjah,"nasreya, alnasreya, nasriya, alnasriya, nasryia, nasryah, alnasryah, nasria, alnasiya, shj nasreya, nasreya shj, nasreya sharjah, al nasria, nasrya, alnasrya, nasreia"
Al Niyadat,community,Al Ain,"niyadat, alniyadat, al ain niyadat, niyadat al ain, alniyadat alain, alain niyadat, niydt, al niydat, alnyadat, al niadit, alniyadatt"
Al Noud,community,Al Ain,"alnoud, alnoud alain, alain alnoud, alnoud community, alnoud al ain, alnood, alnud, alnoud area"
Al Nouf,community,Sharjah,"alnouf, nouf, alnouf sharjah, sharjah alnouf, alnoufshj, alnuf, alnoof, nouf shj, alnouf community"
Al Nuaimiya,community,Ajman,"alnuaimiya, nuaimiya, nuaimia, al nuaimia, ajman nuaimiya, nuaimiya ajman, al nuamiya, nuamiya, alnuaimia, nuaimya, nuamiya ajman, nuaimiya community"
Al Owaid,community,Fujairah,"alowaid, fuj alowaid, alowaid fuj, al owaid fuj, fujaira alowaid, alwaid, aloweid, alwaeed, al owaeed, alowid, alowayd, alowaid fujairah, fujairah al owaid"
Al Owan,community,Ajman,"alowan, al owan ajman, ajman al owan, alwan, alowan ajman, al owan community, al owan aj, alwn, alowanajman, alowan aj"
Al Oyoun Village,community,Al Ain,"aloyoun, al oyoon, al oyoun vill, al oyoun vil, aloyoun village, al ain al oyoun, al oyoun al ain, al oyoon village, al oyoun vlg, aloyounv, al oyon village, al oyounn"
Al Qarain,community,Sharjah,"qarain, alqarain, sharjah qarain, qarain sharjah, al qarain shj, shj qarain, alqrain, al qrain, qaraien, qaraeen, alqaraeen, al qaraeen, alqareen, al qareen, al qarain community, qarain area"
Al Qasba,community,Sharjah,"alqasba, qasba, alqasbah, qasbah, al qasbah, alqasba shj, qasba shj, shj al qasba, alkasba, kasba, alqasba sharjah, qasba sharjah"
Al Qasimia,community,Sharjah,"alqasimia, alqasimiya, alqasimiah, alqasimya, qasimia, qasimiya, qasimya, shj qasimia, qasimia sharjah, alqasimia shj, alqasimiah shj, alqasimya shj, alqasimyia, alqassimia, alqassimya, alqasima, alqasimiya sharjah"
Al Qattarah,community,Al Ain,"alqattara, alqattarh, alqtrah, alqtrh, al ain qattarah, qattarah, qattara, al ain qattara, al ain qattarh, alqattara al ain, alqattarah al ain"
Al Quoz,community,Dubai,"aq, alq, quoz, al quoz ind, al quoz industrial, al quoz 1, al quoz 2, al quoz 3, al quoz 4, alq1, alq2, alq3, alq4, alquoz, alqoz, al qoz, alqoze, alqouse, al quoz dubai, dubai al quoz"
Al Qurm,community,Abu Dhabi,"alqurm, alqurm ad, aq, qurm, qurm ad, al qurum, alqurum, alqurum ad, alqurm abu dhabi, alqurmabudhabi, al qurm ad, al qurm abu dhabi"
Al Qurm,community,Ras Al Khaimah,"alqurm, alqrm, alkurm, al qurum, alqurum, qurm, rak al qurm, al qurm rak, alqurmrak, alqurm rak, qurm rak, al qurum rak, alqurm community, alqrm rak"
Al Qusaidat,community,Ras Al Khaimah,"alq, qusaidat, alkusaidat, alkusaitat, qusaitat, alqusaidatrak, rakalqusaidat, alqusai, alqsaidad, alqusadat, alqsaidatrak, alkusidat, alqsd, qusaidatrak"
Al Qusais,community,Dubai,"qusais, alqusais, qusais 1, qusais 2, qusais 3, qusais area, al qusais dubai, qusais dubai, al qussais, al qusase, al qusayis, al qusai, qusai, qusis, al qusis, al qusais 1, al qusais 2, al qusais 3"
Al Raas,community,Umm Al Quwain,"alraas, al ras, alras, alras uaq, ras uaq, uaq al ras, al raas uaq, alrasuaq, al rass, alraasuaq, alrass uaq"
Al Raha Beach,community,Abu Dhabi,"raha, alraha, raha beach, al raha, arh, arb, alrahabeach, raha bch, raha bch abu dhabi, al raha beach ad, alrahabch, al raha abudhabi, alraha abudhabi, alrahabeachad, al raha beach abu dhabi"
Al Raha Gardens,community,Abu Dhabi,"raha, alraha, alraha gardens, alrahagardens, raha gardens, rahagardens, al raha, al raha gdns, al raha gdn, raha gdns, alraha gdns, auh raha gardens, al raha gardens auh, alraha garden, al raha garden, alraha gdn, al raha gds, raha gds"
Al Raha Golf Gardens,community,Abu Dhabi,"golf gardens, raha gardens, al raha gardens, rgg, golfg, golfgardens, alrahagolf, rahagolfgardens, alrahagolfgardens, ad golf gardens, golf gardens ad, golf garden, raha golf, al raha golf, alraha golf, golf gardns, golfgardn, golf gardn"
Al Rahba,community,Abu Dhabi,"alrahba, al rahb, alrahb, rahba, alraba, alraha, alrabha, alrhba, alrahbaa, alrahbacity, alrahbaauh, auhalrahba, alrahbaad, adalrahba, alrahab, alrhab, alrahba community"
Al Rahmaniya,community,Sharjah,"al rahmania, alrahmania, alrahmaniya, al rahmaniah, alrahmaniah, sharjah al rahmania, al rahmania sharjah, al rahman, al rahmaniya shj, alrahmaniashj, al rahmaniya community, alrhmania, alrahmania shj, al rahmaniyya, al rahmaniyyah"
Al Ramla,community,Umm Al Quwain,"alramla, ramla, ramla uaq, uaq ramla, al ramlah, ramlah, alramlah, alramla uaq, alrmla, alraml, ramla comm, al ramla comm"
Al Rams,community,Ras Al Khaimah,"alrams, al rams rak, rak al rams, alrams rak, alrmas, alrams community, al ram, al rams city, alram, alrams rk"
Al Raqaib,community,Ajman,"raqaib, alraqaib, ragaib, raqib, alragaib, ajmanraqaib, raqaibajman, alraqaibajman, raqeb, raqeeb, alraqeeb, rqaib, raqaibcomm, raqaibcommunity"
Al Rashidiya,community,Ajman,"rashidiya, alrashidiya, rashidiya ajman, ajman rashidiya, rashidiya ajm, rashidya, rashidiyah, alrashidiyah, rashidiya area, rashidiya community"
Al Rashidiya,community,Dubai,"rashidiya, rashidiya dubai, dubai rashidiya, rashidiya community, rashidya, rashidia, al rashidia, rashdiya, rashidiyah, alrashidiya, alrashidia, rashidiyacommunity"
Al Rawda,community,Ajman,"rawda, alrawda, ajman rawda, rawda ajman, al rowda, rowda, al rawdah, rawdah, alrawdah, alrwda, rwda, rawda ajm, alrawdaajman"
Al Rawdah,community,Abu Dhabi,"rawda, alrawda, rawdah, alrawdah, auh rawda, rawda auh, al rawda auh, rawdah auh, alrawda abudhabi, rawda abudhabi, alrawdah abudhabi"
Al Rawdah Al Sharqiyah,community,Al Ain,"rawdah sharqiyah, al rawdah, rawdah al ain, rawda sharqiya, rawda sharqia, rawdah sharqiya, al rawda, alrawdah sharqiyah, alrawdah, al rawdah al ain, rawdah al ain community, rawda al ain, al rawda sharqiya, rawdah sharqia"
Al Rayhan,community,Abu Dhabi,"alrayhan, rayhan, al rayhan ad, rayhan ad, alryhan, alraihan, alrayhan abu dhabi, al rayhan community, alrayhan community, alrayhan community ad, alrayhan ad, alrayhanau, rayhanad"
Al Reef,community,Abu Dhabi,"arf, reef, alreef, ar, al-reef, reef abu dhabi, reef ad, ad reef, alreef ad, alreaf, alrif, areef"
Al Reem Island,community,Abu Dhabi,"reem, alreem, reem island, reemisland, reemisl, alreemisland, auh reem, reem auh, al reem isl, rim island, reem is, rem island"
Al Riffa,community,Ras Al Khaimah,"riffa, alrifa, rifa, rak riffa, riffa rak, al riffa rak, alrifa rak, r-a-k riffa, riffa community"
Al Riqqa,community,Sharjah,"riqqa, alriqqa, riqa, alriqa, sharjahriqqa, riqqashj, al riqa, al riqqa sharjah, riqqa sharjah, alriqqa sharjah, riqah, alriqah"
Al Riqqa,community,Umm Al Quwain,"riqqa, alriqqa, alq, riqa, alriqa, uaq riqqa, riqqa uaq, ummalquwain riqqa, riqqa ummalquwain, al riqa, alq riqqa, al riqqa uaq"
Al Rowaiyah 2,community,Dubai,"rowaiyah 2, al rowaiya 2, rowaiya 2, alrowaiya 2, alrowaiyah 2, rowaiyah2, rowaiya2, al rowiyah 2, al rowya 2, rowya 2, rowiyah 2, alrwaiyah 2, ar 2, al rw 2, rowaih 2, rowayiah 2"
Al Rowdat Suburb,community,Sharjah,"rowdat, alrowdat, rowdat shj, alrowdat shj, rowdat suburb, alrowdat suburb, al rowdat shj, rowdat sharjah, al rowdat sharjah, rowdat sub, alrowdat sub, rowda, alrowda, rowda shj, alrowda shj, alrowdasuburb"
Al Rumaila,community,Ajman,"rumaila, alrumaila, rumala, rumailah, alrumailah, ajman rumaila, rumaila ajman, al rumala, rumail, rmaila, rumaila ajn"
Al Ruwais,community,Abu Dhabi,"ruwais, alrwais, alruais, ruweis, ruwaiss, alruwaiss, ruwais abu dhabi, abudhabi ruwais, ruwais ad, ad ruwais, ruws, alruws"
Al Safa,community,Dubai,"safa, alsfa, safacommunity, safadubai, dubaisafa, alssafa, asafa, safa1, safa2"
Al Sajaa,community,Sharjah,"alsaja, al sajaa ind, al sajaa industrial, sajja, saja, sajaa, al sajja, sajja ind, al sajja ind, alsajja, alsajaaindustrial, sharjah al sajaa, al sajaa sharjah, sajaa sharjah, sharjah sajaa, al sjaa, al sja, saja industrial"
Al Salam City,community,Umm Al Quwain,"alsalam, alsalamcity, salamcity, ascc, al salam uaq, uaq alsalam, alsalam uaq, al salam city uaq, alsalamcityuaq, alslam, alslamcity, alsalam cty, al salm city, alsalamcity uaq"
Al Salam Street,community,Abu Dhabi,"alsalam, al salam st, alsalam st, salam st, salam street, al salam street auh, alsalam auh, al salam abu dhabi, salam abu dhabi, alsalamst, alssalam, alsalamm, al salm, alslm, al salam street abu dhabi, salam st auh"
Al Salamah,community,Umm Al Quwain,"alsalama, al salama, salama, uaq salama, uaq al salama, al salamah uaq, alsalamahuq, alsalamah uaq, al salmah, al salama uaq"
Al Salamat,community,Al Ain,"salamat, al slmt, alsalamat, al ain salamat, salamat al ain, al slamat, al-salamat, alselamat, al salamt, alsalmat, alain salamat, salamatain"
Al Salihia,community,Ras Al Khaimah,"alsalhia, al salihiya, alsalihya, salihia, salihiya, rak al salihia, alsalihia rak, al salihia rak, salhia, salihya, al saliha, alsaliha, al salehiya"
Al Samha,community,Abu Dhabi,"samha, al samha abudhabi, al samha ad, alsamha, samha ad, samha abudhabi, al samha community"
Al Sarooj,community,Al Ain,"alsarooj, sarooj, sarooj al ain, al ain sarooj, alsaruj, saruj, alsaroje, saroje, alain sarooj, sarooj alain"
Al Satwa,community,Dubai,"satwa, alstw, stwa, satwaa, alsatwaa, satwah, satwa dubai, dubai satwa, alstwa, al satwah"
Al Sawan,community,Ajman,"alsawan, sawan, ajman alsawan, alsawan ajman, alswan, al sawan ajman, aswan, alswan ajman, al sawan ajmn, alsawwan, al sawn"
Al Seer,community,Ras Al Khaimah,"alseer, al seer rak, rak al seer, alser, al sear, al sir, al sser, alseerr, seer rak, alseer community"
Al Sewaan,community,Ras Al Khaimah,"sewaan, alsewan, al sewan, swn, rak sewaan, sewaan rak, alsewaan rak, al sewaan rak, alsewaanrak, sewan rak, sewwn, al sewwn, al sewaan rk, rak sewan, alsewan rak"
Al Shahama,community,Abu Dhabi,"alshahama, shahama, alshah, ashahama, alshamah, alshama, shahamaauh, auhshahama, shahamaabu dhabi, alshmh, alshahm"
Al Shahba,community,Sharjah,"shahba, al shahbaa, alshaba, alshab, al shahba sharjah, shj shahba, shahba sharjah, alshbah, alshb, alshba sharjah"
Al Shalila,community,Abu Dhabi,"shalila, alshalila, alshalilla, alshalalah, shalalah, alshaleela, shaleela, auh shalila, al shalila auh, alshalila ad, alshalila abu dhabi, al-shalila, al shalila community"
Al Shamkha,community,Abu Dhabi,"shamkha, alshamkha, alshamka, shamka, ashamkha, shamkha abu dhabi, shamkha ad, ad shamkha, alshamkha ad, shamka ad, shmkha, alshmkha, shamkhaa, shamkha city, al shamka"
Al Sharisha,community,Ras Al Khaimah,"alsharisha, sharisha, alshar, sharish, alsharish, rak alsharisha, alsharisha rak, sharisha rak, rak sharisha, al sharesha, al sharisha community, sharisha community, alsharaisha, alshreisha, sharisha ras al khaimah, rak sharish"
Al Sharq,community,Sharjah,"alsharq, sharq, al sharqi, alsharqi, alshrq, alsharg, sharq sharjah, alsharq sharjah, sharjah alsharq, alshrq sharjah, alsharq community, alsharq shj, shj alsharq, alsharg sharjah"
Al Shawamekh,community,Abu Dhabi,"shawamekh, al shawameh, shawamikh, al shawamikh, shawamk, al shawamk, shawamekh auh, auh shawamekh, shawamekh abu dhabi, alshawamekh, shawamekh city"
Al Shindagah,community,Dubai,"shindagha, al shindaga, shindaga, alshindagha, alshindaga, shindagah, shindaga dubai, al shindagah dubai, alshindagah dubai, al shindaga dxb, shindaga dxb"
Al Shuibah,community,Al Ain,"alshuiba, shuiba, shuibah, alshuibah, al ain shuibah, shuibah al ain, shuibaa, alshuaybah, alshuayba, shuayba, al shuayba, shuibah alain, alain shuibah"
Al Shuwaihean,community,Sharjah,"shuwaihean, alshuwaihean, shuwaihen, shwihan, shuweihean, alshwihan, shj shuwaihean, shuwaihean sharjah, shuwaihan, shuwaihenn, shuwihan, shj shuwaihen"
Al Sila'a,community,Abu Dhabi,"sila, silaau, al sila, alsila, sila abu dhabi, silaa abu dhabi, alsilaa, silaa, alselaa, alsela, slaa, silaacommuity"
Al Sinaiya,community,Al Ain,"alsin, alsinaya, al sinaya, alain alsinaiya, alsinaiya alain, alsnaiya, alsinay, alsinai, alsinia, alsinayya, alsinya"
Al Sufouh,community,Dubai,"alsufou, sufooh, sufoh, al sufoh, al sufoo, alsufouh, sufoh dubai, alsufouh dubai, sufouh, alsufoh"
Al Surra,community,Umm Al Quwain,"alsurra, surra, surra uaq, uaq surra, al sura, alsura, al surra uaq, surra community"
Al Suyoh,community,Sharjah,"suyoh, al suyuh, alsuyoh, suyuh, sharjah suyoh, al suyoh sharjah, suyoh sharjah, al suyo, alsuyuh, alsoyoh, alsuioh, suyo, suyh"
Al Taawun,community,Sharjah,"tawun, altawun, taawon, altaawon, tawon, al tawun, sharjah taawun, taawun sharjah, sharjah tawun, tawun sharjah, altawn, tawn, altawan, tawwn"
Al Tai,community,Sharjah,"altai, al tay, alty, shj altai, altai sharjah, al tay sharjah, altai shj, altay, al tai shj, al tai sharjah"
Al Tallah 2,community,Ajman,"tallah 2, altallah 2, tallah2, altallah2, ajman tallah 2, tallah 2 ajman, al talla 2, altalla 2, talla 2, al t 2, at 2, tallah two, altallah two"
Al Tawiya,community,Al Ain,"tawiya, al tawi, al tawiah, tawiah, alain tawi, alain tawiye, altawiya, alaintawiya, altwya, tawya, al taweya, al taweyah"
Al Tayy Suburb,community,Sharjah,"altayy, altayy suburb, tayy, tayy suburb, al tay, altay, al tayy sharjah, tayy sharjah, altaysharjah, altayysharjah, al tay suburb, tayy community, al tayy comm, altayycomm, altay community"
Al Telah,community,Al Ain,"altela, al tela, al-tela, al ain altela, altela al ain, al tila, al tella, al teyla, altilah, alteleh, al ain community altela"
Al Tibbiya,community,Abu Dhabi,"altibya, tibiya, al tibbia, al tibya, atibiya, atibya, tibya abu dhabi, altibya ad, al tibbiya abu dhabi, altibya community"
Al Towayya,community,Al Ain,"towayya, al towaya, altowayya, al twayya, towaya, al towya, towya, alain towayya, towayya al ain, atowayya, al towyyah, towayah, al towiyah"
Al Turfa,community,Ras Al Khaimah,"alturfa, al turfa rak, turfa, altrfa, al turfah, al torfa, alturfarak, al turfa community, rak al turfa, al turfa r.a.k, al turfa area"
Al Twar,community,Dubai,"altwar, al tawar, altar, al-twar, twar, altwar dubai, dubai altwar, al twar community, al tawar 1, al tawar 2, al tawar 3, at1, at2, at3, altwar1, altwar2, altwar3"
Al Uraibi,community,Ras Al Khaimah,"uraibi, aluraibi, al uraibie, uraibie, rak uraibi, uraibi rak, al uraiby, uraiby, aluraiby, uraibi community"
Al Wadi Desert,community,Ras Al Khaimah,"alwadi, alwadi desert, rak alwadi, alwadi rak, al wadi, alwadi rk, alwady, alwady desert, alwadi dst, alwadi r-a-k, alwadirak, alwadidst"
Al Wahda,community,Abu Dhabi,"alwahda, al wahda auh, aw, alw, alwhda, alwehda, alwahdah, alwahda abu dhabi, auh alwahda, al wahdah, alwahda ad, alwhdah"
Al Wahda,community,Sharjah,"alwahda, alwahdashj, alwahdasharjah, wahda, wahdashj, alwahdah, alwuhda, alwuhdah, alwahda shj, alwahda sharjah, alwhda, alwhdah"
Al Warqa'a,community,Dubai,"warqa, alwarqa, warqaa, alwarqaa, warqa1, warqa2, warqa3, warqa4, al warqa, alwarqa1, alwarqa2, alwarqa3, alwarqa4, warqa dubai, dubai warqa, warqa-a, al warqaa"
Al Warsan,community,Dubai,"warsan, alwarsan, wersan, alwersan, warsn, alwarsn, warsandxb, dxbwarsan"
Al Wasl,community,Dubai,"wasl, alwasl, aws, alwsl, alwasl community, alwasl dubai, dubai alwasl, alwsl dubai, alwls, alwasel, alwasll, al wasl community, awl, alwasl dxb"
Al Wathba,community,Abu Dhabi,"wathba, alwathba, wthba, alwthba, al wthba, alwaba, alwatha, wathbaa, alwathbaa, auh wathba, wathba abu dhabi, wathba ad, al wathba ad"
Al Yahar,community,Al Ain,"alyahar, aly, yahr, al yahar al ain, al ain al yahar, alyahar al ain, alain alyahar, alyahar ain, yahr al ain"
Al Yasmeen,community,Ajman,"alyasmeen, yasmeen, yasmin, yasmeen ajman, ajman yasmeen, yasmeen a, yasmine, yasmene, alyasmin, alyasmen, yasmeenajman, ajmanyasmeen"
Al Yelayiss 1,community,Dubai,"yelayiss1, yelayiss, alyelayiss, yelayis, yelayis 1, al ylayiss, alyelayis, yelayissone, yelayis1, ay1, aly1, ylayiss1, yelayiss-1, yelayiss_1"
Al Zaab,community,Abu Dhabi,"alzaab, zaab, alzaab auh, zaab auh, auh alzaab, al zaab auh, alzaab community, al zaab community, alzab, al-zaab, zaab abu dhabi, alzaab abu dhabi"
Al Zahiyah,community,Abu Dhabi,"zahiyah, alzahiya, alzahya, azahiya, zahya, alzahiah, alzahia, zahia, alzahiya ad, zahiyah ad, ad zahiyah, alzahiya abudhabi, alzahiyaabu, zahiyahabu, alzahiyahh, alzahiyaah, zahiyaah, alzahiaya, alzahiiyah"
Al Zahraa,community,Abu Dhabi,"alzahra, az, alzahrah, alzahraa ad, alzahraa abu dhabi, alzuhra, alzahra community, alz, alzahraaad, alzahraauh"
Al Zahraa,community,Ajman,"alzahra, al zahra, azahra, al zahraa ajman, ajman al zahraa, alzahraa ajman, alzahra ajman, alzahra a, al zahra ajm, alzhra, alzahraaa, alzahraa community"
Al Zahya,community,Ajman,"alzahia, al zahia, alzhya, alzhia, zahya, zahia, ajman zahya, zahya ajman, alzahya ajman, alzahia ajman, alzhya ajman, alzhia ajman"
Al Zorah,community,Ajman,"az, alzorah, alzorha, al zora, al zorah ajman, ajman al zorah, alzorah ajman, alzorahajman, alzorh, alzora, alzorrah"
Al Zubair,community,Sharjah,"zubair, alzubair, zubair sharjah, sharjah zubair, zubair shj, alzubair shj, alzubar, zubair comm, al zubeir, zubeir, zubair community"
Aljada,community,Sharjah,"aljaada, aljadaa, aljaeda, sharjah aljada, aljada sharjah, aljada shj, aljadda, aljada community, aljada sharja, al jada, aljeda, aljeda sharjah"
Arabian Ranches,community,Dubai,"ar, ranches, arabianranches, arabian ranch, ar1, ar2, ar3, arabianranch, arabian ranches 1, arabian ranches 2, arabian ranches 3, ar dubai, ranches dubai, arabianranchesdubai, ar1 dubai, ar2 dubai, ar3 dubai, arabian ranches i, arabian ranches ii, arabian ranches iii, aranchoes, arbian ranches, aranches"
Arabian Ranches 2,community,Dubai,"ar2, arabian ranches ii, ar ii, ar-2, arabian ranches two, ranches 2, ranches ii, arabian ranch 2, arabian ranhces 2, arabian rances 2, arabianranches2, ar 2 dubai, dubai ar 2, arabian ranches 2 dubai, ar2 dubai"
Arjan,community,Dubai,"arjn, arj, arjan dubai, dubai arjan, arjancommunity, arjandubai, arjanarea, arjann, arjan."
Asharej,community,Al Ain,"ashrej, ashareej, alain asharej, asharej al ain, alainasharej, asharejalain, asharej comm, asharj, ashrej al ain, al ain ashrej"
Awali City,community,Ajman,"awali, awalic, awali city ajman, awalicitya, awalicityajman, ajman awali, awli city, awali cty, awaly city, awaly, awali ct, awali cty ajman"
Baniyas,community,Abu Dhabi,"bnyas, baniyas ad, ad baniyas, banias, banyas, benyas, banyyas, baniyas abu dhabi, baniyasabudhabi, baniyasad, adbanyas, baniyas community, byas"
Barsha Heights (Tecom),community,Dubai,"bh, tecom, barsha heights, barsha hts, barshahts, barshaht, tecom dubai, dubai tecom, bh tecom, barsha heights dubai, bhts, tecom dxb, barsha hts dubai, barshaheights, tecomdubai, dxb tecom"
Bawadi,community,Dubai,"bwadi, bwd, bawadi community, bawadi dubai, dubai bawadi, bawdi, bawady, baawadi, bawad, bawadidee"
Between Two Bridges,community,Abu Dhabi,"b2b, b/2/b, btwn 2 bridges, 2 bridges, betw 2 bridges, b2b ad, ad b2b, b2b abudhabi, b2b abu dhabi, between 2 bridges ad, b2babu dhabi, b2babudhabi, b2b a.d."
Bluewaters,community,Dubai,"bw, bluewater, bluewaters island, bluewater island, bluewatersisland, bw island, bwi, bw islands, bluewaters dubai, bluewaterdubai, bluewatersisl, bluewatrs, bluwaters, bluewatter, bluewaters community"
Bu Krayyah,community,Abu Dhabi,"bukrayah, bukraiyah, bukraia, bkrayah, bkray, bu krayya, bukrayya, abudhabibukrayah, bukrayahad, bukhrayah, bukraiyyah, bkrayahad, bukrryah, bukrayahabudhabi"
Building Materials City,community,Abu Dhabi,"bmc, blding materials city, blding material city, build mat city, building material city, bldg materials city, building materials, bmc abu dhabi, abu dhabi bmc, buildingmaterialscity, bldgmaterialscity, bldingmaterialscity, buildingmatcity, bldingmatcity, bldgmatcity, bmc ad, ad bmc, building material cty, building materiel city"
Bukadra,community,Dubai,"bukdra, bukadraa, bukhadra, bukhadraa, bukadra community, bukadra dubai, dxb bukadra, buk dra, bukadra area, bukadra community dubai, bukadra dxb"
Bur Dubai,community,Dubai,"burdubai, bd, bur db, burdubi, burduby, burdubae, burduba, bur dubi, bur duby, bur dubae, bur duba, b-dubai, bdubai"
Business Bay,community,Dubai,"bb, biz bay, bus bay, bsb, businessbay, bbay, bizbay, busbay, businesbay, busness bay, bisiness bay, businesss bay, business ba, bizy, bb community, dubai bb, business bay dubai, bb dubai"
Capital Centre,community,Abu Dhabi,"cap centre, cap centre ad, capcentre, capital center, capcenter, capcent, cc ad, cc abu dhabi, capitalcentre, capc, cap center ad, cap centre abu dhabi"
Central District,community,Al Ain,"central, cd, alain central, central alain, centeral, centrl, centraldist, centraldistt, centrldistrict, alaincentral, centraldistrictalain"
City Downtown,community,Abu Dhabi,"downtown, dtown, citydowntown, downtownad, ad downtown, downtown abu dhabi, dntown, dtownad, d-town, downtownadabudhabi, abudhabidowntown, dtown abu dhabi, dwntwn"
City Downtown,community,Ras Al Khaimah,"rak downtown, downtown rak, citydt, city dt, cty downtown, ctydt, citydowntown, downtowncity, dntwn rak, rak dntwn, city down town, citydwn, citydwt, rakdt, dt rak, city down, cty dwn, dntown rak, rak dtown"
City of Arabia,community,Dubai,"coa, cityofarabia, cityarabia, cityof, coa dubai, dubai coa, c of a, city arbiya, city arabya, city of arabi, cityofarabi"
City Walk,community,Dubai,"cw, citywalk, city-walk, c walk, cwalk, citywalk dubai, cw dubai, city walk dubai, cty walk, citywlk, ctywalk, city walk dxb, citywalkdxb"
Cornich Al Buhaira,community,Sharjah,"corniche al buhaira, al buhaira, buhaira, buhaira corniche, cah, shj buhaira, buhaira shj, cornish al buhaira, corniche albuhaira, al buhairah, buhairah, cornich buhaira, cornish buhaira, al buheira, buhaira community, cb, buhaira cornish"
Cornich Ras Al Khaima,community,Ras Al Khaimah,"rak corniche, corniche rak, cornich rak, cornish rak, cornish rk, corniche rk, crniche rak, cornichrak, corniche-rak, cornicheraal, corniche rasalkhaimah, cornish rasalkhaimah, cornich rk, cornichrakh, cornishrak, cornichra, corniche ras al khaimah"
Corniche Al Fujairah,community,Fujairah,"corniche fuj, fuj corniche, cornichefuj, cornich fujairah, corniche fujaira, fujairah corniche, cornice fujairah, corniche fujr"
Corniche Road,community,Abu Dhabi,"corniche, ad corniche, cornish, cornich, cornich rd, cornichroad, cornichead, cornishrd, cniche, corniche rd, cornish road, cornich road, adcorniche, cornicheadubai, cornich rd ad, corniche road ad, cornish rd ad"
Culture Village,community,Dubai,"cv, cult village, culturevillage, culture vill, cultvil, cult vill, culturevil, culture village dubai, dubai culture village, cvillage, cultur village, culturevilage, culture villiage"
Dafan Al Khor,community,Ras Al Khaimah,"dafan, dafan alkhor, dafankhor, dafan al khor rak, dafan rak, dafan al khor community, dafanal-khor, dafanal khor, dafan al khor city, d.a.k, dak, dafan al khour, dafankhor rak, dafanal khor rak"
Dafan Al Nakheel,community,Ras Al Khaimah,"dafan, dafan nakheel, dafan nakhil, dafan al nakhil, dafan al nakhyl, dafan alnakheel, dafan alnakhil, dafanrak, rak dafan, dafan al nakhel, dafan al nakeel, dafan al nakhle, dafan al nakhiel, dafanalnakheel, d.a.n, dafan community, dafan area"
Dahan,community,Ras Al Khaimah,"dahan rk, dahan rak, rk dahan, rak dahan, dhn, dhn rak, dhn rk"
Dalma Island,community,Abu Dhabi,"dalma, dalmaisl, dalmaisland, dalma isle, dalma isl, dlma, dalma abu dhabi, dalma island abu dhabi, dalma abudhabi, dalmaislandad, dalmaad"
DAMAC Hills,community,Dubai,"dh, damachills, damac hill, damachil, damac hls, damc hills, dammacc hills, damacshills, dmc hills, dmc, damachill, damac hillz, dhills, damac hils, damac hil, damc, dubai damac hills, damac hills dubai"
Damac Hills 2,community,Dubai,"d2, dh2, damac2, damachills2, d2dubai, damac hills ii, damac 2, dh ii, damachill2, damac2dubai, dhills2, dmc2, dmc hills 2"
Damac Lagoons,community,Dubai,"dl, damac lagoon, damac lagun, damaclagoon, damaclagoons, d lagoons, d-lagoons, damac community, dlagoons, dlagon, damac lagoon dubai, dubai damac lagoons, damaclagon, damac lagn"
Dana Island,community,Abu Dhabi,"dana, danaisland, di, danais, danaisld, danaislnd, dana abu dhabi, abudhabidana, dana ad"
Danet Abu Dhabi,community,Abu Dhabi,"danet, danet ad, danetabudhabi, dnt, dnt ad, dannet, danit, ad danet"
Defense Road,community,Abu Dhabi,"def road, defroad, def rd, defense rd, def rd ad, defroad ad, def road ad, defense road ad, defense rd ad, def-road, defrd, difence road, diffence road, defanse road"
Deira,community,Dubai,"dr, dera, diera, deera, dubai deira, deiradubai, dxb deira, dxbdeira"
Desert Village,community,Abu Dhabi,"dv, desertv, desertvill, desert vil, dvillage, desertvillage, desert villa, ad desert village, desert village ad, desertvlg, desert villg, desert vilage, desrt village, desrtv, desertvillg"
Dibba Al Fujairah,community,Fujairah,"dibba, diba, diba fuj, dibba fuj, diba fujairah, dibafuj, dibafujairah, dibba fujairah, diba city, dbb, dbf, diba-fuj, dibba-fuj, fuj diba, fuj dibba"
DIFC,community,Dubai,"dubai international financial centre, dubai intl financial centre, difc dubai, dubai difc, the difc, diffc, dfic, dific, d.i.f.c"
Discovery Gardens,community,Dubai,"disc garden, disc gardens, dg, d gardens, disco gardens, discovery garden, dgc, discogardens, discoverygardens, discovery, disc gardens dubai, dubai disc gardens, dg community"
Downtown Dubai,community,Dubai,"dt, dtown, dtown dubai, downtown, d-town, d dubai, dwntwn, dwntown, dt dubai, dtdubai, dwntwndubai, down town, dtwndubai, dwn twn"
Downtown Fujairah,community,Fujairah,"dt fuj, dtn fuj, downtown fuj, fuj downtown, fujdowntown, dtfuj, dt fujairah, downtownfuj, fuj city center, fuj city, dtn fujairah, fuj center, fujairah downtown, dtown fuj, dtfujairah"
Downtown Jebel Ali,community,Dubai,"dja, downtown jebelali, dwn jebel ali, jebel ali downtown, dt jebel ali, dtown jebel ali, dj a, downtown jebel ali dubai, dubai downtown jebel ali, dja dubai, jebel ali dt, dtown ja, djali, dwnjebelali, downtownjebelali, dtownjebelali, downtown jbl ali, downtown jbelali, dtown jbl ali, dwn ja, dt ja"
Dubai Airport Freezone (DAFZA),community,Dubai,"dafza, dafz, dubai airport freezone, airport freezone, dxfz, dafzaa, dafzah, dafza community, dubai airport free zone, dafz freezone, dafza dubai, dubai dafza, dafz area, dafz office, dfza, dafz airport, dxfza"
Dubai Creek Harbour (The Lagoons),community,Dubai,"dch, creek harbour, creek, the lagoons, lagoons, dch harbour, dubai creek, creek harbor, dcharlour, dchsc, dchcommunity, creekharbour, creekharbor, dubai creek harbour, dubaicreek, dubaicreekharbour, creek hrbr, dch lgs"
Dubai Festival City,community,Dubai,"dfc, dubaifestivalcity, festivalcity, fest city, dubai festival, df city, festcity, dubaifest, festival city dubai, dfc dubai"
Dubai Harbour,community,Dubai,"dh, dubharbour, dub harbour, db harbour, dubi harbour, dubi harbur, dubaiharbour, dxb harbour, dxbharbour, dbharbour, harbour, dubaii harbour, dubi harber, dxb hrbr, dub hrbr, dubharbor"
Dubai Healthcare City,community,Dubai,"dhcc, dubai healthcare, healthcare city, health care city, dhc, dubai health care city, healthcarecity, dhccity, dhc city, healthcare city dubai, dxb healthcare city, health care city dubai, dhcc dubai"
Dubai Healthcare City 2,community,Dubai,"dhcc2, dhcc 2, dhc2, healthcare city 2, health care city 2, dhcc-2, dhccii, dhcc two, dhcc phase 2, dubai dhcc2, dhcc2 dubai"
Dubai Industrial City,community,Dubai,"dic, dubai industrial, industrial city, dubai industrialcity, dic dubai, dubai dic, d i c, ind city, indcity, dic community"
Dubai Internet City,community,Dubai,"dic, internet city, dxb internet city, dubai internet, internetcity, dic dubai, dxb dic, d.i.c, int city, internat city, dic community, internet cty, dic area, dxb internetcity"
Dubai Investment Park (DIP),community,Dubai,"dip, d.i.p, dubai investment, invest park, dip 1, dip 2, d.i.p.1, d.i.p.2, dubaiinvestmentpark, dipdubai, investparkdubai, dips, dyp, dipar, dep, dubai invest park, dubai investment park 1, dubai investment park 2"
Dubai Land,community,Dubai,"dubiland, dl, dubailand, dubai land community, dlnd, d land, dubai land area, dubiland community"
Dubai Lifestyle City,community,Dubai,"dlc, dubai lifestyle, lifestyle city, dubailifestylecity, dxb lifestyle, dxb lifestyle city, life style city, lifestylecity, dubailifstyle, dxb lsc, dlc dubai"
Dubai Marina,community,Dubai,"marina, dm, dxb marina, marina dubai, dubaimarina, the marina, maraina, marna, marinaa, d marina, marina dxb, marina community"
Dubai Media City,community,Dubai,"dmc, media city, mediacity, dxb media city, media city dubai, dmc dubai, media city dxb, mediacity dubai, mediacty, mdiacity, medacity, media cty, dmc community"
Dubai Pearl,community,Dubai,"dubaipearl, dpearl, dubaiprl, dprl, d-pearl, pearl, the pearl, dpearls, dubaiparl"
Dubai Production City (IMPZ),community,Dubai,"impz, dpc, dubai production city, production city, prod city, impz dubai, dpc dubai, impz community, impz comm, dubai impz, impz-dubai, dpc-dubai, imz, impz."
Dubai Promenade,community,Dubai,"dub promenade, dpx, dxb promenade, dubai prom, dubprom, dubai promnade, dubai promonade, dubai prommenade, dpx dubai, dubai dpx"
Dubai Residence Complex,community,Dubai,"drc, dubai residence, residence complex, dubai res complex, drc dub, dubres, drc dubai, drc community, drc area, dubai residance complex, dub residence, drc complex, dresidence, dubai residencecomp, residencecomp, drc-dubai"
Dubai Science Park,community,Dubai,"dsp, dubai science, science park, dxb science park, dsp dubai, dsb, dps, dubaissciencepark, sciencespark, sciencepark, dsp community, dsp area, dubai science pk, sci park, dubaiscience"
Dubai Silicon Oasis,community,Dubai,"dso, silicon oasis, silicon, dubai silicon, dso dubai, ds oasis, silicons oasis, silikon oasis, silican oasis, dso community, siliconoasis, ds-o, dso_uae"
Dubai South (Dubai World Central),community,Dubai,"dubaisouth, dwc, d south, d-south, dubai south, d.south, d.w.c, dubai world central, dubai worldcentre, dubaiworldcentral, dwc city, south dubai, dubaisouthcity, dwccommunity, dwc area, dubai south area, d.w.c."
Dubai Sports City,community,Dubai,"dsc, sportscity, sports city, dubai sports, dxb sports city, sport city, sportscty, sportcity, sportscitydubai, dsc dubai, sports city dubai, sportscityuae, dscuae, sports cty, sport city dubai, dsc community, sportscty dubai"
Dubai Waterfront,community,Dubai,"waterfront, dwf, dubaiwaterfront, dxbwaterfront, watrfront, waterfont, waterfrnt, dwaterfront, water front, water front dubai"
DuBiotech,community,Dubai,"biotech, dubio, dbt, dubio tech, dubiotechcommunity, dubai biotech, biotech dubai, dubitech, dubyotech, dbiotech"
Eastern Road,community,Abu Dhabi,"easternrd, e-road, estrd, eastrd, e-rd, eastern road ad, eastern road abu dhabi, abudhabieasternroad, easternrdad, easternrdauh, est road, easternroadauh"
Electra Street,community,Abu Dhabi,"electra, electra st, electra stt, electra street abu dhabi, electrast, electrastreet, electra st auh, elctra, electa, electra ad, electra adb, electra st ad, electra str, electra street ad"
Emirates City,community,Ajman,"emr city, emrcty, emiratescity, ajman emirates city, emirates city ajman, emirates cty, emr cty ajman, emiratescity ajman, emr city ajman, ajman emr city, emirates city community"
Emirates Golf Club,community,Dubai,"egc, emirates golf, em golf club, emgc, emrts golf, emirates golfclub, emiratesgolf, emiratesgolfclub, egc dubai, dubai egc, em golf, emirates g.c."
Emirates Hills,community,Dubai,"eh, em hills, emirateshills, emirates hill, emirateshils, emarites hills, emarates hills, emi hills, emirateshill, e-hills, ehills, dubai em hills, em hills dubai, emirates hills dubai, emiates hills"
Emirates Hills 2,community,Dubai,"eh2, emirates hill 2, e hills 2, ehills 2, emarates hills 2, emirateshill2, eh2 dubai, emirates hills 2 dubai, emirates hill ii, e hill 2"
Emirates Industrial City,community,Sharjah,"eic, emirates ind, sharjah industrial, shj industrial, emirates ind city, eic sharjah, sharjah eic, emiratesindustrial, em industrial, emirates indus, sharjah ind city, eic ind, em industrial city, sharjah industrial city, shj eic"
Emirates Modern Industrial,community,Umm Al Quwain,"emi, emi industrial, emi ind, emirates industrial, uaq industrial, uaq emi, uaq emi ind, emirates modern ind, emi modern ind, emiratesind, emimodernind, uaqemiratesindustrial, emiind, emi-ind, emirates mod ind, uaq mod ind"
Expo City,community,Dubai,"expocity, expo, expo city dubai, expodubai, dubaiexpo, expocitydxb, expodxb, xpo, expo cty, expociti, exppocity, expocityy"
Eye Park,community,Dubai,"ep, eyepark, eye pk, eye park community, eye park dubai, eyepk, eye prk, eypk, eye park dxb, eye prk dubai"
Falaj Al Moalla,community,Umm Al Quwain,"falaj, falaj al mulla, falaj almulla, falajmoalla, falajalmulla, fam, fam uaq, uaq falaj, falaj al quwain, falaj almoulla, falaj al mola, falaj al mulla uaq, falajmulla, falamoalla, falajalmoalla"
Falaj Hazzaa,community,Al Ain,"falaj haza, falajhazza, falajhazzaa, fhazza, f-hazza, al ain falaj, falaj al ain, falajhaza, falajhazzaa al ain, alain falaj, flj hazza, falajhza"
Falcon City of Wonders,community,Dubai,"fcw, falcon city, falconcity, fcow, f c w, falcon city dubai, dubai falcon city, falcon city wonders, falconciti, falcon cty, falconcitywonders, f.c.w, falconcitydubai"
Forbidden City,community,Dubai,"fc, forbidden, forbid city, forbiddencity, fcity, f city, forbbiden city, forbeden city, forbiddencty, f-city, dubai fc, fc dubai, forbidden city dubai"
Garden City,community,Ajman,"gardencityajman, ajmangardencity, gc, gcity, gardencityaj, gardencity ajman, ajman gc, gardncity, gardencityy, gardencityajmn, gcityajman, gcity ajman"
Ghantoot,community,Abu Dhabi,"ghantot, ghantootad, adghantoot, ghantoot abu dhabi, gantoot, ghantut, ghantt, ghntt, ghantootcommunity"
Global Village,community,Dubai,"gv, glob village, globalvil, globvil, gvillage, globalv, global vill, global vil, globalvilage, glbl vil, gv dubai, dubai gv, globalvillage dubai, dubai global village"
Golf City,community,Dubai,"golfcity, gcity, dubai golf city, golf city dubai, golf cty, glf city, golfcty, gulf city, golf community"
Grand Mosque District,community,Abu Dhabi,"grand mosque, grand mosque ad, gmd, grandmosque, grandmosquead, gmd ad, grand mosq, grandmosq, gran mosque, grand mosqe, grandmosque district"
Green Belt,community,Umm Al Quwain,"gb, greenbelt, uaq green belt, greenbelt uaq, gbelt, g belt, uaq gb, green belt uaq"
Green City,community,Ajman,"greencityajman, ajmangreencity, gcity, gcajman, ajmangc, grncity, greencityaj, ajman green city, greencity ajman, greencity aj, g-city"
Green Community,community,Dubai,"gc, green comm, greencomm, g-comm, greencommunity, green com, green communty, green comuniti, greencumunity, green community dubai, dubai green community, green comm dxb, g community, green commnty"
Greens,community,Dubai,"the greens, grns, grens, thegrens, greensdubai, dubai greens, greeens, greenns, greens community, grn"
Halwan,community,Sharjah,"shj halwan, halwan shj, halwn, halwan sharjah, halwan comm, halwan community, halwan area, halawn, hlwan"
Hamdan Street,community,Abu Dhabi,"hamdan st, hamdan, hmdn st, hmdn, hamdanstr, hamdan st abu dhabi, hamdan st ad, ad hamdan st, hamdan street ad, hamdan st abudhabi, hamdanst, hamdan stree, hamdan srt, hamdan stt"
Hameem,community,Abu Dhabi,"hamim, hm, hameem abu dhabi, hamim abu dhabi, hmem, hameem ad, hamim ad, hameem community, hamim community, hamem, hameen, hameem abu dhabi city"
Hamriyah Free Zone,community,Sharjah,"hfz, hamriya, hamriya fz, hamriyah fz, sharjah hamriyah, shj hamriyah, hamriya freezone, hamriyahfreezone, hamriyafreezone, hamriyahfz, hamriyfz, hamria, hamria fz, hamriya f zone, shj hfz"
Happiness Island,community,Abu Dhabi,"happy island, happyness island, hi abu dhabi, abu dhabi happy island, happyisl, happinessis, happinessisland, happyislandad, hi ad, happynes island"
Hatta,community,Dubai,"hta, ht, hata, hatauae, dubaihatta, hattadubai, hatadxb, hata-uae"
Hayyan,community,Sharjah,"hayan, hayyan sharjah, sharjah hayyan, hayyan community, hyn, hayan sharjah, hayan comm, hayyan shj, shj hayyan"
Hydra Village,community,Abu Dhabi,"hydra, hydrav, hv, hydra vil, hydra vill, hydra vlg, hydravillage, hydra v, hydra abu dhabi, hydra village abu dhabi, hydra vill ad, hydra villa, hidra village, hydravil, hydravill"
International City,community,Dubai,"int city, intl city, intlcity, internationalcity, int city dubai, dubai int city, intc, intl.city, intrl city, internatinal city, inter city, intl-city, int.city"
Ishwais,community,Fujairah,"ish, ishw, ishwas, ishways, ishwais fuj, fuj ishwais, ishwais fujairah, ishwais community, ishways fuj, ishwes, ishais, ishwaiss, ishwais fujairah city"
Jawazat Street,community,Abu Dhabi,"jawazat, jwzt, jawazat st, jawazat street abu dhabi, abu dhabi jawazat, jawazat st ad, jawazat street ad, jwzt ad, jawazatst, jawazatstreet, jawazt, jawazzat, jawatat, jawazatstt"
Jebel Ali,community,Dubai,"jebelali, jebal ali, jabl ali, jablali, jebel ali dubai, dubai jebel ali, jebel ali community, jebali, jebl ali, jabal ali, jebalali, ja, jebelali community"
Julfar,community,Ras Al Khaimah,"julfr, julfarr, julphar, julfar rak, rak julfar, julfar city, julfar community, julfar area, julfar rk"
Jumeirah,community,Dubai,"jum, jumeira, jumeirah1, jumeirah2, jumeirah3, jumairah, jumirah, jumeira1, jumeira2, jumeira3, jumeirra, jumeirah beach, jumeirah community, dubai jumeirah, jumeirahdubai, jmeirah, jumairah1, jumairah2, jumairah3, jumeirah bch"
Jumeirah Beach Residence,community,Dubai,"jbr, jumeirah beach res, jumeirah beach residnce, jbr dubai, dubai jbr, jbr community, jumeirah beach resd, jumeirah beach resi, jbrbeach, jumeirahbeachresidence, jumeirah beachres, jbrresidence, jumeirah beach residance, jumeirah bch res, jumeirah beach resdnce"
Jumeirah Golf Estates,community,Dubai,"jge, jumeirah golf, jumeirah golf estate, jumeirah golf est, jge dubai, dubai jge, jge community, jumeirahgolfestates, jumeirahgolfestate, jumeirah golfestates, jumeirahgolf, jge est, jumeirah gulf estates, jumeirah golfe, jge community dubai, jumeirah golf states, jumeirah golf ests"
Jumeirah Heights,community,Dubai,"jh, jumeirahheights, jum heights, jumeira heights, jumeirah heigths, jumeirah heights dubai, heights dubai, j heights, jumeirahh, jumeirahhights, jumeirahhieghts, jumheights"
Jumeirah Islands,community,Dubai,"ji, jumeirah is, jumeirahisl, jumeirahislnds, jumeirahislands, jumeriah islands, jumeirah island, jumeirahis, jumeirah isl, jumeirah i, ji dubai, dubai ji, jumeirah islands dubai, jumeirahislands dubai, jumeriah isl, jumeira islands, jumeirah ilands, jumeirahislnd"
Jumeirah Lake Towers,community,Dubai,"jlt, jumairah lake towers, jumeirah lakes towers, jumeirah lake tower, jlt dubai, dubai jlt, jlt community, jumira lake tower, jumeira lake towers, jumeirah lk towers, jumeirah lkt, jlt towers, jumeirah lake t, jumeira lakes, jlt area, jumeirah lakes, jumeirah laketowers, jumeirahlaketowers, jlt dxb, jumairah lakes towers, jumeirah lake twrs"
Jumeirah Park,community,Dubai,"jp, jumeirahpark, jumeirahpk, jumeirah prk, jumairah park, jumaira park, jumeira park, jpark, jp dubai, dubi jp, jumeirah park dubai, jumeirah prk dxb, jp dxb"
Jumeirah Village Circle,community,Dubai,"jvc, jumeirah village, jumeriah village circle, jumeira village circle, jumairah village circle, jumeirah village circel, jvc dubai, dubai jvc, jumeirah v circle, jvc community, jvc area, jvc dxb, jumeirah vill circle, jumeirah villagec, jvcproject, jvc_dubai"
Jumeirah Village Triangle,community,Dubai,"jvt, jumeirah village tri, jumeirah triangle, jv triangle, jumeira village triangle, jumeirah villag triangle, jumeirah vilage triangle, jvt dubai, dubai jvt, jvtri, jumeirahvillagetriangle, jvtcommunity, jvt area, jvt villa, jumeirah v triangle"
Jwezaa,community,Sharjah,"jweza, jwza, jwzaa, jwezah, jwzah, shj jweza, shj jwza, jweza sharjah, jwza sharjah, jwzaa sharjah, jwezea, jwezzah, jweza community, jwza comm"
Kalba,community,Sharjah,"klb, kalba city, sharjah kalba, kalbashj, kalba sharjah, kalba city shj, klb shj, khalba"
Khaldiya,community,Al Ain,"khalidia, khaldya, khaldiah, aldia, alainkhaldia, khaldiaalain, khaldiyaalain, alkhaldia, khaldi, alainkhalidia"
Khalifa City,community,Abu Dhabi,"khalifa, k city, k-city, kcity, k city auh, khalifa city auh, khalifacity, khalifacityauh, khalifa cty, khalifa citi, khalifa ct, khalifa cty auh, khalifacty, k city abu dhabi, khalifa city abu dhabi"
Khalifa Street,community,Abu Dhabi,"khalifa st, khalifa, khalifa str, khlifa st, khaleefa st, khalifast, khalifa st abudhabi, abudhabi khalifa st, khlfa st, khlifa street, khalifa street ad, ad khalifa st"
Khatt,community,Ras Al Khaimah,"khat, rak khatt, khatt rak, khat rak, khatt area, rasalkhaimah khatt, khatt village, khatt springs area"
Khor Al Beidah,community,Umm Al Quwain,"khor al baida, khor al beida, khor albeidah, khoralbeidah, uaq khor al beidah, khor al beidah uaq, khor al bida, khor al bayda, khoralbeida, khor al beidha, khoralbeidha, khor albeidah uaq, uaq khoralbeidah"
Khor Fakkan,community,Fujairah,"khorfakkan, khor fakan, khorfakan, kf, khorfakkan fujairah, fujairah khorfakkan, khorfakkn, khorfkn, khor fakkhan, khorfakkan city"
Khuzam,community,Ras Al Khaimah,"khzm, kzm, khuzam rak, rak khuzam, khzam, kuzam, khuzamm, khuzam community, khzm rak"
Living Legends,community,Dubai,"ll, livlegends, livinglegend, livinglegnds, livinglegends, livinglegens, liv legends, livlgds, lvlg, livingl, livingleg, livlinglegends, livinglegendz, livinglegendds, livingleegends, livinglgds, livinglegnd, livinglegend dubai, dubai living legends, livinglegends dubai"
Liwa,community,Abu Dhabi,"lw, lwa, liwa city, liwa abu dhabi, liwa ad, liwaad, liwaauh, lwa abu dhabi, liwaa, liw, liwaabudhabi, ad liwa"
Liwara 1,community,Ajman,"liw1, liwaraone, ajmanliw1, liwaria1, liwaraa1, liwarr1, liwera1, liwara 1 ajman, liwa1, ajman liwara 1, liwar 1, liwara 1 community"
Lulu Island,community,Abu Dhabi,"lulu, luluisl, luluisd, luluisld, luluislandauh, auh lulu, lulu island abu dhabi, luluislnd, lulu isla, lulu is, luluisland ad, ad lulu, luluislad"
Madinat Al Riyad,community,Abu Dhabi,"madinat al riyadh, riyadh city, riyad city, riyad, riyadh, madinat riyad, madinat riyadh, madinat-al-riyad, madinatriyad, madinatriyadh, ad riyad, ad riyadh, abu dhabi riyad, riyad abu dhabi, riyadh ad, m.a.riyad, m.a.riyadh"
Madinat Zayed,community,Abu Dhabi,"mz, madinat zyd, madinat zayed abu dhabi, m zayed, madinatzyed, madinatzayed, m.zayed, mz abu dhabi, mdinat zayed, madinat zayed ad, madinatzyd, mzn"
Mafraq Industrial Area,community,Abu Dhabi,"mafraq, mafraq ind, mafraq ind area, mafraq indl, mafraq industrial, mafraq ad, ad mafraq, mafraq industrial abu dhabi, mafraqind, mafraqindarea, mafraqindl, mafrq, mafraqq, mafraq area, mafraq indl area"
Majan,community,Dubai,"majan dubai, dubai majan, majn, majaan, mjn, majan community, majan area"
Manama,community,Ajman,"mnm, manma, manm, ajman manama, manama ajman, ajman mnm, manamaajman, mnmajman, ajmanmanama"
Marina Village,community,Abu Dhabi,"marina vill, mrv, mv, marina vilage, marina vil, marina villg, marinavill, marinavillage, abudhabi marina village, marina village ad, ad marina village, marinvill, mrvillage"
Maritime City,community,Dubai,"dmc, dxb maritime city, maritimecity, dxbmaritime, maritime, maritimecitydubai, maritme city, marritime city, martime city, dmc city, dxb maritime, maritime cty"
Marmooka City,community,Ajman,"marmoka, marmoukacity, marmoka city, ajman marmooka, marmooka ajman, marmokacity, marmoka ajman, marmoukacity ajman, marmoka cty, mrmka, mrmooka"
Maryam Island,community,Sharjah,"maryam isl, maryam, maryamisland, m island, maryam isl shj, shj maryam, maryam island shj, maryam is, maryam iland, maryam islland, maryamisland shj, maryam island sharjah"
Masdar City,community,Abu Dhabi,"masdar, masdar city auh, auh masdar, masdar cty, masdarcity, mazdar, masdar c, masdar community, masdar city abu dhabi, masder city, masdar ct"
Masfoot,community,Ajman,"masfut, msft, masfoot ajman, ajman masfoot, masfut ajman, masfout, masfoot city, masfoot community, msft ajman, ajman msft"
Maysaloon,community,Sharjah,"maysalon, maysaln, maysaloon shj, shj maysaloon, maysloon, maysaloon sharjah, sharjah maysaloon, maysloun, maysalun, maysallon, msln, maysaloonn"
Meadows,community,Dubai,"meadow, the meadows, mdws, meadws, mdows, madows, meadows dubai, dubai meadows, meadows community, mdws dubai, meadowsdxb, dxb meadows"
Meydan,community,Dubai,"mydn, meyd, md, meydan city, meydan dubai, dubai meydan, mdn, mydn city, maydan, meidan, meydancommunity, mdyn, meydan dxb, dxb meydan, meydn"
Mina Al Arab,community,Ras Al Khaimah,"maa, minaalaraab, minaalarab, rakmina, mina rak, minalarab, minaal, maa rak, mina al arab rak, minaalarabrak, min al arab, minal arab"
Mina Zayed,community,Abu Dhabi,"minazayed, mz, mzayed, mina zayed port, port zayed, mina zyd, minazayd, mina zayed ad, ad mina zayed, minazayed ad, minazyd ad, minazayedabu dhabi, mz ad, mzabu dhabi, mina zayid, minazayid, minazayed area"
Mirbah,community,Fujairah,"mirba, mirbha, mirbah fuj, fuj mirbah, mrbah, mrba, mirbahcity, mirbah fujairah, mirbahh"
Mirdif,community,Dubai,"mrdif, mirdiff, mirdf, mrd, dubai mirdif, mirdif dubai, mrdif dubai, mrd dubai, mrdiff dubai, mirdifdxb, mirdfdxb, mirdif community"
Mizin,community,Dubai,"mzn, mzn dxb, mzn dubai, mizn, mzin, mizzin, mzn community"
Mohamed Bin Zayed City,community,Abu Dhabi,"mbz, mbz city, mohd bin zayed, mohamed bin zayed, mbz city abu dhabi, mbzauh, mbz abu dhabi, mzb, mohd bin zayed city, mbzcity, mbzcommunity, bin zayed city, mbz cty, mzb city, mohamed bin zayed cty"
Mohammad Bin Rashid Gardens,community,Dubai,"mbrg, mbr gardens, mohammed bin rashid gardens, mohd bin rashid gardens, mbrg community, mbr garden, m.b.r. gardens, mbr, mbrg dubai, dubai mbrg, mohd bin rashid garden, mbrgardens, mbrgdns, mohammed bin rashid, mohd bin rashid, mohamed bin rashid gardens, mohd bin rashid gdn, mbrg dxb, dxb mbrg"
Motor City,community,Dubai,"motorcity, mcity, m city, motorcty, motor cty, motorcity dxb, dxb motor city, motorciti, motor citi, m-city, m.city, motorct, motor cti"
Mudfak,community,Ras Al Khaimah,"mdk, mdfk, rak mudfak, mudfak rak, mud fak, mudfack, mudfak community, mudfakk, mudfakrk"
Mudon,community,Dubai,"mdn, mudn, muddon, mudon dubai, dubai mudon, mdndubai, mudondxb, mdndxb"
Mughaidir,community,Sharjah,"mughadir, mughaideer, mughaider, shj mughaidir, mughaidir shj, mughaidir sharjah, mughadir sharjah, mughaider sharjah, mugahidir, mughader, mughidir, mughaidir city, mghaidir, mghadir, mughaidir comm, mughaidir community"
Muroor Area,community,Abu Dhabi,"muroor, muroor rd, muroor road, muroor ad, ad muroor, muroorauh, muroor abu dhabi, muroor area ad, muroor st, muroor st., muror, muroar, muroorarea, abudhabi muroor, muroor area abu dhabi"
Musheiref,community,Ajman,"mushreif, mushrif, musherief, mushrief, ajman mushreif, mushreif ajman, mushref ajman, mushreif area, mushrif ajman, mushrifarea, mushreifcommunity"
Mushrif Park,community,Dubai,"mushrif, mushrifprk, mushrifpk, mushrif dubai, dubaimushrif, mushrifpk dubai, mushrif park dubai, mushrifpark, mushrif prk"
Mussafah,community,Abu Dhabi,"musaffah, musafa, musaffa, mussafa, mushaffah, mushafah, mushafa, msfh, msf, auh musaffah, musaffah auh, musaffah abu dhabi, mussafah ad, ad musaffah, musafah city, musaffa community"
Muwaileh,community,Sharjah,"muwailah, muwailieh, muweilah, muweila, muwaila, muwailah shj, shj muwaileh, muwailah community, muweilah shj, mwailah, muwailha"
Muwaileh Commercial,community,Sharjah,"muwailah, muweileh, muwailah comm, muweileh comm, muwailah com, muweileh com, muwailah shj, muweileh shj, shj muwailah, shj muweileh, muwailehcomm, muwailahcomm, muweilehcommercial, muwailahcommercial, muwailahc, muweilehc, muwailah shop, muweileh shop, muwailah commercial, muwaila, muweileh sharjah, muwailah sharjah"
Nad Al Sheba,community,Dubai,"nas, nadalsheba, nad sheba, nadalsheeba, nad sheeba, n.a.s, nas community, nad al sheba community, nad al sheba dubai, dubai nas, nadalshebah, nadsheba, nadalsheebah, nasdxb, nad al sheba dxb"
Nadd Al Hammar,community,Dubai,"nad al hammar, nadd al hamar, nad al hamar, nah, naddalhammar, naddalhamar, nadalhammar, nadalhamar, nad alhammar, nadd alhammar, nad alhamar, nadd alhamar, nadal hammar"
Nareel Island,community,Abu Dhabi,"nareel, nareel isle, nareel isl, narel, nareell, nareel island ad, nareel abu dhabi, nareel ad, narel island, nareelisland"
New industrial area,community,Ajman,"new ind, new ind area, new ind area ajman, ajman new ind, ajman new industrial, newind, newindarea, newindajman, new indstrial, new industral, new industrail, new industrial ajman, ajman new ind area, n ind, n ind area, new indstry, new indus area"
Ni'mah,community,Al Ain,"nimah, nimah al ain, al ain nimah, nimh, nima, neemah, nimahalain, alainnimah, nmah, nmh"
Nurai Island,community,Abu Dhabi,"nurai, nurai is, nurai isl, nurai island ad, nurai ad, ad nurai, nuraiis, nuraiisland, nuri island, nuray island, nuraiiland, nuraiislnd, nurai isld"
Old Industrial Area,community,Umm Al Quwain,"old ind, uaq ind, old ind area, uaq industrial, oldind, oldindust, oldindarea, uaqoldind, uaq old industrial, oldindstrial, uaq industrial area, oldindus, old ind uaq, old indst, oldindusarea"
Old Town,community,Dubai,"oldtown, ot, old twn, oldtown dubai, dubai old town, old ton, old toun, oldtown community, ot dubai"
Old Town Area,community,Umm Al Quwain,"oldtown, ot, old town uaq, uaq oldtown, oldtown uaq, old twn, oldtownuaq, oldton, oldtown uae, uaq old town"
Pacific Village,community,Dubai,"pac village, pacvill, pacv, pacific vil, pac vil, pacville, pcv, pacificv, pacificvillage, pac-vill, pac-village, pacificvill, dubai pacific village, pacific village dubai, pac village dubai, pacv dubai"
Palm Jebel Ali,community,Dubai,"pja, palm jbl ali, palm jebel, p jebel ali, palmjebelali, pja dubai, palm jebel ali dubai, p.j.a, palm jbl, palmjblali, p j a, palmjebel, p jebelali"
Palm Jumeirah,community,Dubai,"pj, palm, the palm, palm jum, palm jumeira, palmjum, palmjumeirah, pjumeirah, palm j, p.j, dubai palm, palm dubai, palm jumeirah dubai, palmjumeirahdubai, palmjumairah, palmjumera, palmjumiera, palmjumirah, palmjumeira, palmjumeerah"
Park View City,community,Ajman,"pvc, parkview, parkviewcityajman, ajmanpvc, parkviewajman, pvcajman, parkvucity, parkviewcty, parkviewcityaj, parkview city ajman, pvc ajman"
Qidfa,community,Fujairah,"qdfa, qidfah, fujairah qidfa, qidfa fuj, qidfa fujairah, qdfa fuj, qidfah fuj, qidfah fujairah"
Rabdan,community,Abu Dhabi,"rbdn, rabdan ad, rabdan abu dhabi, rabdanuae, rbdn ad, rabdancommunity, rabdan community"
RAK Central,community,Ras Al Khaimah,"rakcentral, rakc, rak cntrl, rak center, rasalkhaimah central, rakcentral community, rakc entral, rakcentrel, rak centeral, rak central rak, rak central uae"
RAK FTZ,community,Ras Al Khaimah,"rakftz, rak free zone, rak freezone, rak free trade zone, rakftzone, rasalkhaimah free zone, rak ft zone, rak ftz area, rakftz area, rak freez, rakfz, rak freezone area"
Ramhan Island,community,Abu Dhabi,"ramhan, ramhan island abu dhabi, ramhanis, ramhan ad, ramhan island ad, ramhan isl, ramhanisld, rhamhan, ramhan island uae, ramhan community, ramhan islands"
Ras Al Khaimah Creek,community,Ras Al Khaimah,"rak creek, rakcreek, creek rak, creek ras al khaimah, r.a.k creek, rak crik, raak creek, creek rak city, creek r ak"
Ras al Khaimah Gateway,community,Ras Al Khaimah,"rak gateway, rakgateway, rasalkhaimahgateway, rak gtwy, rakgtwy, ras al khaimah gtwy, rasalkhaimah gtwy, rak gate way, rak gatway, rasalkhaimah gatway, rak gatwy"
Ras Al Khaimah Waterfront,community,Ras Al Khaimah,"rak waterfront, rakwaterfront, rak wf, r-a-k waterfront, rasalkhaimah waterfront, rakwater, waterfront rak, rak wf community, ras al khaimah wf"
Ras Al Khor,community,Dubai,"rak, rasalkhor, ras alkhor, ralkhor, rasalcor, rasalkohr, rasal khor, raslkhor, rak dubai, ras alkhor dubai, ras al khor dubai, rasalkhordubai, ras al khor community"
Rawdhat Abu Dhabi,community,Abu Dhabi,"rawdhat, rawdha, rawdah, rawdat, rawdhat auh, rawdah auh, rawdat auh, rawdhat ad, rawdah ad, rawdat ad, rawdhatauh, rawdahauh, rawdatauh, rawdhatad, rawdahad, rawdatad, rodhat, rodha, rawdhat abudhabi, rawdah abudhabi, rawdat abudhabi"
Remraam,community,Dubai,"remram, rem, remraam community, dubai remraam, remraam dubai, rem ram, rem-raam, remram dubai, remraam comm, remraam com, remraam cmmnty"
Rimah,community,Abu Dhabi,"rim, rmh, rimah abu dhabi, rimah ad, abudhabirimah, rimahcommunity"
Rolla Area,community,Sharjah,"rolla, rlla, rolla area sharjah, sharjah rolla, rolla shj, rolla sharjah, rola, rolla sharja, shj rolla, rolla area shj"
Rukan,community,Dubai,"rukan dubai, dubai rukan, rukan community, rukan dubailand, rukan dld, rukan wadi, rukan phase, rukan vill, rukan vills, rkn, rkn dubai, rukan du, ruken, rukann, rukan residential"
Rul Dhadna,community,Fujairah,"dhadna, ruldhadna, rul dhadna fuj, dhadna fuj, rul-dhadna, rul dhadnah, dadna, rul dadna, ruldadna, dhadna fujairah, rul dhadna fujairah"
Saadiyat Island,community,Abu Dhabi,"saadiyat, saadiyat isl, sadayat, saadyat, saadiat, saadiyat island ad, ad saadiyat, saadiyatauh, saadiyatisland, sadiyat, sadyat, saadiyat island abu dhabi, saadiyat community, saadiyat island community"
Sakamkam,community,Fujairah,"sakam, sakmkam, skmkm, skmkam, fujairah sakamkam, sakamkam fuj, sakamkam fujairah, sakakam, sakamkam community"
Saraya Islands,community,Ras Al Khaimah,"saraya, saraya island, rak saraya, saraya rak, sry islands, saraya isl, saraya isls, sarayaislands, saraya rk"
Sas Al Nakheel,community,Abu Dhabi,"sas, san, sasalnakheel, sas al nakhel, sas al nakhil, sasalnakhil, sas al nakheel abu dhabi, sas al nakheel ad, sas ad, sasalnakheel ad, sas al nakhail, sas al nakeel"
Seih Al Bana,community,Ras Al Khaimah,"seihalbana, seihalbanna, sah albana, seh albana, seh al bana, seih al banaa, seih alban, seh alban, ras al khaimah seih al bana, rak seih al bana, seih al bana rak, seihalbana rak, sah albanna, seh albanna"
Seih Al Burairat,community,Ras Al Khaimah,"s.al burairat, seihalburairat, seihburairat, seh al burairat, seih al burairat rak, rak seih al burairat, seih al burairat ras al khaimah, sieh al burairat, seih al burerat, seih al burairatt, seih al burairat community, s albk, seih al burirat, seih al buraitat, seh albairat"
Seih Al Ghubb,community,Ras Al Khaimah,"sag, seihalghub, seihalghubb, seihghub, seihalghub rak, rak seih al ghubb, seih al gub, seih al ghub, seh al ghubb, sieh al ghubb, seihghubb, sag rak, rak sag"
Seih Al Harf,community,Ras Al Khaimah,"sah, seihalharf, seh al harf, seih al harf rak, rak seih al harf, seihalharf rak, seh alharf, seih alharf, seih al harf community, seh al harf community"
Seih Al Uraibi,community,Ras Al Khaimah,"seihuraibi, s al uraibi, seih al uraib, seh al uraibi, seih al oraibi, sauraibi, seih uribi, rak seih al uraibi, seih al uraibi rak, s.a.u, seih al uraibi community, seh aluraibi, seih al-uraibi"
Serena,community,Dubai,"serena community, srna, srena, serna, serrena, dubai serena, serena dubai, serena community dubai, srna dubai, srena dubai"
Shakhbout City,community,Abu Dhabi,"shakhbout, shakbout, shakbot, shakhboot, shakbout city, shakhboutcty, shakhboutcity, shakboutcity, shakbotcity, shkbt, shkbt city, shkbtcity, abu dhabi shakhbout, shakhbout abu dhabi, shkbt abu dhabi, shakhbout community, shakbout community"
Shamal Julphar,community,Ras Al Khaimah,"shamal, shaml, shamal julfar, shaml julfar, rak shamal, shamal rak, sj, shamaljulfar, shamljulfar, shamal julfer, shamml, shamal julfa"
Sharjah Airport Freezone (SAIF),community,Sharjah,"saif, saif zone, sharjah freezone, saif-zone, saifzone, sharjah airport free zone, saif fz, s.a.i.f, saifz, saif-fz, sharjah airport fz, sharjah free zone, saif sharjah, sharjah saif"
Sharjah Garden City,community,Sharjah,"shj garden city, sjc, sharjah garden, shj garden, garden city shj, gardencity, sharjahgardencity, shjgardencity, shjgrdncity, sharjah grdncity, shj grd city, sgc"
Sharjah Industrial Area,community,Sharjah,"sharjah ind, shj ind, sharjah industrial, ind area, ind area shj, shj industrial, sharjah indl, ind area sharjah, shj ind area, indl area, shj indl area, sharjahind, shjind, indareashj, sharjahindustrial, shjindustrial, indarea, indlarea, sharjahindarea, shjindarea, sharjah indl area, indl area sharjah"
Sharjah RTI Park,community,Sharjah,"srti, srtipark, sharjah rti, rti park sharjah, sharjahrti, srtipark sharjah, shj rti, rti park shj, srti park, sharjah rtipark, srtiparkshj, shjrtipark, rtipark"
Sharjah Sustainable City,community,Sharjah,"shj sustainable city, sustainable city sharjah, shj sustainable, sustainable city shj, shjsustainablecity, sharjahsustainablecity, sustainabl city, sustanable city, sharjah sustain city, shj sust city, sustainablecityshj, sustain city shj"
Sharjah Waterfront City,community,Sharjah,"swfc, sharjahwaterfront, waterfrontcity, sharjahwaterfrontcity, swc, sharjahwaterfrontc, swc sharjah, sharjah swfc, sharjah swc, sharjah waterfront, water front city, sharjah water front, swfc sharjah, shj waterfront, shj swfc, shj waterfront city, swfcsharjah, swcsharjah"
Sharm,community,Fujairah,"sharm fuj, fuj sharm, shrm, sharmfuj, sharmfujairah, shrm fuj, shrmfuj, sharmfujaira, shrmfujairah"
Sheikh Hamad Bin Abdullah St.,community,Fujairah,"shk hamad st, hamad st, sheikh hamad rd, hamad road, fujairah hamad st, hamad st fuj, shk hamad street, sheikh hamad st, hamad st fujairah, shkhamadst, hamadst, sheikhhamadst, shk hamad rd, hamad street, fuj hamad st"
Sheikh Khalifa Bin Zayed Street,community,Ajman,"skbz, sheikh khalifa st, khalifa st, skbz street, ajman khalifa st, khalifa street ajman, skbz ajman, shk khalifa st, skbzstreet, khalifastreet, shk khalifa street, skb zayed st, khalifa bin zayed st, ajman skbz, shaikh khalifa st, sheikh khalifa street ajman, skb zayed street"
Sheikh Maktoum Bin Rashid Street,community,Ajman,"sh maktoum st, sheikh maktoum rd, sheikh maktoum street, sh maktoum street, maktoum road, maktoum st, ajman sh maktoum, sh maktoum ajman, sheikh maktoum bin rashid, sh maktoum bin rashid, smbr street, smbr rd, sheik maktoum, shekh maktoum, shaik maktoum, sheikh maktoum bin rashid st, maktoumbinrashid, shmaktoum, shmaktoumstreet, shmaktoumajman, ajmanshmaktoum, sheik maktum, sh maktum"
Sheikh Mohammed Bin Zayed Road,community,Ras Al Khaimah,"smbzd, sheikh mohamed bin zayed, sheikh mohammed bin zayed, mbz road, mbz, shk mohammed bin zayed, sheikh mohd bin zayed, shk mohd bin zayed, shk mbz, sheikh mbz, mohammed bin zayed road, mohd bin zayed road, smbz, sheikh mohammed bin zayed rk, rak smbzd, rak mbz, smbzd rak, mbz rak, sheikh mohammed bin zayed rak, sheikh mohd bin zayed rak, shk mohamed bin zayed road, shk mohammed bin zayed road, sheik mohammed bin zayed, sheikh mohammad bin zayed, mohamed bin zayed, sheikh mohammed bin zayed rd, shk mohammed bin zayed rd, mbz rd, smbz road, smbz rd, sheikhmohammedbinzayed, sheikhmohamedbinzayed, mbzroad"
Sheikh Muhammad Bin Salem Road,community,Ras Al Khaimah,"shk mohd bin salem, smbs road, sheikh mohammed bin salem, shk mohammed bin salem, sheikh muhammad bin salem, shk mohd bin salem rd, smbs rd, sheikh mohd bin salim, shk mohd bin salim, rak smbs, smbs rak, sheikh muhammad bin salem road rak, smbs road rak, shk mohd bin salem rk, smbs road rk, sheikh mohd bin salem rd, shk mohd bin salem rda, shk mohd bin salem road, mohd bin salem road, sheikh mohd bin salem st, smbs street, sheikh mohammed bin salim road, smb s road, sheikhmuhammadbinsalem, smbsroad, shkmohd, sheikhmohd, mohdbinsalem, sheikhmohammad, sheikhmbs, sheikhmohdbs"
Sheikh Zayed Road,community,Dubai,"szr, sheikh zayed, sheik zayed, sheikh zayed rd, sheik zayed rd, sz road, s z r, sheikhzayed, sheikzayed, szrd, sheikh zayed road dubai, dubai szr, szr dubai, sheik zayed road, sheikh zayid, sheik zayid, sheikh zayed r d, s z road"
Shi'bat Al Wutah,community,Al Ain,"shibat alwutah, shibatalwutah, shibat al wuta, shibat alwatah, shibatalwatah, shibat al utah, shibatalutah, shibat al ain, al ain shibat, shibat alwutah al ain, shibat al wutah al ain, shibatalwutahalain, shibat, shibatal wutah"
Sidroh,community,Ras Al Khaimah,"sidro, sidroh rak, rak sidro, sedroh, sidroha, sdro, sidro community, sidro rak city, sydroh, sidrh"
Sifuni,community,Ras Al Khaimah,"sifuni rak, rak sifuni, sifny, sifoni, sifni, sifuni community, sifunirak"
Sweihan,community,Al Ain,"swihan, swehan, swiehan, sweihana, alain sweihan, sweihan al ain, swn, sweh, sweihan city, sweihan alain"
Tawam,community,Al Ain,"tawm, twn, al ain tawam, tawam al ain, tawamcity, tawamarea, tawm al ain, tawm area, tawamm, tawam community"
Technology Park,community,Dubai,"tech park, dtec, dubai tech park, techpark, techpk, tech prk, dxb tech park, tech park dubai, techprk, technolgy park, tech pwrk, tech parck, techpark dubai, techparkdxb"
The Gardens,community,Dubai,"gardens, the gardens dubai, gardens dubai, thegardens, gardens dxb, gdn, gardens comm, gardens community, gardens jebel ali, gardens jlt, the grdns, grdns, gardenss"
The Heights Country Club & Wellness,community,Dubai,"theheights, the heights, heights cc, heights wellness, the heights dubai, dubai heights, heightscc, theheightscc, the heights country club, heights country club, the heights wellness, theheightswellness, heights, hcc, hcc wellness, the heights community, theheightscommunity"
The Lakes,community,Dubai,"lakes, thelakes, lakesdubai, dubailakes, thlakes, lks, lkes, lake, the lake, lakes community"
The Marina,community,Abu Dhabi,"marina, dubai marina, d marina, marina abu dhabi, abudhabi marina, ad marina, marina ad, marina adb, marina community, marina area"
The Oasis by Emaar,community,Dubai,"oas, theoasis, oasisemaar, oasis emaar, emaaroasis, theoasisbyemaar, oasis db, oasis dubai, oasisdxb, oases, oassiss, the oases, oasise, oasisdubai"
The Old Market,community,Ras Al Khaimah,"old market, old mkt, old mkt rak, oldmarket, rak old market, oldmkt, old mrkt, oldmarketrak, rak oldmkt, old market rak"
The Springs,community,Dubai,"sprngs, springs, spr, the spr, sprng, springs dubai, dubai springs, thesprings, springscommunity, sprgs, sprinngs, springgs"
The Sustainable City,community,Dubai,"tsc, the sustainable, sustainable city, sust city, sustcity, thesustainablecity, sustainable, dubai tsc, tsc dubai, sust, sustainablecity, the sust city, sustcity dubai, ts c, sus city"
The Views,community,Dubai,"theviews, views, the vws, vws, thevws, views dubai, dubai views, the views dubai, views dxb, the views dxb, vws dxb, thevws dxb, vievs, the vievs, viewes, the viewes, theviewes, vies"
The Villa,community,Dubai,"thevilla, villa, dubai villa, thevilla dubai, villadubai, villas, villa community, the villa community, vla, the vla, dubai the villa, villadu"
The World Islands,community,Dubai,"world islands, world, the world, worldislands, worldisland, w islands, w island, theworld, worldi, world isl, wisl, worldilands, worldiland, world island dubai, dubai world islands, dubai world, world islands dubai, worldisl, w-islands, w-island"
Thouban,community,Fujairah,"thuban, thoban, thubn, thbn, fuj thouban, thouban fuj, thouban fujairah, fujairah thouban, thoubanfuj, thoubanfujairah, thbn fuj"
Tilal Al Ghaf,community,Dubai,"tag, tilalghaf, tilal al gaf, tilal alghaf, tilalg, tilal, dubai tilal, tilal dub, tag community, tilal al ghaf community, talg, tilal al gaaf, tilalghaff"
Tilal City,community,Sharjah,"tilal, tilalcity, shj tilal, tilal shj, tilalcity sharjah, tilal cty, tlal city, tilalcty, tilal sharjah, tilalcityshj"
Tourist Club Area,community,Abu Dhabi,"tca, tca abu dhabi, tourist club, tourist club ad, tourist club area ad, touristclub, touristclubarea, tca ad, t c a, tca community, tourist club abudhabi"
Town Square,community,Dubai,"ts, tsq, townsq, townsquare, town sq, town-sq, town squar, townsqr, townsq dubai, dubai town square, dxb town square, ts dubai, tsq dubai, town square dxb, townsq dxb, town squere, twnsq, twn square"
Um Altaraffa,community,Sharjah,"umtarafa, um tarafa, umm tarafa, um altarafa, umtaraffa, um tarfa, uat, umt, sharjah umtarafa, umtarafa sharjah, umaltarafa, umtarafa community"
Um Ghaffa,community,Al Ain,"um ghafa, umghafa, um ghaffah, umghaffah, um ghaffa al ain, al ain um ghaffa, um ghafa al ain, umghaffa al ain, umghafa al ain"
Umm Al Nar,community,Abu Dhabi,"uan, umalnar, uan ad, uan abu dhabi, um al nar, umal nar, umalnar ad, umalnar abu dhabi, umalnarr, umalnir, um alnaar"
Umm Al Quwain Marina,community,Umm Al Quwain,"uaq marina, uaqmarina, ummalquwainmarina, um al quwain marina, um alquwain marina, uaq mar, uaq m, uammarina"
Umm Al Sheif,community,Dubai,"uas, umm alsheif, umm al sheef, ummalsheif, umm alshief, uas community, umm al sheif dubai, umm al sheif dxb, uas dxb, ummalsheef"
Umm Al Thuoob,community,Umm Al Quwain,"uaq umm al thuoob, ummalthuoob, um al thuoob, umm al thoob, umm al thub, uathuoob, um al thub, uaq thuoob, umm al thuob uaq, umalthuoob uaq"
Umm Dir,community,Umm Al Quwain,"ummdir, umdir, u.d., u.d, um al quwain umm dir, uaq umm dir, umdir uaq, umm dir uaq, um dir uaq, umadir, umdirr, umdair, umdir community"
Umm Hurair,community,Dubai,"ummhurair, umhurair, um hurair, uh, ummhur, umm h, um h, umhur, ummhurier, umhurier, um hurier, umm hurier, ummhurair dubai, dubai umm hurair, umhurair dxb, ummhurair dxb, umm hurair dxb, um h dxb"
Umm Khanoor,community,Sharjah,"umkhanoor, umm khanur, um khanoor, um khanur, uk, umm k, ummkanoor, ummkanur, umkhnur, umk, sharjah umm khanoor, umm khanoor sharjah, umm khanour, umm khanore"
Umm Ramool,community,Dubai,"umramool, ummramul, um ramul, um ramool, u ramool, umrmool, ummrmool, umm ramol, um ramol, ummraml, umm-ramool, ummramool dubai, umm ramool dubai, dubai umm ramool"
Umm Suqeim,community,Dubai,"us, umsuqeim, um suqeim, ummsuqaim, um suqaim, um suqaym, umsuqaim, um suqim, um suqeem, ums, um suqeim dubai, dubai um suqeim, um suqeim 1, um suqeim 2, um suqeim 3, us1, us2, us3"
Wadi Al Amardi,community,Dubai,"w.al amardi, w.alamardi, wadi amardi, wadi alamardi, wadialamardi, wadi al amardi dubai, wadi alamardi dxb, w.al amardi dxb, wadi amardi dxb, w al amardi, wadi amardy, wadi alamardy, wadi el amardi, wadi al amrd, w.al amardy, wadi al amardi area"
Wadi Al Safa 2,community,Dubai,"wadi alsafa 2, was 2, wadi 2, wadi safa 2, was2, wadisafa2, wadi alsafa two, wadi al safa two, wadi alsfa 2, wadi alsafaa 2, wadi al safa ii, was-2, wadi 2 dubai, wadi alsafa 2 dubai, dubai wadi alsafa 2"
Wadi Al Safa 3,community,Dubai,"was3, wadi alsafa3, wadialsafa3, wasa3, wadi al safa iii, wadi 3, wasafa 3, wadial safa 3, dubai was3, wasafa iii"
Wadi Al Safa 5,community,Dubai,"was 5, wadi alsafa 5, wasafa 5, wadi alsafa5, wasafa5, wadi al safa v, was 5 dubai, wadi al safa 5 dubai, dubai wadi al safa 5, wadi al safa five, wadi al safa-5, was 5 community, wasafa, wadi alsafa"
Wadi Alshabak,community,Dubai,"wadi shabak, w.shabak, w alshabak, wadialshabak, wdi alshabak, wadi alshaback, wadi alshbak, wady alshabak, wadi shabck, w.alshabak, wadishabak"
Wahat AlZaweya,community,Al Ain,"wahat al zawya, wahat al zawiya, wahatalzaweya, waz, waz al ain, wahat al ain, wahat alzaweya al ain, wahat al zawya al ain, wahat, wahat al zawia, wahat alzawya, wahat alzawia, wahat al zawiye, wahat al zawye, wahat alzawiya"
Wasit,community,Sharjah,"wst, wasit sharjah, sharjah wasit, wasitshj, wsit, wasitt, wasset, waset, wasitcomm, wasitarea"
White Bay,community,Umm Al Quwain,"wby, whitebayuaq, wbuaq, whitebay, whitebayummalquwain, uaqwhitebay, wbay, whitebay uaq, whiebay, white bey, whitebae, witebay, whitebaye, whitebay uae"
World Trade Center,community,Dubai,"wtc, dwtc, world trade, trade center, dubai wtc, wtc dubai, dwtc dubai, worldtrade, worldtradecenter, wold trade center, world trad center, wrld trade, tradecentre, dwtc community, wtc area, trade center dubai"
Yas Island,community,Abu Dhabi,"yas, yisland, yasisl, yasi, yasislnd, yasisland, yas island ad, yas ad, ad yas, yasis, yaisland, yasislan, yas-island"
Yasmin Village,community,Ras Al Khaimah,"yvmin village, yasmin vil, yasmin vill, yasmin villg, yasmin vlg, rak yasmin, yasmin village rak, yasmine village, yasmin vilage, yamin village, yasminvil, yasminvillage, yasminvilg, yv village"
Zakher,community,Al Ain,"zkhr, zakher al ain, al ain zakher, zaker, zakher community, zakhers, zkher alain, alain zakher"
Zayed Military City,community,Abu Dhabi,"zmc, zayed military, zayed military city ad, zmc ad, zayed mil city, zayedmilitarycity, zayedmilitry, zayed military cty, zayed mil cty, zmc abu dhabi, zayedmilitary"
Zayed Sports City,community,Abu Dhabi,"zsc, zayed sports, zayed sport city, zayed sportscty, zayedsportscity, zayedsportcity, zsc abu dhabi, zsc ad, zayed sports city ad, zscity, zayed sports cty, zayed sports citi, zayed sport citi, zayedsports, zayed sports-city"
1 JBR,subcommunity,"Jumeirah Beach Residence, Dubai","1jbr, jbr 1, one jbr, 1jumeirah beach residence, 1 jbr tower, 1jbr tower, jbr one, onejbr, 1jbr dubai, jbr1, 1 jbr jbr, jbr residence 1, 1 jumeirah beach, 1jrb, 1jbrr"
10 Oxford,subcommunity,"Jumeirah Village Circle, Dubai","10ox, 10oxford, 10ox jvc, 10oxford jvc, jvc 10ox, jvc 10oxford, 10 ox, 10 ox jvc, 10oxfordjvc, 10oxjvc, tenox, tenoxford, 10oxfordd, 10oxf, 10oxfrd, 10oxfd, 10oxf jvc"
10C Building,subcommunity,"Jumeirah Village Circle, Dubai","10c, 10c bldg, 10c jvc, jvc 10c, 10cbuilding, 10cblg, 10c jvc building, ten c building, 10cbldg, 10c build, 10 c, 10c jv, jvc 10c bldg, 10c residence, 10cres, 10c jvc residential"
15 Northside,subcommunity,"Business Bay, Dubai","15ns, 15n, 15 north, 15 north side, 15northside, 15north, 15nside, business bay 15n, 15n business bay, 15ns business bay, 15 northside business bay, 15nside bb, 15north bb, 15ns bb, 15n bb, 15northside bb"
151 Residence,subcommunity,"Al Satwa, Dubai","151res, 151residence, 151resd, 151satwa, satwa151, 151satwares, 151residnce, 151resedence, 151resdnc, 151residency, 151r, onefiveone, 151 satwa, 151 res, 151resdence"
17 Icon Bay,subcommunity,"Dubai Creek Harbour (The Lagoons), Dubai","17ib, 17 icon, 17 iconbay, 17iconbay, 17icon, dch 17 icon bay, 17 icon bay creek, 17 icon bay dch, 17 iconbay dch, 17icon bay, 17 iconb ay, 17 iconbey, 17 icon bay creek harbour, 17iconbay creek, 17 icon bay laggons, 17 icon bay lagoon, 17 icon bay the lagoons, 17iconb, 17ibdch"
18 Villas Complex,subcommunity,"Khalifa City, Abu Dhabi","18v, 18villas, 18villascomplex, 18villas khalifa city, 18villas kca, 18villas kc, 18villasauh, 18villacomp, 18villa, 18vilas, 18villacomplex, 18villascomplexauh, khalifa city 18v, kca 18v, 18vilascomplex, 18villa complex, 18villas abu dhabi"
1WOOD Residence,subcommunity,"Jumeirah Village Circle, Dubai","1wood, 1woodjvc, 1wood res, 1wood resid, 1woodres, 1woodresidence, jvc 1wood, jvc1wood, onewood, onewoodjvc, onewood residence, onewoodres, 1woodresdence, 1woodresedence, 1woodresidance, 1woodresidens"
20 Villas Project,subcommunity,"Al Khalidiya, Abu Dhabi","20villas, 20v, 20villasalkhalidiya, alkhalidiya20v, 20villasauh, 20villa, twentyvillas, alkhalidiya20villas, 20villasabudhabi, 20villaskh, 20villasalxhalediya, alkhalidia20villas, 20vilas, 20villaas"
2020 Marquis,subcommunity,"Arjan, Dubai","2020marquis, 2020 marq, marquis 2020, 2020arjan, arjan 2020, 2020 mrqs, marquis arjan, arjan marquis, 2020marq, 2020marquis arjan, marquis, 2020m, 2020 marquis arjan, 2020marq arjan, marquis arjan 2020, 2020mrqs, arjan 2020 marquis"
21st Century Tower,subcommunity,"Sheikh Zayed Road, Dubai","21st tower, 21st century, 21 century, 21st, 21st twr, 21stszr, szr 21st, 21st tower szr, 21stct, 21cent, 21stcent, 21sttwr, 21stt, 21st century tower szr, twenty first tower, 21st towre, 21sttowe, 21st century towerr"
23 Marina,subcommunity,"Dubai Marina, Dubai","23mar, 23m, 23 marina tower, 23marina, twentytree marina, 23 marina dubai, marina 23, 23m marina, 23marina dubai, 23 marina t, 23m tower, 23-marina, 23 marina building"
23 North Townhouse by NED Al Ghurair,subcommunity,"Al Furjan, Dubai","23north, 23northth, 23nt, 23ntth, 23northned, 23northalghurair, 23northalfurjan, alfurjan23north, 23nth, 23northtownhouse, 23norththnhouse, 23northtown, 23northalghurairth, 23noth, 23northtwn, 23northnedth, 23northfurjan, 23nthfurjan, 23nthtownhouse, 23northtownhousealfurjan"
25Hours Heimat,subcommunity,"Downtown Dubai, Dubai","25h, 25 hours, 25h heimat, 25hours, 25h downtown, 25h dt, 25 hours downtown, 25h hmt, 25hheumat, 25hhimat, 25h heimat downtown, 25hours heimat downtown, 25hdt, 25hdtwn, 25hoursdt, 25hheimat, 25hdtown, 25h dxb, 25h downtown dubai, 25h heimat dxb"
29 Burj Boulevard,subcommunity,"Downtown Dubai, Dubai","29bb, 29 boulevard, 29 blvd, 29 burj, 29bbd, 29 boulevard downtown, 29 blvd downtown, downtown 29bb, 29boulevard, 29blvd, 29burjboulevard, 29burjblvd, 29 bvd, 29bvd, 29 bulivard, 29 boluevard, 29 bulvard, 29 bourj boulevard, 29bb downtown, 29 boulevard dubai"
29 Dubai South,subcommunity,"Dubai South (Dubai World Central), Dubai","29ds, 29, 29dubaisouth, 29dubaicentral, twentyninedubaisouth, dubaisouth29, ds29, dsc29, 29dwc, 29south, 29d.south, 29sub, 29dsub, 29d-south, 29southdubai"
2nd Street,subcommunity,"Airport Road, Abu Dhabi","2nd st, 2ndstreet, 2ndst, 2nd st ad, 2nd street ad, 2nd st airport rd, 2nd st abu dhabi, 2ndstreetad, 2ndstr, 2ndrd, 2nd st auh, 2ndstreetauh, 2nd st airportroad, 2ndstreetairportroad, 2nd street airport road"
3 Sails Tower,subcommunity,"Corniche Road, Abu Dhabi","3sails, 3sails tower, 3 sails, 3sails corniche, 3sails ad, 3sails abu dhabi, 3sailstower, 3sailsabudhabi, 3sails corniche rd, 3 sails corniche, 3 sail, 3sails twr"
32 Villas,subcommunity,"Dubai Media City, Dubai","32v, 32villa, 32villasdmc, 32villas media city, 32villas mediacity, 32 villlas, 32vilas, thirty two villas, dm c 32villas, 32villas dmc, 32villa dmc, 32villasdubaimediacity, 32villass, 32villasmediacity"
34 Villas Project,subcommunity,"Khalifa City, Abu Dhabi","34villas, 34v, 34 villas k, 34 villas k-city, 34 villas khalifa, 34 villas abu dhabi, k city 34 villas, kcity 34v, 34villas kcity, 34 villa, 34 villa project, 34villas project, 34v proj, 34villas auh, 34villas ad, 34villasabu, khalifa city 34, k-city 34, 34 villas khalifacity, 34villas khalifa, 34 villass, 34vila, 34villas pro, 34v pro, 34villas k city"
48 Parkside,subcommunity,"Arjan, Dubai","48ps, 48 park, 48side, 48 park side, 48parkside, 48 parkside arjan, arjan 48, arjan 48ps, 48pkside, 48parksid, 48prkside, 48 parksed, 48park side, forty eight parkside, 48ps arjan, 48 park side arjan, 48pk side"
4Direction Residence 1,subcommunity,"Dubai Residence Complex, Dubai","4dr1, 4dres1, 4dir, 4dirres, 4dresidence1, 4dr, 4d residence, 4direction, 4dir 1, 4dr 1, 4dirres1, 4dres, 4dir residence, drc 4dr1, 4dr1 drc, 4direction1, 4dresidence 1, 4direc residence, 4dir residence 1, 4dr1 dubai residence complex, 4dir res 1, 4dr residence 1, 4dres1 drc, 4dresidenceone"
5242,subcommunity,"Dubai Marina, Dubai","52, 52-42, 5242marina, 5242 marina, marina 5242, 5242towers, 52 42, 5242dubaimarina, 5242tower, 5242 m, 5242dubaio, 52/42"
555 Park Views,subcommunity,"Jumeirah Village Triangle, Dubai","555pv, 555 park, 555 parkview, jvt 555, jvt 555 park views, jvt 555pv, 555p views, 555prk views, 555parkviews, 555pvjvt, park views 555, 555 prk view, 555 prkvw, 555 parkview jvt, 555 park vw, 555 parkviews jvt"
5th Avenue,subcommunity,"Al Furjan, Dubai","5thave, 5thavealfurjan, 5thavenuefurjan, 5thavefurjan, fifthave, fifthavenue, 5th ave, alfurjan 5th ave, 5thaveal f, 5th av, 5thave al furjan, 5thavenue al furjan, 5th ave furjan, 5thav, 5th avenue al furjan"
7 West Residences,subcommunity,"Jumeirah Village Circle, Dubai","7w, 7west, 7westres, 7westresidences, 7westresidence, 7wres, 7wresidences, 7westjvc, jvc7west, 7w jvc, 7west jvc, sevenwest, sevenwestresidences, 7westresidence jvc, 7wresjvc, 7westres jvc, 7wresidence, 7west res, 7west res jvc"
88 Tower,subcommunity,"Al Khan, Sharjah","88t, 88 tower sharjah, 88twr, 88tower al khan, 88alkhan, 88t shj, 88tr, 88twr shj, 88tower shj, 88th tower, 88 tower al khan, 88twnr, 88twr al khan, 88twralkhan"
8W Building,subcommunity,"Dubai Airport Freezone (DAFZA), Dubai","8w, 8w dafza, dafza 8w, 8w bldg, 8w bld, eight w, 8w building dafza, dafza 8w building, 8w building dubai, 8w dafza dubai, 8wbuilding, 8wbuild, 8w bldg dafza, 8w bldg dubai"
99 Park Place,subcommunity,"Jumeirah Village Circle, Dubai","99pp, 99 park, 99pp jvc, 99 park jvc, jvc 99pp, 99parkplace, 99prk, 99park, 99pp jumeirah village circle, 99parkplace jvc, 99ppjvc, 99 park pl, 99 park place jvc, 99p place, 99 parkp, 99parkpl, 99park plc"
A A Tower,subcommunity,"Sheikh Zayed Road, Dubai","aa, aatower, aa tower szr, aatowerszr, szr aa, aatwr, aa twr, a atower, aa towre, aa towerr, aatowr, aa-tower"
A La Carte Villas,subcommunity,"DAMAC Hills, Dubai","alc, a la carte, alacarte, alacartevillas, damac hills a la carte, dh a la carte, alacarte damac, alacarte vls, alacart, a la cart, a la carte villa, alacarte villas damac, dh alacarte"
A Villas,subcommunity,"Living Legends, Dubai","avillas, avilla, living legends villas, legends villas, llvillas, luvillas, livinglegendsavillas, avilas, avilas living legends, living legends avillas, ll avillas, avillas living legends"
A&F Tower,subcommunity,"Al Nuaimiya, Ajman","a&f, a and f, af tower, a&ftower, aftower, a&f ajman, af ajman, al nuaimiya a&f, a&f al nuaimiya, nuaimiya a&f, af nuaimiya, a&f twr, af twr, a&f twr ajman, a & f tower"
7 Park Central,subcommunity,"Jumeirah Village Circle, Dubai","7pc, 7 park, 7pcdubai, 7pc jvc, jvc 7pc, 7parkcentral, 7park, 7parkcentraljvc, 7p central, 7pc jumeirah village circle, 7park c, 7 pc jvc, jvc 7 park central, 7pcc, 7pc jv, 7parkcentral dubai, 7 p c, 7pk central, 7parkcenteral, 7pcjvc"
AAA Residence,subcommunity,"Jumeirah Village Circle, Dubai","aaa, aaa res, aaa resid, aaa residences, aaares, aaaresidence, aaaresidences, aaa jvc, jvc aaa, aaa jvc residence, aaa residence jvc, aaresidence, aaa resi, aaa resd, aaaresid, aaa residnce, aaa resedence, aaa residence in jvc"
Aark Residences,subcommunity,"Dubai Residence Complex, Dubai","aark, aark res, aark residence, aark residences drc, aark drc, aark residence complex, ark residences, ark res, aarkres, aarkresidences, drc aark, aark residence complex dubai"
Aayah Residences,subcommunity,"Jumeirah Village Circle, Dubai","aayah, aayah res, aayah jvc, jvc aayah, ayah residences, ayah res, ayah jvc, jvc ayah, aayahres, ayahres, ayh res, aayah residence, ayah residence"
AB Cavalier,subcommunity,"Jumeirah Village Circle, Dubai","abc, ab cav, abcavalier, abcav, ab cavallier, ab cavaleir, jvc abc, jvc abcav, abc jvc, abcav jvc, abccavalier, ab cavlier, ab cavleir"
AB Residences,subcommunity,"Dubai South (Dubai World Central), Dubai","ab, abr, abres, abresidences, ab-res, abresidence, abresidencies, abresd, abresidense, ab res, ab resi, dubaisouth ab, ab dubai south, ab dwc, ab-dwc, abres dwc, abresidences dubai south"
Abaar Hotel Apartment,subcommunity,"Dubai Investment Park (DIP), Dubai","abaar, abaar hotel, abaar apt, abaar apts, abaar hotel apts, abaar dip, dip abaar, abaar dubai investment park, abaar hotl, abaar apart, abaar htl, abaar htl apt, abaar dip 1, abaar dip 2, abar hotel, abaar apartments, abbar hotel, abaarhotel, abaarhotelapt, abaarhotelapts"
Abbey Crescent,subcommunity,"Motor City, Dubai","abbey cres, abbey cresent, abbey cresc, abbey crscnt, abbeycrescent, abbeycres, motor city abbey, motorcity abbey, abbey motor city, abby crescent, abby cres, abbey crescent motor city, abbeycrescentmotorcity, abey crescent, abey cres, abbey crst"
Abidos Hotel Apartment,subcommunity,"Dubai Land, Dubai","abidos, abidos hotel, abidos dubailand, abidos dlc, abidos dl, abidos apts, abidos apt, abidos hotel apts, abidos dubailand hotel, abidos dubailand apts, abidos hotel apartments, abidos hotl, abidos htl, abidos apts dubailand, abidos hotel apt, abidosdubailand, abidoshotel, abidoshotelapartments, abidoshtl, abidoss, abidous, abidosdubaialnd"
Abjar Tower,subcommunity,"Jumeirah Village Circle, Dubai","abjar, abjar jvc, jvc abjar, abjar twr, abjartower, abjar tower jvc, abjar twr jvc, abjartwr, abjar t, ajbar, abjar jvc tower"
Abu Baker Al Siddique Road,subcommunity,"Deira, Dubai","abubaker, abubaker road, abu baker, abu baker rd, abubakr, abubaker al siddique, abubakr al siddique, abubakr road, abubakar, abubaker street, deira abubaker, abubaker deira, abubakr deira, abubaker al siddeeq, abubakr al siddeeq, abubakeralsiddique, abubakeralisiddique, abubakerrd, abubakrrd, abubakar road"
Abu Dhabi Airport Logistics Park,subcommunity,"Airport Road, Abu Dhabi","adlp, abudhabi airport logistics, ad airport logistics, alp, adlp abu dhabi, airport road logistics, adlp park, ad airport logistics park, abudhabi airport logistics park, adlpark, adlogistics, adl p, adl park, abudhabi logistics park, ad airport log park, adlpabudhabi, adlppark, airport logistics ad, ad airport log, ad lp"
Abu Dhabi Business Hub,subcommunity,"Mussafah, Abu Dhabi","adbh, abudhabibusinesshub, mussafahbh, mussafahbusinesshub, mussafahbusines, abudhabibusines, adbusinesshub, musaffahbh, musaffahbusinesshub, adbhub, abudhabihub, mussafahhub, busineshub, adbusineshub"
Abu Dhabi Golf Club,subcommunity,"Sas Al Nakheel, Abu Dhabi","adgc, abudhabigolf, ad golf club, adgc golf, sas al nakheel golf, golf club sas al nakheel, san golf, ad golf, abudhabigolfclub, adgclub, sas al nakheel adgc, ad golfclub, abudhabi golf, adg golf, golf club ad, san golf club, adgc sas al nakheel"
Abu Dhabi Marina,subcommunity,"Al Bateen, Abu Dhabi","ad marina, marina ad, abudhabi marina, al bateen marina, marina bateen, bateen marina, admarina, marinaad, abm, adm, al baten marina, abu dhabi mariner, marina abu dhabi"
Abu Dhabi Plaza Tower,subcommunity,"Al Najda Street, Abu Dhabi","ad plaza, ad plaza tower, abudhabi plaza, abudhabi plaza tower, alnajda plaza, najda plaza, ad plaza t-wr, adplazatower, adplazatwr, abu dhabi plaza, ad plaza st, najda plaza tower, ad plaza abu dhabi, ad plaza al najda, ad plaza t, plaza tower ad, ad plaza twr, alnajda plaza tower"
Abu Dhabi Trade Towers,subcommunity,"Tourist Club Area, Abu Dhabi","ad trade towers, trade towers ad, adtt, ttad, tourist club towers, tca towers, trade tower ad, ad tradetowers, adtradetowers, tradetowersad, trade tower abu dhabi, ad trade tower, trade twrs ad, tourist club trade towers"
Abu Dhabi Unversity Tower,subcommunity,"Muroor Area, Abu Dhabi","adu tower, adu, abu dhabi uni tower, abu dhabi uni, adutower, adu muroor, muroor adu, adu university, adu uni tower, adu uni, adutwr, abu dhabi university tower, adu muroor area, adu tower muroor, muroor adu tower, adu uni twr, adu unitower, aduuni"
Abu Hail,subcommunity,"Deira, Dubai","abuhail, abhail, abu hail deira, deira abu hail, abu hail area, abuhail deira, abuhail area, abuhael, abu hael, abhail deira, abuhail community"
Abu Jemeza Building 3,subcommunity,"Al Nuaimiya, Ajman","ajm3, ajm 3, al nuaimiya 3, nuaimiya 3, abujemeza3, abu jemeza 3, ajm nuaimiya 3, nuaimiya building 3, ajm bldg 3, abujemeza bldg 3, alnuaimiya 3, nuaimeya 3, nuaimia 3, ajm nuaimeya 3, bldg 3 ajman, nuaimiya bldg 3, abujameza 3, abujumaisa 3, ajm building 3"
Abu Shagara building,subcommunity,"Abu shagara, Sharjah","abu shag, abushagara, abu shagara bldg, abushag, abu shagra, abu shagara sharjah, sharjah abu shagara, abushagara sharjah, abu shagarah, abushag bldg, abushag sharjah, abu shagra bldg"
AC Domus,subcommunity,"Jumeirah Village Circle, Dubai","ac, acd, acdomus, acjvc, jvcac, jvcacdomus, ac domus jvc, acdomusjvc, ac-domus, acd jvc, ac dmus, ac doms, acdms, ac domuss, acc domus"
Acacia Avenues,subcommunity,"Al Sufouh, Dubai","acacia, acacias, acacia ave, acaci-a, acassia, acasia, acasias, accasia, accacia, alcacia, alsufouh acacia, acacia alsufouh, acaciaavenues, acaciaave"
Academy Zone,subcommunity,"RAK FTZ, Ras Al Khaimah","acad zone, acadzone, rak acad, rak acad zone, academic zone, acadamy zone, academyzone, rakftz acad, rakftz academy, acad zne, academy zne, acadmey zone, acadamyzone, rak academy zone"
ACES Chateau,subcommunity,"Jumeirah Village Circle, Dubai","aces, aces chateau jvc, aces jvc, aces chateu, aces chateau jumeirah village circle, aceschateau, aceschateaujvc, jvc aces chateau, jvc aces, aces chatue, aces chato, aceschato, aces cht, aces chateau dxb, aceschateau dubai"
ACICO Business Park,subcommunity,"Deira, Dubai","acico, acico park, acico business, acico b p, acico bp, acico deira, deira acico, acico business park deira, acico deira park, acicoo, acico bus park, acico bpark, acicobp, acicobusinesspark, acicobusiness, acico dubai"
AD 3,subcommunity,"Al Raha Beach, Abu Dhabi","al raha 3, ad3, alraha3, raha 3, al raha beach 3, alrahabeach3, al raha phase 3, raha beach 3, ad three, al raha sub 3, alraha phase 3, alrahabeach 3, ar 3, ar3, al raha b 3"
AD One Tower,subcommunity,"Capital Centre, Abu Dhabi","ad1, ad one, ad1 tower, adonetower, adone, cap centre ad one, capital centre ad1, ad one capital centre, ad1 capital centre, adone capital centre, ad 1, ad-one, adone tower, ad1t, ad1twr"
AD1 Building,subcommunity,"Muroor Area, Abu Dhabi","ad1, ad1 bldg, ad 1, ad1 muroor, muroor ad1, ad1muroor, ad1building, ad1bldg, ad-1, ad1 abu dhabi, ad1 abudhabi"
Adagio Aparthotel Dubai,subcommunity,"Deira, Dubai","adagio deira, adagio hotel deira, adagio, adagio dxb, adagio deira hotel, adagioaparthotel, adagio aparthotel, adagio deira apartments, adagiohotel, adagio ap, adagio dxb deira, deira adagio, adjio deira, adajio deira, adagio aparthotel dxb"
Adagio Jumeirah Village Triangle,subcommunity,"Jumeirah Village Triangle, Dubai","adagio jvt, jvt adagio, adagio jumeirah village, adagio jumeirah triangle, adj jvt, adagio jvt dubai, adagio jumeirahvilletriangle, adagio jvt res, adagio jumeirah village tri, adagio jumeirah vill triangle, adagio jvt apts, adaggio jvt, adagio jvt building, adagio jvt residential, adgio jvt, adagio jvt uae, adagio jv triangle"
Adagio Premium The Palm,subcommunity,"Palm Jumeirah, Dubai","adagio palm, adagio the palm, adagio palm jumeirah, adagio premium palm, adagiopremum, adagiopalm, adagio, palm adagio, adagio premium, adagio thepalm, adagio pjm, adagio palm jmr, adagio palm jumeira, adagio prem the palm, adagio prem palm, adagoi palm, adagio premum palm, adagio premum, adagio palm jumeriah, adagio premium jumeirah"
Adaire 1,subcommunity,"Al Satwa, Dubai","adaire1, adaire 1 satwa, satwa adaire, adaire one, adair 1, adair one, adaire1 satwa, adaire1stwa, adaire1st, adaire, adaire1 dxb, adaire one satwa"
Adaire 2,subcommunity,"Al Satwa, Dubai","adaire2, adr 2, adr2, satwa adaire, adaire satwa, adire 2, adaireii, adireii, adr satwa, adairetwo, satwa adaire 2"
ADAMAS,subcommunity,"Dubai Silicon Oasis, Dubai","adms, adms sil, adams oasis, adams dso, adams silicon, adams, dso adams, sil adams, adams-oas, adamsos, adamsos-dso, adms-dso"
Addax Park Tower,subcommunity,"Al Reem Island, Abu Dhabi","addax, addax tower, addax reem, addax island, addax park, adx tower, adx reem, addax al reem, addaxreem, addxtower, adxtower, addax prk, adax, adax tower, adax reem, adaxx, addaxx, reem addax, al reem addax, addax abudhabi"
Addiyar Building,subcommunity,"Sheikh Zayed Road, Dubai","addiyar, addiyar bldg, adiyar, adiyar bldg, addiyar szr, addiyar sheikh zayed, szr addiyar, addiyarbuilding, adiyarbuilding, addyar, addiyar blg, addiyar rez, addiyar residence, addiyar dubai"
Address Harbour Point,subcommunity,"Dubai Creek Harbour (The Lagoons), Dubai","address harbour, ahp, address harbor point, address creek harbour, dch address, add harbour point, address harboupoint, address harbr point, address harbor, address point, ahp creek, address harbourpoint, addressharbourpoint, addressharborpoint, address point creek, creek address harbour point, ahp dubai, address hp, addressharbour, addressharbor"
Address Residences,subcommunity,"Al Marjan Island, Ras Al Khaimah","addr residences, address rak, address marjan, addr marjan, addres residences, address res, adr residences, address island, address marjan island, addressresidences, addrresidences, addresss residences, addresss res, addr rk, marjan address, marjan address residences, rak address, addressres, address rk"
Address Residences Dubai Creek Harbour,subcommunity,"Dubai Creek Harbour (The Lagoons), Dubai","address creek, addr creek, creek harbour address, address dch, dch address, addres creek harbour, address harbour, creek address, address residences dch, address creek hbr, address creek harbor, addresss creek, addresscreek, addr creek harbour, address dch residence, creek address residences, address dch residencies, address creek hrb, address ch, address creekharbour"
Adeba Azizi,subcommunity,"Al Jaddaf, Dubai","adeba, azizi al jaddaf, azizi adeba, al jaddaf azizi, adeba jaddaf, adba azizi, azzi adeba, azizi adba, adeba azz, adebazizi, aziziadeba, aljaddaf adeba, adeba in al jaddaf, adeba aljaddaf, azizi adebba, adeba azizi jaddaf"
Adel Al Hussaini Building,subcommunity,"Dubai Media City, Dubai","adel building, adel hussaini, adel hussaini bldg, adel al hussaini bldg, adelhussaini, adel hussaini media city, dmc adel building, adel hussaini dmc, adel husseini, adel hussaini blg, adel hussainy, adel al husseini, adel hussaini building dmc, adel hussani, adel hussaini mediacity"
Adhara Star,subcommunity,"Arjan, Dubai","adhara, adhara star arjan, arjan adhara, adhara arjan, adara star, adhara str, adharastar, adarastar, adhara st, adharast, adhara arj, adhastra, adhara star dubai, adhara stars, adharaa star, adhara star project"
ADIB Building,subcommunity,"Green Belt, Umm Al Quwain","adib, adib bldg, adib green belt, green belt adib, adib uaq, adib greenbelt, adib bldng, adeeb building, adeeb bldg, adib ual quwain, adib building uaq"
ADIB Building,subcommunity,"Madinat Zayed, Abu Dhabi","adib bldg, adib, adib building madinat zayed, madinat zayed adib, adib mz, adib madinat zayed, adib bld, adib building mz, adibblg, adibbldg, adib bldg mz, adib madinat, adibmzy, adib bldng"
ADIB Building,subcommunity,"Sheikh Hamad Bin Abdullah St., Fujairah","adib bldg, adib build, adib fuj, adib fujairah, adib building fujairah, adib, adib st, adib bld, adibbldg, adibfuj, adibst, sheikh hamad adib, adib sheikh hamad, adib fujairah building, adib bldg fuj, adib bldg fujairah, adib build fuj"
Adore,subcommunity,"Jumeirah Village Circle, Dubai","adore jvc, jvc adore, adorejvc, adoor, ador, adr, adre, jvc adr, jvc-adore, adore jumeirah village circle, adore circle"
Adria Villas,subcommunity,"Damac Hills 2, Dubai","adria, adria d2, adria dh2, adria damac, adria damac hills 2, adria villas d2, adria villas dh2, adria v, adria vls, adria vill, adria vllas, adria villa, adria vils, adria dh, d2 adria, dh2 adria, adriavillas, adriavilla, adriadh2, adriad2, adriavills, adriavillasd2, adriavillasdh2"
Aeon,subcommunity,"Dubai Creek Harbour (The Lagoons), Dubai","aon, aeon dch, dch aeon, aeon creek, creek aeon, aeon lagoons, aone, aeon dxb, aeon dubaicreek, aeoncreek, aeonlagoon, aen, dch aon, lagoons aeon"
Aeternitas Tower,subcommunity,"Dubai Marina, Dubai","aeternitas, aeternitas marina, aeternitas tower marina, aeternitas twr, aeternitas mrna, aeternitas dubaimarina, aeternitas tower dubai, aeternitasmarina, aeternitas dubai, aeternitas twr marina, aeternitas dm, aeternitas m, aeternitastower, aternitas, aeternitas dwc, aeternitas tower dxb"
AG 03,subcommunity,"Dubai South (Dubai World Central), Dubai","ag03, ag-03, ag 3, ag3, ag-3, ag three, agthree, ag, ag south, ag south 03, ag dwc, ag dwc 03, dubai south ag 03, dubaisouth ag03, dwa ag03, ag03 dubai south, ag03dwc, ag03 dwc"
AG 11,subcommunity,"Dubai South (Dubai World Central), Dubai","ag11, ageleven, ag eleven, ag11 dubai south, ag 11 dubai south, ag-11, ag11 dwc, ag 11 dwc, agdwc, ag11d, ag 11 d, ag south, ag south 11, ag eleven dubai south, a g 11, ag11 dubaisouth, ag11dubaisouth"
AG 31,subcommunity,"Dubai South (Dubai World Central), Dubai","ag31, ag-31, ag thirty one, ag 31 dubai south, ag31 dubai south, ag south, ag 31 dwc, ag31 dwc, ag31dwc, ag 31 location, ag thirtyone"
AG 7even,subcommunity,"Dubai Residence Complex, Dubai","ag7, ag7even, ag 7, ag seven, ag7 residence, ag7 drc, ag7 dubai residence complex, ag-7, ag7complex, agseven, ag seven drc, ag 7 complex, ag7dev, ag 7ven, ag-7even, ag7drc, ag res complex, ag 7 residence"
AG 9ine,subcommunity,"Dubai Residence Complex, Dubai","ag9, ag9ine, ag nine, ag9 drc, ag9 dubairec, ag9 residence complex, ag9ine drc, ag9ine dubairec, ag9ine residence complex, ag 9 residence, ag9ine residence, ag 9 residence complex, ag9ine dubai residence, ag9 dubairesidence, ag9inedrc, ag9drc, agnine, agnine drc, ag nine drc, ag nine residence, ag9ine dubai residence complex"
AG Central,subcommunity,"Dubai Residence Complex, Dubai","agc, agc dubai, agc drc, agc drc dubai, ag central drc, agcental, ag cental, agc residential complex, drc agc, dubai residence complex agc, agc dxb, ag complex"
AG Residence,subcommunity,"Jumeirah Village Circle, Dubai","agres, ag residence jvc, agresidence, jvc ag, ag residence dubai, ag resid, ag res, ag res jvc, agres jvc, ag residencee, ag residance, ag resdence, ag residence jumeriah village circle, ag residence jvc dubai, ag residencee jvc, agresdence, agresidencejvc"
AG Square,subcommunity,"Dubai Residence Complex, Dubai","ags, ag sq, ags square, agsq, ags q, ag residence, ag residence complex, drc ag, drc ag square, ag square drc, ag square dubailand, ags drc, ags dubai residence complex, agsq drc, agsque, agsquar, agsqr, agsqare, agsquare"
AG Tower,subcommunity,"Business Bay, Dubai","agt, agt business bay, agtower, ag, ag bay, ag bbay, ag busbay, agt bbay, agt busbay, ag tnr, agtwr, agt tower, agt businessbay, ag tower business bay"
AGH Villas,subcommunity,"Al Rashidiya, Dubai","agh, aghv, al rashidiya villas, rashidiya villas, rashidiya agh, agh villas rashidiya, alrashidiya agh, aghvillas, aghvillasrashidiya, aghvilla, agh vill, al rashidiya agh villas, rashidiya villas agh"
Ahad Residences,subcommunity,"Business Bay, Dubai","ahad, ahad res, ahad resid, ahad resi, ahad residence, ahad residencies, ahad bb, ahad business bay, business bay ahad, ahadres, ahadresidences, ahed, ahadreidence, ahad residnces, ahadresidency, ahad resd"
Ahmed Al Abdulla Residence,subcommunity,"Arjan, Dubai","ahmed al abdulla, aaa residence, aaa, ahmed residence, ahmedalabdulla, ahmedalabdulla residence, arjan ahmed al abdulla, ahmed al abdullah, ahmed alabdulla, ahmed alabdula, ahmed al abudlla, aaa arjan, arjan aaa, ahmed al abdulla arjan, aa residence, ahmedabdulla, ahmedalabdula, ahmedalabdula residence"
AHMED AL ABDULLA WAQF Building 2,subcommunity,"Al Badaa, Dubai","aa waqf bldg 2, aa waqf 2, ahmed abdulla waqf 2, al badaa waqf 2, waqf bldg al badaa, aawaqf2, aa waqf building 2, ahmed al abdullah waqf 2, al badad waqf 2, aawaqf building 2, ahmed alabdulla 2, waqf 2 al badaa, al badaa aa waqf, aa waqf b2, ahmed al abdula waqf 2"
Aida Tower 1,subcommunity,"Al Nuaimiya, Ajman","aida1, aida tower, aida t1, aida ajman, nuaimiya aida, aida nuaimiya, aidatwr1, aida1ajman, aida1 ajman, aida t 1, aidaa, ayda tower, ayda 1, aida t-1, aida-1, aida twr 1"
Aida Tower 2,subcommunity,"Al Nuaimiya, Ajman","aida 2, aida t2, aida twr 2, aida tower two, nuaimiya aida 2, al nuaimiya aida, aida nuaimiya, aidatower2, aida2ajman, aida t-2, aida twr2, aidaa 2, aidatowerii, alnuaimiya aida, aida 2 ajman"
Ain Ajman Tower,subcommunity,"Ain Ajman, Ajman","ain ajman, ajman tower, ainajman, ainajmantower, ajmantower, ain ajman twn, ain ajmn, an ajman, ain ajmen, ainajmn, ain ajman twr, ajman ain tower"
Ain Al Maha,subcommunity,"Al Jubail Island, Abu Dhabi","ainalmaha, aamah, jubail ain al maha, al jubail ain al maha, ain almaha, ainalmha, ain al mha, aljubail ain al maha, ain al maha island"
Aire Dubai,subcommunity,"Sheikh Zayed Road, Dubai","aire, aire szr, aire dubai szr, aire-dubai, airedxb, airedubai, aire on szr, aire by alc, aire alc, airetower, aire s z r, aire sheikh zayed, aire res, aire residencies, air dubai, airee dubai, airee, are dubai, aire dbx"
Airport Road Area,subcommunity,"Al Garhoud, Dubai","airport rd, airport road, apt rd, apt road, al garhoud airport rd, garhoud airport rd, airportroad, arpt rd, arpt road, al garhoud rd, garhoud rd, garhoud airport, airportrd, algerhoud airport, airport rod, aird rd, arptroad"
Ajmal Makan City,subcommunity,"Sharjah Waterfront City, Sharjah","ajmalmakan, ajmalmakan city, amc, amc sharjah, sharjah waterfront city ajmal, waterfront city ajmal, ajmal city, ajmalmakan city sharjah, ajmalmakan wfc, ajmal makan, swc ajmal makan, ajmalmakanwaterfront, ajmalmakancity, ajmalcity sharjah, swc ajmal"
Ajmal Sarah Tower,subcommunity,"Dubai Residence Complex, Dubai","ajmal sarah, ajmal sarah twr, ajmal sarah bldg, ajmal sarah drc, drc ajmal sarah, ajmal sarah dubai residence complex, as tower, as twr, ajmalsarah, ajmalsarahtower, ajmal sarra, ajmal sara, ajmal sarah tower drc, ajmalsarahdrc"
Ajman Boulevard,subcommunity,"Ajman Uptown, Ajman","ajman blvd, ajmanuptown blvd, ajmanuptown boulevard, ajman uptown blvd, ajman uptwn blvd, ajman blvd ajman, ajmn blvd, ajmanbullevard, ajmanblvd, ajman blv, ajman bulvrd, ajmanboulevard"
Ajman Corniche Residences,subcommunity,"Ajman Corniche Road, Ajman","ajman corniche, acr, ajman corniche res, ajman corniche resid, ajman corniche resi, acr ajman, ajman corniche rd, ajman corniche residence, ajman corniche rd res, corniche res, corniche ajman, ajmancorniche, ajmancornicheresidences, ajmancornicheres, ajman cornish, ajman cornich, ajman cornice, acr residences, ajman corniche bldgs, ajman corniche property"
Ajman Global City,subcommunity,"Al Alia, Ajman","agc, ajman global, al alia global, alalia global city, ajmanglobalcity, agc ajman, al alia agc, al alia ajman global, ajman globalcity, ajman globel city, ajman glbl city, ajman glocal city, al alia agc city"
Ajman Hills,subcommunity,"Al Alia, Ajman","aj hills, ajh, ajman hls, al alia hills, alalia hills, ajman hills ajman, ajman hill, ajmanhills, ajmanhls, ajman hil, ajmanhils, ajman hillls"
Ajman Industrial 1,subcommunity,"Ajman Industrial Area, Ajman","ajman ind 1, ind 1 ajman, ajman industrial one, ajman ind area 1, ajman ind1, ind1 ajman, ajman indstrial 1, ajman indus 1, ajman indus area 1, ajman industrial1, ajmanind1, ind1, ind area 1, ajman ind-1, ajman indst 1, ajman ind. 1"
Ajman Industrial 2,subcommunity,"Ajman Industrial Area, Ajman","ajman ind 2, ajman ind2, ajman industrial2, ajman ind area 2, ind 2 ajman, ind2 ajman, ajman indus 2, ajman indstrial 2, ajman indstry 2, ajman ind area ii, ajman ind 2nd, ajman industrial area 2, ajman indus area 2, ajman indutrial 2, ajmanind2, ajmanind 2, ajman indus2, ajman indutrial2"
Ajman One,subcommunity,"Ajman Downtown, Ajman","ajman1, ajman-1, ajmanone, ajmanone towers, ajman one towers, ajm1, a1, ajman down town one, ajman downtown 1, ajman downtown one, ajman dtw 1, ajm downtown 1, ajmanone ajman, ajman one ajman, ajmn one, ajman 1 towers"
Ajman One - Phase 2,subcommunity,"Ajman Downtown, Ajman","ajman one phase 2, ajman 1 p2, a1 p2, ajman1, ajmanone2, ajman one phase2, ajman one ph2, ajman 1 ph 2, ajmanoneph2, ajman one p2, ajman downtown phase 2, ajman downtown p2, ajman 1 phase 2, ajmanone phase 2, ajmanone 2, ajman one2, ajman1 phase2"
Ajman One Towers,subcommunity,"Al Sawan, Ajman","a1, a1 towers, ajman 1, ajman one, a1 ajman, ajman1, a1sawan, alsawan a1, ajmanone, ajmanonetowers, a1towers, ajmanone towers, ajman 1 towers, a1sawan towers, ajmanone ajman"
Ajman Pearl Towers,subcommunity,"Ajman Downtown, Ajman","ajman pearl, pearl towers, apt, pearl towers ajman, ajman downtown pearl, pearl ajman, ap towers, ajmanpearl, pearl ajman towers, pearl tower ajman, ajman pearl tower, a.p. towers, pearl-towers, ajman pearl t., pearl t., pearl towers dt, dt pearl towers"
Ajman Twins,subcommunity,"Al Nuaimiya, Ajman","ajman twin, ajmantwins, ajmantwin, alnuaimiyatwins, nuaimiyatwins, alnuaimiyatwin, nuaimiyatwin, ajmn twins, ajman twinz, ajmantwinz, alnuaimiya twins, nuaimiya twins"
Ajman Uptown Villas,subcommunity,"Ajman Uptown, Ajman","ajman uptown, uptown villas, uptown ajman, ajm uptown, ajman uptown vls, uptown villas ajman, ajmanuptown, uptownvillas, ajmanuptownvillas, ajman uptn, uptwn villas, uptown villaz, ajman uptown villlas, uptown vilas, ajman up town, uptown villas ajm, ajm uptown villas, ajmn uptown, uptown ajman villas"
Ajyad Building,subcommunity,"Jumeirah Village Circle, Dubai","ajyad, ajyad bldg, ajyad jvc, jvc ajyad, ajyadblg, ajyadbuild, ajyad jv, ajyad residence, ajyad jumeirah, ajyab, ayad, ajyad building jvc, ajyad circle, ajyad apartments"
AKA Residence,subcommunity,"Jumeirah Village Circle, Dubai","aka, aka res, aka residences, akajvc, aka jvc, akajvcre, akajvcc, aka residence jvc, aka jvc residence, akares, akaresidence, akareisdence, akaresidnce, akaresidance, aka residenc, aka resi, jvc aka, jvc aka res, jvc aka residence"
Aknan Villas,subcommunity,"Damac Hills 2, Dubai","aknan, aknan vls, aknan villas dh2, aknan dh2, aknan damac hills 2, aknan damac 2, aknan d2, aknan villa, aknan v, aknan vla, aknan vilas, aknan d hills 2, aknan damachills2, aknanvillas, aknandh2, aknanv, aknan hills 2, aknan d2 villas"
Akoya Drive,subcommunity,"DAMAC Hills, Dubai","akoya, akoya dr, akoyadrive, akoyadr, damac akoya, damac hills akoya, damac akoya drive, akoya damac, akoyad, akoya d, akoyadrv, akoya drv, akoyahills"
Akoya Fresh,subcommunity,"DAMAC Hills, Dubai","akoyafresh, akoya frsh, akoya f, akoya fresh damac, damac hills akoya fresh, akoyaf, akoyafrsh, akoya fresh dh, dh akoya fresh, akoya fresh damac hills, akoya-fresh, akoyafresh damac"
Akoya Park,subcommunity,"DAMAC Hills, Dubai","akoya, akoyapark, akoyapk, damac akoya, akoya damac, akoya damac hills, akoyahills, akoy pk, akoya p, akoya parke, akoya prk, akoyaprak, damachills akoya, akoyapark dubai"
Akoya Play,subcommunity,"Damac Hills 2, Dubai","ap, akoya play2, akoyaplay, akoyaply, akoyapaly, damac hills 2 play, dh2 play, dh2 akoya play, akoya 2, akoya2, d2 play, d2 akoya, akoya play sub, akoya p, akoya play damac, akoya play dh2, aplay, akoyaply2, akoyaplay2, akoyaplay ii"
Akoya Selfie,subcommunity,"Damac Hills 2, Dubai","akoyaselfie, akoyaself, aselfie, akoya s2, akoya s 2, akoyaselfi, akoyaselfey, akoya selfie damac, damac hills 2 selfie, dh2 selfie, d2 selfie, akoya s2 damac, akoyaselfi2, akoya selfie d2, akoya s 2 damac, akoya selfi, akoyaslf, akoyaselfii"
Al Aamra Gardens,subcommunity,"Al Amerah, Ajman","al amra, al amra gardens, al amra gdn, al amra gdns, aamra gardens, alamra, alamra gardens, al amerah al amra, al amerah amra, al amra ajman, amra gardens, al amara, al amara gdns, al amera gardens, al amra gds, alamragardens, al amrah gardens, al amrah gdns, al amra gdnz"
Al Aamra Tower,subcommunity,"Al Amerah, Ajman","aamra, al amra, amra tower, alaamra, alaamratower, alamerah aamra, aamra ajman, amra ajman, al amra ajman, al amrah tower, alamra, amratower, al amra twr, al amrah twr, al amra t, al amra ajm"
Al Abar,subcommunity,"Halwan, Sharjah","alabar, al abar sharjah, halwan al abar, alabar sharjah, al-abar, al abbar, alabar subcommunity, halwan alabar, al abr, al abar shj"
Al Abbas Building,subcommunity,"Al Karama, Dubai","alabbas, al abbas bldg, alabbas bldg, alkarama alabbas, al abbas karama, alabbas karama, alabas building, alabbas building, alabas bldg, alabas, al abas bldg, al abas building, alabbasbldg, alabbasbuilding, alabasbldg, aab karama, al abbas bld, alabbas bld"
Al Abeir Tower,subcommunity,"Jumeirah Village Circle, Dubai","abeir, alabeir, alabeirtower, abeirtower, jvcabeir, alabeirjvc, alabeer, alabeertower, abeertower, alaber, alabeirtwr, jvcabeirtower, abeirtwr"
Al Abraj street,subcommunity,"Business Bay, Dubai","alabraj, abraj st, abraj street, abraj, abraj st business bay, business bay abraj, alabraj st, al abraj st, alabraj street, al abraaj st, al abraj, abraj bus bay, abraj biz bay, bb abraj, abraj bb, abraj str"
Al Ahlam Tower,subcommunity,"Al Nahda, Sharjah","alahlam, al ahlam, alahlam tower, alahlam t, alahlam twr, alahlam sharjah, al nahda alahlam, alahlam al nahda, alahlam shj, al ahlam shj, alahlamtwr, alahlamtower, alahlamt, al ahlam twr, al ahlam tower sharjah, alhlam, alalam, alahlam tawar, alahlam twr shj"
Al Ahlia tower,subcommunity,"Al Khalidiya, Abu Dhabi","alahliatwr, alahlia, alahlia twr, alahlya, alahlyatower, alahliya, alkhalidiya alahlia, alahlia khalidiya, alahliya tower, alahlya twr, alahliatower, alahlia tower, alahlia khaldiyah, alahlya tower, al-ahlia, al-ahlya"
Al Ain Ladies Club,subcommunity,"Al Markhaniya, Al Ain","alainladies, alainladiesclub, almarkhaniya ladies club, al markhaniya ladies, alain ladies, alainlclub, alainladsclub, almarkhaniya ladies, almarkhaniyaladies, alainladiess, alainladiesclb, alainladieclub, alainladiescb"
Al Ain Palace Villas,subcommunity,"Corniche Road, Abu Dhabi","al ain palace, aap villas, alain palace, al ain vls, alain palace villas, aapv, alainpalace, al ain palace vls, corniche al ain palace, al ain palace corniche, alain palace corniche, alainpalacevillas, al ain palace villas abu dhabi, al ain palace ad, aap villas corniche"
Al Ain Square,subcommunity,"Al Towayya, Al Ain","alainsq, alain sq, alain square, alainsquare, alain squar, alain sqr, alainsqr, alaintowayya sq, towayya sq, alain towayya square, alainsq alain, alaintowayya square, alain squer, alain sqre, alainsqure"
Al Ain Tower,subcommunity,"Hamdan Street, Abu Dhabi","alain, alaintower, al ain twr, alain twr, alaintwr, alain hamdan, hamdan alain, al ain st, al ain street, alain str, alaintw, alain tower abu dhabi, alain hamdan st"
Al Ajyaal Residency,subcommunity,"Emirates City, Ajman","alajyal, al ajyal, ajyal residence, al ajyal residency, alajyal residency, ajyal residency, al ajyaal ajman, ajyal emirates city, alajyal emirates city, emirates city ajyal, alajyalresidency, alajyaalresidency, al ajyaal res, al ajyaal resi, alajyal res, alajyal resi, alajyalres, al ajyaal residence, al ajyal residence, al ajyala residency"
Al Alia Tower,subcommunity,"Al Khan, Sharjah","al alia, alia tower, alia ttw, al alia sharjah, alkhan alia, alia khan, al alia tower sharjah, alia twr, alia tr, alialia, al alia shj, alia al khan, alia tower shj"
Al Alka,subcommunity,"Greens, Dubai","alk, alk1, alk2, alk3, alkaa, alalka, greensalk, alkagreens, al-alka, alka greens, alka greens dubai, alkagrn, alkg, alalka sub, al alka sub"
Al Amal Building,subcommunity,"Al Gharb, Sharjah","al amal, al amal bldg, al amal building sharjah, amal bldg, amal building, algharb al amal, al amal gharb, al amal bld, al amal blg, alamal, alamalbldg, alamalbuilding, al amal sharjah, al amal bldg shj, al amal shj, al amal sharjah bldg, al amal building shj"
Al Amal Building,subcommunity,"Um Altaraffa, Sharjah","alamal, aab, al amal bldg, al amal shj, um altaraffa amal, umaltaraffa amal, almal, al aml, alamaal, al amal building shj, al amal bldg shj, amal bldg, al amal um altaraffa, al aml bldg, al aml shj"
Al Ameri Tower,subcommunity,"Barsha Heights (Tecom), Dubai","ameri tower, ameri, alameri, al ameri, barsha heights ameri, tecom ameri, ameri tecom, ameri barsha heights, alameritower, ameri twr, alameritwr, alameri twr, al amri tower, al amiri tower, amiri tower, alameri hts, ameri hts, tecom al ameri"
Al Ameriya,subcommunity,"Al Jimi, Al Ain","al ameria, alameria, alamriya, al amriya, aljimi ameria, aljimi amriya, ameria, amriya, al amirya, al amriah, al ameriah, aljimi al ameria, aljimi al amriya, alameria aljimi, alamriya aljimi"
Al Amir,subcommunity,"Barsha Heights (Tecom), Dubai","alamir, al amr, al ameer, alameer, tecom alamir, alamir tecom, barsha heights alamir, alamir barsha, amir tecom, amir bh, bh alamir, alamir bh, al-amir"
Al Amir Building,subcommunity,"Arjan, Dubai","alamir, al amir, al amir bldg, al amir building arjan, al amir arjan, alamir arjan, al amir bld, al amir blding, alameer building, alameer bldg, al ameer arjan, al amir dubailand, al amir bldg arjan, alamirbldg, alamirarjan, al amir blding arjan"
Al Amir Residence,subcommunity,"Jumeirah Village Circle, Dubai","al amir res, alamir, al amir jvc, jvc al amir, alamer res, al amir residnce, alamirres, al amir resd, al amir residence jvc, al amir jvc residence, alamer residence, al amirr res, al amir resid, a.a.r, al amir resdnce"
Al Amira Residence Tower,subcommunity,"Abu shagara, Sharjah","al amira tower, amira tower, al amira res, amira res, amira residence, al amira sharjah, amira sharjah, al amira abushagara, amira abushagara, alamira tower, alamira res, al amira, al amera tower, al amera res, amera tower, al amira shj, amira shj, al amira twr, al amira bldg, al amira building, al amira t, al amera, amera res"
Al Amira Village,subcommunity,"Al Yasmeen, Ajman","alamira, alameera village, amira village, al amira v, al amira vil, al amira vlg, al yasmine amira, al yasmeen amira, al yasmeen al amira, alyasmeen amira, alameeravillage, alamiravillage, al amiravillage, al amira vill, al amera village, al amera vil, amera village, al ameera, al amira ajman, al yasmeen amira village"
Al Amirah Building,subcommunity,"Al Raha Beach, Abu Dhabi","alamira, amira bldg, amirah bldg, al amira, al amirah, al raha amirah, amirah al raha, al amira al raha, alrahabeach amirah, amira bld, al amira bld, alamira bldg, al amirah bld, amirah building, alraha amira, amirah building al raha, al amira abu dhabi, amira raha beach"
Al Anbar Villas,subcommunity,"Dubai Marina, Dubai","anbar, al anbar, anbarvillas, alanbar, alambar, anber villas, anber, marina anbar, anbar marina, al anbar marina, al anbar dubai marina, anbarvillas marina, anbar villas marina, anbarvillas dubai, al anbarvillas, alanbar villas"
Al Andalus,subcommunity,"Jumeirah Golf Estates, Dubai","andalus, alandalus, jge andalus, andalus jge, andlous, alandlus, andlus, jge al andalus, jge andalus community, andalous, al andalous, andalus jumeirah golf, andalus jge estates"
Al Andalus Tower,subcommunity,"Al Mujarrah, Sharjah","alandalus, alandalustower, alandulus, alandalus shj, al mujarrah alandalus, alandalus mujarrah, alandalustwr, alandalus tower shj, alandalus sharjah, alandlus, alandals, alandalus bldg"
Al Anwar Tower,subcommunity,"Al Nuaimiya, Ajman","al anwar, al anwar twr, al anwar tower ajman, alnuaimiya al anwar, al anwar al nuaimiya, alanwartower, al anwar ajman, al anwar t, al anwer, al anwar tawar, al anwar towerr, al anwar tw, alanwar ajman, al anwar building, al anwar apts, al anwer tower"
Al Aras,subcommunity,"Al Ain Industrial Area, Al Ain","alas, alaras ind, alaras ind area, alaras alain, alain alaras, alaras al ain, al aras ind, al aras al ain, al arass, al arras, alars, alarasindustrial, alarasarea, alain alaras ind, alain alaras area"
Al Areifi Marina Tower,subcommunity,"Dubai Marina, Dubai","areifi marina, al areifi, al arifi marina, areifi tower, marina areifi, areifi marina tower, alareifi marina, alareifimarinatower, al arifi tower, al arifi, areifi mrn, al areifi mrn, mrn areifi, areifi tower marina, arifi marina, alarifi marina, al arifi marina tower, alareifi, al arifi mrn tower"
Al Arqoub,subcommunity,"Sharjah Industrial Area, Sharjah","arqoub, al arqoub ind, arqoub sharjah, alarqoub, ind area arqoub, shj arqoub, arqoub industrial, al arqob, al argoub, alqoub, alqoub industrial, arqoubind, shj ind arqoub, arqoub shj"
Al Arta,subcommunity,"Greens, Dubai","arta, alarta, the greens arta, arta greens, greens arta, al artha, alarta greens, arta sub, arta the greens, a-arta"
Al Aryam Tower,subcommunity,"Tourist Club Area, Abu Dhabi","aryam tower, alaryam, aryam tcr, tcr aryam, al aryam tcr, alaryamtower, alaryamtcr, aryam, aryamtower, aryamtcr, al aryam t.c.a, tca aryam, aryam tca, alaryam tca, aryam tower tcr, al aryam tower abu dhabi, aryam building, alaryam building"
Al Ashram Building,subcommunity,"Al Garhoud, Dubai","alashram, al ashram bldg, al ashram blg, alashram bldg, alashram building, garhoud alashram, al garhoud al ashram, al ashram garhoud, alashram garhoud, alashrm bldg, al ashrm bldg, al ashram bld, alashram garhoud building"
Al Asmawi,subcommunity,"Dubai Silicon Oasis, Dubai","asmawi, alasmawi, al asmawi dso, dso asmawi, asmawi dso, al asmawi bldgs, alasmawidso, alasmawibldgs, asmawibldgs, al asmawee, asmawee, alasmawee, al asmawi residence, al asmawi silicon, asmawi silicon, alasmawi silicon"
Al Asmawi,subcommunity,"International City, Dubai","alasmawi, asmawii, asmawi, alasmawee, alasmaw, alasmawii, int city asmawi, intl city asmawi, intlcityasmawi, intcityasmawi, asmawi intl city, asmawi int city, alasmawicon, asmawibldg, alasmawibldgs"
Al Asmawi Building,subcommunity,"Barsha Heights (Tecom), Dubai","asmawi bldg, asmawi building, al asmawi, asmawi, alasmawi, asmawi tecom, asmawi barsha heights, asmawi bldg tecom, asmawi bld, al asmawi bldg, asmawi building tecom, asmawi tecom bldg, alasmawibldg, asmawi bldg barsha heights, asmawi building barsha heights"
Al Ateek Tower 1,subcommunity,"Al Shuwaihean, Sharjah","ateek 1, ateek tower, al ateek, al ateek 1, ateektwr, ateektwr1, shuwaihean ateek, al shuwaihean ateek, alshuwaihean ateek, ateek1, alateek, alateek1, alateektower1, ateek t1, ateek t 1, al ateek t1, ateek tower 1, alateektwr1"
Al Ateek Tower 2,subcommunity,"Al Qasimia, Sharjah","ateek 2, al ateek 2, ateek tower 2, al qasimia ateek, al qasimia ateek 2, alqasimia ateek, alateek 2, al ateek tower, ateek t2, al ateek t2, alqasimia ateek2, ateek2, ateek tower2, al ateek tower2, al qasimia tower 2, alqasimia tower 2, al ateek twr 2, ateek twr 2, alqasimia ateektower2"
Al Atina,subcommunity,"Dubai Marina, Dubai","altina, al atina marina, marina al atina, alatina, al-atina, atina marina, al atina sub, atina sub, alatina marina, alatina sub, alitina, alattina, al atina mar, al atina dm, dm al atina"
Al Attar Business Avenue,subcommunity,"Sheikh Zayed Road, Dubai","alattar, alattar business, attar business, alattar biz, alattar szr, szr al attar, alattar business ave, alatar business, alattar business avenue, alattar biz ave, attar business avenue, al attar business, alatar business avenue, alattarbusavenue, alattarbusave, alattarbizave, al attar business ave, alattar businesss"
Al Attar Business Tower,subcommunity,"Sheikh Zayed Road, Dubai","alattar tower, alattar, al attar, alattar business, abt, al attar biz tower, alattar szr, szr al attar, alatar, al attar bz tower, al attar business twr, al attar twr, alattarbiztower, alatar business, al attar tower szr, al attar office tower, alatr"
Al Attar Shopping Center,subcommunity,"Al Karama, Dubai","al attar mall, al attar centre, alattar mall, al attar karama, karama al attar, alattar shopping center, al attar shp ctr, al attar shopping, al attar center, alattar, alattar centre, al attar mall karama"
Al Attar Skyspiral,subcommunity,"Dubai Media City, Dubai","alattarsky, alattarspiral, skyspiral, sky spiral, alattar sky, alattarsky spiral, alattarskyspiral, attar skyspiral, al attar media city, alattar media city, attar media city, dmc alattar, dmb alattar, alattar dmc, skyspiral dmc, alattar sky dmc"
Al Attar Tower,subcommunity,"Sheikh Zayed Road, Dubai","attar tower, alattar, al attar, attar tower szr, szr al attar, attar tye, alattar tower, attar building, attar szr, attar twr, al attar szr, al attar tower szr"
Al Awadhi Res 2,subcommunity,"Al Satwa, Dubai","al awadhi 2, al awadhi res, alawadhi 2, alawadhi res, alawadhi res 2, satwa al awadhi, al awadhi satwa, al awadhi res satwa, al awadhi2, alawadhi2, al awadhi rez 2, al awadi 2, al awadi res 2, alawadi 2, al awadhi building 2, alawadhires2, al awadhi res ii"
Al Awazi Residences,subcommunity,"Dubai Residence Complex, Dubai","alawazi, al awazi res, al awazi residence, alawazi res, alawazi residence, al awazi drc, drc al awazi, al awazi dubai residence complex, al awazi residencies, alawazi residencies, al awazi resid, alawazi resid, al awazai, al awzi, alawzi, alawazi complex, awazi residences, awazi res"
Al Azra,subcommunity,"Al Riqqa, Sharjah","alazra, azra, al azra sharjah, sharjah al azra, alrizqa azra, alriqqa azra, azra sharjah, alazrasharjah, alazra shj, shj al azra, al azra shj, al azra sub, al azra area, al azra loc, azra community"
Al Azza Building,subcommunity,"Al Rumaila, Ajman","al azza, alazza, al azza bldg, alazza bldg, al azza building ajman, alazza ajman, al rumaila al azza, alrumaila al azza, azza bldg, azza building, al azza bld, al azza blg, alazza bld, al azza ajman, al rumaila azza, alrumaila azza, alazza ajman bldg, al azza building al rumaila"
Al Badaa Residences,subcommunity,"Al Satwa, Dubai","al bada, albada, al badaa res, al bada res, albadaa, albadaares, satwa al bada, al bada satwa, al badaa satwa, al bada residence, al badaa resi, al badaa rsdnc, al badda, al badah, albadaresidences, al badaa rsd"
Al Badaa Street,subcommunity,"Al Badaa, Dubai","badaa, al bada, al badda, albad, albadaa, badaa st, badaa street, al badaa st, al badda st, albadaa st, albad st, al bada st, al bad st, albadast, albadaast, albadastreet, badaast, badaastreet"
Al Badaa Villas,subcommunity,"Al Badaa, Dubai","badaa villas, al bada, albadaa, badaa, al badaa vls, badaa vls, al bada villa, al badaa villa, albadavillas, badavillas, al badaa vilas, al badaa vllas, albada villa, albadavilla"
Al Badi Complex,subcommunity,"Mirdif, Dubai","al badi, albadi, badi complex, al badi mirdif, mirdif al badi, albadicomplex, al bdy, al badi cmp, al baddi, al bdi, al badi cmplx, al badi comp, al badi mrdif, badi mirdif, albadi mirdif"
Al Badia Hillside Village,subcommunity,"Dubai Festival City, Dubai","al badia, albadia, albadiahillside, albadia hillside, dfc al badia, al badia dfc, badia hillside, al badia village, albadia village, al badia hill side, albadiahillsidevillage, albadia hsv, albadia hill, albadia h v, albadia v, albadia hills, al badia hills, albdia, al badya, al badia dcf, al badia festival city"
Al Badia Living,subcommunity,"Dubai Festival City, Dubai","albadia, albadialiving, badia, badialiving, dfc badia, badia dfc, al badya, al badia, albadya, badya, albadia living, albadialiv, albadialvn, badialiv, badia living, al-badia, al-badya, albadia residence, al badia res, badia res, dfc al badia"
Al Badia Residences,subcommunity,"Dubai Festival City, Dubai","al badia, albadia, badia residences, badia res, albadiya, al badya, al badia res, albadia res, dfc al badia, al badia dfc, albadia residences, al badiah, al badiaa, al badiya res, albadiares, badia residences dfc, al badia community"
Al Badie Tower,subcommunity,"Capital Centre, Abu Dhabi","albadie, albadie tower, al badi tower, al badee tower, albadie t, albadie twr, ab tower, al badie cap centre, al badie capital centre, albadie capitalcentre, albadiecc, capital centre al badie, al badie capital, albadie abu dhabi, albadie ad, albaditower, albadie ttr, albadietwr, albadie tower abudhabi, albadie capitalcenter"
Al Badiya,subcommunity,"Mirdif, Dubai","albadiya, albadeya, albadia, mirdif albadiya, albadiya mirdif, albdy, albdiya, albadya, albedya, albedia, mirdif albadya, albadia mirdif, albdy mirdif"
Al Baheya Building,subcommunity,"Al Salam Street, Abu Dhabi","al baheya bldg, baheya bldg, albahiya bldg, al bahya bldg, al baheya, al baheya st, baheya, al salam baheya, baheya al salam, al baheya abu dhabi, albaheya bldg, albahya, albahia bldg, baheya building, al baheya st bldg, al salam st baheya"
Al Bahia,subcommunity,"Al Sufouh, Dubai","albahia, al bahiya, albahiya, bahia, bahiya, al sufouh bahia, al sufouh al bahia, as bahia, asbahia, albahia subcommunity, al bahiia, al bahya, albahya"
Al Bahia Hills,subcommunity,"Al Bahia, Ajman","albahia, bahiahills, bh, albahiah, bahiaajman, albahiaajman, albahiahillsajman, bahiahillsajman, bahiahill, albh, ajmanbahia, albahia hill, albahiahill, albhiastate, albahya, albahyahills, albahyah, bhills"
Al Bandar,subcommunity,"Al Raha Beach, Abu Dhabi","albandar, bandar, bandar abu dhabi, bandar ad, alraha bandar, al raha bandar, al bander, albander, albandarr, al bandarr, albndr, albandr, bander, bandar community, ab al bandar"
Al Bandary Twin Towers,subcommunity,"Al Khan, Sharjah","albandary, albandary towers, bandary towers, albandari, albandary khan, al khan bandary, bandary al khan, bandary twin, albandarytwin, bandarytwintowers, al bandary twin, albandaritowers, al bandari, al bandary, bandary, albanary, albandery, bandarytower, albandarystowers"
Al Baraha,subcommunity,"Deira, Dubai","albaraha, baraha, al barah, al barraha, al barha, deira al baraha, al baraha deira, albrha, albarha, barha, albaraa, al barrah"
Al Baraha Village,subcommunity,"Al Ghadeer, Abu Dhabi","albaraha, albarahavillage, alghadeerbaraha, alghadeeralbaraha, albarah, albarhavillage, barahavillage, alghadeer albaraha, albaraha vlg, albarahavlg, albarahavill, albarha, alghadeer baraha, baraha alghadeer"
Al Baraka Building,subcommunity,"Nadd Al Hammar, Dubai","albaraka, albaraka bldg, albaraka bld, al baraka bldg, nadd al hammar al baraka, nadd al hammar baraka, albarakabldg, baraka bldg, al baraka building nadd al hammar, albaraka nad al hamar, albaraka nad alhammar, al baraka nadd al hammar, albaraka naddalhammar, albaraka nadd al hammar, albarakabuilding"
Al Barari Villas,subcommunity,"Al Barari, Dubai","albarari, barari, albrari, albarry, al barry, albarari villas, barari villas, al barari vls, albararivillas, albarrivillas, albrrivillas, al barari v, al barari vill, barari vls, barari v, albarari v, albarari vil, albarari vills"
Al Barsha 1,subcommunity,"Al Barsha, Dubai","ab1, barsha 1, barsha1, albarsha 1, albarsha1, brsha 1, barshaone, albarshaone, ab 1, barsha-1, albarsha-1, barsha sub 1, alb1"
Al Barsha 2,subcommunity,"Al Barsha, Dubai","barsha 2, b2, albarsha2, albarsha 2, barsha2, b 2, al b2, albarsha two, ab2, barsha two, barsha-2, albarsha-2, al barsha ii, brsha 2"
Al Barsha 3,subcommunity,"Al Barsha, Dubai","barsha 3, barsha3, albarsha3, ab3, brsh3, barsha three, barsha-3, al barsha-3, albarsha-3, barsha-three, b3, barshathree"
Al Barsha South,subcommunity,"Al Barsha, Dubai","ab south, albarsha south, albarshasouth, al barsha s, albarsha s, barsha south, barsha s, albarshas, abs, absouth, barshasouth, barshas, albarsha-south, albarshasuth, albarshasout, albarshasouthh, albrsha south"
Al Barsha South Building,subcommunity,"Arjan, Dubai","abs, ab south, al barsha s, barsha south, barsha s, arjan abs, abs arjan, arjan building, barsha south arjan, albarshasouth, albarsha s, barsha sth, brsha south, al barsha southh, arjan al barsha s, abs arj, barsha s building"
Al Bateen Airport,subcommunity,"Muroor Area, Abu Dhabi","albateen, albateen airport, bateen airport, bateen, murror bateen, muroor albateen, albateen ad, albateen auh, al bateen apt, albateenapt, bateenapt, albatin, albaten, albeteen, albateenair, murrorbateen, al bateen muroor, albateenairport"
Al Bateen Complex,subcommunity,"Al Bateen, Abu Dhabi","albateen, albateencomplex, bateen, bateencomplex, albateenabu, bateenauh, albtn, btncomplex, albaten, albateencom, albateenresidence, albteen, bateencomplexauh, abudhabialbateen"
Al Bateen Plaza,subcommunity,"Al Bateen, Abu Dhabi","albateenplz, al bteem plaza, albateenplaza, bateen plaza, al batin plaza, albateen plza, abp, al bateen p, albteen plaza, al bateen plza, albateen p, al bateen plaza auh, auh al bateen plaza, bateenplza, albteenplz, al batteen plaza, al baten plaza"
Al Bateen Residences,subcommunity,"Jumeirah Beach Residence, Dubai","albateen, albateenjbr, jbr albateen, albteen, al bteen, albaten, albatin, al bateen residence, albateen residences, albateenjumeirahbeachresidence, albateenjbrresidences, abateen, albateenres"
Al Bateen Villas,subcommunity,"Al Bateen, Abu Dhabi","bateen villas, al bateen vls, abv, al bateen v, bateen v, albatten villas, al bateen villa, al bateen vilas, albateenvillas, bateenvillas, al bateen ad, abudhabi al bateen villas, bateen ad, al bateen vllas"
Al Bateen Wharf,subcommunity,"Al Bateen, Abu Dhabi","albateenwharf, bateenwharf, wharf, albateenw, bateenw, abw, albatteenwharf, albatenwharf, albateenwharff, albatinwharf"
Al Batha Tower,subcommunity,"Business Bay, Dubai","albatha, al batha, al btha, al btha tower, albathatower, batha tower, batha, bathatower, al btha business bay, business bay al batha, al batha bb, albatha bb, al batha twr, al btha twr"
Al Baya,subcommunity,"Al Sila'a, Abu Dhabi","albaya, albya, albaya sub, al baya ad, al baya abu dhabi, albya abu dhabi, al baya sila, al sila albaya, albaya sila, albayasila, albyasila, albayaa, al bayaa, albayya, al bayya"
Al Beed Terrace,subcommunity,"Al Raha Beach, Abu Dhabi","albeed, albeed terrace, abt, abt al raha, al raha abt, albeed terrace al raha, albeedterrace, albeedtrc, albeed trc, albeedt, albeed terr, albeedterrace alraha, albeed terrace abudhabi, albeedterace, albeed terace, albeed terrase, albeed tarrace"
Al Buhayra Village,subcommunity,"Al Ghadeer, Abu Dhabi","albuhayra, albuhaira, al buhaira, albuhairavillage, albuhayravillage, alghadeer albuhayra, albuhayra alghadeer, albuhayravil, albuhairavil, albuhayravill, albuheyra, albuheira, abv, albuheyravillage"
Al Burooj Residence 1,subcommunity,"Jumeirah Village Triangle, Dubai","al burooj 1, al burooj res 1, alburooj 1, alburooj res 1, jvt al burooj 1, jvt al burooj res 1, al bruj 1, al brooj 1, al buroj 1, al burooj residence one, al buroj res 1, al burooj1, alburooj1, jvt alburooj1, al burooj resone, al burooj r1, ab r1, ab res 1"
Al Burooj Residence 2,subcommunity,"Jumeirah Village Triangle, Dubai","al burooj 2, ab r2, ab residence 2, al buroj 2, al burooj residence ii, alburooj 2, jvt al burooj 2, al burooj 2 jvt, al burooj residence 2 jvt, al buroj residence 2, alburooj residence 2, al burooj res 2, ab 2, al burouj 2, al burooj two, al burooj residence ii jvt"
Al Burooj Residence 3,subcommunity,"Jumeirah Village Triangle, Dubai","al burooj 3, burooj 3, burooj residence 3, alburooj 3, al burooj res 3, jvt al burooj 3, jvt burooj 3, al burooj iii, alburoojresidence3, buroojres3, al burj 3, al buroj 3, al boroj 3, burooj 3 jvt, al burooj residence iii"
Al Burooj Residence 4,subcommunity,"Jumeirah Village Triangle, Dubai","alburooj4, alburooj res 4, alburooj res4, al burooj 4, jvt alburooj, jvt alburooj 4, albrooj 4, al boruj 4, alburoj 4, alburuj 4, alburoojres4, alburoojresidence4, jvt alburooj res 4, alburoj residence 4, al burooj residence iv, alburooj iv, al burooj 4 jvt"
Al Burooj Residence V,subcommunity,"Al Furjan, Dubai","al burooj res 5, al burooj v, al buruj 5, al buruj res, al furjan al burooj, al burooj al furjan, al buroj 5, al burooj 5, alburooj v, alburooj5, al burooj residence 5, al burooj resid 5, al buruj res v, abv, al burooj res v, al buroj res 5"
Al Burooj Residence VII,subcommunity,"Jumeirah Village Triangle, Dubai","al burooj 7, al burooj vii, alburooj7, alburoojvii, jvt al burooj, al burooj jvt, al burooj res 7, al buroj 7, al burooj residence 7, al burooj7 jvt, alburooj 7 jvt, al buroj vii, al buruj 7, al burooj 7th, jvt alburooj 7"
Al Bustan Complex,subcommunity,"Al Aman, Abu Dhabi","al bustan, al bustan abu dhabi, al bustan ad, abustan, al bustan complex abu dhabi, al bustan al aman, al aman al bustan, al bstn, albustan, al bustn, al bustan complex ad, al bustan comp, al bustan cmplx"
Al Butina 9 Building,subcommunity,"Al Butina, Sharjah","albutina9, albutina9bldg, ab9, ab9bldg, albutina9building, albutina9sharjah, sharjahalbutina9, albutina9bld, albutina9sja, albutina9shj, albutine9, albutaina9, albutinna9, albutin9, albutina9bldgshj, albutina9sharj, alboutina9, albutina9buildng, albutina9blg"
Al Butina B,subcommunity,"Al Butina, Sharjah","albutina b, albutinab, al butina-b, albutina-b, albutinashj, shj al butina b, al butina b sharjah, al butaina b, al botina b, al butina b sect b, al butina sector b, albutina b area, albutinab sharjah"
Al Dafeinah,subcommunity,"Asharej, Al Ain","aldaf, aldafeina, aldafinah, aldafineh, aldafenah, aldafeena, aldafeenh, dafeinah, dafeina, dafineh, dafenah, aldafeinahasharej, asharejaldafeinah, aldafeinah-asharej, aldafeenahalain, alainaldafeinah, aldafeinahain, dafeinahasharej, aldafeinah-aj, aldafeina-asharej"
Al Dalah Building,subcommunity,"The Old Market, Ras Al Khaimah","aldalah, dalah bldg, aldalah bldg, aldalah building, dalah building, al dalah, old market dalah, rak dalah, dalah old market, aldalah rak, aldalah building rak, dalah bld, aldalah bld, al dalah bldg, aldallah, aldala, aldala bldg, dallah bldg, al dalah old market"
Al Dana,subcommunity,"Al Raha Beach, Abu Dhabi","aldana, aldana rabha, al dana beach, al raha aldana, aldna, al dhana, aldanah, aldahna, alraha aldana, al raha al dana, al dana abudhabi, al dana rb, ad al dana, alrha aldana, al dana beach abu dhabi, al dana rbh"
Al Dana,subcommunity,"International City, Dubai","aldana, int city dana, intl city dana, international city dana, aldana cluster, dana cluster, aldana intl city, dana intl city, al dana ic, dana ic, aldana ic, al dana intl city, aldana international city, al dana cluster"
Al Dana Tower,subcommunity,"Al Wahda, Abu Dhabi","al dana, aldana, al dana tower ad, al dana tower abu dhabi, alwahda al dana, al dana al wahda, aldana tower, ad al dana, al dana t, aldana t, al dana twr, aldana twr, al dana abudhabi, al dana auh, al danna, al danaa, al danaa tower, aldanaa, al dana tower auh"
Al Dana Tower,subcommunity,"Danet Abu Dhabi, Abu Dhabi","aldana, aldanatower, danatower, dana tower, adt, aldanatwr, aldanatw, danetaldana, aldanaad, aldanadnt, aldanadanet, aldenatower, aldanatowr, aldanatwrr, danatwr, aldanabuilding"
Al Dana Villas,subcommunity,"Sharm, Fujairah","aldana, aldana villas, al dana fujairah, al dana sharm, sharm al dana, aldana villas fujairah, aldana sharm, aldana fujairah, al dana vls, al dana v, ad villas, al dana villas sharm, aldana vls, aldanavillas, aldana fuj"
Al Dar tower,subcommunity,"Dubai Marina, Dubai","aldar, aldar tower, aldar marina, al dar marina, aldar dm, aldar towers, aldar tbr, aldar t, al-dar, al dar, aldar dubai marina, aldar tower marina, aldarmarina, aldartower, aldar towre, aldar twr, aldar twr marina"
Al Darari,subcommunity,"Mughaidir, Sharjah","aldrari, al darary, aldarari, darari, darary, al mughaidir darari, mughaidir darari, darari sharjah, aldarari sharjah, drari, al drari, al-darari, aldari, al darari sharjah"
Al Darmaki 1928 Building,subcommunity,"Zayed Sports City, Abu Dhabi","aldarmaki1928, aldarmaki, al darmaki bldg, darmaki 1928, ad 1928, zsc aldarmaki, zsc darmaki, aldarmaki zsc, zayed sports city aldarmaki, al darmaki building, aldarmaki1928bldg, al darmaki, aldarmaki 1928 building, aldarmaki1928 bldg, al darmaki 1928, darmaki bldg, aldarmakibuilding"
Al Darmaki Building 1162,subcommunity,"Hamdan Street, Abu Dhabi","aldarmaki1162, darmaki 1162, darmaki1162, aldarmaki bldg 1162, aldarmaki bldg, hamdan st aldarmaki, aldarmaki hamdan, al darmaki 1162, aldarmaki building, aldarmaki bldg1162, al darmaki bldg 1162, hamdan street aldarmaki, aldarmaki 1162 hamdan, aldarmaki, darmaki bldg, al darmaki, aldarmakibldg, aldarmaki1162 hamdan, al-darmaki 1162"
Al Dashti Building No. 5,subcommunity,"Al Karama, Dubai","aldashti bldg 5, dashti 5, al dashti 5, dashti bldg 5, adb 5, karama dashti 5, dashti 5 karama, dashti5, aldashti5, al dashti bldg no 5, dashti building 5, karama dashti bldg 5, dashti bld 5, al dashti bld 5"
Al Dayafah,subcommunity,"Al Jafiliya, Dubai","aldayafa, al daiafah, al dayfah, aldyafa, jafiliya dayafa, jafiliya aldayafa, dayafah, al dayafah sub, al jafiliya dayafah, aldayafah, al dayafa, al dafaya, al dyfah, aldyafah, aldayfa, aljafiliya dayafa, jafiliya dayfah"
Al Dewan building,subcommunity,"Al Qasimia, Sharjah","aldewan, aldiwan, al dewan bldg, al diwan bldg, aldewan qasimia, aldiwan qasimia, qasimia aldewan, qasimia aldiwan, aldewan shj, aldiwan shj, al dwan, al dewn, al dewan sharjah"
Al Dhabi Building,subcommunity,"Airport Road, Abu Dhabi","aldhabi bldg, al dhabi, aldhabibldg, al dhabi airport rd, al dhabi road, al dhabi apt, al dhabi bld, al dhabi resid, aldhabi, al dhabi abu dhabi, ad airport road, al dhabi airport road"
Al Dhabi Tower,subcommunity,"Al Danah, Abu Dhabi","al dhabi, al dhabi twr, aldhabi, aldhabitower, al dhabi abu dhabi, ad al dhabi, al danah al dhabi, aldhanah al dhabi, al dhabi bldg, al dhabi tower ad, aldhabitwr, al dhabi building"
Al Dhabi Tower,subcommunity,"Arjan, Dubai","al dhabi, dhabi tower, al dhabi arjan, arjan al dhabi, aldhabi, al dhabi twr, al dhabi tr, al dhabi t, al dhabi arj, ad tower, ad twr, al dabi, al dhaby, al dhabi towerr, aldhabytower, al dhabytower, al dhabi ttr, al dhabi twer"
Al Dhafra,subcommunity,"Greens, Dubai","aldhafra, dhafra, al dhafra greens, dhafra greens, greens dhafra, aldhafragreens, aldhfra, aldhafa, al dhara, al dafra, aldfra, aldhafrah, dhafrah"
Al Dhafra Building,subcommunity,"Muroor Area, Abu Dhabi","aldhafra, al dhafra bldg, aldhafra bldg, muroor aldhafra, aldhafra muroor, al dhafra muroor, al dhafara bldg, aldhafara building, aldhafra building, aldhafrabldg, aldhafrabuilding, ad building, ad bldg, al dhaftra bldg"
Al Dhafrah 1,subcommunity,"Al Dhafrah, Abu Dhabi","aldhafrah1, aldhaf1, aldhafra1, aldhafrahone, aldhaf1uae, dhafrah1, dhafra1, aldhafraone, aldhafrah-1, adh1, aldh1, aldhrafah1, aldhafrahh1, aldhafarh1, aldhafrahsub1"
Al Dhafrah 2,subcommunity,"Al Dhafrah, Abu Dhabi","aldhafrah2, aldhafra2, adhafra2, adhafrah2, ad2, al dhafra 2, dhafra 2, dhafrah 2, aldhafra sub2, dhafra sub2, aldhafrah-2, aldhafra-2, aldhafrah 2 abu dhabi, dhafra 2 ad, aldhafraah 2, aldhaffrah 2, aldhfra 2, aldhaf 2"
Al Dhafrah 4,subcommunity,"Al Dhafrah, Abu Dhabi","aldhafra 4, ad4, al dhafrah4, aldhafrah4, aldafra4, aldafra 4, dhafrah 4, dhafra 4, ad dhafra 4, al dhafra4, aldhafrafour, aldhafra iv, al dhafrah iv, aldhafrah iv, ad dhafrah 4"
Al Dhafrah Street,subcommunity,"Al Mushrif, Abu Dhabi","dhafrah, dhafra, al dhafra, mushrif dhafra, dhafra mushrif, aldhafra, aldhafrah, al dhafrah st, dhafrah st, dhafra st, dhafrh, al dhafrh, dhfra, dhafra street, al mushrif dhafrah, mushrif dhafrah"
Al Dhait North,subcommunity,"Al Dhait, Ras Al Khaimah","aldhaitn, aldhaitnorth, al dhait n, al dhait north rak, rak al dhait, aldhaitn rak, al dhait n rak, aldhait north, aldhaitn rk, aldhait north rak, al dhaitnorth, al dhait nth, al dhait north rk, aldahitn, aldahit north, al dhait n raks, al dhait north raks"
Al Dhait South,subcommunity,"Al Dhait, Ras Al Khaimah","aldhait s, aldhaits, dhait south, aldhait south rak, al dhait s rak, aldhait s rak, aldhaitsouth, al dhait south rak, al dhait s, aldait south, aldhayt south, aldhaitsouth rak, ad south, aldhait s rk, al dhait south rk"
Al Diar Palm Hotel Apartments,subcommunity,"Muroor Area, Abu Dhabi","al diar, al diar hotel, diar hotel, al diar apts, al diar apartments, al diar muroor, muroor al diar, al diar palm, al diar palm hotel, aldiar, aldiarhotel, al daar, al deyar, al dyar, al diar abu dhabi, muroor al diar hotel, al diar palm apts, al diar apt, al diar htl, al diyar palm"
Al Diar Sawa Hotel Apartments,subcommunity,"Al Nahyan Camp, Abu Dhabi","al diar sawa, al diar sawa hotel, al diar, al nahyan sawa, sawa hotel, al diar nahyan, aldiarsawa, aldiarsawahotel, aldiar, aldiarnahyan, aldiar camp, al nahyan diar, al diar appts, al diar apts, aldiar apts, aldiar hotel, al diyar sawa, al deyar sawa, al diar sowa, al nahyan diar sawa"
AL Diar Towers,subcommunity,"Corniche Road, Abu Dhabi","aldiar, aldiar tower, al diar, aldiartowers, adt, corniche aldiar, aldiar corniche, aldiar corniche road, aldiar towers abu dhabi, aldyar, aldiar tower abu dhabi, aldiar t, aldiar corniche towers"
Al Diyafah,subcommunity,"Al Satwa, Dubai","diyafah, diyafa, al diyafa, diyafah st, satwa diyafah, diyafah satwa, aldiyafah, aldiyafa, diyafa st, diyafa street, diyafah street, diyafah road, dyafa, diyafah area, diyafah dubai, satwa diyafa"
Al Dua'a Marina Tower,subcommunity,"Dubai Marina, Dubai","al dua marina, al dua, aldua marina, aldua, al dua tower, aldua tower, al dua'a tower, al dua marina tower, marina al dua, al dua marina dubai, aldua marina dubai, alduamarina, alduatower, al duaa marina, al duaa tower, alduaa marina, alduaa tower, al dua marina tye, al dua marina twr, aldua mrn, al dua mrn"
Al Durah Building,subcommunity,"Al Karama, Dubai","aldurah, aldurah bldg, al durah bld, al durah karama, karama al durah, aldura, aldura bldg, aldura building, al-durah, aldurah building, aldurahkarama, karamaaldurah, al durrah, aldurrah, al durah bldg karama, aldura bld karama"
Al Durrah Tower,subcommunity,"Al Majaz, Sharjah","aldurrah, durah tower, al durah, aldurah, aldurratower, aldurrahshj, almajaz durrah, durrah almajaz, aldurrahmajaz, aldurrah twr, aldura, aldurah tower, durah, aldurahshj, al durrah shj, aldurrahtower"
Al Eqabia,subcommunity,"Al Khalidiya, Abu Dhabi","alqabia, al eqabiya, alqabiya, al khalediya eqabia, al khalediya eqabiya, alkhalidiya eqabia, alkhalidiya eqabiya, al khaldiya eqabia, eqabia, eqabiya, alkhalediya alqabia, al khalediya alqabia"
Al Ettihad Towers,subcommunity,"Al Bateen, Abu Dhabi","ettihad towers, etihad towers, al etihad, etihad, al ettihad, ettihad, albattein etihad, battein etihad, etihad abudhabi, etihad abd, ettihad abd, albtin etihad, etihad towers ab, al etihad towers ab, etihad turs, etihad twrs, al etihad twr, etihadb, ettihadb, albattein etihad towers, etihad towers abudhabi"
Al Fahad  4 Tower,subcommunity,"Arjan, Dubai","alfahad4, alfahad 4, af4, af4 arjan, fahad 4, fahad4, alfahadfour, alfahad four, arjan fahad 4, alfahad4arjan, alfahadtwr4, alfahad tower 4, alfahad4twr, al fahad4, alfahad4th, alfahad4 dubai, arjan af4"
Al Fahad Towers,subcommunity,"Barsha Heights (Tecom), Dubai","alfahad, fahad towers, fahadtowers, alfahadtowers, al fahad, barsha heights fahad, tecom fahad, fahad tecom, al fahad barsha, alfahad barsha, alfahadtecom, al fhad, alfhad, al fhaad, alfahad twrs, fahad twrs, fahadtwrs, alfahadtwrs"
Al Fairooz Villas,subcommunity,"Dubai Marina, Dubai","afv, al fairooz, fairooz, alfairooz, al fairooz villa, al fairooz vls, al fairooz marina, marina al fairooz, al fairooz dubai marina, al fairooz dxb marina, alfairooz marina, al fairuz, al fairoze, al fayrooz, al fayrouz, al fairooz v, afv marina"
Al Faisal 1,subcommunity,"Al Qasimia, Sharjah","alfaisal1, alfaisl1, al faisal one, al faisal 1 sharjah, alqasimia alfaisal, alfaisalqasimia, alfasl1, al faysal 1, alfaisal1shj, alfaisal one shj, alfaisal1 building, alfaisal1 sharjah, alfaisal-1, alfaisal-one"
Al Faisal 2,subcommunity,"Al Qasimia, Sharjah","alfaisal2, alfaisal-2, al faisal ii, al faisal two, alfaisal, alfaisl2, af2, alqasimia alfaisal 2, alfaisal 2 qasimia, alfaisl 2, al faisal2, al faisal 2 sharjah, alfaisal2 sharjah, a f 2, alfaisal two, alfaisal-ii"
Al Fajir Tower,subcommunity,"Al Nahda, Sharjah","alfajir, alfajr tower, al fajr, al fajr twr, al fajir twr, alfajirtower, alfajrtower, alnahda alfajr, alfajr alnahda, alnahda fajr, al fajr sharjah, al fajir sharjah, alfajr shj, alfajir shj, al fajar tower, al fajar, al fajr tawar"
Al Falah,subcommunity,"Al Badie, Sharjah","alfalah, alflah, alfalah sharjah, albadie alfalah, alfalah albadie, al falah sharjah, albadie falah, alflah sharjah, al-falah, alfala, alfalh, sharjah alfalah"
Al Falah Street,subcommunity,"City Downtown, Abu Dhabi","alfalah, alfalah st, alfalah stt, al falah st, downtown alfalah, alfalah downtown, alfalahdowntown, alfalahstreet, alfalah str, alfalahs, alfala street, al falah stt, alfala st"
Al Falah Tower,subcommunity,"Corniche Road, Abu Dhabi","alfalah, alfalah twr, alfalah tower, al falah twr, falah tower, falah twr, corniche alfalah, alfalah corniche, alfalah twr corniche, al falah corniche, alfalahtower, alfalahtwr, alfalatower, alfallah tower, alfallah twr, al falah tower ad, alfalah ad, alfalah tower abu dhabi"
Al Falah Tower,subcommunity,"Muroor Area, Abu Dhabi","alfalah, alfalah twr, alfalah tower, falah tower, al falah muroor, muroor alfalah, alfalahtower, alfalahtwr, alfalah twr muroor, alfalah muroor, al falah twr, alfallah tower, alfalah tawar, alfala tower, falah twr"
Al Falahi Tower,subcommunity,"Danet Abu Dhabi, Abu Dhabi","alfalahi, al falahi, falahi tower, al falahi twr, falahi twr, alfalahitower, alfalahitwr, al flahi, alfalahy, al falahy, danet al falahi, al falahi danet, danet falahi, falahi danet, alfalahi danet, danetalfalahi"
Al Falaj,subcommunity,"Al Riqqa, Sharjah","alfalaj, alflj, falaj, alq, al riqqa falaj, falaj riqqa, alfalaj sharjah, al riqqa al falaj, alfalajshj, alfalaj sharja, alflaj, al fajal, al falj"
Al Falak Residence,subcommunity,"Dubai Silicon Oasis, Dubai","alfalak, al falak, falak residence, alfalak res, al falak res, alfalak residence, alfalak dso, al falak dso, dso al falak, al falak silicon oasis, alfalaksiliconoasis, alfalakres, alfalak residance, alfalak residnece, alfalak residnce, falak res, alflak, al falak resi, alfalak resi"
Al Fanar Towers,subcommunity,"Downtown Fujairah, Fujairah","alfanar, fanar towers, fanar, aft, alfanartowers, fanartowers, al fanar fuj, fuj fanar, al fanar downtown, fanar downtown, alfanar fujairah, al fanar twrs, al fannar, al fanarr, alfannar, fanarr, fnr towers, aft fuj"
Al Fardan Building,subcommunity,"Airport Road, Abu Dhabi","alfardan, alfardan bldg, alfardan building airport rd, alfardan airport road, alfardan auh, afb, afb airport rd, alfardanbldg, alfardaan, alfardan buildng, al fardan bldg, alfardan abu dhabi, alfardn, alfardan bld, alfardan ad, airport road alfardan, alfardan road, alfrdan, alfardan building ad"
Al Fardan Tower,subcommunity,"Dubai Marina, Dubai","alfardan, alfardan towers, af t, af tower, al fardan marina, marina alfardan, alfardantower, alfardantowers, al fardan t, alfardan marina, alfardantwr, al fardan twr, alfardan mar, af marina, al fardan towers marina"
Al Fardan Tower,subcommunity,"Ishwais, Fujairah","alfardan, alfardan twr, alfardan tower fuj, alfardan fujairah, alfardantower, alfardantwr, al fardan fuj, fujairah alfardan, al fardan twr fuj, alfardan twr fujairah, al fardan tower ishwais, alfardan ishwais, alfardantower fuj, alfardn, alfardan twer, al fardan towerr"
Al Fareej Courtyard,subcommunity,"Al Rashidiya, Dubai","alfareej, alfareejct, alfareejcourt, fareejcourtyard, alrashidiyafareej, rashidiyafareej, alrashidiyaalfareej, alfereej, alfareejcourtyrd, alfareejctyd, alfareejcy, alfareejc, fareej, alrashidiyafareejcourt, rashidiyafareejct"
Al Fargo Building,subcommunity,"Tourist Club Area, Abu Dhabi","alfargo, fargo bldg, fargo building, fargo, alfargo bld, alfargo abu dhabi, alfargo tca, tca fargo, fargo tca, alfargobldg, alfargobuilding, al fargo bldg, al fargo abu dhabi, al fargo tca, tca al fargo, alfarjo, al fargo building abu dhabi, fargo building abu dhabi, fargo abu dhabi"
Al Faridah,subcommunity,"Al Raha Beach, Abu Dhabi","alfarida, al farida, alfaridah, alraha alfaridah, al raha alfaridah, alfaridha, al faridha, al raha alfaridha, alfaridha sub, al raha beach alfaridah, alfarida alraha"
Al Faris Arjan,subcommunity,"Arjan, Dubai","alfaris, alfaris arjan, arjan al faris, arjan alfaris, alfaris residence, al faris residence, afr arjan, af arjan, alf arjan, alfarisrj, al faris rj, alfarisarjan, alfaris arjn, alfaris arj, alfaris dxb, al faris dxb, alfariss, alfariz arjan, alfariz, al fariz arjan"
Al Fattan Crystal Towers,subcommunity,"Jumeirah Beach Residence, Dubai","alfattan, afct, crystal towers, jbr crystal, jbr crystal towers, alfattancrystal, alfattancrystaltowers, fattan towers, al fattan jbr, alfattanjbr, jbr alfattan, ctt, crystaltwr, alfattanct, alfatancrystal, alfatan crystal, alfattancrystaltower"
Al Fattan Downtown,subcommunity,"Al Satwa, Dubai","alfattandowntown, alfattandwt, alfattan, fatandowntown, alfattan satwa, satwa alfattan, alfattanstw, alfatandowntown, alfattandtown, al fatan downtown, alfatandwt, satwa fatan"
Al Fattan Marine Towers,subcommunity,"Jumeirah Beach Residence, Dubai","alfattan, al fatan, al fattan towers, fatan towers, aft, afmt, al fattan jbr, jbr al fattan, alfattan jbr, alfattan marine, alfatantowers, alfatanjbr, al ftn, al fattan residence, alfatn, alfatantower"
Al Fattan Park View Tower,subcommunity,"Al Karama, Dubai","alfattan, fattan park view, fattan tower, afpv, afpvt, alfattan tower, karama fattan, fattan karama, alfattan parkview, alfattanparkview, al fattan parkview, alfattanpkview, fattan park, alfattan park, fatan park view, fattan prk view, alfattan prk view, fattan tower karama, fattan karama tower"
Al Fattan Plaza,subcommunity,"Al Garhoud, Dubai","alfattan, fattan plaza, fattan, afp, garhoud fattan, fattan garhoud, al fattan garhoud, alfattan garhoud, fattanplaza, af plaza, al fatan plaza, al fatan, fatan plaza, alffattan plaza, fattanplza, garhoud plaza, al fattan plza"
Al Fattan Sky Towers,subcommunity,"Umm Ramool, Dubai","afst, alfattan, alfattansky, fattansky, sky towers, sky tower, alfattantowers, umm ramool towers, ur sky towers, alfattan umm ramool, alfatan sky, al fatan sky, af sky towers, alfattanskytowers, fattanskytowers, alfattan sky turs, alfatan towers"
Al Fayha,subcommunity,"Al Sharq, Sharjah","fayha, alfyha, alfayha, sharjah fayha, fayha sharjah, al sharq fayha, fayha alsharq, alshrq fayha, faya, fayhah, alfayhah, fayha area, fayha community"
Al Ferdous Tower,subcommunity,"Al Salam Street, Abu Dhabi","alferdos, alferdos tower, ferdous tower, al ferdous, alferdoustower, ferdoustower, al ferdos tower, al ferdos st, al ferdous st, al salam al ferdous, al salam alferdous, al salam ferdous, al ferdous abu dhabi, alfirdous tower, alferdous tnr, al ferdos twr, al ferdos t, al ferdous t, al ferdous ad"
Al Firdaus 1 Building,subcommunity,"Nadd Al Hammar, Dubai","af1, alferdos1, alfirdous1, alfirdaws1, alfirdos1, alfirdus1, naddalhammar af1, nadd al hammar af1, af1 building, alfredous 1, alferdas 1, al firdaws 1, alfrdos 1, alfirdos1bldg, naddalhammarafd1, alfrdaus1, alfd1, alf1naddalhammar"
Al Firdous Street,subcommunity,"Tourist Club Area, Abu Dhabi","alfirdous, firdous st, firdous street, alfirdous st, al firdous st, tourist club firdous, firdous tourist club, alfirdous tourist club, alferdous, alfirdose, firdoos, firdoos st, firdoos street, alfirdoos, al firdoos, tourist club firdoos, alfirdousst, firdousst, firdoosst"
Al Fisht,subcommunity,"Al Heerah, Sharjah","fisht, alfisht, al fisht sharjah, fisht sharjah, alheerah fisht, al heerah fisht, fist, al fist, alfish, fisht shj, al fisht shj"
Al Forsan Village,subcommunity,"Khalifa City, Abu Dhabi","alforsan, forsan village, forsan, alforsanvil, alforsan vill, forsan vill, al forsane, alforsanv, afv, khalifa city al forsan, alforsan khalifa city, khalifa city forsan, alforsanvill, alforsanvillage, alforsanvlg"
Al Fouad Building,subcommunity,"Al Furjan, Dubai","alfouad, alfuad, alfuad bldg, alfuad building, alfouad bldg, alfouad alfurjan, alfurjan alfouad, alfuad alfurjan, alfuad building al furjan, alfouad building al furjan, alfuad bldg alfurjan, alfouad bldg alfurjan, alfuadbldg, alfouadbldg, alfuadblg, alfouadblg, alfuad building furjan, alfouad building furjan, al foad, alfoad, al foad building, alfoad building"
Al Furjan Grove,subcommunity,"Al Furjan, Dubai","af grove, alfurjan grove, alfurjangrove, afg, al furjan g, alfurjan g, furjan grove, furjangrove, al furjan grv, alfurjan grv, alf grove, alfgrv, al furjn grove, al furjan grov, al furjan groov, al furjan grovee, alfurjan grovee, af grove dubai, al furjan grove dubai, afg dubai"
Al Garhoud business center,subcommunity,"Al Garhoud, Dubai","garhoud business center, garhoud bc, ghbc, al garhoud bc, garhoudbuscenter, garhoud biz center, al garhoud biz center, garhood business center, garhoud bus centre, garhoud businesscentre, al garhood bc, gh business center, garhoud bc center, garhoud biz centre, garhoud busines center"
Al Garhoud Star,subcommunity,"Al Garhoud, Dubai","garhoud star, garhoudstar, star garhoud, stargarhoud, al garhoud st, garhood star, garhoud str, garhoud starr, garhouds, garhoud st, st garhoud, g star, algarhoud star"
Al Garhoud Villas,subcommunity,"Al Garhoud, Dubai","garhoud villas, garhoud vls, al garhoud vls, garhoudvillas, garhoudvilla, garhoud vill, garhoud, garhoud vlla, garhoud vll, garhoud vila, garhoud villa, algarhoudvillas, algarhoud villa, garhoud vils, garhoudvils"
Al Gaz Tower,subcommunity,"Al Dhafrah, Abu Dhabi","algaz, al gaz, gaz tower, azt, al gaz twr, algaztwr, aldhafrah gaz, al dhafrah gaz, al gaz dhafrah, algaz dhafrah, algaz tower, al gaz tawar, al gaz t"
Al Gazelle Residence,subcommunity,"Al Salam Street, Abu Dhabi","algazelle, ag residence, ag res, al gazel res, al gazel residence, al gazelle res, al gazel, algazelle residence, algazelle res, al salam st gazelle, al salam street gazelle, gazelle res, gazelle residence, algazelres, algazelleresidence, al gazel residenc, al gazelle residnce, al gazel residance, al gazel resi"
Al Gellah,subcommunity,"Al Mutarad, Al Ain","algella, al gela, al galah, al gella, almutarad algella, algella alain, al ain al gellah, algella sub, al galah al ain, al gella al ain, al-gella, al gellah al ain"
Al Ghadeer 2,subcommunity,"Al Ghadeer, Abu Dhabi","agh2, alghadeer2, ghadeer2, alghadeer phase 2, alghadeer ii, al ghadeer ii, agh phase 2, alghadeer sub2, alghadeer-2, alghadeer 02, algadeer2, alghader2, alghadir2, alghadeerii, alghadeer phaseii"
Al Ghaf,subcommunity,"Greens, Dubai","alghaf, aghaf, greens alghaf, alghaf greens, al ghaf greens, greens al ghaf, ghaf, ghaf greens, algahf, alghaff, al ghaff, alg haf"
Al Ghaf 1,subcommunity,"Arjan, Dubai","ag1, alghaf, alghaf1, alghaf one, arjan alghaf, alghaf arjan, alghaf1 arjan, arjan alghaf1, ag 1, alghaf-1, alg1, algaf1, algaf 1, alghafone, alghaf.1"
Al Ghafia,subcommunity,"Al Riqqa, Sharjah","ghafia, alghafia, riqqa ghafia, ghafia sharjah, al riqqa ghafia, alriqqa ghafia, ghafya, alghafya, al gafia, gafia, ghafia sharja, al riqqa sub, riqqa ghafia community"
Al Ghail,subcommunity,"Al Mutarad, Al Ain","alghail, ghail, al ghail al ain, al ain al ghail, almutarad ghail, alghail alain, al ghail community, alghayl, al ghayl, algail, ghayl, almutarad alghail"
Al Ghaith Tower,subcommunity,"Hamdan Street, Abu Dhabi","alghaith, alghaith twr, alghaith tower hamdan, hamdan alghaith, al gaith tower, al gaith twr, alghaithtwr, alghaithtowers, alghaith hamdan, algaith tower, algaith twr, algaithe tower, alghaithh, alghaithh tower, hamdan st alghaith, al ghaithtwr, alghaith building"
Al Ghazal Luxury,subcommunity,"Al Badaa, Dubai","alghazal, agh, alg, alghzl, alghazallux, alghazal-lux, alghazal lux, al ghazal lux, al badaa ghazal, al badaa al ghazal, albadaghazal, alghazalluxury, alghazl, alghazel, al ghazel, alghazal property, alghazal dev, alghazal dubi"
Al Ghoroub Tower,subcommunity,"Al Alia, Ajman","alghoroub, alghoroub tower, al ghoroub, alghoroob, alghorob, alghoroub ajman, ajman alghoroub, al alia alghoroub, alghoroub alia, alghroub, al ghoroub twr, al ghoroub t, aghoroub, alghoroub twr, alghoroob tower, alghorub"
Al Ghozlan,subcommunity,"Greens, Dubai","gozlan, al gozlan, alghozlan, gozlan greens, greens gozlan, al ghzlan, alghzlan, al gozlan greens, ghzlan, algzlan, al gozlan sub, gozlan sub, al gozlan community"
Al Ghuair,subcommunity,"Al Gharb, Sharjah","alghwair, alghair, alghuar, alghuar sharjah, sharjah alghwair, alghwair shj, alghwair sub, alghwair community, algwair, alghair shj, alghwairsharjah, alghwairshj, al ghwair, al ghair, ghwair, ghwair sharjah, alghuar shj"
Al Ghubaiba,subcommunity,"Halwan, Sharjah","ghubaiba, al gubaiba, al ghubiba, ghubiba, algubaiba, alghubaiba, ghubaiba sharjah, sharjah ghubaiba, halwan ghubaiba, al gubaiba sharjah, alghubaibasharjah, ghubaibasharjah"
Al Ghubaiba Area,subcommunity,"Bur Dubai, Dubai","ghubaiba, alghubaiba, alghub, ghub, burdubai ghubaiba, ghubaiba burdubai, al ghubaiba, alghubaib, alghubayba, ghubayba, ghubaibah, alghubaibah, ghubaiaba, ghubaibaarea, ghubaibastation"
Al Goaz,subcommunity,"Wasit, Sharjah","algoz, al gooz, algooz, al goz, wst algoz, algoz sharjah, wasit algoz, al goz sharjah, al gowz, algoze, al goze"
Al Gurm Resort,subcommunity,"Al Qurm, Abu Dhabi","algurm, algurmresort, algurmres, ag, agresort, alqurmresort, alqurmres, algurm ad, algurm abudhabi, algurmauh, algurmresortauh, algurmm, algurmresortt, algorm, algurmresrt, algurmresortuae"
Al Habbai Karama Building,subcommunity,"Al Karama, Dubai","habbai karama, karama habbai, habai karama, al habai karama, habbai bldg, habbai building, habbai bldg karama, habbai karama bldg, alhabbai karama, habbaikarama, habai bldg, karama habai, al habai bldg, habbai, habai"
Al Habooy,subcommunity,"Al Markhaniya, Al Ain","alhaboy, alhabooy, alhabooyi, alhaboyy, alhaboey, alhaboy al ain, al ain al habooy, almarkhaniya habooy, habooy al ain, alhabooy alain, alhbooy, alhboy, al habooey, al habooy al ain, alhabooyalain, alhabooyalmarkhaniya"
Al Habtoor Business Tower,subcommunity,"Dubai Marina, Dubai","habtoor business tower, habtoor tower, habtoor business, hbt, hbt tower, habtoor marina, marina habtoor tower, habtoorbiztower, habtoor bsns tower, habtoor bus tower, habtor tower, habtoor busines tower, habtoor bt, habtoor business twr, alhabtoor tower, alhabtoor business tower, habtoor marina tower"
Al Habtoor City,subcommunity,"Business Bay, Dubai","habtoor, ahc, habtoor city, alhabtoor, alhabtoorcity, habtoorcity, bb habtoor, habtoor business bay, habtor, al habtor, alhabtor, habtor city, alhabtorcity, habtorcity, habtoor cty, al habtoor cty, habtoor cty bb, habtoor businessbay, alhabtoor businessbay, habtoor bbay, habtoor bb"
Al Habtoor Polo Resort and Club - The Residences,subcommunity,"Dubai Land, Dubai","habtoor polo, polo residences, al habtoor polo, habtoor polo club, polo resort, al habtoor polo villas, habtoor polo dubailand, habtoorpolo, alhabtoorpolo, habtoor poloresort, polo resort dubailand, habtoor polo villas, habtoor polo res, habtoor polo residences, habtoor polo dld, habtoor polo dubai, habtoor polo resort & club, habtoor poloresidences"
Al Habtoor Tower,subcommunity,"Dubai Marina, Dubai","habtoor tower, al habtoor, habtoor, aht, al habtoor marina, habtoor marina, habtoor tower marina, habtoor twr, alhabtoor, alhabtoortower, habtoortower, habtoor twr marina, habtoor marina tower, al habtoor twr"
Al Hadeel Tower,subcommunity,"Al Humaid City, Ajman","hadeel, alhadeel, hadeeltower, alhadeeltwr, alhumaid hadeel, hadeel ajman, al hadeel ajman, alhadeel ajman, alhadeel tower ajman, alhadeeltower ajman, alhadeel twr, hadeel twr, alhadeeltower ajmn, alhumaid city hadeel, alhadeel t, alhadeel al humaid, alhadeeltowerajman, hadeelajman, alhadeelajman, al hadeeltower"
Al Hafeet Tower,subcommunity,"Al Khan, Sharjah","alhafeet, alhafeettower, hafeettower, alkhahafeet, alhafeetalkhan, alhafeetshj, alhafeettwr, alhafet, alhafeettoweralkhan, alhafeettoweral khan, hafeet, alhafeet twn, alhafeet twr, alhafettower, alhafeat, alhafeetbuilding"
Al Hafeet Tower 6,subcommunity,"Al Nahda, Sharjah","alhafeet6, alhafeettower6, alhafeet6 sharjah, alhafeet 6 sharjah, hafeet6, hafeet tower 6, hafeet 6 alnahda, alnahda hafeet 6, alhafeet 6 shj, alhafeet6shj, alhafeet tower, alhafet 6, alhafeet t6, al hafeet 6, alhafeett6, hafeettower6, alnahda hafeet6, alhafet tower 6, al hafeet6"
Al Hafeet Tower 8,subcommunity,"Al Nahda, Sharjah","alhafeet8, al hafeet 8, hafeet tower 8, hafeet 8, alnahda hafeet 8, hafeet 8 al nahda, alhafeettower8, al hafeet t8, alhafeet8 sharjah, alhafeet tower 8, al hafet 8, al hafeet tower8, alhafet8, hafeet8shj, al hafeet8 sharjah, alhafeet t8, alhafeet8sharjah"
Al Hambra Towers,subcommunity,"Emirates City, Ajman","alhambra, al hambra, hambra towers, alhambra towers ajman, alhambra ajman, alhambra ec, alhambra emirates city, al hambra emirates city, alhambra turs, alhamra, alhamra towers, al hamra towers, alhamra ajman, alhamra ec, alhamratowers, alhamratower, alhambatowers, alhambretowers, alhamratwr"
Al Hamidiya 1,subcommunity,"Al Hamidiya, Ajman","alhamidiya1, hamidiya1, alhamidiyah1, hamidiyah1, hamidiyaone, alhamidiyaone, ajmanhamidiya1, hamidiyaajman1, alh1, ham1, hamidya1, alhamidyaa1, alhamidya 1, hamidiya 1"
Al Hamidiya 2,subcommunity,"Al Hamidiya, Ajman","hamidiya2, alhamidiya2, hamidiya 2, hamidiya ii, alhamidiya ii, ajman hamidiya 2, hamidiya ajman 2, al hamidiya two, hamidiya two, hamidiya2ajman, alhamidiya-2, hamidya 2, hamidya2, alhamidya 2, hamidiya sub 2, hamidiya 2 area"
Al Hamra Fort Hotel,subcommunity,"Al Hamra Village, Ras Al Khaimah","ahf, alhamrafort, alhamraforthotel, alhamrafortrk, hamrafort, ahfhotel, alhamrafortvillage, alhamrafortrak, alhamrafortresort, hamraforthotel, alhamrafortraskhaimah, alhamrafortraks, ahfresort, alhamrafortvilla, alhamrafortvlg"
Al Hamra Golf Resort,subcommunity,"Al Hamra Village, Ras Al Khaimah","alhamra golf, al hamra golf, al hamra resort, alhamra resort, ahgr, al hamra village golf, alhamra village golf, alhamra golf course, al hamra golf club, alhamra golf club, alhamra g, al hamra g, alhamra, alhamragolf, alhamraresort, alhamra golf ras al khaimah, al hamra rak, alhamrarak, al hamra golf rak, alhamra golf rak, alhamrra golf, alhamra golf resort, alhamra golf rest, al hamra golf resort rak"
Al Hamra Lagoon,subcommunity,"Al Hamra Village, Ras Al Khaimah","ahl, alhamra, alhamralagoon, alhamravillage, alhamralgn, alhamra lgn, alhamra lagoon rak, rak alhamra, al hamra village, alhamra vil, alhamra vlg, alhamra lagoon, alhamra lagun, alhamralagoonrak, alhamravillagerak, hamra lagoon, hamra lgn"
Al Hamra Marina Residences,subcommunity,"Al Hamra Village, Ras Al Khaimah","alhamra marina, al hamra marina res, alhamramarina, alhamra marina rsd, al hamra marina resid, alh marina, al hamra marina rak, rak al hamra marina, alhamra marina village, al hamra marina resi, alhamra marina resi, al hamra marina resd, al hamra mariners, alhamra mariners, al hamra marina rez, alhamra marina rez"
Al Hamra Palace Beach Resort,subcommunity,"Al Hamra Village, Ras Al Khaimah","al hamra palace, al hamra palace resort, hamra palace, ahp, al hamra palace rk, al hamra palace rak, alhamrapalace, al hamra beach resort, hamra beach resort, al hamra resort, alhamra palace resort, al hamra palace beach, hamrapalace, hamra palace rak, al hamra village palace, ahp rak, ahp resort"
Al Hamra Residences,subcommunity,"Al Hamra Village, Ras Al Khaimah","alhamra res, alhamra resid, al hamra resi, alhamra village res, alhamra village residences, alhamra residencies, alhamra resd, alhamra rsd, alhamra resi, alhamra residance, alhamra resdnc, alhamra, alhamra vlg res, alhamra residences rak, rak alhamra res, al hamra res, al hamra resid, alhamrares, alhamraresidences, alhamra residencies rak"
Al Hamra Views,subcommunity,"Al Hamra Village, Ras Al Khaimah","ahv, alhamra, al hamra, alhamravillage, alhamravilla, alhamraview, alhamraviews, hamra, hamravillage, hamraviews, alhamra rak, rak alhamra, alhamra v, al hamra v, alhamrav, alhamraviewz, alhmra, al hamra vlg, al hamra vil, al hamra view, alhamravillas"
Al Hamra Village Villas,subcommunity,"Al Hamra Village, Ras Al Khaimah","ahv, alhamra, alhamravillage, alhamravillas, ahvillas, al hamra v, al hamra vill, alhamravil, alhamra vlg, al hamra vlg, alhamra villas, alhamravillagevillas, alhamra rk, rak alhamra, al hamra rak, alhamravillaz, alhamravillasrk, al hamra villa, alhamra village villas"
Al Hamra Waterfront,subcommunity,"Al Hamra Village, Ras Al Khaimah","alhamra waterfront, ahw, ah waterfront, al hamra wf, alhamrawaterfront, al hamra w/front, al hamra water front, alhamra village waterfront, ah village waterfront, alhamra village wf, al hamra wfront, alhamra wfront, alhamra w/f, al hamra waterfrnt, alhamra watrfront, alhambra waterfront, al hamrah waterfront"
Al Hamriya,subcommunity,"Bur Dubai, Dubai","hamriya, alhamriya, hamria, alhamria, hamrya, alhamrya, burdubai hamriya, hamriya burdubai, hamryia, hamryah, hamryiah, al hamryia, hamriya sub, hamriya community, hamriyah, alhamriyah"
Al Hamriya Building,subcommunity,"Bur Dubai, Dubai","alhamriya, hamriya bldg, hamriya building, alhamriya bldg, bur dubai hamriya, hamriya bur dubai, al hamriya bldg, alhamrya, alhamria, hamrya, hamria, alhamriyabldg, alhamriyabuilding, hamriyabldg, alhamriabldg, hamriabldg"
Al Hana Tower,subcommunity,"Al Khalidiya, Abu Dhabi","alhana, al hana, alhana twr, alhana tower, alhana abd, alhana khalidiya, alhana khalidya, alhana auh, alhanatwr, alhanatower, alhanaabudhabi, alhanakhalidiya, alhana khalidiyah, alhanatw, alhana t"
Al Hanaa Centre,subcommunity,"Al Jafiliya, Dubai","alhana, al hana, hana centre, hana center, alhana center, alhana centre, aljafiliya hana, hana jafiliya, aljafiliya alhana, alhana jafiliya, alhanaa center, alhanaa centre, al hanaa center, alhana center jafiliya, alhanaa jafiliya, alhana center dubai, alhanaa center dubai, al hana center, al hana centre"
Al Hanoo,subcommunity,"Sharjah Industrial Area, Sharjah","alhanoo, alhano, alhanu, al hano, al-hanoo, al hanoo ind, ind area al hanoo, sharjah al hanoo, shj al hanoo, al hanoo shj, alhanoo ind, ind al hanoo, al hanoo industrial"
Al Haseen Residence 3,subcommunity,"Dubai Industrial City, Dubai","al haseen 3, al haseen residence iii, haseen 3, haseen residence 3, al haseen res 3, dic al haseen 3, al haseen 3 dic, alhaseen 3, al haseen3, al haseen res iii, al haseen residence three, al haseen, al haseen res, al haseen r3, al haseen 3rd, al haseen residance 3, al haseen resd 3, dic al haseen, al haseen residence iii dubai industrial city, al haseen 3 dubai industrial city"
Al Haseen Residences,subcommunity,"Dubai Industrial City, Dubai","alhaseen, alhaseenres, haseenresidences, haseenres, dic alhaseen, al haseen dic, alhaseen residences dic, al haseen residences dic, alhasen, al haseen res, alhaseenresidences, alhaseenresidence, alhasin, alhaseen dubai industrial city, dic al haseen, alhaseen dic"
Al Haseen Residences,subcommunity,"Dubai Investment Park (DIP), Dubai","alhseen, alhaseen, alhseenres, alhseenresidences, alhaseenres, dip alhaseen, alhaseen dip, alhseen dip, dip alhseen, alhaseen residence, alhseen residence, alhaseen resid, alhaseenresidences, alhaseenresidence, alhaseen dip 1, alhseen dip 1"
Al Hashimi Building,subcommunity,"Al Karama, Dubai","alhashimi, hashimi bldg, hashimi building, alhashimi karama, hashimi karama, karama hashimi, hashimi karama bldg, al hashimi bld, al hashimi bldg, alhashimibldg, hashimibldg, al hashemi, al hashami, al hasheemi, hashimi"
Al Hashimi Tower,subcommunity,"Airport Road, Abu Dhabi","hashimi, alhashimi, alhashimitower, hashimitower, hashimi tower, hashimi twr, al hashimi twr, airport rd hashimi, airport road hashimi, hashimi airport road, al hashimi airport rd, alhashimi tower, hashimitwr, hashimitw, alhshimi, alhashmi, alhashemi, alhashemitower"
Al Hassani,subcommunity,"Jumeirah Village Circle, Dubai","alhassani, alhasani, al hasani, jvc alhassani, alhassani jvc, jvc al hasani, al hasani jvc, alhasani jvc, jvc alhasani, al hassani jvc, alhssani, alhssni, alhasni, al-hassani, alhassani circle, jvc hassani, hassani jvc"
Al Hassani Tower,subcommunity,"Barsha Heights (Tecom), Dubai","alhasani, alhasani tower, al hassani, alhasanitower, ah tower, ah tower tecom, alhasani barsha, barsha alhasani, al hasani tecom, alhasanitecom, al hassani tecom, alhasani tcom, alhasny tower, alhassanitower, alhasani twr, alhasani t-com, alhasani barsha heights, barsha heights alhasani"
Al Hathboor DSO,subcommunity,"Dubai Silicon Oasis, Dubai","hathboor, alhathboor, dsohathboor, hathboordso, alhathboordso, hathbor, alhathbor, hathboor dso, hathbor dso, alhathboor silicon, hathboor silicon, dso hathboor, hathboorresidence, hathboorresidences, hathboor building, alhathbour, hathboor dubaissiliconoasis, hathboor oasis"
Al Hattan Residence,subcommunity,"Al Raha Beach, Abu Dhabi","alhattan, al hattan, alhattan res, al hattan res, alhattan residence, alhattan residence abu dhabi, alhattan al raha, al raha alhattan, alhattan alraha, alhattan alrahabeach, alhattan alrahadxb, alhattanad, alhatten, alhattan resi, alhattan resid, alhathan, alhattanr, alhattanres, alhattanresidence"
Al Hawai Residence,subcommunity,"Barsha Heights (Tecom), Dubai","alhawai, alhawai res, alhawai residence, ah residence, alhawai tecom, al hawai tecom, alhawai barsha heights, barsha heights alhawai, alhawy, alhawai residnce, alhawairesidence, alhawai resd, alhawai building, al hawai bldg, ah rsd, alhawai rsd, al hawai rsd"
Al Hawai Tower,subcommunity,"Sheikh Zayed Road, Dubai","alhawai, alhawaitower, ah tower, ah, al hawai szr, szr al hawai, alhawaiszr, alhawai tower, alhawai t, al hawi, al hawey, al haway, al hawwai, alhawai twr, al hawai twr, al hawai szr tower, alhaway tower"
Al Hayl Tower,subcommunity,"Al Raha Beach, Abu Dhabi","alhayl, al hayl, hayl tower, hayltower, alhail, al hail, al hail tower, alhailtower, al raha al hayl, al raha alhail, al raha hayl, alraha al hayl, alraha alhail, alraha hayl, hayl al raha, alhail al raha, alhyl, alhyl tower, alhyltower"
Al Hazana,subcommunity,"Al Riqqa, Sharjah","alhazana, hazana, alhazana sharjah, alhazana shj, hazana shj, al hazana shj, alhazzana, alhazna, alhazannah, hazanna, alhazna shj, alhzn, alhzna, alhazana area"
Al Hazem Tower,subcommunity,"Al Nahyan, Abu Dhabi","alhazem, alhazemtwr, alhazem tower, alnahyan hazem, hazem tower, alhazen, alhazem tewr, alhazemtower, alnahyan alhazem, alhazam, alhazm tower, alhazm, al hazem twn, alnahyan hazem tower, alhazem twr"
Al Helio 1,subcommunity,"Al Helio, Ajman","helio1, alhelio1, alhelio 1, h1, helio one, al helio one, helio, helio 1 ajman, ajman helio 1, alhelioone, alhelio-1, helio-1, alh1, alhelio 1 ajman"
Al Helio 2,subcommunity,"Al Helio, Ajman","helio 2, alhelio 2, helio2, alhelio2, h2, alh2, alhelio-2, al helioii, al helio two, al helio, helio, al helio sub 2"
Al Hikma Residence,subcommunity,"Dubai Silicon Oasis, Dubai","alhikma, alhikma res, al hikma res, hikma residence, hikma res, al hikma residence dso, dso al hikma, alhikmares, al hikmares, alhikma residence, alheekma, al hikma, alhkma, alhikma dso, alhikmaresidence, alhikma residence dso, al hikma res dso"
Al Hilal Building,subcommunity,"Al Garhoud, Dubai","alhilal, alhilalbldg, hilal bldg, al garhoud hilal, alhilal garhoud, algh rhoud hilal, alhilal building, al hilal garhoud, alhalal bldg, alhilal blg, alhelal bldg, alhilal garhood, alhilalgh, alhilalbuild, algh hilal, al hilal bld, al-hilal bldg, alhilal building garhoud"
Al Hilal Business Tower,subcommunity,"Al Hilal City, Fujairah","alhilal tower, al hilal tower, hilal business tower, alhilal biz tower, alhilal fujairah, al hilal fujairah, alhilal fuj, al hilal fuj, alhilalbt, alhilalbiz, ahbt, alhilaltowerfuj, hilalfujairah, alhellal tower, alhilal busines tower, alhilaltwr, alhilalbiztwr"
Al Hilal Residential Tower,subcommunity,"Al Hilal City, Fujairah","alhilal tower, alhilal res tower, hilal tower, hilal res, alhilal fujairah, fujairah alhilal, alhilaltower, alhilalres, alhillal tower, alhelal tower, alhilal resi, alhilal twr, alhilal, alhilalfuj, alhilaltwr"
Al Hilal Tower,subcommunity,"Al Humaid City, Ajman","alhilaltwr, alhilaltower, alhilal ajman, alhumaid alhilal, alhilal, al hilal twr, alhilaltowerajman, alhilalajman, alhilal twr ajman, alhilaltower ajman, al hilal ajman, alhelal tower, alhilal t अवर"
Al Hilal Villas,subcommunity,"Al Hilal City, Fujairah","alhilal, ahv, alhilalvillas, alhilalvillasfuj, alhilalfuj, hilalvillas, alhilalvilla, alhelalvillas, alhlvillas, alhilalvillasfujairah, fujalhilalvillas"
Al Hoor Building,subcommunity,"Muwaileh Commercial, Sharjah","alhoor, alhoorbldg, al hoor bldg, alhoor building, alhoor muwaileh, muwaileh alhoor, al hoor commercial, alhoor comm, alhoor muw, alhoor bld, alhoorblg, alhor, al hoor, alhoor sharjah, al hoor sharjah, alhoor sharj, alhoor muwaileh commercial, al hoor muwaileh"
Al Hosn,subcommunity,"Al Khalidiya, Abu Dhabi","alhosn, alhosn abu dhabi, al hosn abu dhabi, alhosn ad, al hosn ad, alhosn khalidya, al hosn khalidya, alhosnkhalidya, alhosn area, al hosn area, al hosan, alhosan, al hosun, alhosun, alhosn community, alhosn sub, alhosn sector, alhsn, alhson, al hosn city"
Al Hoton Building,subcommunity,"Dubai Media City, Dubai","alhoton, alhoton bldg, al hoton bld, alhotonbuilding, al hoton media city, alhoton dmc, alhoton bldg dmc, alhotonbld, alhotonmideacity, alhotton, alhoten, al hoton bldg dmc, hoton bldg, hoton building, alhoton building dmc"
Al Hotoon Building,subcommunity,"Barsha Heights (Tecom), Dubai","alhotoon, hotoon, al hotoon bldg, hotoon bldg, alhotoon building, alhotoon bldg, hotoon barsha heights, barsha heights hotoon, tecom hotoon, hotoon tecom, al hoton, hoton bldg, alhoton, al hotoon barsha, alhotoon barsha, alhotoon tecom, hoton building, alhoton bldg, alhotoonbldg, hotoonbldg"
Al Hudaiba,subcommunity,"Al Satwa, Dubai","hudaiba, alhudaiba, hudaib, hudaiba satwa, satwa hudaiba, hudaiba community, hudaiba area, alhudaiba satwa, alhudaib, hudaiba dubai, al hudaib, hudaiba1, alhudaiba1"
Al Hudaiba Building,subcommunity,"Al Hudaibah, Ras Al Khaimah","alhudaiba bldg, alhudaiba, al hudaiba, alhudaibabldg, hudaiba bldg, hudaiba building, hudaiba, al hudaibah bldg, rak hudaiba, alhudaiba rak, al hudaiba rak, alhudaibaa, alhudaiba building, alhudaibabuilding"
Al Humra 1,subcommunity,"Al Humra, Umm Al Quwain","ah1, alhumra1, alhamra1, humra1, alhumra uaq, alhamra uaq, ah 1, al humra one, al hamra one, alhumraone, alhamraone, alhumra 1, alhamra 1, alhumraa1, alhamraa1, uaq alhumra1, uaq alhamra1"
Al Humra 2,subcommunity,"Al Humra, Umm Al Quwain","alhumra2, alhamra2, alhamra 2, humra2, al humra ii, alhamraii, ah2, al hamra two, alhmra2, alhumra-2, alhamra-2, ummalquwain alhumra2, uaq alhumra2, alhamrauaq, alh2, alhumra sub2"
Al Humra 3,subcommunity,"Al Humra, Umm Al Quwain","alhumra3, ah3, al hamra 3, alhumra three, ah 3, al hamra three, alh3, alhumra iii, alhamra3, alhumra-3, alhamra iii, alhmra 3"
Al Husn Marina,subcommunity,"Dubai Marina, Dubai","husn marina, alhusn, alhusnmarina, husnmarina, marina husn, marina al husn, al husn marina dubai, husn marina dubai, alhussn marina, al husn m, al husn sub, al husn community"
Al Ikhlas Tower,subcommunity,"Al Khan, Sharjah","ikhlas, alikhlas, alikhlastower, ikhlastower, alikhlas shj, alikhlas khan, alikhlas al khan, alikhlas tower shj, alikhlas tower sharjah, alikhlas twr, alikhlastwr, aliklas, alikhlass, aliklas tower, al ikhlas shj, al ikhlas sharjah"
Al Istiqlal Street,subcommunity,"Al Khalidiya, Abu Dhabi","istiqlal st, istiqlal street, alistiqlal, istiqlal, istiqlal khalidiya, khalidiya istiqlal, istiqlalst, alistiqlalst, alistqlal, istiqlal st abu dhabi, istiqlal road, istiqlalrd, istiqlalst ad, alistiqlal street"
Al Jaber Tower,subcommunity,"Sheikh Hamad Bin Abdullah St., Fujairah","aljaber, aljaber twr, aljaber fuj, al jabr, aljabr, aljaber twr fuj, aljaber tower fujairah, aj tower, aljaber fujairah, aljabr twr, al jaber fuj, aljaberst, aljaber-twr, aljaber t"
Al Jadaf Building,subcommunity,"Al Jaddaf, Dubai","al jadaf, al jadaf bldg, al jaddaf bldg, aljadaf, aljaddaf, al jadafbldg, al jaddafbldg, al jadf, aljdaf, al jadaf bld, al jaddaf building, aljadafbldg, aljaddafbldg, al jadf bldg, al jadaf area, aljdaf bldg"
Al Jaddaf Avenue,subcommunity,"Al Jaddaf, Dubai","jaddaf ave, al jadaf, jadaf ave, aljaddaf, aljadaf, jaddafavenue, jadafavenue, aljaddafave, aljaddaf avenue, jaddaf avenue, jadaf avenue"
Al Jaddaf Residence,subcommunity,"Al Jaddaf, Dubai","jaddaf, aljaddaf, aljaddafres, jaddafres, jaddaf residence, al jaddaf res, aljaddaf residence, al jadaf, al jadaf residence, aljadaf, aljadaf residence, jadaf, jadaf residence, aljaddafresidence, jaddafresidence, aljadafresidence, aljdaf, aljdaf residence"
Al Jaddaf Rotana Suite Hotel,subcommunity,"Al Jaddaf, Dubai","al jaddaf rotana, jaddaf rotana, aj rotana, rotana jaddaf, rotana al jaddaf, jaddaf hotel, aljaddaf rotana, jaddafrotana, ajrotana, al jadaf rotana, al jaddaf ratana, rotana al jadaf, jaddaf rotana hotel, aj hotel"
Al Jafiliya Villas,subcommunity,"Al Jafiliya, Dubai","jafiliya villas, jafiliya villa, jafilia villas, jafilia villa, al jafilya villas, al jafilya, jafiliya, jafilia, jaf villa, jafiliya vls, jafiliya vll, jafvillas, jafiliyas, aljafiliya villas, aljafilia, jafilyia, jafillia, jafilia vls"
Al Jawhara,subcommunity,"Dubai Silicon Oasis, Dubai","aljawhara, aj, aljawhara silicon, silicon aljawhara, aljawhra, aljawharaa, aljwhara, aljohara, aljohra, aljawhara oasis, aljawhara dso, dso aljawhara, aljawharadso, aljawharasilicon"
Al Jawhara Residences,subcommunity,"Jumeirah Village Triangle, Dubai","aljawhara, aljawhara res, ajr, aljawhara jvt, jvt aljawhara, aljowhara, aljawhara residencies, aljawhararesidences, aljawhara resi, aljawhara residence, aljawara, aljawhara-jvt, aljawhara dxb, ajr jvt"
Al Jawzaa,subcommunity,"International City, Dubai","jawzaa, aljawzaa, ic jawzaa, jawzaa ic, intl city jawzaa, al jawza, jawza, aljauzaa, aljawza, aljawzaa sub, ic phase 3, al jawzaa international city"
Al Jawzaa Tower,subcommunity,"Al Raha Beach, Abu Dhabi","aljawzaa, jawzaa, aljawza tower, aljawzaa t-wr, aljawzaatower, alraha jawzaa, jawzaa alraha, alraha beach jawzaa, jawzaa tower alraha, aljawzaa tr, aljawza twr, aj tower, al jawzaa t, al jawza tower, aljawza, jawzaa twr, alraha jawzaa tower, jawzaa abudhabi, aljawzaa abu dhabi, aljawzaa ad"
Al Jaz,subcommunity,"Greens, Dubai","aljaz, aljz, aljaza, greens aljaz, aljaz greens, aljaz the greens, aljaz sub, aj, al jaz greens, aljaz grns, aljaz gns, aljza"
Al Jazeera Sports and Cultural Club,subcommunity,"Muroor Area, Abu Dhabi","aljazeera club, al jazera sports, aljazeera sports club, al jazeera club muroor, muroor al jazeera, aljazera, aljzeera, aljazeera sports, al jazera club, aljazeera club abu dhabi, aljazeraclub, aljazeerasports, al jazera sports club, aljazeera sports and cultural, al jazeera cultural club, al jazeerah club, aljezera club, aljazera sports"
Al Jazeera Tower,subcommunity,"Corniche Road, Abu Dhabi","al jazeera twr, al jazeera tawar, aljazeeratower, al jazeera corniche, corniche al jazeera, al jazeerah tower, al jazeerah twr, aljazeera twr, aljazeera corniche, aljazera tower, aljazera twr, aj tower, aj twr, al jaz tower, corniche aljazeera, aljzeera tower, aljazeera abu dhabi, al jazeera abudhabi"
Al Jazeera Towers,subcommunity,"Hamdan Street, Abu Dhabi","aj towers, al jazeera twr, aljazira tower, aljazeera towers, hamdan aj towers, hamdan st aj towers, aj tower, aljazeera twrs, aljzera towers, al jzeera towers, aljazeera t., ajtowers, hamdan al jazeera, al jazeera hamdan, aljazeera abu dhabi"
Al Jazira Arena,subcommunity,"Muroor Area, Abu Dhabi","aljazira, al jazeera arena, al jazira arena muroor, muroor al jazira, aljazira arena, aljzira, aljazera, aljazera arena, aljazira mrr, muroor aljazira, al jzira, aljazeera arena muroor, al jazeera mrr, aljaziraarena"
Al Jazzat,subcommunity,"Al Riqqa, Sharjah","aljazzat, aljazat, al jazaat, al riqqa jazzat, jazzat, riqqa jazzat, aljazaat, al jazat, alr iqqa jazzat, aljazat sharjah"
Al Jimi Avenue,subcommunity,"Al Khalidiya, Abu Dhabi","aljimi, aljimy, al jimy, aljimi ave, aljimi avenue, aljimi av, aljimi avn, khalidiya aljimi, aljimi khalidiya, aljimi khalidiyah, aljmi, aljimi sub, aljimiave, aljimiav, aljime, aljimy ave"
Al Jizza,subcommunity,"Al Mutarad, Al Ain","aljiza, al jiza, aljizaa, aljza, al jza, almutarad aljiza, aljiza alain, alain aljiza, aljza alain, al mutarad jiza, aljiza al mutarad"
Al Joud Centre,subcommunity,"Al Quoz, Dubai","aljoud, aljoud center, aljoud centre, aljoud quoz, al quoz aljoud, aljoud al quoz, aljoudctr, aljoudc, aljoudcenter, aljoudcentre, aljod centre, aljoude centre, ajc, al joud ctr, al joudc"
Al Jowhara Tower,subcommunity,"Corniche Road, Abu Dhabi","jowhara tower, aljowhara, jowhara, aljohara tower, aljohara, al jawhara, aljawhara, jowhara corniche, aljowhara corniche, johara tower, aljohara ad, jowhara ad, aljowhara ad, corniche jowhara, al jowhara corniche"
Al Jubail,subcommunity,"Al Qasimia, Sharjah","aljubail, al jubail sharjah, al qasimia jubail, al jubail qasimia, al jubial, al jubeil, al jubail shj, aljubailsharjah, ajubail, al jbail, aljubailshj, jubail, al jubail area, al jubeel"
Al Jurainah 1,subcommunity,"Al Jurainah, Sharjah","jurainah 1, jurainah1, juraina 1, juraina1, aljurainah1, aljuraina 1, aljuraina1, jurainahone, jurainaone, j1, al j1, sharjah jurainah 1, shj jurainah 1, jurainah, juraina"
Al Jurainah 2,subcommunity,"Al Jurainah, Sharjah","jurainah 2, al juraina 2, juraina 2, aljurainah 2, aljuraina 2, jurainah2, aljurainah2, juraina2, aljuraina2, sharjah jurainah 2, shj jurainah 2, jurainah two, al jurainah two, juraina two"
Al Jurf,subcommunity,"Ajman Downtown, Ajman","aljurf, jurf, ajman aljurf, al jurf ajman, aljruf, aljurph, aljerf, al jrf, ajman downtown aljurf, aljurf ajm, aljurf community, aljrf ajman"
Al Jurf Industrial 1,subcommunity,"Al Jurf Industrial, Ajman","al jurf ind 1, aljurf ind 1, aljurfind1, jurf 1, jurf ind 1, al jurf industrial one, ajman al jurf 1, al jurf 1 ajman, aljurf1, aljurfindustrial1, al jurfind 1, al jurf ind1, aljurf indone, al jurf 1st, aljurf 1 ind, ajman jurf 1, al jurf indus 1, aljruf 1, al jurf indst 1"
Al Jurf Industrial 2,subcommunity,"Al Jurf Industrial, Ajman","aj ind 2, aj jurf ind 2, aljurf ind 2, aljurfind2, aljurf industrial 2, ajman industrial 2, ajman jurf 2, al jurf indus 2, al jurf 2, aljurf2, ajman jurf ind 2, aljurf indus 2, aj indus 2, aljerf 2, aljerf ind 2"
Al Jurf Industrial 3,subcommunity,"Al Jurf Industrial, Ajman","aljurf ind 3, jurf ind 3, jurf ind3, al jurf ind3, ajman jurf 3, ajman jurf ind 3, al jurf industrial3, al jurf ind-3, jurf3, jurf industrial 3, aljurfind3, al jurf 3, aljurf ind3, ajman ind 3, al jurf ind three, aljurf industrial three, ajman al jurf 3, jurf-ind-3"
Al Kali Building,subcommunity,"Tourist Club Area, Abu Dhabi","alkali bldg, alkali, al kali bld, alkali building, alkalli bldg, alkali tca, tca alkali, alkali tca abu dhabi, alkali tourist club, alkali building tca, alkalli, al-kali bldg, alkali abu dhabi, alkali bldg tca"
Al Karam Building,subcommunity,"Al Karamah, Abu Dhabi","alkaram bldg, karam bldg, karama bldg, alkaram abudhabi, karama abudhabi, alkarambldg, karambldg, al karam bldg ad, al karam bldg auh, alkaram building, karam building, alkaram bld, karam bld, al karam abudhabi, alkaram ad, karam ad"
Al Kawakeb Buildings,subcommunity,"Sheikh Zayed Road, Dubai","alkawakeb, kawakeb, alkawakebbldgs, alkawakeb bldgs, szr alkawakeb, alkawakeb szr, alkawakeb buildings, al kawakeb, alkawakebbldg, alkawakebblgs, al kawakeb bldgs, al kawakeb szr, szr al kawakeb, alkawakeb towers, alkawakeb complex"
Al Kawthar Tower,subcommunity,"Al Nahda, Sharjah","alkawthar, al kawthar, al kawthar shj, al kawthar nahda, kawthar tower, alkawthartower, al kawther, al kawther tower, al kawthar sharjah, al kawther shj, alkawthar nahda, alkawthar sharjah, alkawther"
Al Kazim Towers,subcommunity,"Dubai Media City, Dubai","alkazim, ak towers, ak tower, al kazim twr, al kazim twrs, alkazim towers, alkazimtowers, kazim towers, kazim twrs, mediacity al kazim, al kazim media city, al kazim dmc, dmc al kazim, al kazm towers, al kazim towrs, alkazim towrs, ak mediacity"
Al Kewaitat,subcommunity,"Central District, Al Ain","alkew, kewaitat, al kew, alkewitat, alkewaitatt, al kawaitat, al kewatat, alkewatat, alkewitatat, central district alkewaitat, alkewaitat al ain, alkewaitat central, alain alkewaitat, alkewaitat alain, kewitat, alkewat"
Al Khabisi,subcommunity,"Deira, Dubai","khabisi, alkhabisi, alkhabissi, alkabisi, khabissi, al khabissi, deirakhabisi, khabisi deira, alkhabissi deira, alkhbsi, khbsi"
Al Khail Plaza,subcommunity,"Jumeirah Village Triangle, Dubai","akhail, alkhail, jvt khail, khail plaza, jvt alkhail, alkhail plaza, alkhailp, jvtakhail, jvt al khail, al khail plza, alkail plaza, alkhailplza, alkhal plaza, alkhail plaza jvt"
Al Khail Towers,subcommunity,"Ajman Downtown, Ajman","akt, alkhail, alkhal, alkhailtowers, khailtowers, ajmanakt, aktajman, alkhailtwrs, alkhailtower, alkhailtwr, alkail, alkhalitowers, alkhial, alkhail ajman, ajmandowntownakt, akt ajman, alkailtowers"
Al Khaili Tower,subcommunity,"Khalifa Street, Abu Dhabi","alkhailitwr, khaili tower, al khaili twr, khaili twr, alkhailitower, alkhaili, khailitower, kht, alkht, khaili street, khalifa khaili, khaili khalifa, alkhaili khalifa, alkaili tower, alkhaily tower, alkhaili tewr, alkhaili twer, khailitwr, alkhaili st, khaili st"
Al Khair 1,subcommunity,"Al Satwa, Dubai","alkhair1, alkhair, al-khair1, alkhairone, satwaalkhair, alkhair satwa, alkhair1satwa, alkair1, alkhairr1, alkhair 1, satwa alkhair 1, alkhayer 1, alkhayer1, alkhair sub1"
Al Khair Building,subcommunity,"Dubai Silicon Oasis, Dubai","alkhair, al khair bldg, ak building, ak bldg, alkhair building, alkhairbldg, akbldg, al khair dso, dso al khair, alkhair dso, alkhairdso, al kair, alkair, al khayr, alkhayr, alkhair residencies, alkhair residence"
Al Khair Building,subcommunity,"Nadd Al Hammar, Dubai","al khair bldg, akhair, alkhair, al khair, alkhair bldg, nadd al hammar al khair, al khair nadd al hammar, nadd al hammar bldg, alkhair building, alkair, al khair bld, alkhair bld, al khair nad al hammar, nadd alhammar al khair, alkair building"
Al Khaled Tower,subcommunity,"Al Nuaimiya, Ajman","alkhaled, alkhalid tower, alkhaled twr, ak tower, akhaled, alkhaled ajman, alnuaimiya alkhaled, alkhaled nuaimiya, al khalid, al khaled ajm, alkhaledtwr, alkhaledtowers, alkhaled t, al khaled t, al nuaimiya tower, alkhaled building, al khaled bldg, alkhaled bldg"
Al Khaleef,subcommunity,"Al Hili, Al Ain","alkhaleef, al khleef, al khalef, alkhaleef al ain, al hili al khaleef, alkhaleef alhili, alkhaleef alain, alkhleeef, alkhalif, alkhalef, al khaleef alain, alkhaleef al hili, al khleef al ain, alkhaleefsub, al khaleef sub"
Al Khaleej Al Arabi Street,subcommunity,"Al Bateen, Abu Dhabi","alkhaleej, khaleej al arabi, al khaleej st, al khaleej rd, khaleej arabi, al bateen khaleej, khaleej alarabi, al khaleejarabi, alkhaleejarabi, khaleej st, khaleej rd, al khaleej street, alkhaleej st, khaleejst, alkhaleejroad, alkhaleejst"
Al Khaleej Building,subcommunity,"Al Karama, Dubai","alkhaleej bldg, alkhaleej building, al khaleej bldg, karama al khaleej, alkhaleej karama, al khaleej karama, alkhaleej, alk building, al khaleej, alkhalij bldg, al khaleej blg, alkhaleejbldg, alkhaleejbuilding, karama alkhaleej bldg, al khaleej bld, al khaleej bdg, al khaleej karama bldg"
Al Khaleej Village,subcommunity,"Al Ghadeer, Abu Dhabi","al khaleej vil, akhv, alkhaleejvillage, al ghadeer khaleej, khaleej vil, alkhaleej vil, alkhaleejvil, al ghadeer al khaleej, alkhaleej vlg, al ghadeer sub, alkhaleej vill, al khaleej vllg, alkhalej village, al khalej village, al khaleej villag, al khaleej vlage, alkhaleejvillageabu dhabi, alghadeer khaleej vil"
Al Khan 5 building,subcommunity,"Al Khan, Sharjah","alkhan5, al khan 5 bldg, alkhan 5 bldg, ak 5, ak5, al khan 5 sharjah, alkhan 5 sharjah, alkhan5 sharjah, al khann 5, alkaan 5, al khan five, alkhanfive, al khan5 bldg, akhan 5, alkhan 5b"
Al Khan 9 building,subcommunity,"Al Khan, Sharjah","alkhan9, ak9, al khan 9 bldg, ak 9 bldg, alkhn 9, al khan nine, al khan9, ak nine, al khan 9 sharjah, sharjah al khan 9, alkhan nine, alkhan-9, alkhn9, al khan9 bldg, ak9 sharjah, al khan 9 building sharjah"
Al Khan Corniche,subcommunity,"Al Khan, Sharjah","alkhan corniche, ak corniche, alkhan crnch, alkhancorniche, alkhan corn, alkhan crn, ak corn, alkhan cornsh, alkhan cornich, alkhan corniche sharjah, sharjah alkhan corniche, alkhan cornish, alkhan c, akc, alkhancorn, alkhan crniche"
Al Khan Lagoon,subcommunity,"Al Khan, Sharjah","alkhan, alkhanlagoon, al khan lgn, alkhanlgn, alkhanlagoons, alkhanlagoonsharjah, sharjahalkhan, al khn, alkhn, alkhanlagun, alkhanlagoonshj, shjalkhan, alkhanlgnshj"
Al Kharafi Building,subcommunity,"Dubai South (Dubai World Central), Dubai","alkharafi, al kharafi bldg, kharafi bldg, kharafi, al kharafi dwc, dwc al kharafi, kharafibldg, alkharafi bldg, al kharafi dubai south, dwc kharafi, kharafi dubai south, al kharafi building dwc, alkharafibldg"
Al Kharbash Tower,subcommunity,"Sheikh Zayed Road, Dubai","al kharbash, alkharbash, kharbash tower, kharbash twr, kharbash t, szr kharbash, alkharbash tower, al kharbash twr, kharbash, alkharbashtower, alkharbashtwr, al kharbash t, kharbash t-r, al kharbash tr, alkharbash t"
Al Khatoom,subcommunity,"Barsha Heights (Tecom), Dubai","alkhatoom, alkhatum, alkatom, alkatum, akhatoom, akhatum, tecom alkhatoom, tecom khatoom, barsha heights khatoom, bh khatoom, alkhatoom tecom, khatoom tecom, alkhatum tecom, alkatom tecom, alkatoom, alkhatom, alkhtoom, alkhatoom subcommunity"
Al Khawaneej 1,subcommunity,"Al Khawaneej, Dubai","alkhawaneej1, khawaneej1, khawaneej 1, alkhawaneej one, akh1, kh1, khawaneejone, al khawaneej one, alkhawanej1, khawanej1, alkhawaneej, alkhawaneejone, khw1, akhawaneej1, al khwaneej 1, al khwaneej1, khwaneej 1, khwaneej1"
Al Khawaneej 2,subcommunity,"Al Khawaneej, Dubai","akh2, khawaneej 2, al khawaneej2, alkhawaneej2, khawaneejtwo, khawaneej-2, al khawaneej ii, akh 2, al khawaneej two, alkhawaneej 2, alkhawanej 2, alkhawaneejtwo, khawaneej2, khawanej 2, alkhawaneej-2"
Al Khazan Building,subcommunity,"Umm Ramool, Dubai","akhazan, alkhazan, alkhazanbldg, khazanbldg, khazan building, ummramoolakhazan, akhazanummramool, alkhazanummramool, alkhazanbldgummramool, akhazanbldg, alkhzan, alkhazaan, alkazan, alkhazanbuilding, khazanbldgummramool, ummramoolkhazan, akhzn, alkhzn"
Al Khazna Tower,subcommunity,"Al Najda Street, Abu Dhabi","khazna tower, al khazna, khazna t, al khazna t, alnajda khazna, khazna najda, al khazna najda, khaznatower, alkhaznatower, khazna twr, al khazna twr, khzna tower, khazna tawar, alkhazna, khzna, al khazna st, khazna st, najda khazna tower"
Al Khezamia,subcommunity,"Mughaidir, Sharjah","khezamia, alkhezamiah, khezamiah, al khezamya, khezamya, alkhzamia, khizamia, al kheizamia, mughaidir khezamia, khezamia mughaidir, alkhezamiamughaidir, khezamiamughaidir, alkhezamiya"
Al Khor Towers,subcommunity,"Ajman Downtown, Ajman","alkhor, alkhortower, ak towers, ak t, al khor ajman, ajman alkhor, alkhor ajman, alkortower, alkor towers, al khor turs, alkortwrs, alkortowers, ak turs"
Al Khrais,subcommunity,"Al Jimi, Al Ain","alkhrais, khrais, alkrais, al khrais al ain, alkrais al ain, alkhrais al ain, aljimi khrais, aljimi alkhrais, aljimikhrais, alkhraiss, khraiss, al khraiss"
Al Khubaira Village,subcommunity,"Al Ghadeer, Abu Dhabi","al khubaira, alkhubaira, khubaira, al ghadeer khubaira, alghadeer khubaira, al ghadeer village, alkhubairavillage, alghadeer village, alkhubairah, al khubairah, al ghadir khubaira, khubairah, al ghadir village"
Al Khubairah Tower,subcommunity,"Al Khalidiya, Abu Dhabi","khubairah, alkhubairah, alkhubairatower, khubairatower, khubairah tower, alkhalidiya khubairah, khubairah khalidiya, al khubaira, alkhubaira, khubaira, alkhubairah t, khubairah t, al khubayrah, khubayrah, alkhubairatwr, khubairatwr, alkhalidiya khubaira, khubairah khalidiyah, alkhubairah khalidiyah"
Al Khyeli Building,subcommunity,"Al Najda Street, Abu Dhabi","alkhyeli, al khyeli bldg, alkhyeli bldg, alkhyelibldg, al khyeli, alkhyeli najda, al khyeli najda, alkhyeli st, al khyeli st, alkhyeli abu dhabi, al khyeli ad, al khyeli street, alkhyeli street, alkhyeli bldng, al khyeli blg, al khieli, alkhieli, al khyeeli, alkhyeeli"
Al Kifaf Apartments,subcommunity,"Al Karama, Dubai","alkifaf, kifaf, kifaf apts, alkifaf apts, alkifaf apartments, karama alkifaf, alkifaf karama, al kifaf apts, alkifafapts, kifafapts, alqifaf, alkfaf, alkfaf apts, kifaf res, alkifaf residences, alkifaf building, karama kifaf"
Al Kifaf Building,subcommunity,"Al Karama, Dubai","kifaf, al kifaf bldg, kifaf bldg, karama kifaf, kifaf karama, alkifaf, kifaf building, kifaf bld, kiffaf, al kiffaf, kifaf a, kifaf r, karama kifaf bldg"
Al Kuwaitat,subcommunity,"Central District, Al Ain","al kuwait, kuwaitat, al kuwaitat al ain, al ain al kuwaitat, alkuwaitat, al kuwait al ain, al kuwaitat district, al kuwaitat central, alkuwait, al kuwaitat sub, alkwt, al kuwaitat alain"
Al Lissaily,subcommunity,"Al Raha Beach, Abu Dhabi","lissaily, al lisaily, lissaili, al lisaili, lisaily, lisaili, al raha lissaily, lissaily al raha, al raha lisaily, lisaily al raha, al raha lissaili, lissaili al raha, lissly, al lissly, al lissily, lisally, lisaly, al lisaly, alissaily, allissaily, lisaily abu dhabi, al lissaily abu dhabi"
Al Liwan Building,subcommunity,"Dubai Silicon Oasis, Dubai","al liwan, liwan building, liwan bldg, liwan bld, liwan, liwan dso, dso liwan, liwan building dso, liwanbldg, liwanbld, liwan building silicon, silicon liwan, liwan silicon oasis, lliwan, liwann, liwan blg, liwan buildg, liwan bldng"
Al Maali Complex,subcommunity,"Jumeirah Village Circle, Dubai","almaali, almaalicomplex, jvcmaali, maalicomplexjvc, jvc almaali, al mali, almaali jvc, al maali jvc, almaali cplx, almaali complex jvc, almeali, almaali complex, almaalicomplexjvc"
Al Madar 2,subcommunity,"Al Madar, Umm Al Quwain","almadar2, madar2, almadar ii, al madar ii, umm al quwain madar 2, uaq madar 2, almadar2uaq, almdr2, madar 2 uaq, al madar two, madar two, almadartwo, madartwo, almdr ii, almadar-2"
Al Maha Complex,subcommunity,"Al Mushrif, Abu Dhabi","almaha, almaha comp, almaha complex, mushrif almaha, almaha mushrif, almaha abudhabi, almaha ad, al maha comp, almaha cmp, amc, amc mushrif, almaha complex ad, almaha cpx, almaha cplx"
Al Maha Residence,subcommunity,"Dubai Residence Complex, Dubai","almaha, almaha res, almaha residence, almaha drc, almaha residence drc, drc almaha, al maha res, almahares, almaharesidence, almaha residnce, almaha residancy, almaha resd, almaha resdnc, almaha dxb, almaha drc dubai"
Al Maha Tower,subcommunity,"Al Majaz, Sharjah","almaha, almaha twr, almaha sharjah, almaha al majaz, almaha tower sharjah, almahatwr, almahatower, al maha twr, almaha t"
Al Maha Village,subcommunity,"Al Zahya, Ajman","almaha, almaha vil, almaha vill, almaha village ajman, almaha ajman, almahavillage, almahavill, almahau, al mha village, al maha vilage, almaha vilage, alzahya almaha, alzahya almaha village, al zahya al maha, almaha alzahya"
Al Maharba,subcommunity,"Al Karamah, Abu Dhabi","almarhaba, almarha, almarba, almarhaba abudhabi, almarhaba ad, alkaramah almarhaba, karama almarhaba, almarhb, almarhabaa, al marhaba, almarhabaabu, almarhabad, almarhba, almarhbha"
Al Mahatta,subcommunity,"Al Qasimia, Sharjah","al mahata, almahatta, almahata, alqasimia mahatta, mahatta al qasimia, mahatta, al qasimia al mahatta, alqasimia al mahatta, al mahatta sharjah, almahata sharjah, al qasimia mahata, alqasimia mahata"
Al Mahattah,subcommunity,"Al Towayya, Al Ain","al mahata, almahatta, almahatah, mahatta, al mahattah al ain, al towayya mahatta, al mahatta al ain, almahata, al mahatah, al-mahattah, almahat, al mahattah alain, towayya mahatta"
Al Mahra,subcommunity,"Arabian Ranches, Dubai","mahra, ar mahra, arabian ranches mahra, mahra ar, mahra ranch, almara, al mara, el mahra, almahrah, al mahrah, amahra, almahara, almahra, ar mahrah"
Al Mahra Residence,subcommunity,"Masdar City, Abu Dhabi","al mahra, mahra res, mahra resi, mahra residence, mahra, al mahra masdar, masdar al mahra, almahra, almahra res, al mahra res, al mahra residance, al mahra residnce, al mahra rez, al mahra rezidence, al mahra residncy, amr masdar, al mahra masdar city, masdar al mahra res"
Al Mahra Resort,subcommunity,"Al Marjan Island, Ras Al Khaimah","almarha, al mahra, almarha resort, al mahra rsk, al mahra rak, rak al mahra, al marjan al mahra, almahraisland, al marjan resort, almarharesort, al marjan almarha, al marha resort rak, almara, al mara resort, al mahara, al mahara resort, al marjan mahra, al mahra rk, al mahra resort al marjan"
Al Majara,subcommunity,"Dubai Marina, Dubai","almajarra, majara, al majara marina, marina majara, almajara, al majra, al majraa, al majarah, majara marina, al majara buildings, al majra dubai marina, majra, al majara towers"
Al Majaz 1,subcommunity,"Al Majaz, Sharjah","almjz1, almajazone, almjzone, sharjah almajaz 1, al majaz one, almjz one, shj almajaz 1, almajaz1, almajaz 1 shj, almjz1 shj, almajz one, almjaz one"
Al Majaz 2,subcommunity,"Al Majaz, Sharjah","almajaz2, majaz2, majaz 2, al majaz ii, majaz ii, al majaz two, majaz two, almjaz2, almajaztwo, majaztwo, al majaz 2 sharjah, majaz 2 sharjah, sharjah majaz 2, al majaz sub2, majaz sub 2, almejaz 2, almejaz2, almajzz 2, almajaz 22"
Al Majaz 3,subcommunity,"Al Majaz, Sharjah","majaz3, almjz3, almajazthree, majaz three, al majaz, almajaz, sharjah majaz 3, majaz3 sharjah, almjz, majaziii, majaz 3 sharjah, al majaz 3 sharjah, majazthree, majaz iii"
Al Majaz Tower,subcommunity,"Al Majaz, Sharjah","almajaz, majaz twr, almajaz twr, almajaz tower, al majaz towerr, al majaz twr, al majaztwr, almajaztwr, majaz tower, majaztwr, almajzz, almjz, almjz twr, almjztwr, almajaz sharjah, sharjah al majaz, almajaz sharjah twr"
Al Majid Building,subcommunity,"Al Jafiliya, Dubai","almajid, al majid bldg, amajid, al majid jafiliya, jafiliya al majid, almajid building, al majed, al majed bldg, almjid, al majid dxb, al majid dubai, al majid jaflya, almejid, al majeed, almajidjafiliya, al majid bldg jafiliya"
Al Mamoura,subcommunity,"Muroor Area, Abu Dhabi","mamoura, almamoora, almamora, mamoura area, muroor mamoura, mroor mamoura, almamoura area, almamoorah, almamura, almamoura muroor, mamoura muroor, almamoora muroor, mamoura ad, ad mamoura"
Al Mamsha,subcommunity,"Muwaileh, Sharjah","mamsha, almamsha, mamsha sharjah, mamsha muwaileh, muwaileh mamsha, al mamsha sharjah, al mamsha muwaileh, mamsha m, almamshasharjah, mamshasharjah, almamshamuwaileh, mamshamuwaileh, mamsha shj, al mamsha shj, almamshashj, mamshashj"
Al Mamzar,subcommunity,"Al Mamzar - Sharjah, Sharjah","mamzar, almamzar, mamzar sharjah, al mamzar sharjah, shj mamzar, mamzr, almamzr, al mamzr, mamzer, mamzar shj"
Al Mamzar,subcommunity,"Deira, Dubai","mamzar, almamzar, mamzr, almamzr, mamzar deira, deira mamzar, al mamzar deira, almamzardeira, mamzardeira"
Al Mamzar Tower,subcommunity,"Al Mamzar - Sharjah, Sharjah","mamzar tower, al mamzar twr, almamzar tower, almamzartower, mamzartower, mamzar twr, shj mamzar tower, mamzar tower shj, al mamzar shj, al mamzer tower, al mamzar towerr, al mamzar twer, alm mamzar tower"
Al Manakh,subcommunity,"Al Qasimia, Sharjah","almanakh, almanak, almnakh, almnak, al manakh sharjah, almanakh sharjah, al qasimia almanakh, alqasimia almanakh, almnakh sharjah, al manakh area, al manakh qasimia"
Al Manal Elite,subcommunity,"Jumeirah Village Circle, Dubai","almanal, almanal elite, manal elite, jvc al manal, jvc manal, al manal jvc, al manal elite jvc, almanal elite jvc, manal elite jvc, almnl elite, al manl elite, al manal elte, al mannal elite, al manalilite, almanalelite, manalelite, jvcalmanal, jvcmanalelite, almnlelite"
Al Manal Residence 1,subcommunity,"Dubai Silicon Oasis, Dubai","almanal1, almanal res 1, al manal 1, manal 1, manal res 1, almanalres1, dso al manal 1, al manal 1 dso, al manal residence one, almanal residence 1, almanalresidence1, al manal res 1 dso, almanal 1 dso, almanalresidenceone, al manal1, al manal residence 1 dso"
Al Manal Residence 2,subcommunity,"Dubai Silicon Oasis, Dubai","al manal 2, manal residence 2, al manal res 2, al manal res, manal 2 dso, dso al manal 2, al manal residence ii, al manal resd 2, al manal resi 2, almanal 2, almanal residence 2, al manal 2 silicon, al manal 2 silicon oasis, al manal res 2 dso, al manal 2 dxb, al manalres 2, al manal resdence 2, al mannal 2, al manal residance 2"
Al Manal Tower,subcommunity,"Sheikh Zayed Road, Dubai","almanal, al manal, manal tower, manaltower, almanaltower, szr al manal, al manal szr, al manal tower szr, al manal twr, almanal twr, almnl, al manal t, al manal tnr, almanel tower, almanil tower, al manel, al manal tewer"
Al Manara,subcommunity,"Jumeirah Village Triangle, Dubai","almanara, al manra, al manara jvt, jvt al manara, al manara jumeirah, manara jvt, almnra, almanra, almanara jvt, al manara dxb, jvt manara, al-manara"
Al Manara Building,subcommunity,"Dubai Investment Park (DIP), Dubai","almanara bldg, al manara bld, al manara dip, dip al manara, al manara building dip, almanarabuilding, al manra bldg, al manara dip 1, al manara dip 2, almnara bldg, al manara bldg dip, al manra building, al manara bldng, almanara building dip, al manara buildng"
Al Manara Building,subcommunity,"Sheikh Zayed Road, Dubai","almanara, almanarabldg, almanarabld, almanarabuilding, almanar, almanar bldg, almanar bld, szr almanara, almanara szr, almanaraszr, almanarbldg, al manara, al-manara, al manara bldg, almanara building, szr almanara bldg"
Al Manara Tower,subcommunity,"Business Bay, Dubai","almanara, manara tower, al manara, al manara bbay, al manara business bay, almanaratower, manaratower, almnara, al manra, al manara twr, manara twr, bbay al manara, business bay al manara, almanara bb, al manara b.bay"
Al Manara Tower,subcommunity,"Jumeirah Village Triangle, Dubai","almanaratower, almanara, almanara jvt, jvt al manara, jvt almanara, almanara tower jvt, manara tower, manara jvt, almanaratwr, almanaratowerjvt, al manara twr, almanara twr, almanratower, almnaratower, almanar tower, almanara towr, almanaratowr"
Al Manara Tower - JVC,subcommunity,"Jumeirah Village Circle, Dubai","almanara, manara tower, manara jvc, jvc manara, manaratower, almarnara, al manara jvc, jvc al manara, manara t-wr, almnara, al manara t-wr, al manara t, manara jumeirah village circle, jvc almanara"
Al Manhal Tower,subcommunity,"Airport Road, Abu Dhabi","almanhal, almanhal twr, almanhaltower, manhal tower, manhal twr, almanhal tbr, al manhal twr, almanhal ad, almanhal airport road, airport rd al manhal, almanhal bldg, almanhhal, almanhel, almanhal towerr"
Al Mansoori Building,subcommunity,"Madinat Zayed, Abu Dhabi","almansoori bldg, mansoori bldg, mansoori building, al mansoori bldg, almansooribldg, mansooribldg, almansori bldg, al mansori bldg, mz al mansoori, madinat zayed al mansoori, mansoori madinat zayed, almansoori madinat zayed, al mansoori mz, almansoorimz, mansoorimz, almansori, al mansori, almansoori, mansoori, mansuri bldg"
Al Mansour Tower,subcommunity,"Al Nahda, Sharjah","almansour, al mansoor, almansoor, almansour tower, al mansour tnr, al mansour twr, almansourtwr, almansourtower, almansoor tower, alnahda almansour, al nahda al mansour, almansour alnahda, almansour sharjah, alnahda almansoor, almansoor alnahda, al mansour shj, almansour shj, al mansour bldg, almansour bldg"
Al Mansoura,subcommunity,"Al Sharq, Sharjah","almansora, al mansoor, almansour, al mansoura sharjah, sharjah al mansoura, al sharq mansoura, almansoura sharjah, al mansora sharjah, al mansoura shj, almansoura shj, al mansoura st, al mansoura area, almansora sharjah"
Al Manzel,subcommunity,"Al Karama, Dubai","manzel, almanzel, karama manzel, manzel karama, almanzil, manzil, almnzl, mnzl, al manzil, karama manzil, almanzil karama"
Al Maqtaa Commercial Complex,subcommunity,"Mussafah, Abu Dhabi","maqtaa complex, al maqta, maqtaa, maqta, mussafah maqtaa, maqtaa mussafah, al maqtaa comm, maqtaa comm, maqta comm, almaqtaa, maqtaacomplex, maqtaa office, maqta office, al maqta complex, al maqtaa building, maqtaa building, al maqta area, maqta area, mussafah maqta"
Al Maqtaa Mall,subcommunity,"Abu Dhabi Gate City, Abu Dhabi","maqtaa mall, maqta mall, al maqta, maqta, adgc mall, abu dhabi gate mall, gate city mall, maqtaamall, almaqta, al maqtaa, maqtaa, maqta mall ad, ad gate mall, maqtaa mall ad, maqtaa gate"
Al Maqtaa Mall,subcommunity,"Dubai Investment Park (DIP), Dubai","maqtaa mall, al maqta, maqta mall, almaqtaa, al maqtaa, maqtaa, dip maqtaa, maqta dip, dip mall, almaqta, al-maqtaa, almqta, almaqtaamall"
Al Maqtaa Residence Building,subcommunity,"Muroor Area, Abu Dhabi","almaqtaa, al maqta, maqta res, maqta building, maqta res building, maqtaa res, muroor maqtaa, maqtaa muroor, al maqta res, maqta bldg, maqta resid, almaqta residence, maqtaa bldng, al maqtaa bldg, al maqta residency, maqtaa residency, maqtaarea, maqtaarealestate"
Al Maqtaa village,subcommunity,"Al Maqtaa, Abu Dhabi","maqtaa, maqtaa village, almaqtaa, almaqta, maqta, alqmaxtaa, almaqtaavillage, al maqta, maqta village, almaqta vill, almaqta vil, maqta vil, maqtaavillage"
Al Maqtaa Villas,subcommunity,"Mohamed Bin Zayed City, Abu Dhabi","maqtaa, almaqtaa, mbz maqtaa, maqta villas, al maqta, mbz city villas, maqtaa villas, al maqta villas, maqta villa, almaqta, maqtaa vls, mbz maqtaa villas, al maqtaa vls, maqtaavillas, almaqtaavillas, mbzmaqtaa, maqta vls"
Al Marasy,subcommunity,"Al Bateen, Abu Dhabi","almarasy, marasy, almarasi, almarasee, marasi, marasee, albateenmarasy, marasybateen, albateenmarasi, marasyad, marasyauh, almarasyabudhabi, almarasyad"
Al Marayegh,subcommunity,"Al Jaheli, Al Ain","almarayegh, marayegh, almarayagh, almarayeh, almarayigh, almarayeg, almrayegh, almarayegh al ain, al ain marayegh, marayegh al ain, aljaheli marayegh, almarayegh sub, marayegh sub, almrigh, almaraygh, almarayeh al ain"
Al Mareija,subcommunity,"Al Gharb, Sharjah","almareja, almarejah, almareija, al mareja, al marejah, algharbalmareija, algharb mareija, mareija, marejah, almrja, almrjah, almareija sharjah, almarejah sharjah, almareja sharjah, algharbalmareja, almareija sub, almareja sub, almrja shj, almrjah shj, almareijah shj"
Al Mariah Community,subcommunity,"Al Raha Gardens, Abu Dhabi","almariah, almariahgardens, alrahaalmariah, almariahraha, almariahgdn, almariahgdns, al mariah, almaria, almariah garden, almariahs, almariah subcommunity, al raha al mariah, alraha gardens al mariah"
Al Marjan Villas,subcommunity,"Dubai Marina, Dubai","amv, al marjan, marjan villas, marjan villa, al marjan vilas, al marjan villa, marjan vilas, almarjan, almarjan villas, marjanvillas, almarjanvillas, al marjan marina, marjan villas marina, al marjan villas marina, dubai marina al marjan, al marjan villas dubai marina, al marjaan villas, al marjam villas, marina marjan villas, marina al marjan, almarjan marina"
Al Markaz Industrial Development,subcommunity,"Al Dhafrah, Abu Dhabi","al markaz, markaz, al markaz ind, markaz ind, al markaz industrial, markaz industrial, almarkaz, almarkazind, almarkazindustrial, al markas, almarkas, al markz, al markaz abu dhabi, al markaz al dhafrah, al dhafrah al markaz, al markaz ad, amid, al markaz dev"
Al Markaziyah West,subcommunity,"Al Markaziyah, Abu Dhabi","markaziyah west, markaziya west, al markaziya west, markazya west, al markazya west, amw, al markaziyah w, markaziyah w, al markaziya w, markaziya w, almarkaziyahwest, markaziyahwest, almarkaziyawest, markaziyawest, al markaziyah west abu dhabi, markaziyah west abu dhabi, al markaziya west abu dhabi, markaziya west abu dhabi"
Al Marsa,subcommunity,"Al Jazirah Al Hamra, Ras Al Khaimah","marsa, almarsa, el marsa, elmarsa, al maras, al mursa, almarasa, al marsa rak, marsa rak, al marsa al hamra, al marsa jazirah al hamra, al hamra al marsa, marsa al hamra, jazirah al hamra al marsa, al marsa al jazirah al hamra"
Al Marsa Residences,subcommunity,"Al Fahid, Abu Dhabi","marsa res, almarsa, marsaresidences, alfahid marsa, marsa alfahid, al fahid marsa res, alfahidres, alfahidmarsa, almarsares, marsa, marsares, almarsaresi, almarsa res, alfahidmarsares, marsa residences, al fahid marsa"
Al Marsa Villas,subcommunity,"Al Fahid, Abu Dhabi","al marsa, marsa villas, amv, am villas, almarsavillas, marsavillas, almarsa, al maras villas, al mursa villas, al marsa al fahid, al fahid al marsa, al fahid al marsa villas, al marsa villas al fahid, alfahid al marsa, marsa villas fahid, al fahid marsa, marsa villa, almarsa villa"
Al Marwa Towers,subcommunity,"Cornich Al Buhaira, Sharjah","marwa towers, al marwa, marwa, marwatowers, almarwa, marwa tower, corniche marwa, al buhaira marwa, marwa corniche, marwa shj, al marwa shj, almarwatowers, marwatower, marwa turs, marwa twrs, marwa towr, al marwa twrs"
Al Maryah Vista,subcommunity,"Al Maryah Island, Abu Dhabi","amv, almaryahvista, almaryavista, maryahvista, al maryah vsta, almaryah vista, al maryahvsta, al maryah, almaryah, amv abu dhabi, amv ad, almaryah island vista, maryah vista abu dhabi, almaryahvsta, am vista, almaryah-vista"
Al Maryah Vista 2,subcommunity,"Al Maryah Island, Abu Dhabi","amv2, almaryahvista2, maryahvista2, amv 2, al maryah 2, maryah 2, almaryah2, am vista 2, al maryah vista ii, almaryahvistaii, al maryah vista two, maryah vista ii, almaryah v2, am vista ii, almaryahvista 2"
Al Marzouqi Towers,subcommunity,"Al Qasimia, Sharjah","marzouqi twr, al marzouqi, marzouqi towers, alqasimia marzouqi, marzouqi qasimia, marzoqi towers, marzoqi twr, al marzouqi sharjah, marzouqi turs, marzouqitwers, marzouqitower, marzoki towers, marzouqi t</p>"
Al Masagi,subcommunity,"Al Jaheli, Al Ain","almasagi, al masji, almasji, al masg, al masaj, al masaji, aljaheli masagi, aljaheli almasagi, al masagi al ain, masagi, masagi al ain, almasagi alain, almasg, almsgi, al masge, al masagi alain, al masajee, al masagie, al masji al ain"
Al Masaood Tower,subcommunity,"Al Najda Street, Abu Dhabi","masaood tower, al masood tower, masood tower, al masoud tower, masoud tower, amt, masaood twr, al masaood twr, al masood twr, masood twr, masaood, al masaood, almasaoodtower, almasoodtower, masaoodtower, masoodtower, masaood bldg, masood bldg, najda masaood tower, masaood tower najda, masood tower najda, al najda masaood, massood tower, al massood tower"
Al Maskan,subcommunity,"Al Jafiliya, Dubai","maskan, almaskan, al masken, masken, almasken, al maskn, maskn, almaskn, almascan, mascan, al maskan jafiliya, maskan jafiliya, almaskan jafiliya, jafiliya maskan, al jafiliya maskan, al jafiliya al maskan, masken jafiliya"
Al Maskan,subcommunity,"Al Karama, Dubai","almaskan, maskan, al karama maskan, karama maskan, maskan karama, almaskn, almskn, al maskn, mskn, alkaramamaskan, alkaramamskn, al karama sub, karama sub, almaskan karama, al maskan karama"
Al Maskan 2,subcommunity,"Al Jafiliya, Dubai","am2, am 2, maskan 2, maskan2, almaskan2, almaskan 2, al maskan ii, al maskan two, maskan two, maskan ii, al masken 2, al maskaan 2, mascan 2, mascan2, al jafiliya al maskan 2, jafiliya al maskan 2, jafiliya maskan 2, al maskan 2 jafiliya, almaskan, maskan, almaskan two, almaskanii, am two, am ii"
Al Masood Building,subcommunity,"Al Jafiliya, Dubai","al masood, masood bldg, masood building, al masood bldg, al masood blg, almasood, almasoodbuilding, almasoodbldg, masoodbldg, al masod building, al masod bldg, al masoud building, al masoud bldg, el masood building, el masood bldg, almassood bldg, almassood building, al masood bulding, al masood building jafiliya, al masood bldg jafiliya, jafiliya al masood bldg, al masood jafiliya, almasood jafiliya, al masood building al jafiliya, al masood bldg al jafiliya, jafiliya al masood"
Al Masood Tower,subcommunity,"Hamdan Street, Abu Dhabi","amt, al masood, al massood, masood tower, massood tower, masood twr, al masood twr, al massood twr, al masoud tower, al massoud tower, masoud tower, al masod tower, almasoodtower, masoodtower, almasood, almasoodtwr, al masood tower hamdan, al masood hamdan, masood tower hamdan, masood hamdan, al masood hamdan street, masood tower hamdan st, al masood tower hamdan st, almasood hamdan, amt hamdan"
Al Masoud Tower,subcommunity,"Al Garhoud, Dubai","amt, al masoud, al masaood, al massood, masoud tower, masaood tower, massood tower, masud tower, almasoud, almasoudtower, masoudtower, al masaood tower, al massood tower, al masud tower, masoud tower garhoud, al masoud garhoud, al masoud tower garhoud, al masoud tower al garhoud, masoud twr, masaood twr, massood twr, al masoud twr, al masaood twr, almasuod, almasuod tower, masoud twr garhoud, al masoud twr garhoud"
Al Mass Villas,subcommunity,"Dubai Marina, Dubai","almass, almassvillas, amv, amv marina, almass marina, almas villas, almass villa, almassvillas marina, almas marina, almassvillasdubaimarina, almass dxb marina, almassdmm, almassv, almassm, almass-villas, almassvillasdmm"
Al Mazroui Tower,subcommunity,"Jawazat Street, Abu Dhabi","amt, mazroui twr, al mazroui twr, mazrui twr, mazroui, al mazroui, mazrui, al mazrouy tower, mazrouy tower, al mazrooei tower, mazrooei tower, al mazrui tower, al mazroi tower, mazroi tower, almazrouitower, mazrouitower, almazruitower, mazruitower, mazrouitwr, almazrouitwr, al mazroui tower jawazat, mazroui tower jawazat, mazroui twr jawazat, jawazat mazroui, jawazat street mazroui tower, al mazroui jawazat, mazroui jawazat, jawazat street mazroui"
Al Meera Complex,subcommunity,"Dubai Media City, Dubai","amc, al meera, meera complex, meera comp, meera, al miera complex, al mera complex, al meara complex, al meera complx, al miera, al mera, almeera, almeeracomplex, meeracomplex, dmc al meera, media city al meera, al meera dmc, al meera media city, al meera complex dmc, al meera complex media city, almeera dmc, almeera complex, al meera comp"
Al Meraikhi Tower,subcommunity,"Sheikh Zayed Road, Dubai","al meraikhi twr, meraikhi twr, meraikhi tower, al meraikhi towers, meraikhi towers, meraikhi, al maraikhi tower, maraikhi tower, maraikhi twr, al merikhi tower, merikhi tower, merikhi twr, al meraiki tower, meraiki tower, meraiki twr, almeraikhitower, meraikhitower, almeraikhitwr, meraikhitwr, al meraikhi szr, meraikhi szr, al meraikhi tower szr, meraikhi tower szr, meraikhi twr szr, szr meraikhi, szr meraikhi tower, szr meraikhi twr, al meraikhi sheikh zayed road, meraikhi sheikh zayed road"
Al Meria,subcommunity,"Al Jaddaf, Dubai","meria, almeria, al maria, almaria, al merya, almerya, al mariya, almariya, al meera, almeera, al jaddaf al meria, jaddaf al meria, al meria jaddaf, meria jaddaf, almeria jaddaf, almaria jaddaf, meria al jaddaf, jaddaf meria"
Al Marwa Towers,subcommunity,"Al Khan, Sharjah","almarwa, almarwatwr, marwatowers, almarwatowers sharjah, almarwa sharjah, almarwa al khan, alkhana marwa, almarwa turs, almarwa twrs, almarwa towrs, almarwatowersshj, almarwashj, almarwa al khan sharjah, almarwatower, almarwatowerss, almarwatwrs, almarwa-towers, almarwa-twr"
Al Merief,subcommunity,"Khalifa City, Abu Dhabi","almerief, almerif, al merif, almrief, al mrief, almirief, almerief kca, kca al merief, almerief khalifa city, almerief kcity, almerief abu dhabi, almerief ad, almerif kca, al merief community, al merief plots, almerieff"
Al Meryal,subcommunity,"Al Khabisi, Al Ain","meryal, almeryal, al meryel, meryel, almeryel, al merial, merial, almerial, al miryal, miryal, almereal, mereal, al meryal al khabisi, al meryal al ain, meryal al khabisi, meryal al ain, al khabisi al meryal, khabisi meryal, meryal alain, almeryal alain, al merial al ain, merial alain, al meryal khabisi, al khabisi meryal"
Al Mesk Villas,subcommunity,"Dubai Marina, Dubai","mesk villas, al mesk, mesk, al mesk villa, mesk villa, al mesk villas marina, mesk villas marina, al mesk marina, mesk marina, marina mesk, almesk, almeskvillas, meskvillas, al misk villas, misk villas, al mask villas, mask villas, amv, mesk vilas, almeskvilla, meskvilla, dubai marina mesk villas, dubai marina al mesk, al mesk vilas, al mesq villas, mesq villas"
Al Mewiji,subcommunity,"Al Jimi, Al Ain","mewiji, meweji, almeweji, mewji, almewji, muwaiji, almuwaiji, al muwaiji, muwayji, almuwayji, al muwayji, muweiji, almuweiji, al muweiji, mewiji al ain, mewiji al jimi, muwaiji al ain, muwaiji al jimi, almewiji al jimi, almuwaiji al jimi, mewejy, muweijy, miwiji, al miwiji, almiwiji, mwj"
Al Mina Tower,subcommunity,"Al Mina, Abu Dhabi","amt, am twr, mina tower, al mina twr, mina twr, alminatower, minatower, al meena tower, meena tower, al mena tower, mena tower, al mina tower abu dhabi, mina tower abu dhabi, al mina tower ad, mina tower ad, alminatwr, minatwr, al mina towr, al mina tower abudhabi, almina tower, mina twr ad, al mina twr ad, almina twr, mina towr"
Al Minhali Tower,subcommunity,"Muroor Area, Abu Dhabi","amt, al minhali, minhali tower, minhali, al minhali twr, minhali twr, alminhalitower, minhalitower, alminhali, al menhali tower, menhali tower, al menhali, menhali, al minhaly tower, al minhaly, al minali tower, minali tower, al minhali tower muroor, minhali tower muroor, al minhali muroor, minhali muroor, muroor al minhali, al minhali tower abu dhabi, al minhali ad, alminhali twr, minhaly tower"
Al Mirgab,subcommunity,"Al Heerah, Sharjah","mirgab, almirgab, al mirqab, mirqab, almirqab, al mergab, mergab, almergab, al mirghab, mirghab, almirghab, al mirgeb, mirgeb, mirgab sharjah, al mirgab sharjah, almirgab sharjah, al mirgab heerah, mirgab heerah, al mirgab al heerah, migrab, al migrab, almigrab, al mirg, mirg, almirg, almerg, merg"
Al Misbah,subcommunity,"Al Hili, Al Ain","almisbah, misbah, al mishbah, almishbah, misbah alhili, alhili almisbah, al misbah alhili"
Al Mizhar 1,subcommunity,"Al Mizhar, Dubai","almizhar1, mizhar1, mizhar one, al mizar 1, almizar1, al mizer 1, almizer1, mizhar, al mizhar1"
Al Mizhar 2,subcommunity,"Al Mizhar, Dubai","almizhar2, almizher2, almizhar ii, mizhar 2, al mizhar two, al mizhar 2 dubai"
Al Mizhar 3,subcommunity,"Al Mizhar, Dubai","almizhar 3, mizhar 3, mzhr 3, mz 3, a mizhar 3, al mizhar three, mizhar three, mizhar3, almizhar3, al m 3, mizhar 3 dxb, al mizhar 3 dxb"
Al Mnaizfah,subcommunity,"Al Muwaiji, Al Ain","almnaizfah, mnaizfah, al mnizfah, al mnazfah, al mnizfa, mnaizfa, almnizfah, almnazfah, mnaizfah al muwaiji, al muwaiji mnaizfah"
Al Mnaizlah,subcommunity,"Falaj Hazzaa, Al Ain","mnaizlah, al mnaiz, mnaizlah al ain, al mnaizlah al ain, mnzlah, al mnzlah, mnaizil, al mnaizil, almnzlah, mnazla, al mnazla, mnazlah, al mnazlah"
Al Moosa Towers,subcommunity,"Sheikh Zayed Road, Dubai","moosa towers, al moosa, moosa t, amt, am towers, moosa, al moosa t, al moosa tower, am tower, almosa"
Al Mowaihat 1,subcommunity,"Al Mowaihat, Ajman","mowaihat 1, al mowaihat one, mowaihat one, mowaihat 1 ajman, al mowaihat 1 ajman, mowaihat1, al mowaihat1, al mowaht 1, al mowaiha 1, al mowehat 1, al mowiehat 1, al mowayhat 1, al mowaiht 1, al mowaihat i"
Al Mowaihat 2,subcommunity,"Al Mowaihat, Ajman","mowaihat 2, mw2, mowaihatii, mowaih2, mowaihat_2, almowaihat2, mowaihat2 ajman, ajman mowaihat 2"
Al Mowaihat 3,subcommunity,"Al Mowaihat, Ajman","mowaihat 3, am3, amw 3, mowaihatiii, al mowaihat 3 ajman, mowaihat 3 ajman, al mowaihat iii, mowaihat3"
Al Mraijeb,subcommunity,"Al Jimi, Al Ain","almrajeb, mrajeb, almrjb, al mrejeb, almarajeb, marajeb, almrajib, al mrajib, almjreeb, aljimi al mrajeb, al mrajeb aljimi"
Al Muhairy Centre,subcommunity,"Al Khalidiya, Abu Dhabi","almhairy centre, al muhairy, muhairy centre, muhairy, amc, al m. centre, al m h c, almahairy centre, almuhairi centre, almuhairi, almhairi centre, almhairi, al k khalidiya muhairy centre, muhairy centre al khalidiya"
Al Muhaisnah 1,subcommunity,"Al Muhaisnah, Dubai","muhaisnah 1, al muhaisnah, muh 1, muhisnah 1, al muh 1, almuhaisnah1, muhaisnahone, al muhaisnah one, muhaisnah, muhaisnah 1 dubai"
Al Muhaisnah 2,subcommunity,"Al Muhaisnah, Dubai","al muhisna 2, muhisna 2, amh 2, muh 2, al muhisnah two, muhaisnah two, al muhaisnah, muh, muhaisnah, 2 muhisna, muhisna2"
Al Muhaisnah 3,subcommunity,"Al Muhaisnah, Dubai","al muhaisnah, muhaisnah 3, m3, muh 3, al muh 3, muhaisnah, almuhaisnah3, am3, alm3, muhaisna 3"
Al Muhaisnah 4,subcommunity,"Al Muhaisnah, Dubai","al muhaisna 4, muhaisnah 4, muhaisna 4, m4, al m4, muhaisnahiv, almuhaisnah4, am4, almuhaisna4"
Al Muhannad Tower,subcommunity,"Al Majaz, Sharjah","al muhannad, muhannad tower, muhannad, al majaz muhannad, muhannad al majaz, am tower, al muhnad, al muhanad, muhannad t, al muhannad t, muhannad sharjah"
Al Muheirbi Building,subcommunity,"Al Garhoud, Dubai","al muheirbi, muheirbi bldg, muheirbi, almuheirbi, muheirbi building, al garhoud muheirbi, muheirbi al garhoud"
Al Muhra,subcommunity,"Jumeirah Village Circle, Dubai","alm, alm jvc, al muhra jvc, alm jv, al murha, almuhra, alm jumeirah village circle, al muhra jumeirah village circle, muhra, al muhrah"
Al Mujarrah,subcommunity,"Al Sharq, Sharjah","mj, mja, mjr, muj, amj, am, mujar, mujarra, mujarah, mujara, mujrrah, mujaarrah, mujarh, mjrrah, mujahra, almujarrah, almujarra, almujara, almajarrah, sharq mujarrah, al sharq mujarrah, sharq amj, mujarrah sharq, amj sharq, shj mujarrah, sharjah amj, mujarra shj, amj shj, alsharq mujarrah, alsharqamj, almujarrahsharq, mujarah sharq, mujara sharq, sharq mj, sharq mujarra"
Al Muneera,subcommunity,"Al Raha Beach, Abu Dhabi","am, mun, muneera, munira, munera, mnera, almun, al munira, al munera, al muniara, al muneira, al munirah, al muneeraa, almuneera, almunira, almunera, almnera, almuneira, raha muneera, raha munira, arb muneera, arb munira, muneera raha, munira raha, rahabeachmuneera, rahabeachmunira, raha mnera, arb mnera, mnera raha"
Al Muneera Island,subcommunity,"Al Raha Beach, Abu Dhabi","am, ami, muneera, al muneera, almuneera, muneeraisland, munera, munira, moneera, monira, muneira, al munera, al munira, al moneera, al moneira, munera island, munira island, moneera island, monira island, arb muneera, arb al muneera, raha muneera, al raha muneera, raha beach muneera, rahabeach muneera"
Al Murad Mall,subcommunity,"Al Nuaimiya, Ajman","amm, al murad m, murad mall, murad m, al murad, murad, al murrad mall, al muraad mall, al murad mal, al marad mall, al mourad mall, al murd mall, al murrad mal, almuradmall, muradmall, almuradmal, nuaimiya al murad mall, ajman al murad mall, al murad mall nuaimiya, al murad mall ajman, nuaimiya amm, ajman amm, murad mall nuaimiya, murad mall ajman, almuradmall nuaimiya, almuradmall ajman, nuaimiya murad mall, ajman murad mall, al murd mal"
Al Murad Tower,subcommunity,"Al Nuaimiya, Ajman","amt, almurad, almuradtower, alnuaimiyaamt, amt ajman, almurad ajman, al murad twr, almuradtwr, almurad tower ajman, alnmia amt, alnuaimia amt, al murad towers, almuradtowerr, almuraad tower, alnurad tower"
Al Muraqqabat,subcommunity,"Deira, Dubai","muraqqabat, al muraqabat, muraqabat, deira muraqqabat, muraqqabat deira, almuraqqabat, almurakabat, murakabat, muraqbat, muraqabath, muraqqabath, al muraqabath, al muraqqabath"
Al Murar,subcommunity,"Deira, Dubai","am, murar, al m, murr, al muror, al marar, el murar, al morar, al mur, al mrar, almurar, demurar, deiramurar, deira murar, d murar, murar deira, al murar deira, deira al murar, almurr, almurrar, al mura, deira murr, deira al m, dmurar, almrar"
Al Murjan Building,subcommunity,"Dubai Marina, Dubai","murjan, al murjan, amb, am, dm murjan, dm al murjan, dm amb, dubai marina murjan, dubai marina al murjan, dubai marina amb, marjan, morjan, murjn, murgan, mirjan, murijan, murjhan, el murjan, murjan bldg, murjan bld, murjan buildng, murjan bldng, murjanbldg, murjanbuilding, almurbuilding, almurbld, almurgnbldg, murjan dm, al murjan dm, amb dm, dm marjan, dm morjan, dubai marina marjan"
Al Murjan Tower,subcommunity,"Danet Abu Dhabi, Abu Dhabi","amt, al murjan, murjan tower, murjan, al murjan t, murjan t, almurjan, murjantower, almurjantower, danet murjan, al murjan danet, al murgan, murgan tower, al murjan towre, amt danet, al murjhan, danat murjan, danet al murjan, almurjan tower, al murjan towers, murjan towers, murjan danet, murjan danat, al murjan danat, al murjan towers danet, murjann, al murjann, al murgan tower, murgan, murjan towre, almurjan towers, danat al murjan, murjan danet abu dhabi, amt danat, amt ad, danet amt, murjan tower danet, al murjan tower danat, al murjan danat abu dhabi, al murjan danet abu dhabi"
Al Muroor Tower,subcommunity,"Muroor Area, Abu Dhabi","amt, am tower, muroor tower, muroor twr, muroor towers, muroortower, muroortwr, almuroortower, amtower, almuroor tower, murroor tower, murror tower, murooor tower, al murror tower, muroor area tower, muroor area twr, muroor area amt, al muroor twr, muroortowers, muroor t, muroer tower, muroor tour, al muroer tower, muroor area muroor tower"
Al Murri,subcommunity,"Dubai Silicon Oasis, Dubai","murri, almurri, muri, almuri, murrie, al murrie, almurrie, murry, al murry, almurry, murre, al murre, almurre, dso murri, murri dso, dso al murri, al murri dso, dso almurri, almurri dso, dso muri, muri dso, silicon oasis murri, murri silicon oasis, silicon murri, murri silicon, dso murry, dso murrie, dso almurrie, dso almurry, mury, al mury, almurie, dso murre, almury, murry dso, murre dso"
Al Musalla,subcommunity,"Al Gharb, Sharjah","musalla, musala, mussalla, msalla, almusalla, almussalla, almusala, almsalla, musallah, musalah, al musallah, al musalah, musalla gharb, al gharb musalla, gharb musalla, musalla sharjah, sharjah musalla, musalla shj, al musalla shj, shj musalla, musala gharb, mussala, al mussala, musalla al gharb, algharb musalla, musallashj, musallasharjah, sharjahmusalla, musallaalgharb"
Al Musalla Area,subcommunity,"Al Karamah, Abu Dhabi","musalla, al musalla, al musala, musala, al mussalla, mussalla, al musallah, musallah, almusalla, musalla area, musalla karama, musalla karamah, karama musalla, karamah musalla, al karama musalla, al karamah musalla, msl area, al musalla ad, musalla ad, almusallaarea, musallaarea, musalla auh, musalla abu dhabi, al musalla auh, al musala area, musala karama, mussalla karama, al musala ad, musala ad, musala karamah, almusala, musalla karama area, karama musalla area, musallakaramah, musallakarama, am area, msl, musallah area, mussallah, al mussala, mussala, almusalla auh, musallaauh, musalaauh, karama musalla ad, musala karama ad, musallah karama, al musallah area, al musala karama, musala auh, musala karamah ad, msl karama, musalla krm, musalla karama ad"
Al Mushrif Villas,subcommunity,"Al Mushrif, Abu Dhabi","mushrif villas, mushrif villa, amv, mushrif vils, mushrif vills, mushrifvillas, almushrifvillas, mashrif villas, mushref villas, mushriff villas, mushrif vilas, mushreef villas, mushrf villas, mushrif ad, mushrif v, mushrifv, al mushrif vills, al mushrif villa, almushrif villa, mushreef, mushrif, mashrif, mushref, mushrif vils ad, mushrif villa abu dhabi"
Al Muteena,subcommunity,"Deira, Dubai","muteena, mutena, mutina, muteenah, mutenah, almuteena, almutena, almuteenah, almutenah, muteena deira, deira muteena, mutena deira, deira mutena, moteena, motena, muteina, mutinna, al mutena, al mutina, al moteena, al motena, al muteina, al mutinna, almutina, almotena, almoteena, al-mutena, al-muteena, mtna, mteena, mutenaa, muteenaa, almutenaa, almuteenaa"
Al Muzoon District,subcommunity,"Eastern Road, Abu Dhabi","amd, mzn, muzoon, muzon, al muzoon, al muzon, muzoon dist, muzon dist, al muzun, muzun, al mozoon, mozoon, al mazoon, mazoon, almuzoon, almuzon, muzoondistrict, muzoondist, eastern rd muzoon, muzoon eastern rd, al muzoon eastern rd, er muzoon, mzn dist, muzun dist, al muzoon dist, muzon district, al muzon district, eastern road muzoon, eastern road muzon, mz district, muzoondistr, muzondist"
Al Naba'ah,subcommunity,"Al Sharq, Sharjah","nabaah, nabaa, naba, alnabah, alnabaah, al naba, nabah, nabbah, naba'a, nabaah shj, naba shj, nabaah sharjah, al nabaah sharjah, sharq nabaah, nabaah sharq, al sharq nabaah, al sharq nabaa, nabba, nabaha, nabbaha, nebaah, naba'h, nabaahshj, nabaahsharjah, alnaba, nabah sharjah, nabah shj, sharq nabah, nabaa shj, al nabaa shj, nabaa sharjah, al nabaa sharjah"
Al Nad,subcommunity,"Al Qasimia, Sharjah","alnad, nad, alnadd, al nadd, al naad, alned, el nad, elnad, al nad qasimia, qasimia al nad, nad al qasimia, al nad sharjah, nad sharjah, alnad sharjah, qasimia nad, al nade, al nada, alnada, qasimia alnad, alnad qasimia, nad qasimia, al nadd sharjah, alnaad sharjah, elnad sharjah, qasmiya nad, al qasmiya nad, nad al qasmiya, nad qasmiya, alnad qasmiya, qasmiya alnad"
Al Nada Tower,subcommunity,"Al Nahda, Sharjah","al nada, nada tower, nada twr, al nada twr, alnadatower, nadatower, alnada, nadaa tower, al nadah tower, nada tower nahda, al nada nahda, nada nahda, al nada sharjah, nada tower sharjah, nahda nada tower, nada shrj, al nada shrj, nada tower shj, al nada shj, el nada tower, el nada, nadaa, al nadah, nadatwr, alnadatwr, al nada tower shj, nada nahda sharjah"
Al Nadha JAM Residential Complex,subcommunity,"Al Nahda, Sharjah","jam residential, jam complex, jam res, jam bldg, jam building, al nahda jam, al nadha jam, jam nahda, jam nadha, jam sharjah, jam residential sharjah, jam res sharjah, alnahdajam, jamcomplex, jamresidential, jamres, jamresidental, jam residensial, jamresedential, jam complex nahda, jam residential nahda, jam building nahda, jam bldg nahda, al nahda jam complex, al nadha jam complex, jam building sharjah, jam res complex, jam sharjah nahda, jam residensial complex, jam resedential complex, nahda jam residential, nadha jam residential, alnahda jam res, jam res nahda, jam complex al nahda, alnahda jam, jam bldg sharjah, jam resid complex, jam res sharjah nahda, jam complex sharjah, nahda jam, nadha jam, jam residential building, jam res building nahda"
Al Naeem Building,subcommunity,"Abu shagara, Sharjah","anb, al naeem, naeem, alnaeem, al naim, naim, al nayeem, nayeem, al naeem bldg, naeem bldg, al naim bldg, naim bldg, alnaeembldg, al naeim, al naeam, naeem building, al naeem abu shagara, naeem abu shagara, alnaeemabushagara, abushagara naeem, al naim sharjah, naeem sharjah, al naeem shj, naeem shj, naim shj, al nayim, al nayim bldg, alneem, alneem bldg, alneem building, alnaeem shj, naeem abushagara, al naeim bldg, al naeem bld, naeem bld, alnaim, alnaim building, naim sharjah, naim abu shagara, al naeam bldg, al naeem building shj, alnaim sharjah, naeam bldg, al naeim building, naeim bldg, naeim building, al naeem shagara, naeem shagara, naim shagara, al naeim sharjah"
Al Naeem Twin Tower,subcommunity,"Dafan Al Khor, Ras Al Khaimah","al naeem, naeem tower, naeem towers, naeem twin, al naeem tower, al naeem towers, naim twin, naim tower, naeem twin towers, naeem twin rak, naeem tower rak, al naeem rak, naim twin towers, alnaeem, alnaeem tower, naeemtwintower, naim rak, al naeem dafan al khor, naeem dafan al khor, dafan naeem, rak naeem tower, naeem twins, alnaem, al naem tower, al naim, al naem twin tower, naeem twen tower, al naeem dafanalkhor, naim rak tower, al naeim tower, naeim towers, naim twins rak, twin towers rak, naeem twin tower rak, al naeem twen towers, naim twin rak, alnaeemrak, naeem tower dafan al khor, naeemrak, al naim tower rak, naeem dafan rak, alnaeemtwintower, naeem rak towers, alnaim tower rak, naeem twin tower dafan al khor, dafan al khor naeem tower, naim towers rak, naeem twins towers, naeem twen tower rak, naeem twin rak tower, naim dafan al khor, al naeem twin tower rak, naeem twin towers rak, naim twin towers rak, naeem twinrak, al naim twinrak, alnaeem twin rak, al naeem twin towers rak, naeim tower rak, naim twins rak tower, rak naeem twin towers, rak naim tower, rak naim towers, al naim dafan al khor, al naem twin, al naeem twin towerrak, alnaimrak, naeem tower rak dafan al khor, al naeim rak, alnaeemtowerrak, naim tower rak, alnaem twin, alnaem twin tower, naim tower dafan al khor, naeem twins rak, naeim twin tower, naim twin tower rak, al naem rak tower, al naim towerrak, rak al naeem twin, rak naeem towers, rak naim twin tower, naeem twin towers rak dafan al khor, naeem towers rak dafan al khor, naim twins rak dafan al khor, naim tower rak dafan al khor, naeem towers dafan al khor, al naeem twins rak, al naeem twins, al naeem twins towers rak, al naim towers rak, rak naeem twin tower dafan al khor, rak al naeem towers, rak naeem twins towers, rak naim twins towers, rak al naim tower, rak al naim twin towers, rak al naem twin tower, rak al naem towers, rak al naeem tower, al naeem twins rak tower, naeem twins tower rak, naeem towers rak, na"
Al Naemiya Towers,subcommunity,"Al Nuaimiya, Ajman","naemiya towers, naimiya towers, al naimiya towers, naemiya twrs, naimiya twrs, al naemiya twrs, al naimiya twrs, naeemiya towers, naimeya towers, naemia towers, naimya towers, naemiya tower, naimiya tower, alnaemiya, alnaimiya, naemiyatowers, naimiyatowers, alnaemiyatowers, alnaimiyatowers, nuaimiya towers, al nuaimiya towers, nuaimiya twrs, naemiya ajman, naimiya ajman, naemiya towers ajman, naimiya towers ajman, al naemia towers, naemia, naemiya, naimiya, nuaimiya, al nuaimiya, al naemia, al naemiyah towers, al naimiyah towers, naeemiya, naimeya, alnaimya towers, alnaemya towers, naemiya twr, naimiya twr, al naemiya twr, al naimiya twr, towers al naemiya, towers naemiya, towers ajman naemiya, naemiya turs, naimiya turs, al naemiya turs, al naimiya turs, naemeya towers, naimyah towers, al naimya towers, naimiya ajm, naemiya ajm, nuaimiya ajman, al nuaimiya ajman, nuaimiya towers ajman, naimya, naemya, naemia towers ajman, naemiya bldg, naimiya bldg, naemiya buildings, naimiya buildings"
Al Naglah,subcommunity,"Al Ain Industrial Area, Al Ain","naglah, nagla, al nagla, naglaa, naghle, naghleh, alnaglah, alnagla, alnaglaa, nalgah, naglah al ain, nagla al ain, naglah ind, nagla ind, naglah industrial, nagla industrial, al naglah ind, al naglah industrial, al nagla industrial, al nagla ind area, naglah ind area, alnaglahind, alnaglahindustrial, al nalgah, nagla al ain industrial area, naglah al ain industrial area"
Al Nahda 1,subcommunity,"Al Nahda, Dubai","nahda 1, alnahda 1, al nahda1, alnahda1, an1, al nahda one, nahda one, nahda1, al nada 1, al nahada 1, al nadha 1, al nhda 1, al nahdha 1, al nahda dubai 1, nahda dubai 1, al nahda i, alnahdaone, nahdaone, al nhada 1, alnahada 1, al nahda 1 dubai, alnahda 1 dubai, nahda 1 dubai, nhda 1, nadha 1, nahada 1, alnada 1, alnahda i, al nahada1, al nadha1, alnada1, nahada1, nadha1, nhda1, an 1, nahda i, nahda-1, alnahda-1, al nahda-1, n1"
Al Nahda 2,subcommunity,"Al Nahda, Dubai","an2, an 2, nahda 2, nahda2, alnahda2, al nahda2, al nahdha 2, al nahdha2, alnada 2, alnada2, nahda two, nahda ii, al nahda ii, nahda2 dubai, al nahda 2 dubai, alnehda 2, alnehda2, an ii, al nahda two, nahdha 2, alnahda 2, al nada 2, nada 2, nada2, nahdha2, nahda 2 dxb, an2 dubai, an2 dxb, nahda2 dxb, al nahda 2 dxb, alnahda2dxb, alnahda 2 dxb, an 2 dxb, al nahda 2dxb"
Al Nahda Complex,subcommunity,"Al Nahda, Sharjah","anc, nahda complex, nahda comp, nahda cplx, al nahda comp, al nahda cplx, alnahda complex, alnahda comp, alnahda cplx, al nahdah complex, al nada complex, al nahda complx, nahda complx, alnahdacomplex, nahdacomplex, alnahdacomp, alnahdacplx, nahda sharjah complex, sharjah nahda complex, al nahda shj complex, shj nahda complex, al nahda sharjah comp, al nahdah complex shj, nahdah complex shj"
Al Nahda Residential Complex,subcommunity,"Al Nahda, Sharjah","anrc, al nahda complex, nahda complex, nahda residential, al nahda res, nahda res complex, al nahda res complex, al nahda residential, alnahdarescomplex, nahdarescomplex, alnahdacomplex, nahdacomplex, nahda residential complex, al nahdah complex, al nada complex, nahda resdential, nahda resi complex, anrc shj, anrc sharjah, nahda shj complex, al nahda shj complex, nahda residential sharjah, nahda res complex shj, nahda residential comp, al nahda resi, nahda resi, an res complex, nahda res comp, al nahda res comp, nahda resdential complex, nahda resdential comp, shj nahda complex, al nahda residential sharjah, nahda residential shj"
Al Nahda Tower,subcommunity,"Corniche Road, Abu Dhabi","ant, nahda tower, al nahda, nahda, alnahdatower, nahdatower, al nahda corniche, nahda corniche, corniche nahda, al nahdah tower, al nada tower, al nehda tower, nahda twr, nahda towre, al nahdah, al nahda t, nahda tower corniche, al nahda corniche road, nahda corniche rd, alnahda, al nadha, al nadha tower, corniche rd nahda, nahda corniche road, corniche road nahda, corniche al nahda, corniche rd nahda tower, nahda tower corniche rd, al nahda corniche rd, nahda corniche road abu dhabi, nahda twr corniche"
Al Nahyan Villa Compound,subcommunity,"Al Nahyan Camp, Abu Dhabi","al nahyan villa, al nahyan, nahyan villa, nahyan, al nahyan vc, anvc, al nahyan v, nahyan v, alnhyan, nahyan compound, al nahyan cpd, an villa, villa al nahyan, al nahyan camp villa, al nahyan camp v, abu dhabi al nahyan, al nahyan abu dhabi, an villa compound, nahyan vc, al nahyan villas, alnahyancpd, alnahyanv, nahyancpd, nahyanv, alnhyanv, alnhyanvilla, alnahyancmpd, alnahyancmpdv, alnahyancmpdvilla, nahyancmpd, nahyancmpdv, nahyancmpdvilla, al nahyan cmpd, al nahyan cmpd v, al nahyan cmpd villa, nahyan cmpd, nahyan cmpd v, nahyan cmpd villa"
Al Naim Residence,subcommunity,"Jumeirah Village Circle, Dubai","al naim res, anr, alnaim, naim res, jvc al naim, al naim jvc, al naym, al naem, alnaym, jumeirah al naim, naim res jvc, alnaimres, alnaimresidence, jvcalnaim"
Al Naimiya,subcommunity,"Al Nuaimiya, Ajman","naimiya, al naim, naim, al ny, ny, alnaimiya, naimiya ajman, alnaim, an, al nym, ajman naimiya, alnaimiya ajman, naimiya al nuaimiya, al nuaimiya naimiya"
Al Nakhal Road,subcommunity,"Deira, Dubai","al nakhal rd, nakhal rd, al nakhal, nakhal, alnakhal, alnakhal rd, deira al nakhal, al nakhal deira, deira nakhal rd, nakhal road deira, al nakhal r, nakhal r, al nakhalr, nakhalrd, deiranakhal, alnakhaldeira"
Al Nakheel,subcommunity,"Ajman Downtown, Ajman","al nakhl, nakhl, nakheel, alnakhl, alnakheel, ajman nakhl, ajman nakheel, nakheel ajman, al nak, nak, an, alnkl, alnhl, alnkhl, ajm annkhl, ajman alnakhl, al nakhal, alnakhil, nakheelajman, ajmannakhl"
Al Nakheel,subcommunity,"Greens, Dubai","al nakhl, nakhl, nakheel, alnakhl, alnakheel, greens al nakhl, greens nakhl, nakheel greens, al nakhl greens, nakhl greens, alnakhl greens, nakhl grns, al nakhl grns, nakhl dubai, al nakhl dubai, nakheel dubai, alnakhl dubai"
Al Nakheel Tower,subcommunity,"Al Khalidiya, Abu Dhabi","al nakheel, nakheel tower, nakheel twr, al nakhl, nakheel, nakhl twr, alnakheel, nakheeltower, al nakheel tower abu dhabi, al khalidiya al nakheel, al khalidiya nakheel, nakheel al khalidiya, al nakheel al khalidiya"
Al Nakhil 1,subcommunity,"Al Nakhil, Ajman","an1, alnakhil1, nakhil 1, nakil 1, al nakil 1, alnkhil1, ajman al nakhil 1, al nakhil1, an1 ajman, al nakhil one, nakhl 1, al nakhl 1, alnakhil one"
Al Nakhil 2,subcommunity,"Al Nakhil, Ajman","nakheel 2, alnakhil2, al nakhil ii, nakhl2, al nakhl 2, an2, alnakhil, nakhil2, aln2, ajman al nakhil 2, al nakhil2, nakheel2, al nakil 2, alnakhil 2 ajman, al nakhil2 ajman"
Al Narah Apartments,subcommunity,"Dubai Investment Park (DIP), Dubai","al narah, anarah, narah apts, dip narah, narah dip, alnrh, anarh, alnarah, narah flats, dip al narah, al narah dip, anarah apts"
Al Naseem,subcommunity,"Al Hudayriat Island, Abu Dhabi","an, alns, alnsm, naseem, nasim, al nasim, alnaseem, al nasm, al hudayriat al naseem, al naseem al hudayriat, hudayriat al naseem, alnaseem alhudayriat, alhudayriat alnaseem"
Al Naseem,subcommunity,"Al Salam City, Umm Al Quwain","an, aln, alns, naseem, nasim, al nasim, alnaseem, al salam al naseem, naseem al salam, umm al quwain al naseem, an al salam city, al naseem uaq"
Al Naseriya,subcommunity,"Al Sharq, Sharjah","al nas, nas, al nasriya, alnaseriya, alnaseria, al naserya, alnass, alnasy, al sharq al nas, al sharq nas, shj al nas, shj nas, alnaseriya shj, nas al sharq, al nas shj, alnaseriya alsharq"
Al Naseriyya,subcommunity,"Al Khabisi, Al Ain","al nas, nas, al naser, naseriya, alnaseriyya, alnaser, nasriya, al nasriya, al khabisi al nas, al khabisi nas, alkhabisi alnas, alkhabisi nas, nas al khabisi, alnaseriyya al khabisi"
Al Nasr Street,subcommunity,"Al Najda Street, Abu Dhabi","al nasr st, nasr st, al nasr, nasr, alnsr, ansr, nasr str, alnasr, al nasr str, al najda al nasr, al nasr al najda, alnasr st, nasrst, alnstr, al nasr street abu dhabi, anasr, alnasrstr, alnasrst, alnajda alnasr"
Al Nasr Tower,subcommunity,"Danet Abu Dhabi, Abu Dhabi","al nasr twr, nasr twr, al nasr, nasr, danet al nasr, alnasr, nasrtwr, danet nasr, alnasr twr, nasr tower, danet al nasr twr"
Al Nasser Building,subcommunity,"Dubai Silicon Oasis, Dubai","al nasser bldg, nasser bldg, al nasser, nasser, alnasser, alnassir, annasser, al nasir, alnaser, dso al nasser, al nasser dso, dso nasser, silicon al nasser, al nasser silicon"
Al Nayfa,subcommunity,"Al Hili, Al Ain","nayfa, alnayfa, al nayf, nayf, aln, al nayfa al hili, al hili al nayfa, alnayfa alhili, al nayfa al ain, al ain al nayfa"
Al Nayli Building,subcommunity,"Dubai Silicon Oasis, Dubai","al nayli, nayli bldg, alnayli, nayli, al nayli bldg, dubai silicon oasis al nayli, al nayli dso, naylibldg, dso al nayli"
Al Nedal Tower,subcommunity,"Muroor Area, Abu Dhabi","al nedal, nedal twr, alnedal, muroor al nedal, alnedal tower, nedal, muroor nedal, al nedal twr, an tower, alnedal twr, muroor alnedal, alnedaltower, anedal"
Al Neem Residence,subcommunity,"Rawdhat Abu Dhabi, Abu Dhabi","al neem res, neem res, al neem, neem, anr, alneem, neemres, rawdhat al neem, alneemres, alneem residence, neem residence, an residence, al neem r, rawdhat alneem, alneem r"
Al Neem Tower,subcommunity,"Khalifa Street, Abu Dhabi","al neem, neem tower, neem twr, alneem, alneem tower, neemt, khalifa st al neem, al neem khalifa st, alneem twr, neem al, khalifa al neem, alneemtower"
Al Nekhailat,subcommunity,"Al Heerah, Sharjah","al nek, nek, al nk, alnkh, al nekhilat, nekhilat, alnek, al nekh, alnkhlat, sharjah al nek, al nek sharjah, al heerah al nek, al nek al heerah"
Al Noor Tower,subcommunity,"Al Reem Island, Abu Dhabi","al noor, noor tower, alnoor, noor, al noor twr, alnoortower, al noor t, noortower, al noor abu dhabi, al reem al noor, alreem alnoor, al noor al reem, alnoor alreem, al noor al reem island, al reem island al noor"
Al Noor Tower,subcommunity,"Khalifa Street, Abu Dhabi","al noor, noor tower, alnoor, noor twr, al noor twr, khalifa st al noor, al noor khalifa st, alnoortower, khalifa al noor, noortower, al noor t, alnrtwr, alnr twr, khalifa alnoor, al noor khalifa"
Al Noor Towers,subcommunity,"Barsha Heights (Tecom), Dubai","al noor, noor towers, alnoor, noor twr, al noor twrs, barsha al noor, al noor barsha heights, al noor tecom, tecom al noor, alnoortowers, al noor t, noortowers, barsha alnoor, al noor bh, bh al noor"
AL NOQHITA,subcommunity,"Deira, Dubai","al noq, noq, noqhita, alnoq, alnoqhita, noqh, deira al noq, al noq deira, alnoqhta, noqita, alnoqh, noqhit, deira noq, noqhta"
Al Nouf 1,subcommunity,"Al Nouf, Sharjah","al nouf1, nouf1, aln1, al nouf one, alnouf 1, nouf 1, aln ouf, al noof 1, alnouf1, an1, al noof1, aln1 sharjah, al nouf 1 sharjah, nouf1 sharjah, aln ouf1, al noof1 sharjah"
Al Nouf 2,subcommunity,"Al Nouf, Sharjah","al nouf2, nouf 2, nouf2, aln2, al nouf two, an2, aln ouf, al noof 2, alnouf2, nouf2 sharjah, aln2 sharjah, anouf2, al noof2, aln2 shj, alnouf 2"
Al Nouf 3,subcommunity,"Al Nouf, Sharjah","al nouf3, nouf3, aln3, aln ouf, al noof, al noof3, alnouf 3, al nouf, nouf, aln, al nouf3 sharjah, sharjah al nouf3, al nouf sharjah, sharjah al nouf, an3, aln3 sharjah, aln ouf3, al noof3 sharjah, aln3 shj, al nouf3 shj"
Al Nouf 4,subcommunity,"Al Nouf, Sharjah","al nouf4, nouf 4, aln4, nouf4, al nouf four, an4, nouf iv, aln ouf 4, alnouf4, nouf4 sharjah, alnouf 4, anouf 4, aln4 sharjah, nouf 4 sharjah"
Al Nudood,subcommunity,"Al Jimi, Al Ain","al nud, nud, alnud, alnood, alnudod, aljimi alnud, aljimi nud, aljimi alnood, aljimialnud, nud aljimi, alnudaljimi"
Al Odaid Beach Residences,subcommunity,"Al Reem Island, Abu Dhabi","al odaid, odaid beach, odaid res, al odaid res, odaid, alo, aobr, aloda, alodaid, al odaid beach res, al odaid r, odad, alod, al odaid residences, al odaid beach, al odaidbeach, alodaibeach, alreem al odaid, al odaid alreem, alreemoda, al odaid al reem, al odaidreem, al odaid al reem island, al odaid abu dhabi, al odaid beach abu dhabi, al odaid al reem abu dhabi"
Al Odaid Office Tower,subcommunity,"Airport Road, Abu Dhabi","al odaid tower, al odaid, odaid tower, odaid office, al odaid ofc, ao tower, aot, alodaid, odaid twr, al odaid abu dhabi, airport road al odaid, al odaid airport road, alodaid tower, al odaid ofc tower, ao office tower"
Al Otaiba Tower,subcommunity,"Al Najda Street, Abu Dhabi","al otaiba twr, al otaiba, otaiba twr, otaiba tower, al otaiba t, aot, alotaiba, alotaiba twr, al otaibatwr, najda al otaiba, al otaiba najda, al otaiba abu dhabi, otaiba abu dhabi, al otaibatower, al otb, al otiba, al otiba twr, al oteiba, al oteiba twr"
Al Otaiba Tower,subcommunity,"Electra Street, Abu Dhabi","al otaiba twr, al otaiba, otaiba twr, otaiba tower, alotaiba, otaibatwr, electra al otaiba, al otaiba electra, alotaiba electra, electra otaiba twr"
Al Oufouk Building,subcommunity,"Dubai Industrial City, Dubai","al oufouk, oufouk bldg, oufouk, al oufouk bldg, oufouk building, aloufouk, oufouk bld, dic al oufouk, al oufouk dic, al oufuk, oufouk dic, al oufork, oufuk, al oufouk bld, oufouk bdlg, aloufouk dic, dic oufouk, oufoukblgd, aloufoukbldg"
Al Owainah,subcommunity,"Falaj Hazzaa, Al Ain","al owaina, owainah, al owain, owain, alown, alowainah, falaj al owainah, al owainah falaj hazzaa, alowain, owainah al ain, al owain al ain, falaj owainah, alowaina, owaina"
Al Owais Building,subcommunity,"Al Khan, Sharjah","al owais, owais bldg, alowais, owais, al owis, aloais, owais bld, al owais bldg, alowais bldg, owais al khan, al owais al khan, alowais alkhan, owais alkhan, al owais shj, owais shj, al owais sharjah, owais sharjah"
Al Qadsiya,subcommunity,"Al Heerah, Sharjah","al qadsia, qadsia, al qadsiya shrj, qadsiya, alqadsiya, al qadsy, alqadsy, qadsiya shrj, al qadsiya al heerah, alheerah al qadsia, shrj al qadsia, al qadsya, qadsia shrj, alqadsia, al qadsiyah, qadsiyah, alqadsiy, qadsy, al qadsiy, qadsiy, shrj qadsia, alheerah qadsia, al qadsiya shrjah, qadsy shrj, al qadsyah, qadsyah, al qadsiya alheerah, alheerahqadsia, qadsiaalheerah, alqadsia shrj, shrjqadsia, qadsiah, alqadsiah, alqadsy shrj, shrjalqadsia, alqadsyshrj, qadsyshrj, shrjqadsy, alqadsiyashrj, shrjalqadsiya, alheerahalqadsia, alqadsiaalheerah, alqadsiyaalheerah, alheerahqadsy, qadsyalheerah, alqadsyalheerah, alheerahalqadsy, alqadsyahshrj, shrjalqadsyah, alqadsyahalheerah, alheerahalqadsyah, alqadsyahrj, shrjqadsyah, qadsyahshrj, alqadsiyashrjah, shrjalqadsiyah, alheerahalqadsiyah, alqadsiyahalheerah, alqadsiyahrj, shrjalqadsiy, alheerahalqadsiy, alqadsiyalheerah, alqadsiyahshrjah, alheerahqadsiy, qadsiyalheerah, alheerahqadsiyah, qadsiyahshrj, shrjqadsiyah, alqadsiyahrjah, alqadsiyahshrj, shrjqadsiy, qadsiyshrj, qadsiyshrjah, shrjq"
Al Qarain 1,subcommunity,"Al Qarain, Sharjah","al qarain1, qarain 1, alqarain1, q1, al q1, qarain1, alqrn1, alqrn 1, qarin1, al qarin 1, alqarain, al qarain one, qarainone, alqarain 1 sharjah, alqarain1 shj, al qarain 1 shj, qarain1 sharjah"
Al Qarain 2,subcommunity,"Al Qarain, Sharjah","al qarain2, qarain 2, alqarain2, qarain2, al q2, aq2, alq2, q2, al qarain ii, alqarain 2, qarainii, alqarainii, al qarain2 sharjah, sharjah al qarain2, alqarain2 sharjah, qarain2 sharjah, al qarain 2 sharjah, sharjah qarain2"
Al Qarain 3,subcommunity,"Al Qarain, Sharjah","al qarain3, qarain 3, alqarain3, qarain3, al qarain iii, aq3, alq3, q3, sharjah al qarain 3, al qarain3 sharjah, alqarain, qarain, alqrn3, alqryn3, alqarn3, alqarin3, alqarainiii, aqarain3, alqarayn3, alqaran3, alqaryn3, alq3 sharjah, sharjah q3, sharjah alq3, sharjah al qarain3, al qarain 3 sharjah, alqarain 3, alqarain iii, qarain iii, qarain3 sharjah"
Al Qarain 4,subcommunity,"Al Qarain, Sharjah","qarain 4, alqarain4, al q4, q4, alq4, al qarain4, qarain4, alqrn4, alqarin4, al qrain 4, al qarain iv, alqarain iv, qarainiv, al qarain 4 sharjah, sharjah al qarain 4, alqarain4 sharjah, sharjah q4"
Al Qarain 5,subcommunity,"Al Qarain, Sharjah","al qarain5, qarain 5, alqarain5, q5, al q5, qarain5, alqarain 5, aq5, qarain, alq5, sharjah al qarain 5, al qarain5 sharjah, qarain5 sharjah, alq5 sharjah"
Al Qasim Building,subcommunity,"Sheikh Zayed Road, Dubai","al qasim, qasim bldg, alqasim, qasim, al qasim bldg, szr al qasim, al qasim szr, alqasim bldg, qasim bldg szr, al qasim on szr, szr alqasim"
Al Qayada Buiding,subcommunity,"Deira, Dubai","al qayada, aq, qayada, alqayada, qaida, alqaida, deira al qayada, al qayada deira, deira qayada, aqbldg, alqayadabldg, qayadabldg, alqayada bldg"
Al Qubaisat,subcommunity,"Al Mushrif, Abu Dhabi","al qub, qubaisat, qubais, alqubaisat, alqub, qub, al qubais, alqubais, qubaisat al mushrif, al qubaisat abu dhabi, qubast, al qubist, alqubasat, qubaisat al mushrif abu dhabi"
Al Qudra 3,subcommunity,"Town Square, Dubai","al qudra3, alqudra 3, qudra 3, alqudra3, qudra3, ts al qudra3, al qudra 3 ts, alqudra, qudra, al q3, q3, tsq alqudra3, alqudra 3ts, alqudara3, alqudraa3, alqudra3 ts, alqudr3, alqudra 3 town square, town square al qudra3"
Al Qudra 4,subcommunity,"Town Square, Dubai","q4, alqudra 4, qudra 4, ts al qudra 4, al qudra4, alqudra4, qudra4, town square al qudra 4, tsq4, alqud4, qud4, al qud4, alqudra, qudra, alqu4, al q4, alqud4a, alqudra4 ts, tsalqudra4, alqudr4, alq4, alqud4r, qud4a, alqu4a, alqudra 4 ts, alqudra ts, alqud4 ts, qudra ts, qudra4 ts, alqudra4ts, alqud4ts, qud4ats, alqu4ts, alq4ts, alqud4r ts, qud4r ts, qudra4r ts, alqudra4r ts, alqudr4 ts, alqudr4ts, alqud4ats, alqu4ats, alqudra4 town square, ts qudra 4, ts alqudra4, ts alqudra, ts qudra4, ts qudra, ts alqud4, ts alqud4a, ts qud4, ts qud4a, ts alqu4, ts alqu4a, ts alq4, ts alq4a, ts alqudr4, ts alqudr4a, ts alqud4r, ts qud4r, ts qudra4r, ts alqudra4r, ts alqudr4r"
Al Qulaya'ah,subcommunity,"Al Sharq, Sharjah","al qul, qulayaah, qulyah, alqulayaah, alqulyah, qulaya, al qulyah, alqul, sharjah al qul, al qul sharjah, alqulaya, qulayaah sharjah, sharjah qulayaah"
Al Quoz 1,subcommunity,"Al Quoz, Dubai","quoz 1, alqoz1, quoz1, al quoz one, alqoz, aq1, quz1, al quz 1, alquoz1, alquoz 1, al quoz1"
Al Quoz 2,subcommunity,"Al Quoz, Dubai","al quoz2, quoz 2, alqoz2, quoz2, al quoz ii, alquoz2, quoz2 alquoz, al quoz2 dubai, quoz ii, alquoz 2, alqz2, al quz2, alqoz ii, quz2, al quz 2, alquozii, alquz2, alqz 2, quz ii, al quoz2 al quoz, al quzii, alqzii, quozalquoz2, alquoz2 dubai, quoz2alquoz, al quz ii, quz2 al quoz, al quoz 2 al quoz, quoz2 dubai, al quz2 dubai, al quz ii dubai, quz ii dubai, al quz2 al quoz, al quz ii al quoz, quoz ii al quoz, quz ii al quoz, quz2alquoz, alquoz2alquoz, al quoz2alquoz, al quz2alquoz, quoz ii dubai, quz2 dubai, quz"
Al Quoz 3,subcommunity,"Al Quoz, Dubai","al quoz3, quoz 3, alqoz3, quoz3, al quz 3, alqoz, quz3, al quoz three, quoz, al quz, alquoz3, quoz3 al quoz, al quoz 3 dubai, quoz3 dubai"
Al Quoz 4,subcommunity,"Al Quoz, Dubai","quoz 4, alqoz4, quoz4, al quoz fourth, alquoz 4, quoz fourth, al quoz iv, alqoz fourth, quoz iv, alquoz4, quoz4th, al quoz 4th"
Al Quoz Industrial Area,subcommunity,"Al Quoz, Dubai","al quoz ind, al quoz industrial, quoz ind, quoz industrial, al quoz ia, quoz ia, alquozind, alquoz industrial, quozind, al quoz ind area, alquoz, quoz industrial area, al quoz ind area dubai, quoz dubai, al quoz industrial dubai, quoz industrial al quoz, al quoz ind al quoz, quoz industrial al quoz dubai"
Al Qurm Building,subcommunity,"Al Salam Street, Abu Dhabi","al qurm, aq, qurm bldg, qurm bld, alqurm, qurm, al qurm bldg, alqurm bldg, al salam st qurm, qurm al salam, alqurm al salam st, al qurm al salam st, qurmbldg, alsalam st qurm"
Al Qurm Compound,subcommunity,"Al Qurm, Abu Dhabi","al qurm comp, aqc, qurm comp, alqurm, qurm compound, al qurm cmpd, aq compound, qurm, alqurm comp, al qurmcmpd, comp al qurm, alqurmc, qurmc, al qurm c, alqurmcompound, al qurmcmp, alqurmcmpd, alqurmcmp, al qurmc, alqurm c, alqur, alqurmcomp, alqrmcmpd, alqrmcmp, alqrmc, alqrmcomp, alqrm, al qur"
Al Qurm Gardens,subcommunity,"Al Qurm, Abu Dhabi","al qurm gdns, aq gardens, qurm gardens, alqurm gardens, al qurm gdn, qurm gdns, alqrm gdns, al qrm gardens, alqurmgardens, al qurm gardens abu dhabi, alqurm abu dhabi, gardens al qurm, qurm al qurm, al qurmgardens"
Al Qurm Mangroves,subcommunity,"Al Qurm, Abu Dhabi","aqm, alqurm mangroves, qurm mangroves, al qurm mng, mangroves al qurm, alqurmmangroves, al qrm mangroves, al qurm mangrov, qurm mangrov, alqurm mng, mangroves, aq mangroves, alqur mangroves, al qurm mangrove, alqurmmangrove"
Al Qurm Street,subcommunity,"Al Qurm, Abu Dhabi","al qurm st, qurm st, al qurm str, qurm street, alqurm st, alqurm street, al qurmst, qurmst, al qrm st, al qurm s, alqurmst, alqurms, al qurms, alqrm st, al qrm street, al qurmm st, alqurmm st, abu dhabi al qurm st, al qurm st abu dhabi, alqurm street ad, ad al qurm st"
Al Qusais Industrial Area,subcommunity,"Al Qusais, Dubai","al qusais ind, aqi, al qusais industrial, qusais ind, qusais industrial area, al qusais ind area, aqia, alqusaisind, alqusais industrial, qusaisind, ind area al qusais, al qusais indl, al qusais industrail, al qusais indust, al qusais industril, alqusaisindustrial, al qusaisindustrialarea, al qusaisindustrial, al qusais indurstial, al qusais industial, al qusais industiral, al qusais indistrial, al qusais industrialare, al qusais industrail area, al qusais industrial al qusais, al qusais industrial alqusais, alqusais industrial area, al qusais ind al qusais, al qusais industrial in al qusais, al qusais industrial at al qusais, al qusais industrial al qusais dubai, al qusais industrial in dubai, al qusais ind area in dubai, al qusais industrial area dubai, al qusais industrial in al qusais dubai, al qusais industrial at al qusais dubai, al qusais ind area al qusais, al qusais industrial area in al qusais, al qusais industrial area at al qusais, al qusais industrial area al qusais, al qusais industrial area in al qusais dubai, al qusais industrial area at al qusais dubai, al qusais industrial area al qusais dubai, al qusais ind area in al qusais, al qusais ind area at al qusais, al qusais ind area in al qusais dubai, al qusais ind area at al qusais dubai, al qusais ind area al qusais dubai, al qusais ind in al qusais, al qusais ind at al qusais, al qusais ind in al qusais dubai, al qusais ind at al qusais dubai, al qusais ind al qusais dubai, aqi area, aqia area, al qusais industrial ar, al qusais industrial are, al qusais industrial aera, al qusais industrial airea, al qusais industrial areea, al qusais industrial areia, al qusais industrial arrea, al qusais industrial aria, al qusais industrial ariya, al qusais industrial ariah, al qusais industrial ariai, al qusais industrial ariia, al qusais industrial ariiah, al qusais industrial ariaih, al qusais industrial ariy, al qusais industrial ariyah, al qusais industrial ariyai, al qusais industrial ariiy, al qusais industrial ariiya, al qusais industrial ariiyah, al qusais industrial ariyaih, al qusais industrial ariyih, al qusais industrial ariyi, al qusais industrial ariyia, al qusais industrial ariyiah, al qusais industrial ariyy, al qusais industrial ariyya, al qusais industrial ariyyah, al qusais industrial ariyyai, al qusais industrial ariyyy, al qusais industrial ariyyaih, al qusais industrial ariyyih, al qusais industrial ariyyi, al qusais industrial ariyyia, al qusais industrial ariyyiah, al qusais industrial ariyiy, al qusais industrial ariyiyh, al qusais industrial ariyiyi, al qusais industrial ariyiyih, al qusais industrial ariyiyia, al qusais industrial ariyiyiah, al qusais industrial ariyiyaih, al qusais industrial ariyiyai"
Al Qusais Residential Area,subcommunity,"Al Qusais, Dubai","al qusais res, aqa, al qusais res area, qusais res, alqusais res, al qusais residential, aq res, qusais residential area, al qusais ra, alqusais residential, qusais res area, al qusais resi, al qusais r, aqr, alqusais res area, qusais r, al qusais resi area, al qusais re, alqusais r, al qusais res a, al q"
Al Qusais Road,subcommunity,"Al Qusais, Dubai","al qusais rd, qusais rd, al qusais r, aq road, alqusais road, al qusaisroad, qusais r, al qusais rd dubai, al qusais r dubai, aqr, al qusaisr, qusaisroad, alqusaisr, al qusais rd al qusais, al qusais r al qusais"
Al Raas 1,subcommunity,"Al Raas, Umm Al Quwain","al raas1, alraas1, raas1, raas 1, al raas one, alraas, ar1, r1, alr1, al raas1 umm al quwain, umm al quwain al raas1, al raas 1 uaq, ar1 umm al quwain, raas one, alr1 umm al quwain"
Al Raas 2,subcommunity,"Al Raas, Umm Al Quwain","al raas2, alraas2, raas2, raas 2, al raas two, alraas two, ar2, alr2, al raas ii, alraasii, alraas 2 umm al quwain, raas2 uaq, alr2 ua, al raas2 ua, al raas 2 umm al quwain, ar2 umm al quwain, al raas2 umm al quwain"
Al Raas 3,subcommunity,"Al Raas, Umm Al Quwain","al raas3, alraas3, raas3, raas 3, al raas three, alraas, ar3, raas, al rass 3, al raas3 umm al quwain, umm al quwain al raas3, al raas 3 uaq, ar3 umm al quwain"
Al Rabia Tower,subcommunity,"Majan, Dubai","al rabia, rabia, rabia twr, al rabia twr, rabia t, rt, al rt, majan al rabia, al rabia majan, alrabia, rabiatwr, majanalrabia, alrabiatower"
Al Raffa,subcommunity,"Bur Dubai, Dubai","al rafa, raffa, alrafa, rafa, bur raffa, raffa bur dubai, al raff, bur al rafa"
Al Ragayeb,subcommunity,"Al Towayya, Al Ain","al rag, ragayeb, al ragyeb, alrgayeb, ragyeb, altowayya al rag, al rag al towayya, al ragayb, alrgayb, altowayya rag, rag al towayya"
Al Raha Beach Hotel,subcommunity,"Al Raha Beach, Abu Dhabi","al raha bh, arbh, raha beach hotel, al raha bch, raha bh, alraha beach, rahabh, al raha beach ht, arbh al raha, al raha beach al raha, raha beach al raha, al raha b hotel, al raha bh abu dhabi, al raha beach abu dhabi"
Al Raha Lofts,subcommunity,"Al Raha Beach, Abu Dhabi","al raha lfts, raha lofts, raha lft, al raha lf, arl, raha, al raha beach lofts, al raha lofts abu dhabi, raha lofts abu dhabi, alrahalofts, rahalofts, al raha loft, lofts al raha, al raha lfts abu dhabi, raha lfts abu dhabi"
Al Rahmaniya 1,subcommunity,"Al Rahmaniya, Sharjah","al rahmaniya1, al rahmaniya one, rahmaniya 1, rah1, al rah1, rahmaniya1, alrahmaniya1, rahmaniya1 sharjah, sharjah rahmaniya1, al rahmaniya1 sharjah, rah1 sharjah, al rah1 sharjah"
Al Rahmaniya 10,subcommunity,"Al Rahmaniya, Sharjah","al rahmaniya ten, rahmaniya 10, r10, al r10, rahmaniya10, alrahmaniya10, sharjah al rahmaniya 10, al rahmaniya, rahmaniya, al rahm10, rahm10, al rahm, rahm, al10, ar10, arahmaniya10, sharjah rahmaniya 10, al rahmaniya1, r10 sharjah, al r10 sharjah"
Al Rahmaniya 2,subcommunity,"Al Rahmaniya, Sharjah","al rahmaniya2, al rah2, rahmaniya2, rah2, al rahmaniya 2nd, rahmaniya 2, alrahmaniya2, alrah2, rahmaniya2 sharjah, sharjah rah2, sharjah rahmaniya2, al rahmaniya ii, rahmaniya ii, ar2, arah2, rah2 shj, al rah2 shj, rahmaniya 2 shj"
Al Rahmaniya 3,subcommunity,"Al Rahmaniya, Sharjah","al rahm 3, rahmaniya 3, al rahm3, rahm3, al rahmaniya3, alrahmaniya3, al rahmanya 3, al rahmaniyah 3, sharjah al rahmaniya 3, al rahmaniya3 sharjah, ar3, al rahm3 sharjah, rahmaniya3, al rah3"
Al Rahmaniya 4,subcommunity,"Al Rahmaniya, Sharjah","al rahmaniya4, rahmaniya 4, rah4, al rah 4, rahmaniya4, sharjah al rahmaniya 4, al rahmaniya four, rahmaniya four, sharjah rahmaniya 4, ar4, alrahmaniya4, rah4 sharjah, al rah4, rahmania 4, rahmaniyah 4, rahmanyia 4, rahmaniya iv, rahmaniya4 sharjah"
Al Rahmaniya 5,subcommunity,"Al Rahmaniya, Sharjah","al rahm 5, rahmaniya 5, al rahm5, rahm5, al rahmaniya5, rahmaniya5, sharjah al rahmaniya 5, al rahm5 sharjah, ar5, al rahm, rahm, ar5 sharjah, sharjah ar5, al rahmaniya five, rahmaniya five, alrahmaniya5, alrahm5, rahm5 sharjah, sharjah rahm5, rahm5 al rahmaniya, al rahmaniya5 sharjah"
Al Rahmaniya 6,subcommunity,"Al Rahmaniya, Sharjah","al rahmaniya six, rahmaniya 6, rah6, al rah 6, rahmaniya six sharjah, sharjah rahmaniya 6, alrahmaniya6, rahmaniya6, ar6, al rahmaniya6, rah6 sharjah, sharjah al rahmaniya6, al rahmaniya six shj, rahmaniya6 shj"
Al Rahmaniya 7,subcommunity,"Al Rahmaniya, Sharjah","al rahmaniya7, rahmaniya 7, rahmaniya7, al rahm7, rahm 7, sharjah al rahmaniya 7, al rahm, rahm7, sharjah rahmaniya7, rahmaniya7 sharjah, alrahmaniya7, alrahmaniya 7"
Al Rahmaniya 8,subcommunity,"Al Rahmaniya, Sharjah","al rahmaniya8, rahmaniya 8, r8, al rahm 8, rahm8, al rahmaniya eight, sharjah al rahmaniya 8, al rahm8, rahmaniya8, ar8, al rahm8ya, rahm8ya, sharjah r8, al r8, arahmaniya8"
Al Rahmaniya 9,subcommunity,"Al Rahmaniya, Sharjah","al rahm 9, rahmaniya 9, al rahm, rahm 9, al rah9, rah9, sharjah al rahm, al rahmaniya9, sharjah rahm9, rahmaniya9, al rahm9, rahm9, al9, rah9ya, rahman9, al rahman9, sharjah al rahmaniya9, rahm9ya, al rah9ya, rah9maniya, rah9man9"
Al Rais Building,subcommunity,"Al Karama, Dubai","al rais, alrais, rais bldg, rais building, karama al rais, al rais karama, alrayis, alrais bldg, al rais blgd, alkarama al rais, rais, al rais bldg"
Al Rakayez Building,subcommunity,"Al Furjan, Dubai","al rakayez, rakayez, al rakaez, rakaez, al rakayz, rakayz, alrkayez, rakayez bldg, al furjan rakayez, rakayez al furjan, al furjan al rakayez, alfurjan rakayez, rakayez alfurjan"
Al Ramaqiya,subcommunity,"Wasit, Sharjah","al ram, ramqiya, ramaqiya, al ramqi, ram, al r, ramq, alramaqiya, wasit al ram, al ram wasit, sharjah al ram, alram, ramqiya wasit, wasit ramqiya"
Al Ramhan Tower,subcommunity,"Tourist Club Area, Abu Dhabi","al ramhan, ramhan tower, ramhan twr, al ramhan twr, ramhan, al rt, rt, alramhan, alramhan tower, tourist club al ramhan, al ramhan tca, ramhan tca, al ramhan tc, tca al ramhan"
Al Ramla,subcommunity,"Halwan, Sharjah","ramla, al rmla, ram, alrm, ramla sharjah, sharjah ramla, alramla, ramla halwan, halwan ramla, ramlah, al ramal, ramal, al ramlah"
Al Ramla 1,subcommunity,"Al Ramla, Umm Al Quwain","al ramla1, ramla 1, ramla1, al ramla one, ramla one, al rmla, rmla 1, ramla, al ramla 1 umm al quwain, ramla umm al quwain, alramla1, alramla 1, ramla1uaq, al ramla1 ua, ramla1 ua, alrmla1, rmla1, al ramla1 uaq, ramla uaq"
Al Ramla 2,subcommunity,"Al Ramla, Umm Al Quwain","al ramla2, ramla 2, al ramla2 umm al quwain, ramla2, alr2, ar2, ramla2 uaquwain, alramla2, ramla2 uaq, al ramla 2 umm al quwain, ramla2 umm al quwain, al2, ramla 2 uaq, ramla2 umm quwain"
Al Ramth,subcommunity,"Remraam, Dubai","al ram, ramth, ram, alr, ramth rem, rem ramth, alram, ramth dxb, ramth dubai, remraam al ramth, al ram rem, ramth remraam, ramthrem, alramth, ramthremraam"
Al Ramtha,subcommunity,"Wasit, Sharjah","ramtha, al r, ram, alramtha, ramth, wasit ramtha, ramtha wasit, alramth, ramth wasit, ramtha sharjah, al ramth, ramth sharjah"
Al Raqaib 1,subcommunity,"Al Raqaib, Ajman","al raqaib1, al rq1, raqaib 1, al raq1, al raqaib one, alrq1, raq1, al raq, al raqaib1 ajman, al raqaib ajman, al raq ajman, ar1, al raqib 1, al raqab 1, al raqaiib 1, alraqaib1, alraqaib1ajman"
Al Raqaib 2,subcommunity,"Al Raqaib, Ajman","al raq2, raqaib2, al raq, raq2, al raqaib2, alraqaib2, al raqib 2, al raqab 2, raqaib 2, al ra2, alraq2, al raqib2, al raqab2"
Al Ras,subcommunity,"Deira, Dubai","ras, deira al ras, alras, deira ras, ras deira, al rass, al raz, alras deira"
Al Ras Al Akhdar,subcommunity,"Al Khalidiya, Abu Dhabi","al ras, ras akhdar, al ras al akh, akhdar, al ras akhdar, alrasalakhdar, alkhalidiya al ras, al ras alkhalidiya, rasalakhdar, alraskhalidiya, alkhalidiya ras"
Al Rashid Towers,subcommunity,"Al Humaid City, Ajman","al rashid twrs, al rashid, rashid twrs, rashid towers, alrashid, rashidtowers, al rashid twr, ajman al rashid, al rashid ajman, alhumaid al rashid, al rashid alhumaid, alrashidtwrs, rashidtwrs, alrashidtowers"
Al Rashidiya,subcommunity,"Ajman Downtown, Ajman","rashidiya, al rash, rashidiy, rashidya, alrashidiya, rashidiya ajman, ajman rashidiya, al rashidya, rashidiah, al rashidiy, rashidyah, rashidiyah, alrash, rash, arashidiya, rashidiya ajman downtown, ajman downtown rashidiya"
Al Rashidiya 1,subcommunity,"Al Rashidiya, Ajman","al rashidiya1, al rashidiya one, rashidiya 1, rashidiya one, ar1, al rashidiya1 ajman, rashidiya1, alrashidiya1, rashidiya1 ajman, ar1 ajman, al rashidiya ajman 1, rashidiya ajman1, rash1, alrashidiya 1, rashidiyaone, al rashidiyaone, rashidiya 1 ajman, ar 1, al rashidiya 1 ajman, rash1 ajman"
Al Rashidiya 2,subcommunity,"Al Rashidiya, Ajman","al rashidiya2, ar2, al rashidiya two, rashidiya2, rashidiya 2, ar 2, alr2, alrashidiya2, rash2, al rash2, al rashidiya ii, rashidiya ii, ar2 ajman, al rashidiya 2 ajman, rashidiya 2 ajman"
Al Rashidiya 3,subcommunity,"Al Rashidiya, Ajman","al rashidiya3, ar3, al rashidiya three, rashidiya3, rashidiya 3, ar 3, al rashidiya iii, rashidiya three, alrashidiya3, alrashidiya 3, ajman al rashidiya 3, al rashidiya 3 ajman, rashidiya 3 ajman, ar3 ajman"
Al Rashidiya Towers,subcommunity,"Ajman Downtown, Ajman","al rashidiya twrs, rashidiya twrs, al rashidiya, rashidiya, alrashidiya, rashidiyatwrs, ajman al rashidiya, al rashidiya ajman, ajman downtown al rashidiya, al rashidiya downtown ajman, alrashidiyatowers, rashidiya towers ajman, al rashidiya towers ajman"
Al Rawda,subcommunity,"Al Salam City, Umm Al Quwain","ar, alr, rawda, al rawd, alrawda, al rawdh, alrda, rawd, al rawda uaq, al salam al rawda, al salam rawda, alrawda uaq, al rawda umm al quwain"
Al Rawda 1,subcommunity,"Al Rawda, Ajman","al rawda1, al rawda one, rawda1, rawda one, al rawda 1st, ar1, alr1, rawda 1, alrawda1, al rawda one ajman, rawda one ajman, ar1 ajman, alr1 ajman, al rawda ajman 1, rawda1 ajman"
Al Rawda 2,subcommunity,"Al Rawda, Ajman","al rawda2, ar2, ar 2, alr2, alr 2, al rawda two, al rawda2 ajman, alrawda2, alrawda 2, rawda2, rawda 2, al rawda2 ajm, arawda2, al rawd2, al rawd 2, alrawd2, alrawd 2, alr2 ajman, alr2 ajm"
Al Rawda 3,subcommunity,"Al Rawda, Ajman","al rawda3, ar3, ar 3, alr3, alr 3, rawda3, rawda 3, al rawda three, alrawda3, alrawda 3, rawda three, arawda 3, al rawd 3, al rawd3, al rawda iii, al rawda2+1, al rawda ii+i"
Al Rawda Arjaan By Rotana,subcommunity,"Al Wahda, Abu Dhabi","al rawda, arjaan, rawda arjaan, al rawda arjaan, arjaan by rotana, rawda, alrawda, arjan, alwahda alrawda, alwahda arjaan, rawda arjaan by rotana, al rawdarjaan, arjaanrotana, alrawda arjaan, alwahda rawda, rawdarjaan, al rawdaarjaan, arjaanbyrotana"
Al Rawdha Residence C98,subcommunity,"Rawdhat Abu Dhabi, Abu Dhabi","al rawdha res c98, al rawdha c98, rawdha res, rawdha c98, al rawdha, rawdha, alr c98, arc98, rawdhat al rawdha, al rawdha rawdhat, rawdha residence, al rawdha residence, rawdha c, al rawdha c, alrawdha, rawdhares, alrawdhac98, rawdhat al rawdha c98, al rawdha c98 rawdhat, c98 rawdha, c98 al rawdha, rawdhat c98, al rawdhat c98, al rawdha98, arc 98, alr98, al rawdhares, rawdha c 98, al rawdha c 98, rawdha98, alrawdha c98, rawdhat al rawdha c 98, al rawdha c 98 rawdhat, c 98 rawdha, c 98 al rawdha, rawdhat c 98, al rawdhat c 98, al rawdha 98, alr c 98, rawdha res c 98, al rawdha res c 98, rawdha res c98, alrawdha98, rawdha residence c98, rawdha residence c 98, al rawdha residence c 98"
Al Rayan Tower,subcommunity,"Danet Abu Dhabi, Abu Dhabi","al rayan, ar tower, alryan, rayan tower, rayan twr, al rayan twr, danet al rayan, al rayan danet, alrayan, rayantower, danetalrayan, alrayantower"
Al Rayhan Villas,subcommunity,"Al Rayhan, Abu Dhabi","al rayhan v, arv, rayhan v, rayhan villas, alrayhan v, alrayhan villas, rayhanv, al rayhanv, al rayhan vl, rayhan vl, ar villas, al rayhan villa, rayhan, alrayhan, al rayhan vills, rayhan vils, al rayhan vil, rayhan vil, alrayhanv, abu dhabi al rayhan v, al rayhan v abu dhabi, arv abu dhabi, rayhan v ad, al rayhan villas ad"
Al Rayyan Complex,subcommunity,"Al Nahda, Sharjah","al rayyan, rayyan complex, al rayan, rayan, alryan, rayyan, al nahda rayyan, rayyan al nahda, alrayyan, al rayyan shj, rayyan shj, al ryan, alrayan, rayan complex, al nahda al rayyan"
Al Rayyana,subcommunity,"Khalifa City, Abu Dhabi","ar, rayyana, al ray, rayana, alrayyana, ray, khalifa city al rayyana, al rayyana khalifa city, khalifa al rayyana, rayanah, alray, al raiyana, al reyana, al ryyana, al ryyanah, khalifa al ray, khalifa rayyana"
Al Razeen,subcommunity,"Al Raha Beach, Abu Dhabi","al rzn, al rzeen, rzn, rzeen, alrazeen, razeen, al razeen abu dhabi, al razeen al raha beach, al raha al razeen, al razeen al raha, al rzn al raha beach"
Al Razi Building,subcommunity,"Dubai Healthcare City, Dubai","al razi, alrazi, razi bldg, razi building dhc, al razi dhc, dhc al razi, al razi bldg, razi, al razi bld, alrazi dhc, razi dhc, al razi dhcc, al razi dhc dubai, al razi in dhc, razi bldg dhc, al razi health care city, al razi bldg in dhc, al razi healthcare city, al razi in dhc dubai, razi building in dhc, al razi bldg dhc, al razi dhc healthcare city, al razi healthcare, al razi bldg in healthcare city, al razi d h c, al razi bldg healthcare city, al razi in healthcare city, al razi building healthcare city, al razi bldg in healthcare, al razi bldg healthcare, al razi in healthcare, al"
Al Reef Downtown,subcommunity,"Al Reef, Abu Dhabi","al reef dt, ard, reef dt, al reef d/t, aldowntown, alreefdowntown, reef downtown, al reef dtown, dt al reef, al reefdowntown, downtown al reef"
Al Reef Tower,subcommunity,"Corniche Road, Abu Dhabi","al reef, reef tower, al reef t, art, alrt, al reeef, alreef, reef, al reef towr, alreeftower, corniche al reef, al reef corniche, al reef abu dhabi, abu dhabi al reef"
Al Reef Villas,subcommunity,"Al Reef, Abu Dhabi","al reef v, reef v, al reef villas abu dhabi, reef villas, al reef v abu dhabi, arv, alreef v, alreefv, al reefv, reefv, al reef villas ad, alreef villas, ar villas, al reef abu dhabi villas, al reef v abudhabi, alreefvillas, reefvillas, al reefvillas"
Al Reehan,subcommunity,"Eastern Road, Abu Dhabi","al reehn, al rih, alreehan, alrehan, reehan, abu dhabi al reehan, al reehan abu dhabi, eastern road al reehan, al reehan eastern road, alreehan abu dhabi, abu dhabi alreehan"
Al Reem,subcommunity,"Arabian Ranches, Dubai","ar, reem, alreem, reem ar, ar reem, al ream, ream, alrem, arabi reem, reem ranches, alreem ranches, reem arabi, arabi reem ranches"
Al Reem Plaza,subcommunity,"Electra Street, Abu Dhabi","al reem, reem plaza, reem, alreem, alreem plaza, electra al reem, al reem electra, alreemplaza, reemplaza, al reem abu dhabi, reem abu dhabi"
Al Reem Tower,subcommunity,"Corniche Road, Abu Dhabi","al reem, areem, alreem, reem tower, reem t, rt, al reem t, alreemt, corniche al reem, al reem corniche, alreem corniche, corniche areem, areem corniche"
Al Reyami Building,subcommunity,"Al Karama, Dubai","al reyami, reyami bldg, al reyami bldg, alkarama reyami, reyami, alkarama al reyami, alreyami, reyamibldg, alkaramareyami, al reyami alkarama, reyami alkarama"
Al Rifa'a,subcommunity,"Mughaidir, Sharjah","al rifa, rifa, rifa'a, alrifa, rifa shj, al rifa sharjah, rifaa, rifa mughaidir, mughaidir rifa, al rifaa, rifah, rifaah, alrifa'a, rifa mgh, mgh rifa"
Al Rifa'ah,subcommunity,"Al Heerah, Sharjah","al rifa, rifaah, rifaa, al rif, rifah, alrifa, alrifaah, rifah sharjah, al rifa sharjah, sharjah al rifa, al rifa al heerah, rifa al heerah, al heerah rifa, alrifaah sharjah, sharjah alrifa"
Al Rifaa,subcommunity,"Al Yahar, Al Ain","al rif, rifaa, al rifa, rif, alrifa, alrifaa, rifa, al ain al rifaa, al rif al yahar, alrif, al rifa al yahar, al yahar al rif, al yahar al rifaa, alrifa al yahar"
Al Rigga,subcommunity,"Deira, Dubai","al riga, rigga, deira rigga, alrigga, riga, deira al riga, deria rigga, al riga deira, riga deira"
Al Rimmal Residences,subcommunity,"Al Jaddaf, Dubai","al rimml, al rimmal res, rimml, rimmal, alrimmal, aljaddaf rimml, rimml aljaddaf, al rimal, al rimel, alrimal, al jaddaf rimml res, rimml res aljaddaf"
Al Rostomani Towers,subcommunity,"Sheikh Zayed Road, Dubai","al rostomani, rostomani towers, rostomani twr, al rost, rostmani, rostomani, szr al rostomani, al rostomani szr, rostomani szr, alrostomani, rostomanitowers, sheikh zayed road al rostomani, al rostomani sheikh zayed road, szr rostomani, rostomany, rostomni, rostomanie, rostomane, rostomany towers"
Al Rumaila,subcommunity,"Al Raha Beach, Abu Dhabi","rumaila, al rum, rum, alr, alrumaila, al rumalia, rumalia, alrum, al rmaila, alra rumaila, al raha rumaila, rumaila al raha, alrumaila alraha"
Al Rumailah 2,subcommunity,"Al Rumaila, Ajman","al rumailah2, rum2, al rumaila 2, rumailah, al rum2, rumailah2, alrumailah2, alrumailah, rumaila2, al rumailah, ajman rumailah, ajman rum2, alrum2"
Al Rumaithy Building,subcommunity,"Al Nahyan Camp, Abu Dhabi","al rumaithy bldg, rumaithy, al rum, rumathy, alrumaithy, al rumaithy bldg al nahyan camp, rumaithy al nahyan, al rumaithy abu dhabi, alnahyan rumaithy, rumathy bldg, al rumathy, rumaitthy, rumathy al nahyan camp, al rumithy, al rumaiti, rumithy bldg, al rumathy bldg, rumathy abu dhabi"
Al Ruwaikah,subcommunity,"Al Muwaiji, Al Ain","al ruw, ruwaikah, al ruwai, ruw, alrw, al ruwek, alruwaikah, al ruwak, al ruwekah, al muwaiji al ruw, al ruw al muwaiji, alruw, alruwai, alain al ruw, ruw al muwaiji, alruw al ain"
Al Ruwayyah,subcommunity,"Dubai Land, Dubai","al ruwayah, al ruwaiyah, al ruwaya, ruwayah, ruwayyah, ruwaya, alrwaiyah, alruwayah, alruwayyah, alruwaya, ruwaiyah, ruwayah dubai, al ruwayah dubai land, alruwayah dlb, ruwayyah dlb, al ruwaiyah dubai"
Al Ryami Tower,subcommunity,"Tourist Club Area, Abu Dhabi","al ryami, ryami tower, ryami twr, al ryami twr, ryami, alryami, alryami tower, tourist club al ryami, al ryami tca, ryami tca, al ryami tower tca"
Al Saada Building,subcommunity,"Al Raha Beach, Abu Dhabi","al saada, alsada, al saa, saada bldg, alsaada, saada, al raha saada, al raha al saada, raha saada, saada al raha, alsada al raha, al saada al raha"
Al Saada Street,subcommunity,"Al Mushrif, Abu Dhabi","al saada st, al saada, saada st, saada, al sadah, alsada, alsaada, al saadah, saad st, saad, al saada str, al saada street abu dhabi, al mushrif al saada, al saada al mushrif, alsadah, saadah st"
Al Saada Tower,subcommunity,"Muroor Area, Abu Dhabi","al saada, saada twr, saada t, alsaada, saada, muroor saada, saadatwr, alsada, saada tower muroor, muroor alsaada, al saad, saadatower"
Al Saadiyat Avenue,subcommunity,"Saadiyat Island, Abu Dhabi","al saadiyat ave, saadiyat ave, al saadiyat, saadiyat av, alsaa, saa, alsaadiyat, saadiyatavenue, saadiyat avenue abu dhabi, al saadiyat abu dhabi, saadiyat island al saadiyat, saadiyat al saadiyat, alsadiyat, saadiyatav, saadiyat ave abu dhabi"
Al Saaha,subcommunity,"Downtown Dubai, Dubai","al saha, saaha, alsaha, alsaaha, downtown saha, saha dt, dt saha, al saha downtown, alsaha dt, saha downtown"
Al Sabeel Building,subcommunity,"Al Ghadeer, Abu Dhabi","al sabeel, alsabeel, al sabel, sabl, alsb, alsabl, alghadeer alsabeel, alsabeel alghadeer, alghadeer al sabel, alghadeer alsabl"
Al Sabkha,subcommunity,"Al Riqqa, Sharjah","sabkha, alsabkha, sabha, al sabka, sabk, riqqa sabkha, al sabk, sharjah sabkha, sabkha riqqa, alsabha"
Al Sabkha,subcommunity,"Deira, Dubai","sabkha, alsabkha, deira sabkha, sabkha deira, alsabka, sabka, deirasabkha, sabkh, al sabka"
Al Sadek 1,subcommunity,"Abu shagara, Sharjah","al sadek, alsadek, sadek 1, alsadk, al sdek, abu shagara al sadek, al sadek abu shagara, alsadek1, al sadek1, sadek1, abu shagara alsadek, ash al sadek, al sadek ash, sadk1, alsdk1"
Al Safa 1,subcommunity,"Al Safa, Dubai","al safa1, alsafa 1, al safa one, saf1, saf1 al safa, al safa 1 dubai, alsafa1, saf1 dubai, al safa1 dubai, alsafa one, saf1 al safa dubai"
Al Safa 2,subcommunity,"Al Safa, Dubai","al safa2, alsafa 2, al safa two, safatwo, alsafa2, al2, saf2, als2, al saf2, alsafa, safa2, al2safa"
Al Safa 3,subcommunity,"Al Safa, Dubai","al safa3, as3, al safa three, alsafa3, alsafa 3, safa3, safa 3, al3, als3, saf3, saf 3, al safah 3, al safah3, al safa2+1, al safa iii"
Al Safa Tower,subcommunity,"Sheikh Zayed Road, Dubai","al safa twr, al safa, safatwr, alsafa, alsafatower, szr al safa, al safa szr, alsafatwr, al safatower, alsafatw, szr alsafa, al safa tower szr, alsafaszr"
Al Safrah,subcommunity,"Al Ain Industrial Area, Al Ain","alsafrah, safrah, al saf, alsaf, saf, al ain safrah, safrah al ain, al ain al safrah, alsafra, alsfra, al safar, alsaphra, alsafar, safar, alsfrh, alsfrah, alnsafrah, alsaphrah, alsafrah al ain, al ain alsafrah"
Al Safyia Building,subcommunity,"Al Majaz, Sharjah","al safiya, alsafyia, al safyia bldg, safiya, alsafia, alsafiya, alsafya, safyia, alsafiyabldg, almajaz alsafyia, alsafyia almajaz, almajazsafyia, safiyabldgalmajaz"
Al Sahab,subcommunity,"Dubai Marina, Dubai","alsahab, alshab, sah, sahab, dm al sahab, al sahab dm, alsahb, alshb, sahb"
Al Sahel Towers,subcommunity,"Corniche Road, Abu Dhabi","al sahel, alsahel, saheltowers, al sahel twrs, corniche al sahel, al sahel corniche, alsahel towers, saheltwr, alshel, ashel towers, corniche alsahel, al sahl, al sahil, al sahel t, al sahel twr, alsahel twr, al sahel abu dhabi, abu dhabi al sahel"
Al Saja'a,subcommunity,"Sharjah Industrial Area, Sharjah","al saja, saja, sajaa, alsaja, alsajaa, al saj3a, sharjah saja, saja sharjah, sharjah alsaja, alsajashj, sajashj, alsa3a, alsaja sharjah, saja industrial, al sajaa, sa3a, shj saja"
Al Saja'a S,subcommunity,"Sharjah Industrial Area, Sharjah","al saja, sajaa, alsaja, alsajaa, al saja s, sajas, sjaa, alsjaa, sharjah al saja, al saja sharjah, sharjah saja, saja sharjah, alsajas, al sajas, sajaa s, sjas, al sajaa, sharjah industrial al saja, al saja industrial area, saja industrial, industrial saja"
Al Salam,subcommunity,"Mudon, Dubai","alsalam, salam, mudon alsalam, alsalam mudon, mudon salam, salam mudon, alsalum, al salum, alsalem, alslm, slm, mudon alslm, alslam mudon"
Al Salam Building,subcommunity,"Arjan, Dubai","al salam, alsalam, salam bldg, salam bld, arjan salam, salam arjan, alsalam bldg, al salam bld, salam, alsalam bld"
Al Salam Tower,subcommunity,"Dubai Media City, Dubai","al salam twr, ast, al salam, salam tower, salam twr, alsalam, al salam t, dmc al salam, al salam dmc, dmc salam, salam dmc, alsalam tower, al salamtower, salamtower, alslm, alsalamtwr, dmc alsalam"
Al Salam Tower,subcommunity,"Tourist Club Area, Abu Dhabi","al salam twr, al salam, salam twr, salam tower, alsalam, al salam t, salam t, alsalam tower, tourist club al salam, al salam tourist club, alslam, alsalamtwr, salamtwr, tca al salam"
Al Saman Tower,subcommunity,"Hamdan Street, Abu Dhabi","al saman twr, al saman, saman twr, saman tower, al saman t, saman t, alsaman, alsamantwr, al saman abu dhabi, saman abu dhabi, al saman hamdan st, saman hamdan st, hamdan st al saman, hamdan st saman"
Al Samar,subcommunity,"Al Yahar, Al Ain","alsamar, alsmr, alsamr, samar, smar, al yahar al samar, al yahar samar, alyahar alsamar, alsamar alyahar, al yahar alsamr, alsamr alyahar"
Al Samar,subcommunity,"Greens, Dubai","alsamar, samar, alsam, alsmr, alsamar greens, samar greens, greens al samar, greens samar"
Al Samaya,subcommunity,"Sheikh Zayed Road, Dubai","samaya, szr al samaya, alsamaya, al samay, alsamya, samya, szr samaya, alsmaya"
Al Saqr Business Tower,subcommunity,"Sheikh Zayed Road, Dubai","al saqr, alsqr, sqr tower, al sqr, alsaqer, saqr tower, sqr, alsaqr, sheikh zayed al saqr, al saqr szr, alsqr tower, szr al saqr"
Al Sarouj Street,subcommunity,"Central District, Al Ain","al sarouj st, sarouj st, al srj, sarouj, alsarouj, alsrouj, al saroj, central district al sarouj, al sarouj central district, alsarouj st, sarouj street, al sarouj str, central al sarouj, al sarouj cd, alsaroj, alsrouj st"
Al Sarraf Residence,subcommunity,"Al Qusais, Dubai","al sarraf res, sarraf res, al sarraf, asr, sarraf, alsarraf, al saraf, alsaraf, al sarraf r, al qusais al sarraf, al sarraf al qusais, alqusais al sarraf, al sarraf alqusais"
Al Sawari Tower,subcommunity,"Al Khalidiya, Abu Dhabi","al sawari twr, sawari tower, al sawari, sawari, alsawari, alsawari twr, al sawari twr abu dhabi, khalidiya al sawari, al sawari khalidiya, sawari khalidiya, alswari, alsawry, al sawry, sawary, al sawari t, al sawari towr, khalidiya sawari"
Al Sayyah Building,subcommunity,"Sheikh Zayed Road, Dubai","al sayyah, alsayyah, sayyah bldg, szr al sayyah, al sayyah szr, alsayyah bldg, sayyah, szr sayyah, al sayyah bldg, sayyah szr, alsayyah szr, alsayyahbldg, sayyahbldg"
Al Sayyah Residence,subcommunity,"Arjan, Dubai","al sayyah, alsayyah, sayyah res, sayyah, arjan alsayyah, arjan sayyah, alsayyah arjan, sayyah arjan, al sayyah arjan, arjan al sayyah"
Al Seef,subcommunity,"Al Raha Beach, Abu Dhabi","aseef, alseef, seef, al sif, alsif, alsef, asef, alseef al raha, alseef abu dhabi, al raha al seef, al raha alseef"
Al Seef  Towers,subcommunity,"Jumeirah Lake Towers, Dubai","al seef, alseef, ast, alsef, alseef towers, jlt alseef, alseef jlt, al seef jlt, al seef jumeirah, jlt al seef, alseftowers, alseefjlt, alseef towers jlt, al seef towers jlt"
Al Seef Residences,subcommunity,"Al Qurm, Abu Dhabi","al seef res, al seef, seef res, alseef, alseef res, al seef res al qurm, al qurm al seef, al qurm alseef, alseef al qurm, al seef al qurm abu dhabi, al qurm al seef res abu dhabi, alseefres, alseefres al qurm, al qurm alseef res"
Al Seef Tower,subcommunity,"Dubai Marina, Dubai","al seef, alseef, alsef, alseef twr, alseef tower, al seef twr, dm al seef, al seef dm, alseef dubai marina, dubai marina al seef, alseftower, alseef tw, al seef tw, alseef dubai, dubai alseef"
Al Seef Village,subcommunity,"Al Salam Street, Abu Dhabi","al seef, alseef, alsef, aseef, seef village, al seef vill, alseef vill, al seef vu, al seef v, al salam al seef, al salam seef, alseef al salam, al seef al salam street, aseef al salam, al seef abu dhabi, alseef abu dhabi"
Al seer,subcommunity,"City Downtown, Ras Al Khaimah","al ser, alseer, alsir, al ser rah, alseer rah, alseer rak, alsir rak, alser, al seer rak, alseer dt, alser dt, alseer rakh, alseerrak, alserdt, alseerdt, al seerdt, alser rak"
Al Sehma,subcommunity,"Al Rowdat Suburb, Sharjah","al seh, alseh, al sema, al semah, alsehma, al shema, alshma, al semha, al rowdat al seh, al rowdat alseh, alrowdat alseh, sharjah al seh, sharjah alseh, alseh sharjah, alrowdatalseh"
Al Shaali Tower,subcommunity,"Al Rumaila, Ajman","al shaali, shaali twr, al shaali t, shaali, alshali, al shali, ashali, shaali tower, alshaali, al rumaila al shaali, al shaali al rumaila, al rumaila shaali, shaali al rumaila, alshaali tower"
Al Shafar Building,subcommunity,"Sheikh Zayed Road, Dubai","al shafar, ashafar, alshafar, shafar bldg, szr al shafar, al shafar szr, shafar bldg szr, alshafar szr, ashafar szr, shafar szr, al shafar bldg, szr alshafar, alshafar bldg szr"
Al Shafar Park Tower,subcommunity,"Al Karama, Dubai","al shafar, shafar park, shafar tower, al shafar twr, shafar pt, alshafar, shafarpark, shafartower, karama shafar, al karama shafar, shafar karama, alshafartower, shafar park tower al karama"
Al Shafar Tower,subcommunity,"Barsha Heights (Tecom), Dubai","al shafar, shafar twr, shafar tower, alshafar, shafar, ashafar, al shafar twr, barsha heights al shafar, al shafar barsha heights, tecom al shafar, alshafartwr, shafartwr, al shafr, shafar tecom, alshafar tower"
Al Shafar Tower,subcommunity,"Business Bay, Dubai","al shafar, ashafar, alshafar, shafar twr, shafar tower, al shafar twr, business bay al shafar, alshafartower, shafartower, bb al shafar, alshafar bb, shafar, alshfr, ashafar twr"
Al Shafi Tower,subcommunity,"Hamdan Street, Abu Dhabi","al shafi, shafi twr, alshafi, shafitwr, shafi t, ashafi, al shafe, shafe tower, alshafitwr, hamdan st al shafi, al shafi hamdan, hamdan al shafi, al shafee, shafee twr"
Al Shahba,subcommunity,"Mughaidir, Sharjah","shahba, alshahba, shahb, mughaidir alshahba, al shahb, shahba mughaidir, alshb, mughaidir shahba"
Al Shahed Tower,subcommunity,"Barsha Heights (Tecom), Dubai","al shahed, shahed twr, shahed t, alshahed, barsha shahed, shahed barsha heights, al shahed barsha, shahed tower barsha, barsha heights shahed, tecom shahed, shahed tecom, alshahedtower, shahedtower, shahedt, shahedtwr, barshashahed, shahedbarsha, tecomshahed"
Al Shaheen Tower,subcommunity,"Al Khalidiya, Abu Dhabi","al shaheen, shaheen, shaheen twr, al shhn, alshhn, alshaheen, shaheen t, al shaheen tower abu dhabi, al khalidiya al shaheen, al shaheen al khalidiya, ashheen, alshahin, alshahen, alshain, alkhalidiya shaheen"
Al Shahid Tower,subcommunity,"Al Qasba, Sharjah","al shahid, shahid twr, alshahid, shahid, alshahid tower, shahid tower, al qasba al shahid, alqasba alshahid, al shahid al qasba, shahid al qasba, alshahid alqasba"
Al Shaiba 291,subcommunity,"Al Nahda, Sharjah","al shaiba, shaiba 291, al sh, shaiba, sh291, alshaiba, shaiba291, al nahda shaiba, shaiba al nahda, alsh, ash291, alsh291, shaib291, al shaib291"
Al Shaiba Building 167,subcommunity,"Al Nahda, Sharjah","al shaiba, shaiba bldg, al sh, shaiba 167, alshaiba, ash shaiba, alshba, shaib, al nahda shaiba, shaiba al nahda, al shaiba bldg, shaiba167, alsh167, shaiba al nahda 167, al nahda al shaiba, alshaiba167"
Al Shaiba Building 183,subcommunity,"Al Nahda, Sharjah","al shaiba bldg, al shaiba, shaiba bldg, shaiba 183, al shaiba183, alshaba, alshayba, ashayba, alshaiba, al nahda shaiba, shaiba al nahda, al nahda al shaiba, alshaiba bldg, shaiba183, al shaibah, alshaybah, ashaybah, al nahda al shaiba bldg, al nahda shaiba 183, shaiba al nahda 183, al shaiba bldg 183, alshayba 183, ashayba 183, alshaba 183, al nahda al shaiba 183, al shaibah 183, alshaybah 183, ashaybah 183"
Al Shaiba Building 334,subcommunity,"Al Nahda, Sharjah","al shaiba, shaiba bldg, al shiba, shaiba 334, alshaiba, shaiba bldg 334, al nahda shaiba, shaiba al nahda, alshba, ashba, al shaib, shaib 334, alshaib, alshayba, shaiba334, alnahda shaiba, shaiba alnahda"
Al Shaiba Building 512,subcommunity,"Al Nahda, Sharjah","al shaiba, shaiba bldg, al sh, ash shaiba, alshaiba, al shayba, shaiba 512, al shaiba512, al nahda shaiba, shaiba al nahda, al shayba bldg, ashayba, alshayba, shaiba bldg 512, al nahda al shaiba, al shaib, alshiba, shaib, shaiba512 al nahda, al nahda al shaiba 512, al shaiba al nahda, shaiba al nahda 512"
Al Shaiba Building A,subcommunity,"Al Taawun, Sharjah","al shaiba a, al shaiba, shaiba a, shaiba, al sh, shaiba bldg a, alshaiba, alshaiba a, shaiba building, al shaiba bldg, al taawun shaiba, shaiba al taawun, al taawun al shaiba, alshaiba al taawun, al taawun shaiba a, al shaibaa, alshba, alshiba, alshba a, alshiba a, al shaib, alshaeiba, alshaeiba a, alshaebaa, alshaebaa a, alshayba, alshayba a, alshaybaa, alshaybaa a, al shaibah, al shaibah a, alshabaa, alshabaa a, alshabah, alshabah a, alshaybah, alshaybah a, alshayba building a, alshiba building a, alshiba building, alshayba building, alshabah building, alshabah building a, alshaba building, alshaba building a, alshaeiba building, alshaeiba building a, alshaebaa building, alshaebaa building a, alshayba al taawun, alshayba al taawun a, alshiba al taawun, alshiba al taawun a, alshabah al taawun, alshabah al taawun a, alshaba al taawun, alshaba al taawun a, alshaeiba al taawun, alshaeiba al taawun a, alshaebaa al taawun, alshaebaa al taawun a, alshaybah al taawun, alshaybah al taawun a, alshayba al taawun building a, alshiba al taawun building a, alshabah al taawun building a, alshaba al taawun building a, alshaeiba al taawun building a, alshaebaa al taawun building a, alshaybah al taawun building a, al taawun al shaib, al taawun al shaib a, al taawun al shiba, al taawun al shiba a, al taawun al shayba, al taawun al shayba a, al taawun al shaybaa, al taawun al shaybaa a, al taawun al shaibah, al taawun al shaibah a, al taawun al shabaa, al taawun al shabaa a, al taawun al shabah, al taawun al shabah a, al taawun al shaybah, al taawun al shaybah a, al taawun al shayba building a, al taawun al shiba building a, al taawun al shiba building, al taawun al shayba building, al taawun al shabah building, al taawun al shabah building a, al taawun al shaba building, al taawun al shaba building a, al taawun al shaeiba building, al taawun al shaeiba building a, al taawun al shaebaa building, al taawun al shaebaa building a, al taawun al shaybah building, al taawun al shaybah building a, al taawun shaib, al taawun shaib a, al taawun shiba, al taawun shiba a, al taawun shayba, al taawun shayba a, al taawun shaybaa, al taawun shaybaa a, al taawun shaibah, al taawun shaibah a, al taawun shabaa, al taawun shabaa a, al taawun shabah, al taawun shabah a, al taawun shaybah, al taawun shaybah a, al taawun shiba building, al taawun shiba building a, al taawun shayba building, al taawun shayba building a, al taawun shabah building, al taawun shabah building a, al taawun shaba building, al taawun shaba building a, al taawun shaeiba building, al taawun shaeiba building a, al taawun shaebaa building, al taawun shaebaa building a, al taawun shaybah building, al taawun shaybah building a, shaiba al taawun a, al taawun al shaiba a, al taawun shaiba building a, al taawun shaiba building, al taawun al shaiba building a, al taawun al shaiba building, shaiba a al taawun, shaiba building a al taawun, shaiba building al taawun, shaiba building al taawun a, shaib, shaib a, shiba, shiba a, shayba, shayba a, shaybaa, shaybaa a, shaibah, shaibah a, shabaa, shabaa a, shabah, shabah a, shaybah, shaybah a, shiba building, shiba building a, shayba building, shayba building a, shabah building, shabah building a, shaba building, shaba building a, shaeiba building, shaeiba building a, shaebaa building, shaebaa building a, shaybah building, shaybah building a, al shaib a, al shiba, al shiba a, al shayba, al shayba a, al shaybaa, al shaybaa a, al shabaa, al shabaa a, al shabah, al shabah a, al shaybah, al shaybah a, al shiba building, al shiba building a, al shayba building, al shayba building a, al shabah building, al shabah building a, al shaba building, al shaba building a, al shaeiba building, al shaeiba building a, al shaebaa building, al shaebaa building a, al shaybah building, al shaybah building a, sha"
Al Shaiba Tower,subcommunity,"Dubai Production City (IMPZ), Dubai","al shaiba, shaiba twr, alshba, alshiba, shaiba t, dubai prod city al shaiba, al shaiba impz, alshaiba, shaibatwr, impz al shaiba, alshabatwr, shaibatower, al shaibatwr, dubai production city al shaiba"
Al Shaiba Towers,subcommunity,"Barsha Heights (Tecom), Dubai","al shaiba, shaiba towers, shaiba twrs, al shba, alshba, alshaiba, shaibatowers, barsha heights al shaiba, al shaiba barsha heights, tecom al shaiba, al shaiba tecom"
Al Shalal Tower,subcommunity,"Emirates City, Ajman","al shalal, shalal twr, alshalal, shalal, emirates city al shalal, al shalal emirates city, emirates al shalal, shalal tower, alshalal tower, emirates city shalal, shalal emirates city"
Al Shaleela,subcommunity,"Al Raha Beach, Abu Dhabi","shaleela, al sh, ashaleela, alshaleela, shaleela al raha, al raha shaleela, alshalela, ashalela, shalela, al shlela, alshaleelah, shaleelah, al raha al shaleela, alshaleela al raha, shaleela alraha"
Al Shamiya Building,subcommunity,"Al Seer, Ras Al Khaimah","al shamiya, shamiya, al sham, sham, alshamiya, alsham, shamiya bldg, al shamiya bld, al seer al shamiya, al shamiya al seer, ras al khaimah al shamiya, al shamiya rak, alshamiya alseer"
Al Shamsi 1,subcommunity,"Muwaileh Commercial, Sharjah","al shamsi, alshamsi, shamsi 1, shamsi1, muwaileh shamsi, shamsi muwaileh, al shams, shams, muwaileh al shamsi1, alshams1, shams1, muwaileh alshamsi, alshamsi1, shamsi, alshams, muwaileh shamsi1"
Al Shamsi 2,subcommunity,"Muwaileh Commercial, Sharjah","al shamsi, alshamsi, shamsi 2, shamsi2, muwaileh shamsi, al shams, shams, muwaileh al shamsi2, alshams2, shams2, muwaileh alshamsi, muwaileh al shams, alshamsi2, shamsi, muwaileh shams2, al shams2"
Al Sharafi Building,subcommunity,"Al Karama, Dubai","al sharafi bldg, sharafi bldg, al sharafi blg, sharafi blg, al sharafi, sharafi, sharafy building, al sharafy, sharfi building, al sharfi, sharafee building, al sharafee, sharafy bldg, sharfi bldg, sharafee bldg, al sharafy bldg, alsharafi, sharafibuilding, sharafibldg, alsharafibuilding, alsharafibldg, sharafi building karama, sharafi karama, al sharafi karama, karama sharafi, sharafi bldg karama, al sharafi building karama, al sharafi bldg karama, sharafy karama, alsharafi karama, alsharafy karama, al sharafy karama, al sharfi karama, sharfi karama, sharafy bldg karama, sharfi bldg karama"
Al Sharafi Building,subcommunity,"Al Karama, Dubai","al sharafi bldg, sharafi bldg, al sharafi, sharafi, alsharafi, al sharafy, sharafy, al sharfi, sharfi, alsharafibldg, sharafibldg, al sharafi karama, sharafi karama, al sharafy karama, sharafy karama, al sharafi bldg karama, sharafi bldg karama, al sharafy bldg karama, sharafy bldg karama, al sharafi building karama, sharafi building karama, karama sharafi, karama al sharafi, alsharafi karama"
Al Sharqi Street,subcommunity,"Sheikh Hamad Bin Abdullah St., Fujairah","sharqi, sharqi st, sharqi street, al sharqi, al sharqi st, alsharqi, alsharqist, alsharqistreet, sharqist, sharki st, sharki street, al sharki, al sharki st, al sharqee, sharqee st, sharqi fujairah, al sharqi fujairah, al sharqi st fujairah, alsharqi fujairah, sharki fujairah, al sharki fujairah"
Al Sharqi Street,subcommunity,"Sheikh Hamad Bin Abdullah St., Fujairah","sharqi st, al sharqi st, sharqi, al sharqi, sharqi str, al sharqi str, alsharqi, alsharqist, sharqist, al sharqy, sharqy, al sharki, sharki, sharki st, al sharqee, sharqee, al sharqi fujairah, sharqi fujairah, al sharqi st fujairah, sharqi st fujairah, sharqi road, al sharqi rd, sharqi rd, fujairah sharqi st, alsharqi road, alsharqi rd, sharqy st, sharky st, al sharky, sharky, alsharqi fujairah, alsharqy fujairah, sharqy fujairah, sharki fujairah, al sharki fujairah"
Al Shaya Building,subcommunity,"Al Karama, Dubai","al shaya, shaya bldg, alshaya, alshaya bldg, shaya building, al shaaya bldg, al shayya bldg, al shaya karama, alshaya karama, shaya karama, al shaya building karama, al shaya bldg karama, alshaya bldg karama, shaya bulding, alshaya building, al shaaya, al shayya, al schaya, ashaya bldg, shayabuilding, alshayabuilding, karama al shaya"
Al Shaya Building,subcommunity,"Al Karama, Dubai","al shaya bldg, shaya bldg, al shaya, shaya, alshaya, alshayabldg, shaya building, al shayah, al shayah bldg, al shaya karama, al shaya bldg karama, shaya karama, shaya bldg karama, al shaya building karama, karama al shaya, alshaya karama, ashaya bldg"
Al Shaya Tower,subcommunity,"Al Zahiyah, Abu Dhabi","shaya tower, shaya twr, al shaya, alshaya, alshayatower, shayatower, ast, al shaia tower, al shayyah tower, al shayah tower, al shya tower, al shaya twr, alshaya twr, al zahiyah al shaya, al shaya tower zahiyah, al shaya zahiyah, zahiyah shaya tower, shaya tower abu dhabi, al shaya abu dhabi, shaya tower ad, alshaya ad, alshaya tower ad"
Al Shebani Residence,subcommunity,"Dubai Marina, Dubai","alshebani, alshebani res, alshebani residence, alshebani resi, alshebani resid, al shebani, al shebani res, al shebani resid, alshebani marina, marina alshebani, asr, asr marina, alshebani r, al shebani r, alshebaniresidence, alshebanires, alshibani, alshibani res, alshebany, alshebany res, alshebani dubai marina, marina alshebani residence"
Al Shaya Tower,subcommunity,"Al Zahiyah, Abu Dhabi","alshaya, alshaya tower, alshaya twh, alshaya twr, alshaya ad, alshaya auh, alshaya zahiyah, zahiyah alshaya, alshayatower, alshayatwr, alshayyah, alshayya, alshayaa, alshayaa tower, alshya, alshy tower, alshy twr, alshyatower, alshyatwr, alshyaad, alshyaauh, alshaya abu dhabi, alshaya abudhabi"
Al Shebley Building,subcommunity,"Dubai Investment Park (DIP), Dubai","alshebley, alshebly, shebley, shebly, al shebly bldg, alshebley bldg, dip alshebley, alshebley dip, alshebly dip, al shebly dip, alsheblybuilding, alshebleybuilding, alshibly, alshibly bldg, alsheble, shebley bldg, shebly bldg, dip shebley, dip shebly"
Al Shebani Residence,subcommunity,"Dubai Marina, Dubai","al shebani, shebani, shebani res, shebani resid, asr, asr marina, al shebani marina, alshebani, shebaniresidence, shebanimarina, alshabani, al shibani, al shebany, shebany, al shebani res, asr dubai marina, shebani res marina"
Al Shiba Building 239,subcommunity,"Al Qasimia, Sharjah","al shiba 239, shiba 239, al shiba bldg 239, shiba bldg 239, al sheeba 239, sheeba 239, al sheeba building 239, al sheeba bldg 239, alshiba 239, alshiba239, shiba239, al shibah 239, shibah 239, as bldg 239, as bld 239, al shiba building 239 qasimia, al shiba 239 qasimia, shiba 239 qasimia, qasimia al shiba 239, al shiba qasimia, shiba building qasimia, al shiba building"
Al Shebley Building,subcommunity,"Dubai Investment Park (DIP), Dubai","shebley, al shebley, shebley bldg, al shebley bldg, shebly, al shebly, shebly bldg, al shebly bldg, shebly building, shibley, al shibley, shibley bldg, shibley building, alshebley, alshebleybldg, alshebleybuilding, shebleybldg, shebleybuilding, alshebly, alsheblybldg, sheblybldg, shebley dip, al shebley dip, shebley bldg dip, al shebley bldg dip, shebly dip, al shebly dip, shebly bldg dip, alshebley dip, shebley building dip, shebly building dip"
Al Shiba Building 239,subcommunity,"Al Qasimia, Sharjah","al shiba 239, shiba 239, al shiba bldg 239, shiba bldg 239, al sheba 239, al sheeba 239, sheba 239, sheeba 239, alshiba 239, alshiba239, shiba239, al shiba building, shiba building, al shiba bldg, al shiba building 239 al qasimia, al qasimia al shiba 239, al qasimia al shiba building 239, al shiba 239 sharjah, al shiba 239 shj, al shiba bldg 239 sharjah, al shiba bldg 239 shj, al shiba building sharjah, al shiba building shj, al shiba bldg sharjah, al shiba bldg shj, al shiba building no 239, al shiba bldg no 239, al shiba #239, al shiba bldg #239, al sheba building 239, al sheba bldg 239"
Al Shiba Building 239 A,subcommunity,"Al Qasimia, Sharjah","al shiba 239a, al shiba 239, shiba 239a, shiba 239, al shiba bldg 239a, al shiba bldg 239, al shiba building 239, alshiba 239a, alshiba 239, shiba239a, shiba bldg 239a, al sheba 239a, al sheba 239, sheba 239a, sheba 239, al sheba building 239 a, al shiba 239-a, shiba 239-a, al shiba 239a qasimia, al shiba 239 qasimia, shiba 239a qasimia, al shiba 239a sharjah, shiba 239a shj, alshiba239a, al shiba bld 239a, al siba 239a, al siba building 239a"
Al Shorafa Complex,subcommunity,"Sheikh Khalifa Bin Zayed Street, Ajman","shorafa complex, al shorafa, shorafa, al shurafa, shurafa, shurafa complex, al shorafah, shorafah complex, alshorafa, alshorafacomplex, shorafacomplex, shorfa, shorfa complex, al shorfa, al shorafa ajman, shorafa ajman, shurafa ajman, al shurafa ajman, shorafa complex ajman, shurafa complex ajman, shorafa khalifa street, shorafa complex khalifa st"
Al Shiba Building 239 A,subcommunity,"Al Qasimia, Sharjah","al shiba bldg 239 a, shiba bldg 239a, al shiba 239a, shiba 239a, al shiba 239, shiba 239, al sheeba building 239 a, al sheeba bldg 239a, al sheeba 239a, alshiba 239a, alshiba bldg 239a, al shiba bldg 239 a qasimia, al shiba 239 a qasimia, shiba 239 qasimia, al shiba 239 sharjah, shiba 239 sharjah, al shiba bldg 239a sharjah, al shiba building 239a qasimia, al shiba 239-a, shiba 239-a, al shiba bldg 239-a, al shibah 239a, al sheba 239a"
Al Shorafa Complex,subcommunity,"Sheikh Khalifa Bin Zayed Street, Ajman","alshorafa, shorafa, alshorafacomplex, alshorafaa, alshorafa ajman, shorafa ajman, skbz alshorafa, shk khalifa st alshorafa, alshorafa complex ajman, alshorafacomp, alshorafacpx, alshorafa cplx, shorafacp, shorafacpx, shorafacplx, alshorafacomplexajman, alshorafaajman, alshorafah, alshorafa st, skbz st alshorafa"
Al Shuaibah,subcommunity,"Al Rawdah Al Sharqiyah, Al Ain","alshuaiba, al shuaiba, shuaibah, shuaiba, alrawdah shuaiba, al rawdah shuaiba, alain shuaiba, al ain shuaiba, alshuaibah, alshuaiba alain, shuaibah alain, al shuaybah, al shuayba, alshuaib"
Al Shuaibah,subcommunity,"Al Rawdah Al Sharqiyah, Al Ain","alshuaiba, shuaiba, shuaibah, alshuayba, alshuaybah, alshuaib, alshuaib al ain, alshuaiba al ain, shuaiba al ain, alrawdah alshuaiba, alrawdah alshuaibah, alshuaibah alrawdah, shuaibah alrawdah, alshuaibah alain, shuaibah alain, alshuaibah sub, alshuaiba sub"
Al Shuwaihean,subcommunity,"Al Gharb, Sharjah","shuwaihean, shuwaihan, shuweihan, shuwaiheen, shuweheen, alshuwaihean, alshuwaihan, alshuweihan, alshuwaiheen, alshuweheen, al shuwaihan, al shuweihan, al shuwaiheen, al shuweheen, al shwaihean, shwaihean, al shwaihan, shwaihan, shuwaihean sharjah, shuwaihan sharjah, al shuwaihan sharjah, al shuwaihean sharjah, shuwaihean al gharb, al gharb shuwaihean"
Al Shuwaihean,subcommunity,"Al Gharb, Sharjah","shuwaiheen, alshuwaiheen, shuwaihan, alshuwaihan, shuweihan, alshuweihan, shuwaihen, alshuwaihen, shuwayhean, alshuwayhean, shuwaihean, alshuwaihean, shuwai, alshuwai, shuwaiheen sharjah, shuwaihean sharjah, al gharb shuwaihean, al gharb shuwaiheen, gharb shuwaihean, algharb shuwaihean, algharb shuwaiheen"
Al Sidir,subcommunity,"Greens, Dubai","sidr, sider, sedir, al sidr, al sider, al sedir, alsidir, alsidr, alsider, alsedir, sidir greens, sidr greens, sider greens, sedir greens, greens sidir, greens sidr, greens sider, greens sedir, al sidir greens, al sidr greens, al sider greens, greens al sidir, greens al sidr, greens al sider"
Al Sidir,subcommunity,"Greens, Dubai","al sidr, sidir, sidr, sider, al sider, alsidir, alsidr, alsider, al sedir, sedir, greens al sidir, greens al sidr, al sidir greens, al sidr greens, sidir greens, sidr greens, greens sidir, greens sidr, greens sider, sider greens, the greens al sidir, the greens al sidr, al sidir 1, al sidir 2, al sidir 3, al sidir 4, al sidr 1, al sidr 2, al sidr 3, al sidr 4, sidir 1, sidir 2, sidir 3, sidir 4, sidr 1, sidr 2, sidr 3, sidr 4, sider 1, sider 2, sider 3, sider 4, alsidir 1, alsidir 2, alsidir 3, alsidir 4, alsidr 1, alsidr 2, alsidr 3, alsidr 4"
Al Sidrah,subcommunity,"Al Khabisi, Al Ain","sidra, sidrah, al sidra, alsidra, alsidrah, el sidra, el sidrah, elsidra, elsidrah, al cedra, alcedra, cedra, cedrah, al khabisi sidra, al khabisi sidrah, khabisi sidra, khabisi sidrah, sidra khabisi, sidrah khabisi, alkhabisi sidra, alkhabisi sidrah, al sidra al ain, al sidrah al ain, sidra al ain, sidrah al ain, sidra alain, sidrah alain, alsidra al ain, alsidrah al ain, al sidra khabisi, al sidrah khabisi"
Al Sidrah,subcommunity,"Al Khabisi, Al Ain","sidra, al sidra, alsidra, alsidrah, sedra, sedrah, al sedra, al sedrah, alsedra, alsedrah, sidra al khabisi, sidrah al khabisi, al sidra al khabisi, al sidrah al khabisi, al khabisi sidra, al khabisi sidrah, sidra al ain, sidrah al ain, al sidra al ain, al sidrah al ain, sidra khabisi, sidrah khabisi"
Al Sima Tower,subcommunity,"Jumeirah Village Circle, Dubai","alsima, al sima, asima tower, asima jvc, alsima jvc, alsimatower, asimatower, al sema, al sema tower, al simma, al sima jvc, jvc al sima, al sima tewr, al sima twr, alsimatwr"
Al Sima Tower,subcommunity,"Jumeirah Village Circle, Dubai","al sima, alsima, al sima jvc, jvc al sima, al sima twr, al simatower, alsimatower, al sema, al sema tower, alsema, al sema jvc, jvc al sema"
Al Sondos Apartments,subcommunity,"Dubai Investment Park (DIP), Dubai","alsondos, sondos, alsondos apts, sondos apts, al sondos, al sondos dip, dip alsondos, alsondos dip, sondos dip, sondos apartments, alsondosapartments, sondosapts, al sondos apt, alsondosapt, alsndos, sondos apt"
Al Sondos Apartments,subcommunity,"Dubai Investment Park (DIP), Dubai","alsondos, sondos, alsondos apts, sondos apts, alsondos dip, sondos dip, dip alsondos, dip sondos, alsondosapartments, alsondosapt, sondosapt, al sondos apt, alsondus, alsondoss, sondoss, alsondos d ip, dip alsondos apts"
Al Sondos Oasis,subcommunity,"Dubai Silicon Oasis, Dubai","al sondos, sondos, sondos oasis, aso, as oasis, al sundus, al sundus oasis, sundus oasis, sundus, al sandos, al sondus, alsondos, sondosoasis, alsondosoasis, alsundus, alsundusoasis, dso al sondos, dso sondos, silicon oasis al sondos, silicon oasis sondos, al sondos dso, sondos dso, al sondos oasis dso, dso sundus, sundus dso"
Al Sondos Oasis,subcommunity,"Dubai Silicon Oasis, Dubai","alsondos, sondosoasis, as-oasis, aso, so-oasis, al sondus, al sondoz, alsondusoasis, sondusoasis, dso al sondos, al sondos dso, alsondos dso, dso sondos, sondos dso, al sondos oasis dso, al sondos oasiss, alsondoss, sondos oasies, al sondus oasis"
Al Sondos Residences 1,subcommunity,"Dubai Industrial City, Dubai","alsondos, sondos, sondos1, alsondos1, alsondosresidences, dic sondos, sondos dic, dic sondos 1, sondos residence, alsondos res, alsondos res 1, sondos res 1, alsondosres1, alsondosr1, sondos1 dic, dic alsondos, alsondos residences 1, alsundos, alsondoss, sondosone, alsondosone"
Al Sondos Residences 1,subcommunity,"Dubai Industrial City, Dubai","al sondos 1, alsondos 1, alsondos1, sondos 1, sondos1, al sondos res, al sondos res 1, dic al sondos, al sondos dic, alsondos residence, al sondos residences, al sondos resid, al sondos resd, al sondus 1, alsondus 1, al sondosone, alsondosone, al sondos r1, al sondosr1"
Al Sondos Residences 2,subcommunity,"Dubai Industrial City, Dubai","alsondos, sondos residences, sondos2, alsondos2, alsondosresidences, dic sondos, sondos dic, alsondos dic, dic sondos 2, alsondosresidences2, alsondous, sondos residence 2, alsondos r2, sondos r2, dic alsondos, alsondosres2"
Al Sondos Residences 2,subcommunity,"Dubai Industrial City, Dubai","sondos 2, alsondos 2, sondos res 2, sondos residences ii, dic sondos 2, sondos dic, sondos2, alsondos2, sondos resid 2, sondos resi 2, al sondos 2, sondos residencies 2, sondos res 2 dic, dic sondos residences 2"
Al Sondos Residences 3,subcommunity,"Dubai Industrial City, Dubai","al sondos 3, sondos 3, al sondos res 3, alsondos 3, alsondos residences 3, dic al sondos 3, al sondos dic, al sondos 3 dic, al sondos res 3 dic, alsondos3, sondos3, al sondos residences iii, al sondos res iii, al sundos 3, al sondos r3, al sondos 3 residences, dic sondos 3, al sondos resi 3, al sondos residence 3, as3, al sondos 3rd"
Al Sondos Residences 3,subcommunity,"Dubai Industrial City, Dubai","al sondos 3, sondos 3, alsondos 3, al sondos res 3, sondos res 3, dic al sondos, al sondos dic, al sondos residence 3, al sondos resi 3, al sondos r3, alsondos3, sondos3, al sondos three, al sundus 3, al sundos 3, al sondus 3, al sondos resd 3"
Al Sondos Tower,subcommunity,"Sheikh Zayed Road, Dubai","alsondos, sondostower, alsondostower, sondos tower, sondos, szr sondos, sondos szr, alsondos szr, szr alsondos, alsondostwr, sondostwr, alsondostowr, al sondos twr, sondos twr, asondos, sondos tower szr"
Al Sondos Tower,subcommunity,"Sheikh Zayed Road, Dubai","sondos tower, al sondos, sondos, ast, sondos twr, alsondos, al sondos szr, szr sondos, alsondostower, al sondus, al sundus, al sondose, sondos tr, al sondos tower szr, szr sondos tower"
Al Soor,subcommunity,"Al Qasimia, Sharjah","alsoor, alsor, al sur, al surr, alqasimia alsoor, alsoor sharjah, alqasimia sor, asoor, alsoor qasimia, alsor qasimia, alsur qasimia, al-soor, alsoorcomm, alsoorshj"
Al Souk Al Kabeer,subcommunity,"Bur Dubai, Dubai","souk kabeer, al souq al kabeer, bur dubai souk, souk al kabeer, souq kabeer, alsoukkabeer, alsk, ask, skk, soukabeer, al souk kabeer, souk al kaber, souk al kabeer bur dubai, bur dubai souk al kabeer, souk kabir, souq al kabir"
Al Souq Tower,subcommunity,"Corniche Road, Abu Dhabi","alsouq, alsouq twr, souq tower, souq twr, as tower, as twr, al souq, corniche alsouq, alsouq corniche, alsouqtower, alsouqtwr, alsuk tower, alsuq tower, al souq twr, alsouq tewer, souqtower"
Al Sufouh 1,subcommunity,"Al Sufouh, Dubai","alsufouh1, sufouh1, sufouh one, sufouh, al sufouh, sufuh1, alsufuh1, sufouh-1, alsufouh-1, sufouhsub1, sufoh1, sufuh one, alsufoh1, sufouh 1, alsufouh 1, sufouhcommunity, alsufouh1area"
Al Soor,subcommunity,"Al Qasimia, Sharjah","alsor, al sur, al sour, al qasimia al soor, al soor sharjah, alqasimia al soor, al qasimia alsor, al qasimia sour, alsor sharjah, al sur sharjah, al soor shj, al qasimia shj, al soor st, alsor st"
Al Sufouh 2,subcommunity,"Al Sufouh, Dubai","sufouh 2, sufouh2, alsufouh2, sufouh, al sufouh, sufouh two, sufouh-2, al sufouh two, sufoh 2, sufoh2, al sufoh 2, alsufoh 2, sufuh 2, sufuh2, alsufuh 2, sufouh sub 2, sufouh 2nd, sufouh.2"
Al Souk Al Kabeer,subcommunity,"Bur Dubai, Dubai","souk kabeer, al souk, sk, bur dubai souk, souk al kabeer, alkabeer, soukkabeer, souk kabeer bur dubai, al souk al kabeer bur dubai, al souk alkabeer, soukalkabeer, souk al kabir, al souk al kabir, sk bur dubai"
Al Sufouh Road,subcommunity,"Al Sufouh, Dubai","sufouh, al sufuh, sufuh rd, sufouh road, sufouh rd, asufouh, al sufouh rd, sufuh, al sufuh road, sufouhroad, sufouhrd, sufuhroad, al sufouh, alsufouh, sufouh street, sufuh st, sufouh st, al sufouh st"
Al Souq Tower,subcommunity,"Corniche Road, Abu Dhabi","alsouq, souq tower, al souq, alsouqtower, souqtower, al souq corniche, corniche al souq, al souq ad, alsouq corniche, souq corniche, alsuq tower, al suq tower, al souqe tower, alsouq tr, al souq twr"
Al Sufouh Towers,subcommunity,"Dubai Media City, Dubai","alsufouh, sufouh, alsufuh, sufuh, asufouh, alsfooh, alsfoh, sfooh, sfoh, alsufouhtowers, sufouhtowers, alsufouhtower, alsufouhdmc, dmcalsufouh, alsufouh media city, media city sufouh, alsufouh towers dmc, alsufouh towers media city, alsufouhtwrs, alsufouhtwr"
Al Sufouh 1,subcommunity,"Al Sufouh, Dubai","alsufouh1, sufouh1, sufouh one, al sufouh one, alsufouh, sufouh, as1, alsf1, sf1, al sofouh 1, al soufouh 1, alsufoh 1, alsufough 1, sufough 1, alsufouh-1, alsufouhone"
Al Suhail Tower,subcommunity,"Dubai Waterfront, Dubai","alsuhail, suhail tower, suhail t，suhail twr, alsuhailtw, alsuhailtwr, waterfront suhail, suhail waterfront, suhail dw, dw suhail, alsuhail tower, alsulhail, alsuhailt, suhailt, suhailtwr, alsuhailtower, alsuhail dubai waterfront, suhail tower dw"
Al Suwaidi Building,subcommunity,"Al Nahda, Sharjah","alsuwaidi bldg, alsuwaidi, al suwaidi, as building, as bldg, alsuwaidibldg, al suwaidi al nahda, al nahda al suwaidi, alsuwaidi sharjah, al suwaidi sharjah, alswaidi bldg, alsuwaidi build, alsuwaidi blg, alswaydi bldg, alsuwaidi building sharjah, alnahda alsuwaidi, alsuwaidishj, alsuwaidibldg sharjah"
Al Sufouh 2,subcommunity,"Al Sufouh, Dubai","asufouh2, sufouh2, sufouh 2, alsufouh, sufouh, asufouh, asufuh2, asufouh two, sufouh two, asufouhsub2, sufouhsub2, asufouhcommunity, sufouhcommunity, sufuh 2, alsufuh2, sufuh, asufouh 2nd, sufouh 2nd, asf2, suf2"
Al Suwaifi,subcommunity,"Zakher, Al Ain","alsuwaifi, al suwaify, alsuwaify, suwaifi, al swaifi, alswaifi, suwaify, zakher suwaifi, al suwaifi al ain, suwaifi al ain, alsuwaif, alsuwaife, alswaify, asuwaifi, al-suwaifi"
Al Sufouh Road,subcommunity,"Al Sufouh, Dubai","alsufouh, sufouh, sufouh rd, sufouh road, al sufouh rd, alsufouhrd, sufouhrd, al sufoh, alsufoh, sufoh, al sufuh, alsufuh, sufuh, al sufooh, alsufooh, sufooh, as road, as rd, alsf, sf rd, sufouh road dubai, al sufouh dubai, sufouh dubai"
Al Suyoh 1,subcommunity,"Al Suyoh, Sharjah","alsuyoh1, suyoh1, as1, alsuyo1, alsuyoo1, al suyoh one, suyoh one, asuyoh1, alsuyoh-1, suyoh-1, al suyoh-1, alsyoh1, alsuyohsub1, alsuyoh1sharjah, sharjahalsuyoh1"
Al Sufouh Towers,subcommunity,"Dubai Media City, Dubai","al sufouh t, sufouh towers, al sufouh, sufouh t, asf, ast, al sufoh, al sufouh tower, dmc al sufouh towers, al sufouh towers dmc"
Al Suyoh 10,subcommunity,"Al Suyoh, Sharjah","suyoh 10, suyoh10, al suyoh10, suyoh, shj suyoh 10, al suyoh, suyoh x, al s 10, suyoh tenn, shj suyoh, suyoh ten, 10 suyoh, al suyoh ten"
Al Suyoh 11,subcommunity,"Al Suyoh, Sharjah","alsuyoh11, suyoh11, suyoh 11, alsuyoh-11, alsuyoh eleven, suyoh eleven, al suyoh eleven, suyoh-11, suyohoneone, alsuyohoneone, sharjahsuyoh11, suyoh11sharjah, alsuyoh11sharjah, suyo11, alsuyo11, suyoh 1, alsuyoh 1, alsuyo 11, suyoheleven, alsuyohsub11"
Al Suhail Tower,subcommunity,"Dubai Waterfront, Dubai","alsuhail, suhail tower, suhail t, alsuhailtwr, suhailtwr, alsuhail twr, alsuhail dw, dw suhail, water front suhail, suhail waterfront, alsuhail waterfront, alsuhailwaterfront, suhailtw, alsuhail t, alsuhailt, suhail tower waterfront, dw al suhail, al suhail dw"
Al Suyoh 12,subcommunity,"Al Suyoh, Sharjah","suyoh12, alsuyoh 12, suyoh twelve, al suyoh twelve, alsuyoh12, suyoh12 sharjah, sharjah suyoh 12, as12, al suyoh one two, alsuyoh-12, suyoh-12"
Al Suwaidi Building,subcommunity,"Al Nahda, Sharjah","suwaidi bldg, alsuwaidi bldg, suwaidi building, al nahda suwaidi, suwaidi al nahda, alsuwaidibldg, suwaidibldg, swaidi bldg, swaidi building, al swaidi bldg, alswaidi building, al nahda suwaidi bldg, suwaidi building al nahda, swaidi bld, al swaidi building, suwiedi bldg, al suwaidi bldg, alsuwaidi, swaidi"
Al Suyoh 13,subcommunity,"Al Suyoh, Sharjah","suyoh 13, suyoh13, alsuyoh13, al suyoh13, suyoh sub 13, s13, suyohs13, al suyoh 13 sharjah, suyoh 13 sharjah, as13, alsoyoh 13, alsuyoh thirteen, suyoh13s, suyohthirteen, suyohone three, alsyoh 13, al suyoh thirteen, suyoh sector 13"
Al Suwaifi,subcommunity,"Zakher, Al Ain","suwaifi, alsuwaifi, suwaify, al suwaify, suwafee, al suwafee, zakher suwaifi, suwaifi al ain, al ain suwaifi, suwaifi zakher, alsuwaify"
Al Suyoh 14,subcommunity,"Al Suyoh, Sharjah","alsuyoh14, suyoh14, suyoh 14, al suyoh sub 14, as14, al suyoh 14 shj, suyoh14 sharjah, alsuyoh fourteen, al suyoh fourteen, suyoh fourteen, al suyoh 14th, al suyoh 14 sub, suyoh 14 sharjah, al suyo 14, al suyooh 14, alsuyo14, alsuyooh14, suyo14, suyooh14"
Al Suyoh 1,subcommunity,"Al Suyoh, Sharjah","suyoh 1, alsuyoh 1, suyoh1, alsuyoh1, al suyoh one, al suyoh i, al suyo 1, al suyo1, al suyouh 1, al suyouh1, suyouh 1, suyouh1, sharjah suyoh 1, suyoh 1 sharjah, al suyoh sub 1, al sujo 1"
Al Suyoh 15,subcommunity,"Al Suyoh, Sharjah","alsuyoh15, suyoh15, suyoh 15, al suyoh 15 shj, suyoh 15 shj, alsuyoh 15, as15, suyoh-15, suyohfifteen, al suyohfifteen, suyo15, al suyo 15, suyoh one five"
Al Suyoh 10,subcommunity,"Al Suyoh, Sharjah","suyoh10, alsuyoh10, suyoh 10, al suyoh ten, suyohten, alsuyohten, al suyoh, suyoh, suyoh 1, suyoh-10, alsuyoh 10, s 10, suyoh 10 sharjah, sharjah suyoh 10, suyoh ten, alsuioh 10, alsuyo 10, suyoh10sharjah"
Al Suyoh 11,subcommunity,"Al Suyoh, Sharjah","suyoh 11, al suyoh11, alsuyoh11, suyoh11 sharjah, suyoh eleven, suyoh 11 shj, al suyoh eleven, s11, suyoh-11, suyoh11, alsuyoh 11, al suyoh 11 shj, s yoh 11, al suyoh eleven sharjah"
Al Suyoh 12,subcommunity,"Al Suyoh, Sharjah","suyoh 12, alsuyoh 12, suyoh12, alsuyoh12, suyoh sub 12, al suyoh shj 12, suyoh twelv, suyoh twelve, al suyoh 12 sharjah, suyoh 12 sharjah, suyuh 12, al suyuh 12, suyo 12, alsuyo 12, suyoh sub12, suyoh12 shj"
Al Suyoh 16,subcommunity,"Al Suyoh, Sharjah","alsuyoh16, suyoh16, alsuyoh-16, suyoh-16, alsuyoh sixteen, suyoh sixteen, suyoh16shj, shj suyoh 16, suyoh16sharjah, alsuyoh 16, as16, als16, s16, alsuyohsixteen, al suyoh sixteen, alsuyo16, alsyoh16, suyoh 16, alsuyoh, suyoh 16th"
Al Suyoh 13,subcommunity,"Al Suyoh, Sharjah","suyoh13, alsuyoh13, suyoh 13, s13, al suyoh 13 shj, al suyoh thirteen, suyoh thirteen, alsuyoh-13, suyoh-13, al suyoh 13 sharjah, suyoh 13 sharjah, al suyo 13, alsuyo13, suyoh one three, s-13, alsuyohthirteen, suyohthirteen, al suyo 13 shj, al suyuh 13, suyuh 13"
Al Suyoh 14,subcommunity,"Al Suyoh, Sharjah","suyoh 14, al suyoh14, alsuyoh 14, alsuyoh14, suyoh14, suyoh fourteen, al suyoh fourteen, s14, al s14, suyoh14 sharjah, sharjah suyoh 14, al suyoh sub 14, suyoh sub 14, al suyo 14, al suyo14, al suyohonefour, alsuyohonefour"
Al Suyoh 17,subcommunity,"Al Suyoh, Sharjah","suyoh17, alsuyoh17, s17, suyoh 17, suyoh seventeen, alsuyoh seventeen, s-17, al suyoh sub 17, al suyoh sect 17, as17, alsuoyh 17, al suyoh 17 sharjah, sharjah suyoh 17, suyoh17 shj, al suyoh-17, alsuyoh-17, s 17, suyoh s17"
Al Suyoh 15,subcommunity,"Al Suyoh, Sharjah","suyoh15, alsuyoh15, suyoh 15, al suyoh 15 shj, alsuyoh 15, suyoh 15 sharjah, suyoh fifteen, suyoh-15, alsuyohfifteen, suyoh15shj, al suyouh 15, suyouh 15, al suyoh15, suyoh one five, al suyoh sub 15, suyoh15 sharjah"
Al Suyoh 18,subcommunity,"Al Suyoh, Sharjah","suyoh 18, alsuyoh 18, suyoh18, alsuyoh18, al suyoh18, suyoh eighteen, suyo 18, suyo18, al suyo 18, suyuh 18, suyoh-18, al suyoh 18 sharjah, sharjah suyoh 18, suyoh 18 sharjah, al suyoh sharjah 18, suyoh sub 18"
Al Suyoh 16,subcommunity,"Al Suyoh, Sharjah","alsuyoh16, suyoh16, alsuyoh-16, suyoh-16, s16, alsuyoh16shj, suyoh16shj, alsuyohsixteen, suyohsixteen, alsuioh16, alsuyohsub16, as16, alsuyoh 16, alsuyo16, alsuyoh16sharjah"
Al Suyoh 17,subcommunity,"Al Suyoh, Sharjah","alsuyoh17, suyoh17, as17, suyoh 17, alsuyoh seventeen, al suyoh seventeen, suyohseventeen, al suyoh-17, suyoh-17, suyoh 17 sharjah, sharjah suyoh 17, al suyoh17, suyoh 17th, suyoh-seventeen, suyoh seventeen, alsuyoh, as 17"
Al Suyoh 18,subcommunity,"Al Suyoh, Sharjah","suyoh18, alsuyoh18, suyoh 18, suyoh-18, alsuyoh-18, suyoh eighteen, suyoh18 sharjah, sharjah suyoh 18, suyoh, suyoh sector 18, suyoh18s, suyoh-18s, alsuoyoh18, alsuyoh18 sharjah"
Al Suyoh 19,subcommunity,"Al Suyoh, Sharjah","suyoh19, alsuyoh 19, suyoh sub 19, al suyoh nineteen, suyoh 19 sharjah, sharjah suyoh 19, alsuyoh19, suyoh19 sharjah, al suyoh sub 19, suyoh nineteen, suyoh19sjh, sjh suyoh 19"
Al Suyoh 2,subcommunity,"Al Suyoh, Sharjah","asuyoh2, alsuyoh2, alsuyoh-2, suyoh2, suyoh 2, al suyoh two, asuyoh 2, as2, als2, suyoh-2, al suyoh-2, alsuyoh 2, asuyoh, suyoh 2 sharjah, sharjah asuyoh 2, asuyoh ii, alsuyohii, asuyoh sub 2"
Al Suyoh 19,subcommunity,"Al Suyoh, Sharjah","alsuyoh19, suyoh19, s19, al suyoh sub 19, alsuyoh 19, suyoh 19 sharjah, al suyoh sharjah 19, alsuyoh19 sharjah, suyoh nineteen, alsuyoh nineteen, al suyoh-19, s19 sharjah, suyoh19 sharjah, alsuyoh.19"
Al Suyoh 2,subcommunity,"Al Suyoh, Sharjah","suyoh2, alsuyoh2, suyoh two, al suyoh two, alsuyoh 2, suyooh 2, suyooh2, al suyooh 2, alsuyooh 2, al suyo 2, alsuyo 2, suyoh-2, al suyoh-2, suyoh sub 2, suyoh area 2"
Al Suyoh 20,subcommunity,"Al Suyoh, Sharjah","suyoh20, alsuyoh20, suyooh20, suyoh 20, suyoh sub 20, as20, als20, suyoh-20, alsuyoh 20, suyohtwenty, suyo 20, al suyo 20, suyoh2o, suyoh 20th, alsuyoh-20"
Al Suyoh 20,subcommunity,"Al Suyoh, Sharjah","alsuyoh20, suyoh20, suyoh 20, al suyoh twenty, alsuyoh, suyoh, al suyoh 2, suyoh 2, as20, alsuyohtwenty, alsuyo 20, alsuoyh 20, alsuyoh-20, al suyoh20"
Al Suyoh 3,subcommunity,"Al Suyoh, Sharjah","alsuyoh3, alsuyoh 3, suyoh 3, suyoh3, al suyoh iii, alsuyoh iii, as3, a-suyoh 3, al suyoh sub 3, al suyoh iii sharjah, alsuyoh3 sharjah, suyoh 3 sharjah, as 3 sharjah, alsuyohthree, suyohthree"
Al Suyoh 4,subcommunity,"Al Suyoh, Sharjah","suyoh 4, suyoh4, alsuyoh4, alsuyoh four, suyohfour, al suyoh four, suyoh, al suyoh, suyoh 4th, suyoh four, suyoh4 sharjah, al suyoh 4 sharjah, as4, als4, suyoh-4"
Al Suyoh 3,subcommunity,"Al Suyoh, Sharjah","suyoh3, al suyoh 3 sharjah, suyoh 3 sharjah, as3, al suyoh three, alsuyoh3, suyohthree, al suyoh iii, suyoh iii, al suyoh 3 shj, suyoh 3 shj, al suyo 3, al suyouh 3, al suyuh 3, suyoh sub 3, al suyoh sector 3"
Al Suyoh 5,subcommunity,"Al Suyoh, Sharjah","suyoh 5, alsuyoh 5, suyoh five, al suyoh5, alsuyoh5, suyoh5, suyoh-5, al suyoh sub 5, suyoh shj 5, al suyoh sharjah 5, al suyo 5, al suyuh 5, al suyeoh 5, alsuyohfive, sy5, suyoh 5 sharjah"
Al Suyoh 4,subcommunity,"Al Suyoh, Sharjah","suyoh4, alsuyoh4, suyoh 4, suyoh four, al suyoh four, alsuyoh four, suyoh-4, suyoh, al suyoh, alsuyoh, suyoh4 sharjah, al suyoh 4 sharjah, suyoh four sharjah, suyohfour, alsuyohfour, suyoh4shj, suyoh 4 shj, suyoh-4 shj, s4, al suyoh 4 shj"
Al Suyoh 5,subcommunity,"Al Suyoh, Sharjah","alsuyoh5, suyoh5, suyoh 5, al suyoh sub 5, alsuyoh-5, al suyoh five, al suyoh v, as 5, as5, suyoh5 shj, al suyoh 5 shj, suyoh, alsuyoh, al suyoh, alsuyo 5, alsuyohhh 5, al soyoh 5, al suyo 5, alsyoh 5"
Al Suyoh 6,subcommunity,"Al Suyoh, Sharjah","suyoh 6, al suyoh6, alsuyoh 6, suyoh-6, suyohsix, al suyoh six, s6, suyoh6, suyoh sub 6, al suyoh sub 6, al suyoh sub6, suyoh 6 sharjah, sharjah suyoh 6, suyoh6 sharjah, alsuyoh6, al suyoh sub-6"
Al Suyoh 7,subcommunity,"Al Suyoh, Sharjah","alsuyoh7, suyoh7, alsuyohvii, alsuyo7, alsuyo07, suyo7, alsuyohsub7, alsuyoh7sharjah, sharjahsuyoh7, alsuyohseven, suyohseven, alsuioh7, alsuyuh7"
Al Suyoh 8,subcommunity,"Al Suyoh, Sharjah","suyoh8, alsuyoh8, suyoh 8, suyoh eight, al suyoh eight, suyoh-8, alsuyoh-8, suyohsub8, suyoh8shj, shj suyoh 8, suyoh 8 sharjah, suyoh8 sharjah, as8, a suyoh 8, asuyoh 8, suyo 8, suyo8, suyohh 8, suyoh88"
Al Suyoh 6,subcommunity,"Al Suyoh, Sharjah","suyoh6, suyoh-6, alsuyoh6, suyoh six, al suyoh sub 6, al suyoh shj 6, suyoh6 sharjah, suyoh 6 shj, al suyoh6, suyoh s6, as6, suyoh-6 sharjah, al suyoh6 sharjah, al suyoh 06"
Al Suyoh 9,subcommunity,"Al Suyoh, Sharjah","suyoh 9, alsuyoh 9, suyoh9, alsuyoh9, al suyoh nine, suyoh nine, s9, as9, al suyoh sub 9, suyoh sub 9, alsuyohsub9, alsuyouh 9, alsuyho 9, suyho 9, al syoh 9, al suyo 9"
Al Suyoh 7,subcommunity,"Al Suyoh, Sharjah","alsuyoh7, suyoh7, suyoh 7, al suyoh sub 7, alsuyoh seven, suyoh seven, al suyoh 07, alsuyoh07, suyoh07, suyoh7 sharjah, sharjah suyoh 7, suyoh vii, alsuyooh 7, alsuyoh vii"
Al Suyoh 8,subcommunity,"Al Suyoh, Sharjah","suyoh 8, alsuyoh 8, suyoh8, al suyoh eight, suyoh eight, al suyoh8, s8, al s8, as8, al suyoh sub 8, suyoh sub 8, alsuyoh8, al suyoh-8, suyoh-8"
Al Taawoon Towers,subcommunity,"Al Khan, Sharjah","taawoon, tawoon, taawun, tawun, al taawoon, al tawoon, al taawun, altaawoon, altawoon, taawoon towers, tawoon towers, al khan taawoon, al khan tawoon, taawoon al khan, tawoon al khan, altw, al tw, taawoon turs, tawun towers"
Al Taawun Street,subcommunity,"Al Taawun, Sharjah","taawun, al taawun st, taawun st, al taawn, altaawun, altawun, al tawun, tawun, taawn, taawon, shj taawun, al taawun sharjah, taawun sharjah, taawun street, altawun st, altaawn, altawn"
Al Taghreed Tower,subcommunity,"Airport Road, Abu Dhabi","altaghreed, al taghreed, taghreed tower, taghreed, altaghreed tower, al taghreed t, al taghreed twr, airport road taghreed, taghreed airport rd, taghreed ad, al taghreed abudhabi, altaghreedtwr, al taghreed tower ad, taghreed tower ad, taghreed twr, taghreed abudhabi, altaghreed airport road, taghreedtwr"
Al Suyoh 9,subcommunity,"Al Suyoh, Sharjah","suyoh 9, alsuyoh 9, suyoh9, alsuyoh9, al suyoh nine, suyoh nine, al syoh 9, al soyooh 9, al suyoo 9, al suyo 9, alsyo 9, as9, al suyoh ix, al suyoh sub 9"
Al Tala'a,subcommunity,"Mughaidir, Sharjah","altalaa, al tala, talaa, al tala sub, mughaidir al tala, al tala mughaidir, altala, al talaa sharjah, al tala sharjah, altala sharjah, al talaa subcommunity, al tala subcommunity"
Al Sweihat,subcommunity,"Wasit, Sharjah","sweihat, alsweihat, swaihat, alswaihat, swihat, wasitsweihat, sweihatwasit, swihatwasit, alswihatsharjah, swihatsharjah, asweihat, sweihats, sweehat, swaihet, alswaihet"
Al Tarfa,subcommunity,"Mughaidir, Sharjah","tarfa, al tarfa shj, tarfa sharjah, mughaidir tarfa, altarfa, tarfa sub, altrfa, trfa, al tarfa mughaidir, tarfaa, tarfa shj"
Al Tay commercial,subcommunity,"Al Tai, Sharjah","altay comm, atc, al tay c, al tay commer, at commer, al tay com, at com, altay c, al taycommercial, atay commercial, alray commercial, tay commercial, al tay comerical, altaycom, altai commercial, al taycom, altaycommercial"
Al Taawun Street,subcommunity,"Al Taawun, Sharjah","tawun, al tawun, taawun st, al taawun st, altaawun, al tawun sharjah, sharjah al tawun, al taun, al tawon, altawun st, tawun sharjah, altawunstreet"
Al Taghreed Tower,subcommunity,"Airport Road, Abu Dhabi","taghreed tower, altaghreed tower, taghreed twr, taghreed, al taghreed, taghreed tower airport road, airport road taghreed, taghreed tower ad, taghreedtwr, al taghreed tower ad, al taghreed twr, taghreedtower, taghreed twr airport road"
Al Tay East,subcommunity,"Al Suyoh, Sharjah","altay, tay, tay east, al tay e, altayeast, alsuyoh tay, al suyoh tay, tay al suyoh, tay alsuyoh, al tayy, altay east, al-tay east"
Al Tala'a,subcommunity,"Mughaidir, Sharjah","altala, talaa, al tala, al talaa, mughaidir talaa, talaa mughaidir, al tala mughaidir, altalaa, altala mughaidir, al talaa mughaidir, al tala sub, talaa sub"
Al Tay West,subcommunity,"Al Suyoh, Sharjah","altay, altayw, altaywest, altaywst, altay w, alsuyohaltay, altay alsuyoh, altaywst alsuyoh, al tayw, altaywes, altaywestt, altywest, altaywst sharjah, sharjah altay, altayw sharjah"
Al Tayer Building,subcommunity,"Sheikh Zayed Road, Dubai","atb, al tayer bldg, al tayer, altayer, altayer bldg, atb szr, al tayer szr, altayer szr, al tayer building szr, altayerbuilding, al tayer buildng, al tayr bldg, al tayar bldg, altayerbldg, al tayer sbr, al tayer sheikh zayed, altayerszr"
Al Tayer Tower,subcommunity,"Business Bay, Dubai","altayer, al tayer, at tower, at business bay, altayertower, al tayer tower business bay, business bay al tayer, altyer tower, al tayer twr, altayer twr, al tayer bbay, altayer bbay, al tayar tower, altyer, al tayer bb"
Al Telal 10,subcommunity,"Dubai Silicon Oasis, Dubai","at10, altelal10, altalal10, altelal ten, at 10, dso altelal10, altelal 10 dso, dso al telal 10, altellal 10, al talal 10, altalel 10, altelal-10, altelalten, altelal1o"
Al Tarfa,subcommunity,"Mughaidir, Sharjah","altarfa, al tarfa sharjah, tarfa, tarfa sharjah, al tarfa mughaidir, mughaidir altarfa, altarfa shj, al tarfa shj, altarfa sharjah, tarfa shj, al tarfa community, al tarfa area, altarfa area, altrfa"
Al Tay commercial,subcommunity,"Al Tai, Sharjah","altay, al tai comm, al tay comm, altaycomm, altai comm, al tai commercial, al tai industrial, altai industrial, al tay industrial, al tai, altai"
Al Telal 7,subcommunity,"Al Karama, Dubai","telal 7, altelal 7, al telal7, karama telal 7, telal 7 karama, telal7, al karama telal 7, karama telal7, al talal 7, altalal 7, al telal seven, telal seven, al karama 7, karama 7, al telal, telal"
Al Tay East,subcommunity,"Al Suyoh, Sharjah","altayeast, altaye, tay east, al tay e, tay e, al suyoh tay, al suyoh east, suyoh tay, alsuyoh tay, alsuyoh east, altayest, al tayy east, altay e, tayeast"
Al Telal Residence 21,subcommunity,"Arjan, Dubai","al telal 21, al telal res 21, al telal residence21, altelal 21, altelal res 21, arjan al telal 21, al telal 21 arjan, at 21, at residence 21, arjan at 21, al talal 21, al tilal 21, al telal resi 21, al telal r 21, telal 21, al telal 21st, altelal residence 21"
Al Tay West,subcommunity,"Al Suyoh, Sharjah","altay, altayw, altaywest, altay w, al suyoh tay, al suyoh west, alsuyoh, alsuyohwest, alsuyoh tay, tay west, tayw, altaywst, al tay w, alsuyoh tay west"
Al Thamam,subcommunity,"Remraam, Dubai","althamam, thamam, remraam thamam, thamam remraam, al thamam remraam, althamam remraam, al thamum, thamum, remraam althamam, thmam, althmam, altamam, thamam community"
Al Tayer Building,subcommunity,"Sheikh Zayed Road, Dubai","altayer bldg, al tayer, altayer, altayer bdg, al tayer bdg, altayerbldg, altayerbuilding, altayer sheikh zayed road, sheikh zayed road altayer"
Al Thani Building,subcommunity,"Al Khan, Sharjah","al thani bldg, al thani, thani bldg, thani, athani bldg, athani, al thn, thn bldg, thanibldg, althanibldg, al thani sharjah, al khan al thani, sharjah al thani"
Al Tayer Tower,subcommunity,"Business Bay, Dubai","att, altayer, al tayar, altayar, altayertower, altayer bbay, al tayer bbay, altayer business bay, al tayer business bay, altyer, altyr, al tayar tower, altayar tower, altayer bbay tower, altayer b bay"
Al Telal 10,subcommunity,"Dubai Silicon Oasis, Dubai","altelal, altalal, at10, al telal ten, altelal10, altal10, silicon oasis al telal, dso altelal, dso altelal 10, al telal dso, telal 10, telal10, altellal 10, altelal ten, altalal 10"
Al Thani Muwaileh,subcommunity,"Muwaileh Commercial, Sharjah","al thani, muwaileh, muwailah, muwailih, muwaylah, althani, althanimuwaileh, muwailehcomm, muwailehcommercial, muwaileh sharjah, sharjah muwaileh, muwailah sharjah, althani muwaileh, mwaileh, althani comm, muwaileh sub, muwailih sharjah, al thani muwailah, muwailah comm"
Al Telal 7,subcommunity,"Al Karama, Dubai","altelal7, at7, al telal seven, karama al telal, altelal 7, al telal7, karama at7, al telal, at 7, al telal-7, altelalseven, telal 7, telal7"
Al Telal Residence 21,subcommunity,"Arjan, Dubai","al telal 21, telal 21, telal res 21, al telal res 21, arjan telal 21, telal 21 arjan, altelal 21, altelal21, telal21, al telal res21, al telal residence21, al telal r21, al telal 21 arjan, telal 21 res, al tellal 21, al telal resi 21, arjan al telal 21"
Al Thamam,subcommunity,"Remraam, Dubai","althamam, thamam, remraam thamam, thamam remraam, althmam, altamam, thamam rmr, remraam thaman, thamm, althamm, thamam community, rmr thamam, al thamam remraam"
Al Thani Building,subcommunity,"Al Khan, Sharjah","althani, althani bldg, althani building sharjah, althani al khan, althanibldg, althani khan, al thani sharjah, althani bldg sharjah, althani bld, althani blg, altani, althany, althani building al khan, althani sharjah, althani building kahn"
Al Tharwaniyah Community,subcommunity,"Al Raha Gardens, Abu Dhabi","altharwaniyah, tharwaniyah, altharwania, tharwania, al raha gardens altharwaniyah, al raha gardens tharwaniyah, altharwaniyah community, tharwaniyah subcommunity, al raha gardens subcommunity, arg altharwaniyah, arg tharwaniyah, altharwaniyah arg, tharwaniyah arg, altharwaniyahabu dhabi, altharwaniyah ad, tharwaniyah ad, altharwaniya, tharwaniya, altharwaniia, altharwanya"
Al Thani Muwaileh,subcommunity,"Muwaileh Commercial, Sharjah","muwailah, muwaila, al thani, althani, muwaileh commercial, muwailah commercial, muwailah sharjah, muwaila sharjah, althani muwaileh, muwailah al thani, muwaila al thani, muwailahcomm, muwailah com, muwaila com, muwailh, muwailah sharj, muwaila shj, muwaileh shj, muwailah sub, al thani sharjah, althani shj"
Al Tharwaniyah Community,subcommunity,"Al Raha Gardens, Abu Dhabi","tharwaniyah, altharwaniyah, tharwania, tharwaniya, alraha tharwaniyah, alraha gardens tharwaniyah, raha tharwaniyah, tharwaniyah al raha, tharwanya, tharwanyah, altharwaniya, altharwanya, tharwaniy, altharwanyah, al raha tharwaniya"
Al Thayyal,subcommunity,"Greens, Dubai","thayyal, althayyal, al thayal, althayal, the greens thayyal, thayyal greens, t-yal, t yal, thayal greens, althayl, thayl, al thayel, thayel, al thayyall, thayyall"
Al Thayyal,subcommunity,"Greens, Dubai","thayyal, althayyal, greens thayyal, thayyal greens, thayal, althayal, al thayal, thayl, thayyal 1, thayyal 2, thayyal 3, thayyal 4, al-thayyal, thayyal sub, greens thayal"
Al Thuraya Building,subcommunity,"Dubai Silicon Oasis, Dubai","althuraya, thuraya bldg, al thuraya dso, dso al thuraya, althuraya dso, al thraya, al thuraya building silicon oasis, al thurraya, al thuraya bld, thuraya silicon oasis, althraya, al thuraya bldg dso, althurayabldg"
Al Thuraya Building,subcommunity,"Dubai Silicon Oasis, Dubai","althuraya, thuraya, al thuraya bldg, thuraya bldg, althurayabldg, thurayabldg, althurayasilicon, althurayadso, thurayadso, thurayasilicon, althuraya dso, thuraya dso, al thuraya dso, althurayabuilding, althuraya building dso, thuraya building dso, al thuraya building dso"
Al Thuraya Building,subcommunity,"Sheikh Zayed Road, Dubai","althuraya, al thuraya bldg, al thuraya szr, szr al thuraya, althurayabldg, althurayabuilding, al thuraya building szr, al thurya, al thuraya bld, al thuraya blg, al thurya bldg, althraya, al thraya, al thuraya tower, al thuraya building sheikh zayed road, al thuraya szrd, al thuraya road, al thuraya building dubai, al thuraya s z r"
Al Thuraya Building,subcommunity,"Sheikh Zayed Road, Dubai","althuraya, al thuraya bldg, al thuraya szr, szr al thuraya, althurayabldg, althraya, althuraya building szr, al thuraya building sheikh zayed road, althraya bldg, al thuraya bld, al thuraya tower, al thuraya dubai"
Al Thuraya Building 83,subcommunity,"Al Mamzar - Sharjah, Sharjah","thuraya 83, althuraya 83, thuraya bldg 83, al thuraya bldg 83, thuraya 83 mamzar, mamzar thuraya 83, thuraya83, althuraya83, thuraya bldg83, al mamzar thuraya 83, mamzar thuraya, al thuraya building83, thuraya bld 83, thuraya83 sharjah, thuraya 83 shj, shj thuraya 83"
Al Thuraya Building 83,subcommunity,"Al Mamzar - Sharjah, Sharjah","althuraya83, althuraya bldg 83, althuraya bld 83, althuraya 83 sharjah, mamzar althuraya 83, al mamzar 83, althuraya bldg83, althuraia 83, althuraya building83, althurya 83, althuraya83 sharjah, althuraya bldg, al thuraya 83, al thuraya bldg 83, althuraya83 bldg, althraya 83"
Al Thuraya Tower,subcommunity,"Al Taawun, Sharjah","althuraya, althuraya tower, althurayatower, althuraya shj, al thuraya shj, al thuraya taawun, althuraya taawun, althuraia, althuriya, althraya, althrayatower, althraya shj, althuryia, althurayh, althuraya sharjah, al thuraya sharjah"
Al Thuraya Tower,subcommunity,"Al Taawun, Sharjah","thuraya tower, althuraya, al thuraya, thuraya taawun, taawun thuraya, al thuraya tower shj, thuraya tower shj, alturaya, thuraya twr, althuraya tower, thurayatower, al thuraya shj, thuraya sharjah"
Al Thuraya Tower 1,subcommunity,"Dubai Media City, Dubai","thuraya 1, al thuraya 1, thuraya tower 1, thuraya one, al thuraya t1, thuraya t1, dmc thuraya, thuraya dmc, althuraya 1, althuraya1, thuraya1, thuraya tower one, al thuraya tower one, al turaya 1, al thurayaa 1, thuraya t-1, al thuraya t-1, thuraya media city, dmc thuraya tower 1, thuraya twr 1"
Al Thuraya Tower 1,subcommunity,"Dubai Media City, Dubai","thuraya 1, al thuraya 1, thuraya tower 1, thuraya one, al thuraya one, dmcthuraya1, thuraya1, thuraya one media city, thuraya 1 media city, thuraya tower one, al thuraya t1, thuraya t1, althuraya1, althuraya tower 1, media city thuraya, thuraya 1 dmc, thuraya1 dmc, thurayatower1, althuryia 1, thurayaa 1, thurya 1"
Al Thuraya Towers,subcommunity,"Barsha Heights (Tecom), Dubai","althuraya, thuraya towers, thuraya tower, att, althuraya towers tecom, althuraya barsha heights, thuraya barsha, thuraya heights, althuraya heights, althurayatowers, althuraya tower tecom, althuraya t, thuraya t, thuraya tecom, althuraya tecom, althuray towers, althurayaa, thurayaa, althuraya tower barsha, altowers, thurayatowers"
Al Thuraya Towers,subcommunity,"Barsha Heights (Tecom), Dubai","thuraya towers, al thuraya, thuraya tower, al thuraya tower, althuraya, althurayatowers, thurayatowers, barsha heights thuraya, thuraya barsha, tecom thuraya, thuraya tecom, al turaya, al thurayya, thurayya towers, thuraya t-owers, thuraya tgr, thuraya bhts, tecom thuraya towers, al thuraya tecom, thuraya tecom towers"
Al Thurayya,subcommunity,"Al Raha Beach, Abu Dhabi","thurayya, althurayya, al raha thurayya, thuraya, al thuraya, alraha thuraya, al raha beach thuraya, thurayya al raha, alraha beach thurayya, thurraya, al thurraya, alraha thurayya"
Al Thurayya,subcommunity,"Al Raha Beach, Abu Dhabi","althuraya, al thuraya, alrahathuraya, alrahathurayya, althuraia, althureya, althuriyya, alraha althuraya, thuraya, thurayya, althuraya abudhabi, althraya, althuray"
Al Thurayya Tower,subcommunity,"Barsha Heights (Tecom), Dubai","althuraya, althurayyatower, thuraya tower, thuraya, al thuraya, althuraya heights, thuraya barsha, barsha heights thuraya, tecom thuraya, althraya, althurayya, thurayatwr, thurayatecom, barsha thuraya, alturaya, althuryia"
Al Twar 1,subcommunity,"Al Twar, Dubai","altwar1, altwar 1, al twar one, altwarone, altwar, at1, al twar, altwar-1, al twar-1, al twar1, altwr1, al-twar 1, altwar 01"
Al Thurayya Tower,subcommunity,"Barsha Heights (Tecom), Dubai","althuraya, althurayh, althuraya tower, al thuraya, althraya, althureya, althraya tower, thuraya tower, thuraya barsha, barsha heights thuraya, tecom thuraya, althurayatecom, thurayatecom, althurayabarsha, thurayabarsha, althuraya heights, al thuraya tecom, thuraya b heights"
Al Twar 2,subcommunity,"Al Twar, Dubai","altwar2, al twar two, twar 2, twar two, altwar ii, al twar ii, al twr 2, twr 2, altwr2, at2, altw2, al twar2, al twar-2, al twar-ii, altar2, al twar 2nd, altwr ii, at 2"
Al Twar 1,subcommunity,"Al Twar, Dubai","altwar1, twar1, altwarone, twarone, al twar one, al twar-1, altwar 1, al twar1, at1, altwar, twar, al twar, altwar i, al twar i"
Al Twar 3,subcommunity,"Al Twar, Dubai","altwar3, tawar3, al twar iii, al twar three, twar 3, altwar three, al twar3, altwar sub 3, twarthree, al twar 3rd, tawar 3, altwarthree"
Al Twar 2,subcommunity,"Al Twar, Dubai","altwar2, al twar two, twar 2, twar two, altwar ii, al twar ii, al twar, twar, altwar, al twar-2, twar2, al twar 02, altwar02"
Al Twar 4,subcommunity,"Al Twar, Dubai","altwar4, t-4, t4, al twar iv, al twar four, altwarfour, altwar four, twar 4, twar4, at4, al twr 4, altwr 4, al twar 4th, altwar-4, twar iv, t-four, al twr iv"
Al Twar 3,subcommunity,"Al Twar, Dubai","altwar3, t3, al twar iii, al twar three, altwar three, altwar iii, t-3, al twar 3rd, altwar third, al twar 3 sub, altwar3 dubai, t3 dubai, altwar, al twr 3, altwr3"
Al Wadi Building,subcommunity,"Muwaileh, Sharjah","alwadi, alwadi bldg, awb, al wadi muwaileh, muwaileh al wadi, alwadi muwailah, alwadi building muwaileh, alwadi bld, alwadi sharjah, al wadi bldg, alwady, al wady, alwadi mwh, alwadi bldg muw, alwadi bldg shj, alwadi sharja, alwadi sharj, alwadibldg, alwadimuwailah"
Al Waha,subcommunity,"Al Ghadeer, Abu Dhabi","alwaha, al waha al ghadeer, alwaha alghadeer, alghadeer alwaha, alwaha community, aw, al waha abudhabi, alwaha ad, alwha, al wahaa, alwahaa, al ghadeer waha"
Al Twar 4,subcommunity,"Al Twar, Dubai","altwar4, t4, altwar four, t-4, al twar iv, al twarfour, twar 4, twar4, altwar-4, al twar 4 sub, altwar, al twar 4th, altwar4th, twr 4, altwariv, al tawar 4, al tawar4, altwar four 4"
Al Wadi Building,subcommunity,"Muwaileh, Sharjah","alwadi, alwadi bldg, aw bldg, al wadi muwaileh, muwaileh al wadi, al wadi sharjah, alwadi sharjah, alwady, alwade, al wadi bld, alwadi bld, alwadibldg, muwailehalwadi, al wadi building sharjah"
Al Waha,subcommunity,"Al Ghadeer, Abu Dhabi","alwaha, alghadeer waha, waha al ghadeer, al waha al ghadeer, alwaha alghadeer, waha community, alwaha community, alwaha ad, al ghadeer waha, alwaa, alwahaa, alwaha ghadeer"
Al Waha,subcommunity,"Al Salam City, Umm Al Quwain","alwaha, alwaha uaq, uaq alwaha, alwaha community, alwaha salam city, al waha uaq, alwahasalam, alwaha uqm, alwaaha, alwha, alwahaa, alwahasalamcity, alwaha salam, al waha city, alwahauaq, alwha uaq, alwaha uq"
Al Waha Community,subcommunity,"Dubai Festival City, Dubai","alwaha, al waha, alwaha community, alwaha dfc, al waha dfc, al waha festival city, alwaha festival city, al waha community dfc, aw community, al waha dxb, alwaha dxb, al waha cty, alwaha cty, alwaaha, al wahaa, alwahaa, al wahha, alwaha fcity, alwaha festival, al waha festival"
Al Waha,subcommunity,"Al Salam City, Umm Al Quwain","waha, alwaha, alwaha uaq, uaq waha, alsalam waha, al waha uaq, aw, waha uaq, alwha, al wah, al-waha"
Al Waha Residence,subcommunity,"Al Khan, Sharjah","alwaha, alwaha res, alwaha resid, alwaha sharjah, alwaha al khan, alwahaalkhan, alwaharesidence, alwahares, al khan alwaha, alkhan alwaha, alwaha resi, alwaha resd, alwaha residnce, alwaha rez, alwaha rezidence, alwaha residenc, alwaha resdnce, alwahaa, alwahaa res, alwaha residence sharjah, alwaha sharja"
Al Waha Community,subcommunity,"Dubai Festival City, Dubai","alwaha, alwaha community, alwaha dfc, al waha dfc, dfc al waha, alwaha dubaifestivalcity, alwaha festival city, alwaha comm, alwaha sub, al waha comm, alwahaa, alwahas, alwaha-community"
Al Waha Tower,subcommunity,"Al Khalidiya, Abu Dhabi","alwaha, alwaha tower, alwaha tewr, alwaha twr, al waha twr, alwaha khalidya, alwaha alkhalidiya, alwaha abu dhabi, alwaha ad, alkhalidiya alwaha, awt, alwaha1, al waha, al-waha, alwahaa, alwaha tower khalidya"
Al Waha Residence,subcommunity,"Al Khan, Sharjah","al waha, waha residence, al waha res, waha res, alwaha, wahares, alwha, al waha sharjah, al khan al waha, waha al khan, waharesidence"
Al Waha Villas,subcommunity,"Dubai Land, Dubai","al waha, waha villas, awv, aw villas, al wahavillas, dubai land al waha, waha land, al wahah, al waaha, awaha, al wah, alwaha, alwaha villas, waha dv, al waha dv"
Al Waha Tower,subcommunity,"Al Khalidiya, Abu Dhabi","alwaha, al waha, waha tower, alwaha tower, khalidiya alwaha, alwaha khalidiya, alwaha tewr, al waha twr, alwahatower, alwaha twn, alwaha t, al waha abd, alwaha abd, alwaha kh, alwaha abu dhabi, alwha tower, al waha towerr, alwaha towerr, al waha build, al waha bldg, alwaha bldg"
Al Wahda City Towers,subcommunity,"Al Wahda, Abu Dhabi","awct, alwahda towers, wahda towers, alwahda city, wahda city, alwahda t, aw city, aw towers, alwhada towers, alwahda towrs, alwahdatowers, alwahdacity, alwahda city towers, alwahda towers abu dhabi, abu dhabi alwahda towers, al wahda towers ad, awt ad"
Al Waha Villas,subcommunity,"Dubai Land, Dubai","alwaha, al waha, aw villas, waha villas, alwaha villas, alwaha vls, alwaha vll, waha vls, al waha dubailand, dubailand al waha, alwaha dubailand, alwahas, alwha, al wah, alwahaa, alwaha villa, alwahavillas"
Al Wahda Street,subcommunity,"Al Wahda, Abu Dhabi","alwahda st, alwahdast, al wahda st, alwahda, alwahda road, alwahdaroad, al wahda road, alwahda abu dhabi, alwahda ad, alwahdaad, alwhda st, al wahda st ad, al wahda street ad, alwhda street, alwahda st abu dhabi"
Al Wahda City Towers,subcommunity,"Al Wahda, Abu Dhabi","alwahda towers, alwahda city, awct, alwahdatowers, alwahda cty, alwahda turs, al wahda twrs, alwahda city twrs, alwahda city abu dhabi, alwahdatwrs, alwhda towers, alwahda cty twrs, alwahda citytowers, alwahda ttwrs"
Al Waleed Garden,subcommunity,"Al Jaddaf, Dubai","alwaleed, alwaleed gardens, aw garden, alwaleed gdn, al waleed gdn, aljaddaf alwaleed, alwaleed jaddaf, alwaleed jdaf, alwaleedgdn, alwaleedgdns, alwalid garden, alwaleed gardin, alwaled garden, alwalied garden"
Al Wahda Street,subcommunity,"Al Wahda, Abu Dhabi","alwahda st, alwahdast, al wahda st, alwahda street, alwahda rd, alwahdard, alwahda, alwahdaabu dhabi, alwahda ad, alwahda abd, al wahda ad, alwhda st, alwahda stree, alwahdastreet, al wahdast"
Al Waleed Oasis,subcommunity,"Dubai Silicon Oasis, Dubai","alwaleed, aw oasis, alwaleed oasis dso, alwaleed dso, al waleed dso, alwaleed oasiss, alwaleedoasis, alwaleed oassis, alwaleed osis, dso alwaleed, al waleed oasis silicon oasis, aw oasis dso, alwaleed oas, alwaleed oasis dubai, alwaleed silicon oasis, alwaleed osasis"
Al Waleed Garden,subcommunity,"Al Jaddaf, Dubai","alwaleed, alwaleed gardens, aw garden, aw gardens, alwaleedjaddaf, alwaleedgardenjaddaf, aljaddafalwaleed, alwaleedgrdn, alwaleedgdn, alwaleed gardn, al wleed garden, alwaleed graden, alwaleedgardan, alwaleed grdns"
Al Waleed Residence,subcommunity,"Jumeirah Village Circle, Dubai","alwaleed, al waleed jvc, awr, al waleed res, alwaleed residence, al waleed, al waleed residence jvc, alwaled, alwaleed jvc, al waleed res jvc, alwaleedresidence, al-waleed, alwaleed resid, alwaleed res, jvc al waleed, alwaleed residence jvc"
Al Waleed Tower,subcommunity,"Al Qasba, Sharjah","alwaleed, alwaleed twr, alwaleed tower qasba, qasba alwaleed, alwaled tower, alwaleedtwr, alwaleed qasba, alwaleedshj, al waleed twr, al waleed qasba, alwaled twr, alwaleed sharjah, alwaleedtower, alwaleed twr shj"
Al Waleed Oasis,subcommunity,"Dubai Silicon Oasis, Dubai","al waleed, aw oasis, aw, alwaleed, alwalid oasis, al waleed dso, dso al waleed, al waleed silicon oasis, alwaleedoasis, al walid, alwaleed oasis dso, al waleed oasis silicon oasis, al waleed oaisis, al waled oasis"
Al Waleed Residence,subcommunity,"Jumeirah Village Circle, Dubai","alwaleed, alwaleed jvc, jvc alwaleed, al waleed jvc, alwalid, alwaleed residence jvc, awr, awr jvc, alwaled, alwaleed res, alwaleedres, alwaleedresidence, alwaleed jvc residence, alwaleed resid, al-waleed, alwaled jvc, alwaleed rsd, alwaleed resi"
Al Waleed Tower,subcommunity,"Al Qasba, Sharjah","alwaleed, alwaleed twr, alwaleed t., alwaled, alwaled tower, alwaleed qasba, qasba alwaleed, alwaleedtwr, alwaleedtower, alwaleed sharjah, alwaled sharjah, alwaleed qasbah, alwaleed t, alwaledtwr"
Al Walid Tower,subcommunity,"Al Khan, Sharjah","alwalid, alwalid tower, alwalid shj, alwalid khan, alwalid tower al khan, alwalid tower shj, al waleed tower, al waleed, alwaleed tower, alwaleed, alwalid t, alwalid tkr, alwalid shj tower, awt, awt al khan, alwalid tower sharjah, alwalidtw, alwalidtower, al waleed shj, al walid, al waleed t, al walid tower shj"
Al Ward,subcommunity,"Al Raha Gardens, Abu Dhabi","alward, alwardsub, alwardrg, alwardgardens, alwardraha, alwardabudhabi, alward ad, alraha alward, alward gardens, alwardgarden, alwardg, award, alwad, alwarda, alwardd, alwardauh"
Al Walid Tower,subcommunity,"Al Khan, Sharjah","alwalid, alwalid tower, alwalid shj, alwalid khan, alwalid al khan, alwalid tower al khan, aw tower, aw shj, alwaleed, alwaleed tower, alwalid tr, alwalid tlr, alwalid twr, alwalid bldg, alwalid tower shj, alwalid tower khan, alwalid alkhan, alwalidtower, alwalidshj, alwalidalkhan, al walid tr, al walid twr, alwalid tower sharjah"
Al Warqa'a 1,subcommunity,"Al Warqa'a, Dubai","warqa 1, al warqa1, alwarqa 1, warqaa 1, alwarqaa 1, warqa1, warqaa1, alwarqa1, al warqa one, warqa one, w1, warqa-1, alwarqaa-1, al warqaa 1"
Al Ward,subcommunity,"Al Raha Gardens, Abu Dhabi","alward, alward gardens, ward, ward gardens, al raha ward, alraha ward, al ward abu dhabi, alward ad, al ward ad, alwardgardens, alwardgrdns, alward gdn, aw, alwarde, alwarda, alwrd, al ward sub, ward gardens ad"
Al Warqa'a 2,subcommunity,"Al Warqa'a, Dubai","warqaa 2, al warqa 2, warqa2, alwarqaa 2, alwarqaa2, w2, al warqa two, warqaa2, al warqa, alwarqa2, warqa two, al w2, aw2"
Al Warqa'a 1,subcommunity,"Al Warqa'a, Dubai","warqa 1, alwarqa 1, warqaa 1, al warqaa 1, warqa1, alwarqa1, alwarqaa 1, warq1, alwarq1, al warq 1, w1, warqaaone, alwarqaaone, warqaone, alwarqaone, warqaa-1, al-warqa 1, alwarqaa1"
Al Warqa'a 3,subcommunity,"Al Warqa'a, Dubai","warqa 3, warqa3, alwarqa 3, alwarqa3, al warqa 3, warqaa 3, warqaa3, al warqaa 3, alwarqaa 3, alwarqaa3, w3, warqa three, warqaa three, al warqa three, alwarqa three, alwarqaa three, aw 3, aw3"
Al Warqa'a 2,subcommunity,"Al Warqa'a, Dubai","alwarqa2, alwarqaa 2, warqaa 2, warqa 2, al warqa 2, alwarqa sub 2, warqaa sub 2, w2, alw2, al warqaa 2, alwarqaa2, warqa2, al warqa sub 2, alwarqa community 2, alwarqaa community 2"
Al Warqa'a 4,subcommunity,"Al Warqa'a, Dubai","warqa 4, alwarqa 4, warqaa 4, alwarqaa 4, warqa4, alwarqa4, warqaa4, alwarqaa4, alwarqaa four, warqa four, warq4, warqa 4th, warqaa 4th, w4, alw4, warqaiv, alwarqaiv, al warqa 4, warqah 4, alwarqah 4"
Al Warqa'a 5,subcommunity,"Al Warqa'a, Dubai","warqaa 5, warqa 5, alwarqaa 5, alwarqa 5, warqa5, alwarqa5, al warqa 5, warqa five, alwarqa, w5, warqa sub 5, warqaa five, al warqaa five"
Al Warsan 1,subcommunity,"Al Warsan, Dubai","warsan 1, w1, warsan1, alwarsan1, warsanone, warsan, w-1, warsan-1, al warsan one, warsan 01"
Al Warqa'a 3,subcommunity,"Al Warqa'a, Dubai","alwarqa 3, warqa 3, warqaa 3, warqaa3, alwarqaa 3, alwarqa3, w3, warqa phase 3, al warqa phase 3, al warqaa phase 3, alwarqaa3, warqaa-3, warqa-3, alwarqa-3, w-3"
Al Warsan 2,subcommunity,"Al Warsan, Dubai","warsan 2, w2, alwarsan2, alwarsan 2, warsan2, al warsan ii, warsan ii, w 2, alwrsan 2, al wrsan 2"
Al Warqa'a 4,subcommunity,"Al Warqa'a, Dubai","warqa 4, warqa4, alwarqa4, aw4, alwarqaa4, warqaa4, warka 4, warka4, alwarka4, alwarqa 4, warqa sub 4, warqa four, warqa4th, al warqa 4, alwarqa four"
Al Warsan 3,subcommunity,"Al Warsan, Dubai","warsan 3, w3, alwarsan3, warsanthree, alwarsanthree, warsan 3rd, w-3, al warsan third, wrsn3, alwrsn3, alwarsan 3, warsan3rd"
Al Warqa'a 5,subcommunity,"Al Warqa'a, Dubai","alwarqa 5, warqa 5, warqaa 5, warqa5, alwarqaa5, w5, alw5, warqa five, alwarqa five, alwarqa sub 5, al warqa 5, al warqaa 5, warqaa5, alwarqaa 5, alwarqa5, al warqa5, w 5"
Al Warsan 4,subcommunity,"Al Warsan, Dubai","warsan 4, w4, ws4, alwarsan4, al warsanfour, warsanfour, warsan-4, w-4, ws-4, alwarsan 4, warsanfour4, alwarsanfour4, wrshan 4, warsn 4, warsanfor, w4 dubai"
Al Warsan Building,subcommunity,"Barsha Heights (Tecom), Dubai","al warsan bldg, warsan bldg, warsan, al warsan, warsan building, warsan bld, warsanblg, awb, warsan bh, warsan tecom, al warsan bh, al warsan tecom, warsan heights, alwarsan, warsanblgd"
Al Waseem Residences,subcommunity,"Jumeirah Village Circle, Dubai","alwaseem, al waseem res, al waseem, waseem res, waseem jvc, alwaseem jvc, alwaseemres, al wasem, alwaseem residence, alwaseem resid, aw residences, jvc al waseem, al waseem jvc, alwaseemresidences, alwaseem resi, al waseem resi, alwassem, alwaseem resdences"
Al Wasl  Building,subcommunity,"Al Wasl, Dubai","alwasl bldg, alwaslbldg, alwasl building, alwaslbldng, al wasl bldng, alwasl, alwaslb, aw bldg, aw building, alwasel bldg, alwassl bldg, alwasl blg, alwasl bld, alwasl project"
Al Warsan 2,subcommunity,"Al Warsan, Dubai","warsan 2, w2, alwarsan2, alwarsan 2, warsan2, al warson 2, al warzan 2, w 2, warsan two, alwarsan two, al warson2, alwarzan2"
Al Warsan 3,subcommunity,"Al Warsan, Dubai","warsan3, w3, alwarsan3, alwarsan 3, wrsn3, w-3, warsan 3rd, warsan-3, alwarsan-3, wrsn 3, al wrsn 3, warsanthree, warsan 3 phase"
Al Warsan 4,subcommunity,"Al Warsan, Dubai","warsan 4, w4, wsn4, alwarsan4, alw4, warsanfour, warsan-4, w-4, wsn-4, alwarsan-4, alw-4, wersan 4, warsen 4, alwersan 4, alwarsen 4, al warsanfour, warsaniv, wsniv"
Al Wasl Center,subcommunity,"Sheikh Zayed Road, Dubai","alwasl, alwaslcentre, alwaslszr, szralwasl, alwasl center, alwaslctr, alwaslcentr, alwasel, alwasll, alwasl r, alwaslsz, szr alwasl, al wasl, alwasl dubai"
Al Wasl Road,subcommunity,"Al Wasl, Dubai","alwasl, wasl rd, alwasl rd, alwaslroad, wasl, alwasl road dubai, al wasl, alwsl, al wsl, alwaslrd, wasl road, al wasl rd, alwasel, alwasl rd dubai"
Al Wasl Tower,subcommunity,"Sheikh Zayed Road, Dubai","alwasl, alwasltower, awt, alwasl szr, szr alwasl, alwasl twr, alwasl t-wer, alwaseltower, alwasl tower szr, alwasltwr, alwasltower szr, alwsl tower, alwasl dwb, alwasl t, alwasltwr szr"
Al Wathba Tower,subcommunity,"Al Wathba, Abu Dhabi","alwathba, alwathbatwr, alwathba tower, awt, alwathba ad, alwathba tower ad, alwathbatower, alwathab, alwathba twr, al wathba twr, alwathba t, alwathbaabudhabi, alwathbatwr ad"
Al Wuheida,subcommunity,"Deira, Dubai","wuheida, alwuheida, wuhayda, alwuhayda, wheida, alwheida, wuhaida, deira wuheida, wuheida deira, wuhida, alwuhida, alwhida, wuheeda, alwuheeda, wuheida area, wuhaydah"
Al Warsan Building,subcommunity,"Barsha Heights (Tecom), Dubai","warsan, alwarsan, tecom warsan, warsan tecom, al warsan tecom, warsan bldg, al warsan bldg, warsan building tecom, tecom warsan bldg, alwarsan tecom, alwersan, warsan building"
Al Yaqoub Tower,subcommunity,"Sheikh Zayed Road, Dubai","yaqoub tower, al yaqoub, yaqoub, al yaqoub szr, yaqoub szr, szr yaqoub, alyaqoub, al yaqouob, al yaqoub tower szr, yaqob tower, yaqoub t, yaqoub twr, al yaqoub twr, al yaqoub building, yaqoub bldg, al yaqoub bldg, yaqoub s z r, yaqoub tower dubai"
Al Waseem Residences,subcommunity,"Jumeirah Village Circle, Dubai","alwaseem, al waseem, aw residences, al waseem res, al waseem jvc, jvc al waseem, alwaseem jvc, alwaseemres, al waseem resid, alwaseem residences, alwaseem resi, al waseem resi, alwaseemr, al waseem r, alwaseem residencies, alwaseem resedences, al waseem resedences, alwassem, alwassim, al wassem"
Al Yarmouk,subcommunity,"Al Qasimia, Sharjah","yarmouk, yarmuk, alyarmouk, al yarmuk, yarmouk sharjah, yarmouk qasimia, qasimia yarmouk, alyarmuk, yarmk, yarmoouk, yarmook, alyarmook"
Al Wasl  Building,subcommunity,"Al Wasl, Dubai","alwasl, alwaslbldg, alwasl bld, alwasl blg, alwasl bldg, alwaslbuild, wasl bldg, alwasl dubai, al wasl dubai, alwaslblding, alwasl build, alwasl bdg, alwasl bldng, alwasl blding"
Al Yasat Compound,subcommunity,"Al Karamah, Abu Dhabi","ayc, alyasat, alyasat cpd, al yasat, al yasaat, al yasat abudhabi, yasat compound, yasat, alyast, al-yasat, alyasatcpd"
Al Wasl Center,subcommunity,"Sheikh Zayed Road, Dubai","alwasl, alwaslcentre, alwaslcenter, alwaslszr, szralwasl, alwsl, alwslcenter, alwslcentre, waslcenter, waslcentre, alwasl rd, alwaslstr, alwasl st, alwaslc, alwslc, alwasel center, alwaselcentre, alwasll center, alwasl ctre, alwaslcntr"
Al Yasat Compound,subcommunity,"Al Mushrif, Abu Dhabi","alyasat, al yasat comp, alyasat comp, alyasat compound, al mushrif yasat, mushrif yasat, alyasit, al yasit, alyassat, alyasatt, alyasatcmp, alyasatcpd, alyasatabudhabi, alyasatad, yasat compound, yasat comp, alyasit compound"
Al Wasl Road,subcommunity,"Al Wasl, Dubai","wasl, alwasl, alwaslrd, waslrd, alwaslroad, wasl road, alwasl road, alwasl rd, wasl rd, al-wasl, awr, al wasl rd, waslroad, alwasl community"
Al Yasat Tower,subcommunity,"Al Najda Street, Abu Dhabi","alyasat, alyasat tower, yasat tower, yasat, al yasat, alnajda yasat, alyasat alnajda, alyasat st, alnajda yasat tower, alyasattower, alyasatt, yasattower, aliyasat, alyasst, al yassat, alyasit, alyast, alyasttwr, alnajda tower, yasat alnajda"
Al Wasl Tower,subcommunity,"Sheikh Zayed Road, Dubai","alwasl, alwasltwr, awsltower, wasltower, szr al wasl, alwasl szr, alwasltower szr, alwasl tower szr, alwasltwr szr, alwasl t 1, alwasltwr 1, alwasltw, alwasll tower, alwasell tower, alwasel tower, al wasl twr"
Al Yash,subcommunity,"Wasit, Sharjah","alyash, al yash sharjah, alyash sharjah, wasit alyash, alyash wasit, al yash wasit, alyashshj, al yash shj, alysh, al yashh, allyash"
Al Wathba Tower,subcommunity,"Al Wathba, Abu Dhabi","alwathbatwr, alwathba t, alwathba twr, alwathbatower, alwathba-twr, al wathba twr, alwathba, al wathba, awt, aw tower, alwathbaabu, alwathba abudhabi, alwathba ad, alwathba-ad, alwathbatoer, alwathbatowr, alwathabtwr, al wathba twer"
Al Yasmeen 1,subcommunity,"Al Yasmeen, Ajman","yasmeen 1, yasmeen1, alyasmeen1, yas1, yasmeen-1, yasmeen one, yasmeen ajman 1, ajman yasmeen 1, yasmeen one ajman, yasmmen 1, yasmeen 1 ajman, yasmeen1ajman, yas1ajman, yasmeenone"
Al Wuheida,subcommunity,"Deira, Dubai","wuheida, alwuheida, wheda, wuheda, alwheda, deira wuheida, wuheida deira, al wuheda, alwheida, wheida, wuhieda, alwuhieda, alwuheida deira, deirawuheida, wuheidadeira"
Al Yaqoub Tower,subcommunity,"Sheikh Zayed Road, Dubai","alyaqoub, alyaqoubtower, yaqoub tower, yaqoub, yaqoubtower, alyaqoub szr, szr alyaqoub, alyaqoub building, alyaqoub bldg, alyaqoub twr, alyaqoub t, alyakoub, alyaqob, alyaqoob, alyaqoub s z r, alyaqoubszr, alyaqoubtwr, yaqoubtwr, alyaqoub dubai"
Al Yasmin Tower,subcommunity,"Al Majaz, Sharjah","alyasmin, yasmin tower, yasmin twr, al yasmin twr, alyasmintower, yasmintwr, yasmintower, majazyasmin, alyasminsharjah, yasminmajaz, yasminsharjah, alysmin, al yasmeen, yasmeen tower, yasmeen twr, alyasmeen, yasmeentower"
Al Zaafaran,subcommunity,"Al Khabisi, Al Ain","zaafaran, zafran, zaaf, alzaafaran, alzaaf, alkhabisi zaafaran, zaafaran alkhabisi, zafran alkhabisi, al khabisi zaafaran, alzafaran, zaafaran al ain, zaafaran alain, zafran alain"
Al Yarmouk,subcommunity,"Al Qasimia, Sharjah","alyarmook, yarmouk, yarmuk, yarmook sharjah, al qasimia yarmouk, alyarmuk, yarmook al qasimia, al qasimia yarmook, yarmouk sharjah, yarmook st, yarmouk area, alyarmouk sharjah"
Al Yasat Compound,subcommunity,"Al Karamah, Abu Dhabi","alyasat, alyasat compound, alyasat abudhabi, alyasat alkaramah, alkaramah alyasat, alyasatcmpd, alyasatc, al yasat cpd, alyasatt, alyasatt compound, alyasast, alyasit, alyasath, alyasat apts, alyasat res, alyasat residency"
Al Yasat Compound,subcommunity,"Al Mushrif, Abu Dhabi","alyasat, alyasatcmpd, alyasatcomp, alyasatcompound, alysat, alysatcmpd, alyasat mushrif, mushrif alyasat, al yasat, alyasat ad, alyasat abu dhabi, alyasat compound mushrif, alyasatcpd, ayc, alyasat cmpd"
Al Zaheya Gardens,subcommunity,"Al Zahya, Ajman","alzaheya, alzahya gardens, zaheya gardens, alzahya gdn, az gardens, al zaheya gdns, zahya gardens, alzaheyagardens, alzahayagardens, alzaheia gardens, al zahya ajman, ajman al zahya, alzahya ajman, alzaheya ajman, alzaheya gdns, alzaheya gdn, zaheyagardens, al zahya gdn, al zahia gardens, al zahya gardens ajman"
Al Yasat Tower,subcommunity,"Al Najda Street, Abu Dhabi","alyasat, alyasat twr, yasat tower, yasat twr, al yasat, alyasattower, alyasattwr, alyasst, alyasettower, alyasat st, najda alyasat, alyasat najda, alyasat street, yasat najda, alyasatt, alyasat-twr, alysat tower"
Al Zahia,subcommunity,"Muwaileh Commercial, Sharjah","alzahia, zahia, zahya, alzahya, alzahiya, zahiya, muwaileh zahia, zahia muwaileh, zahia shj, alzahia shj, zhy, zhya, zahiah, alzahiah"
Al Zahia Building,subcommunity,"Abu shagara, Sharjah","alzahia, alzahia bldg, zahia bldg, al zahia abushagara, al zahia sharjah, alzahiabldg, alzahiya, al zahiya bldg, al zahiabldg, abushagara alzahia, alzahia abu shagara, alzahya, alzahyabldg, alzahia sharja, zahia building, alzahiabuilding, alzahia bldng"
Al Yash,subcommunity,"Wasit, Sharjah","alyash, al yash sharjah, alyash sharjah, wasit alyash, al yash wasit, al yash shj, al yash sja, al yash sharja, alyash shj"
Al Yasmeen 1,subcommunity,"Al Yasmeen, Ajman","alyasmeen1, yasmeen1, alyasmeenone, yasmeenone, alyasmeen 1, alyasmeen-1, yasmeen 1, al yasmeen 1 ajman, yasmeen 1 ajman, alyasmeen1ajman, yasmeen1ajman, alsmeen1, alyasmin1, alyasmen1, yasmen1, alyasmeen-one, al y1, y1, aly1, alyasmeen 1 aj, yasmeen 1 aj, ajman yasmeen 1, yasmeen-1"
Al Zahiya,subcommunity,"Al Raha Beach, Abu Dhabi","alzahiya, zahiya, zahiya al raha, al raha zahiya, alzahiya abu dhabi, alzahiya abudhabi, alzaheya, alzahya, alzahia, al zaheya, al zahya, al zahia, zahiya beach, alzahiya beach, zahiia, al zahiia"
Al Yasmin Tower,subcommunity,"Al Majaz, Sharjah","alyasmin, yasmin tower, al yasmin, alyasmintower, yasmin majaz, majaz yasmin, al majaz yasmin, alyasmin majaz, al yassmin, alyassmin, yasmin twr, yasmin t, al yasmine, yasmin sharjah, majaz yasmin tower"
Al Zain Building,subcommunity,"Dubai Investment Park (DIP), Dubai","alzain, al zain bldg, al zain bld, azb, dip al zain, al zain dip, alzan, al zain, alzain dip, alzainbldg, al zainbuilding, alzein, al zain bulding, alzain bld, dip alzain, al zane, al zain building dip"
Al Zain Tower,subcommunity,"Al Nahda, Sharjah","alzain, al zain, zain tower, alnahda zain, alnahda zain tower, al zain sharjah, alzain sharjah, alzn tower, al zaintower, alzaintwr, zain twr, al zain twr, alzain shj, al zain shj, al zain twr shj, alzn shj"
Al Zarooni Building,subcommunity,"Dubai Marina, Dubai","alzarooni, al zarooni bldg, al zarooni building marina, alzarooni building, al zarooni dubai marina, zarooni bldg, zarooni building, alzarooni bldg, al zarooni marina, al zarooni bld, al zaroni building, al zaroni bldg, alzarouni bldg, alzaroni building, az building, az bldg, alzaroonibldg, zaroonibldg, al zaroony building, al zarooni tower"
Al Zaafaran,subcommunity,"Al Khabisi, Al Ain","zaafaran, zafran, alzafran, zafaran, alzaafaran, al khabisi zaafaran, zaafaran al ain, khabisi zaafaran, alzafaran, al zafran, zafran al ain, alkhabisi zaafaran"
Al Zeina,subcommunity,"Al Raha Beach, Abu Dhabi","zeina, alzeina, alzeenah, alzeena, al raha zeina, zeina al raha, alraha zeina, al zeina abu dhabi, al zeina abd, zeina beach, alraha beach zeina, alzeina beach, alzeen, alzeinaa, al zeenaa"
Al Zaheya Gardens,subcommunity,"Al Zahya, Ajman","alzaheya, alzahya gardens, zaheya gardens, al zahya garden, alzaheyagardens, az gardens, alzahya sub, alzahyaajman, ajman alzahya, zahya gardens, alzaheya gdn, alzaheya gds, alzahya gdn, alzahya gds, alzaeya gardens, alzaheeya gardens, al zaheya gdns, alzahya garden, alzaheya ajman, al zahya al zaheya"
Al Zahia,subcommunity,"Muwaileh Commercial, Sharjah","alzahia, zahia, zahya, alzahya, alzahiya, zahiya, muwaileh zahia, zahia sharjah, zahia comm, zahia com, alzahia sharjah, alzahiya sharjah, zahya sharjah"
Al Zomoroda Building,subcommunity,"Al Satwa, Dubai","zomoroda bldg, al zomoroda, zomoroda building, alzomoroda, al zomoroda satwa, satwa zomoroda, zomoroda satwa, zmroda bldg, zomorada bldg, al zamaroda, al zumuroda, zomoroda blg, az bldg satwa, al zomoroda bldg"
Al Zubaidi Residence,subcommunity,"Jumeirah Village Circle, Dubai","al zubaidi, zubaidi res, zubaidi resi, zubaidi resid, al zubaidi jvc, jvc al zubaidi, zubaidi jvc, alzubaidi, alzubaidi residence, zubaidi residence, zubaidiresidence, al zubaidi res, zubaidi building, al zubaidi bldg, zubaidi bldg, zubaidi res jvc, az residence, az jvc"
Al Zahia Building,subcommunity,"Abu shagara, Sharjah","alzahia, al zahia bldg, zahia bldg, alzahia bldg, alzahia bldg shj, al zahia shj, zahia abu shagara, al zahia abu shagara, alzahia abushagara, alzhia bldg, al zahya, alzahya, al zahia building abu shagara, az building, az bldg, alzahia sharjah, zahia sharjah"
Al Zahiya,subcommunity,"Al Raha Beach, Abu Dhabi","alzahiya, zahiya, al zahiya beach, al raha zahiya, az, azahiya, al zahiye, al zahiyaa, al zahiya abu dhabi, alzahyia, alzahia, zahyia, zahiya al raha, al raha al zahiya"
Aladdin,subcommunity,"Living Legends, Dubai","aldn, aldn living legends, aladin, aladdin living legends, aldnll, aldn legend, alladin, living legends aladdin, aldn living, aladin living legends"
Alaya,subcommunity,"Tilal Al Ghaf, Dubai","alaya tag, alaya tilal, tilal alaya, alaya tilalalghaf, alay, alalya, alayia, alayha, alayaa, alaya tilal al ghaf, tag alaya, tilalalghaf alaya, alaya properties, alaya villa, alaya villas, aly, alayh"
Al Zain Building,subcommunity,"Dubai Investment Park (DIP), Dubai","alzain, alzain bldg, zain building, zain bldg, dip alzain, alzain dip, al zain dip, alzainbldg, alzaian, alzein, al zane, alzain dubai, dip zain, az bldg, alzain building dip"
Al Zain Tower,subcommunity,"Al Nahda, Sharjah","azt, zain tower, al zain, al zain sharjah, al zain nahda, alzain tower, alzaintower, al zain twr, al zain tr, alzain, al zain sharja, al zine tower, al zain towre, al zain tower sharjah, az tower, zain twr"
Albizia,subcommunity,"Damac Hills 2, Dubai","albi, albzia, albizzia, albiza, alby, albizia dh2, albizia damac 2, dh2 albizia, albizia d2, albizia damac hills 2, albiziah, albezia, albezza, albz, albizia community"
Al Zarooni Building,subcommunity,"Dubai Marina, Dubai","zarooni bldg, al zarooni, alzarooni, zaroonibldg, zarooni marina, marina zarooni, al zarooni marina, alzaroonibldg, al zaroni, alzaroni, zarony bldg, al zarony, al zarooni building marina, zarooni building marina, zarooni bldg marina"
Alcove,subcommunity,"Jumeirah Village Circle, Dubai","alc, jvc alcove, alcove jvc, alcv, alcve, alccove, alcove jv, alcve jvc, jvc alc"
Al Zeina,subcommunity,"Al Raha Beach, Abu Dhabi","alzeina, azeina, alzeena, alzein, alzeinha, al raha zeina, zeina raha, zeina beach, al zeina raha, alzeinaraha, alzeinabeach, alzeina abudhabi, alzeina ad, alzeina auh, al zeina auh, alzeinag, azeena"
Alef Noon Residence,subcommunity,"Jumeirah Village Circle, Dubai","alefnoon, alefnoon residence, an residence, an res, anres, alefnoon jvc, jvc alefnoon, alefnoon jv, alefnoonjvc, a-noon, alafnoon, alefnon, alef noon res, anr, alefnoonr, alefnoonres, a noon res, alef noon jvc"
Al Zomoroda Building,subcommunity,"Al Satwa, Dubai","alzomorda, zomorda bldg, zomorda building, alzomoroda bldg, satwa zomorda, zomorda satwa, al zomorda, al zomorda building, al zomorda bldg, alzomoroda building, zomordabldg, alzomordabldg, alzomorodabldg, al satwa zomorda, al satwa zomorda bldg, zomorda residence, zomorda, al zomroda"
Al Zubaidi Residence,subcommunity,"Jumeirah Village Circle, Dubai","zubaidi res, zubaidi, alzubaidi, al zubaidi, jvc zubaidi, zubaidi jvc, alzubaidiresidence, alzubaidi res, zubaidi resid, zubaidi residence, alsubaidi, al zubaidy, azr, zubaidires, zubaidi.res, zubaidiresi"
Aladdin,subcommunity,"Living Legends, Dubai","aldn, aladdin living legends, living legends aladdin, aladin, aladdin ll, aldn ll, aladdine, aladin living legends, aladdin community, aladin ll"
Alaya,subcommunity,"Tilal Al Ghaf, Dubai","alayah, alaya tilal, tilal alaya, tilal al ghaf alaya, alaya tag, tag alaya, alaya community, alayas, alayia, alyla, alalya, alaya villa, alaya villas, tilal al ghaf villas, alaya tilal al ghaf"
Alexis Tower,subcommunity,"Downtown Jebel Ali, Dubai","alexis, alexis twr, alexis t, dja alexis, alexis dja, alexis tower dja, alexis downtown jebel ali, alexisjebelali, alexistower, alexistwr, alixis tower, alexis towre, alexiss tower, alexis tewar, dja alexis tower"
Alfa Residence,subcommunity,"Jumeirah Village Circle, Dubai","alfa, alfa res, alfa resi, alfa jvc, jvc alfa, alfa residence jvc, alfaresidence, alfares, alfa jv, alfarez, alfarezidence, alfra residence, alfa residens, alfa resi jvc, alfa jvc residence"
Albizia,subcommunity,"Damac Hills 2, Dubai","albiz, albiza, albizia damac, damac hills 2 albizia, dh2 albizia, albizia dh2, albezia, albizya, albiziah, albizia sub, albiziacluster"
Alef Noon Residence,subcommunity,"Jumeirah Village Circle, Dubai","alefnoon, alefnoonres, alefnoonresidence, alefnoonjvc, jvcalefnoon, alefnoon jvc, anresidence, anres, alefnoon res, alifnoon, alefnon, alefnoon residence jvc, alefnoon residenc, alefnoonres jvc, an res, alef noon, alefnoonresidence jvc, alif noon, alefnooon, alefnoon residence dubai"
Alfred Tower,subcommunity,"Downtown Jebel Ali, Dubai","alfred, alf tower, alfred twr, alfred t, alfred jebel ali, djafred, dja alfred, alfred tower dja, alf twr, alfrd tower, alfredtwr, alfredt, alfredd tower, alfred towr, alfredtowe, alfred tqr, alfred twer, alfred dja, dja alfred tower, alfred dja tower"
Alemas,subcommunity,"Dubai Investment Park (DIP), Dubai","alemas dip, dip alemas, almas dip, alemass, almas, almas community, al mas, almas investment park, dip almas, alemas dip 1, alemas dip 2"
Ali Baba,subcommunity,"Living Legends, Dubai","ab, living legends ali baba, alibaba, ll ali baba, ali baba living legends, ali baba sub, ali baba l.l, ali baba dubailand, ali baba community, ali baba ll, alibaba living legends, ali baba subcommunity"
Alexis Tower,subcommunity,"Downtown Jebel Ali, Dubai","alexis, alexis twr, alexis t, alexis dja, alexis downtown jebel ali, dja alexis, alexistower, alexistwr, alexis tower jebel ali, alexisjebelali, alxis tower, alexis towre, alexiss tower, alixis tower, alxistower"
Alia Tower,subcommunity,"Corniche Road, Abu Dhabi","alia, alia twr, alia tower corniche, alia corniche, alia ad, aliatower, alia twr ad, alia corniche rd, ali tower, alia towr, alia tewr, alia tower abu dhabi, alia tower ad, aliatwr, alia tower cnrch"
Alfa Residence,subcommunity,"Jumeirah Village Circle, Dubai","alfa, alfa res, alfa resi, alfa jvc, jvc alfa, alfa residence jvc, alfaresidence, alfares, alfa jvc residence, alfa res jvc, alfa resd, alfaresi, alfa resid, alfarez, alfa rsd, alfa residence dubai, jvc alfarez"
Aliaa,subcommunity,"Muwaileh, Sharjah","alia, alya, alii, alua, muwaileh alia, alia muwaileh, mwl alia, alia mwl, aliia, alyaa, aliaa sharjah, alia sub, al-ia"
AlFalah,subcommunity,"Muwaileh Commercial, Sharjah","alfalah shj, falah, falah shj, alfalah comm, alfala, al falah, alfalah muwaileh, muwaileh alfalah, alfalah sharjah, alfalah com, alfalaah, al falla, alfala shj"
Aliya Tower,subcommunity,"Al Nahda, Sharjah","aliyatwr, aliya, aliyah, aliya tower sharjah, aliyah tower, alnuhda aliya, al nahda aliya, aliya shj, aliya sharjah, aliya t, aliya twr shj, alyia, aliyya, aliya tower al nahda, aliya nahda, aliyatower, aliyah t, aliyah tower shj"
Aliyah,subcommunity,"Al Yahar, Al Ain","aly, aliyah al ain, alyahar aliyah, alyah, alyy, aliyah sub, al yahar ali, alyh, aliyah al yahar, alyah al ain, aliyah aa, alya, alyh al ain"
Aliyah Building,subcommunity,"Al Karama, Dubai","aliyah bldg, aliyah karama, aliyah building karama, aliyah bld, aliyah, aliya bldg, aliyabuilding, aliyah bldg karama, aliyah karama bldg, aliyabldg, aliyakarama, aliya building, aliyah bld karama"
Alfred Tower,subcommunity,"Downtown Jebel Ali, Dubai","alfred, alfred twr, alfred t, alfredtwr, alfredtowr, alfred tower dja, dja alfred, alfred downtown jebel ali, alfrd tower, alfred tw, alfredt, alfredd tower, alfredtoweer, alfred towre, alfred dwntwn jebel ali"
AlJurf,subcommunity,"Ghantoot, Abu Dhabi","al jurf, jurf, aj, ghantoot jurf, jurf ghantoot, al jurf ghantoot, aljurf ghantoot, aljrf, al-jurf, aljurff, aljurf community, ghantoot aljurf, al jurf abudhabi"
Ali Baba,subcommunity,"Living Legends, Dubai","alibaba, ll ali baba, living legends ali baba, ali baba living legends, ali baba ll, ali bba, ali babaa, alibba, alibaba living legends, ali baba sub, ali baba comm"
Alkaser,subcommunity,"Yas Island, Abu Dhabi","alksr, alkas, yas alkaser, al kaser, alkaser yas, alkasr, al ksr, alkzr, alkhacer, alkiser, yasislandalkaser"
Alia Tower,subcommunity,"Corniche Road, Abu Dhabi","alia t, alia, alia t., cornichel aliat, alia corniche, aliatower, aliatwr, aliabuilding, alia twr, alia ct"
Aliaa,subcommunity,"Muwaileh, Sharjah","alia, aliaa sub, alia sub, muw alia, alia muw, alia muwaileh, alia sharjah, aliaa sharjah, aaliaa, al ia, alai, aliea"
Almasah Tower,subcommunity,"Falcon City of Wonders, Dubai","almsah, almasah twr, almas tower, almash tower, almasah falcon city, falcon city almasah, almasah t，almsah twr, almasah tower fow, almasah tower falcon, almashtower, almasahfc, almasahfow, almasahtwr, almasah twwr, almasah tver, almasa tower, almasah tower dubai"
Aliyah,subcommunity,"Al Yahar, Al Ain","aliyah sub, alyah, alya, aliya, aliyah al ain, al ain aliyah, alyah al ain, al ain alyah, aliyahalain, alainaliyah, alyahalain, alainalyah, aliya al ain, al ain aliya, aliyah alain, alain aliyah"
Almass,subcommunity,"Dubai Marina, Dubai","almas, almas tower, almas t-wr, almas jlt, jlt almas, almas marina, almasm, almasss, almas tower marina, almas twr, almstower, almastower, almas marina tower, almas t, almas twr jlt"
Aliyah Building,subcommunity,"Al Karama, Dubai","aliyah bldg, aliyah karama, aliyah building karama, aliyah bldg karama, aliyah, aliyah karama bldg, aliyahbldg, aliyahbuilding, aliyah karama building, aliya building, aliya bldg, aliah building, aliah bldg, karama aliyah, karama aliyah bldg"
Almass Villas,subcommunity,"Tilal City, Sharjah","almass, almas, almas villas, almass villas sharjah, tilal almass, almass tilal, almas tilal, almassvillas, almasvillas, almass tilal city, almas tilal city, alms villas, al mass villas, al mass villa, almass vilas, almas vilas"
AlJurf,subcommunity,"Ghantoot, Abu Dhabi","jurf, al jurf, aljrf, aljerf, al-jurf, jurf ghantoot, ghantoot jurf, ajurf, aljurfg, aljurfghantoot, jurfghantoot, aljrf ghantoot"
Almeer Building,subcommunity,"Barsha Heights (Tecom), Dubai","almeer, al meer, almeer bldg, al meer bldg, almeer barsha, barsha almeer, almeer tecom, tecom almeer, almer, al meer building, almeer bld, almeerblg, almeerbuilding, almeerbld, almeertecom, almeerbarsha"
Alkaser,subcommunity,"Yas Island, Abu Dhabi","alkasr, al kasser, al kassar, al ksr, aksr, alkaseryas, yas alkaser, alkaseryasisland, al kasser yas, al kasser yas island, alkaser abu dhabi, alkasryas"
Almond Tower,subcommunity,"Garden City, Ajman","almond, almond twr, almd twr, almond ajman, ajman almond, almond tower ajman, almondtwr, almnd tower, almnd twr, almondtwer, almondtwr ajman"
Alma,subcommunity,"Arabian Ranches, Dubai","alma ranches, ar alma, ranch alma, almaranches, almrnchs, alama, alm, almaa, ranches alma, alma arabian ranches"
Aloft City Center Deira,subcommunity,"Deira, Dubai","aloft deira, aloft ccd, aloft ccd deira, aloft city centre, aloft city center, aloft dcc, aloft city centre deira, aloft citycenter, aloftdeira, aloftccd, aloftccdeira, aloft ccd mall, aloft mall deira, aloft dcc deira, aloftcc, alofts city center, aloft ceter deira, aloft cty center deira, aloft dcc mall"
Aloft Dubai Airport Hotel,subcommunity,"Al Garhoud, Dubai","aloft airport, aloft garhoud, aloft dxb, aloft dxb airport, aloft, aloft hotel garhoud, aloftairporthotel, aloftairport, aloftgarhoud, al garhoud aloft, dxb aloft, aloft hotel, aloftdxb, aloftdxbhotel, aloght airport, aloft airpot, aloft air port, aloft garhod, aloft grhoud"
Aloft Dubai South,subcommunity,"Dubai South (Dubai World Central), Dubai","aloft dxb south, aloft south, aloft dwc, aloft dubaisouth, aloftdubsouth, loft south, aloft dxb, aloft south dubai, aloft, alof dxb south, aloftsouth, aloft south dxb, aloft dubai world central"
Almasah Tower,subcommunity,"Falcon City of Wonders, Dubai","almasa, almasah, almas tower, almas twr, almasa tower, almasah twr, almasah tower falcon city, almasah fcw, almas tower falcon city, almasa falcon city, almasah falcon city of wonders, almasah towerr, almasa twr, almasatower, almasahtower, fcw almasah, almasah tower dubai"
Almass,subcommunity,"Dubai Marina, Dubai","almas, almass tower, almas tower, almas marina, almass marina, marina almas, dmcc almas, almas dmcc, almass dmcc, alsmas, almasss, alms, alms tower, almastower"
Aloft Me’aisam,subcommunity,"Dubai Production City (IMPZ), Dubai","aloft meaisam, aloft meaisem, aloft meysam, aloft meisam, aloft impz, aloft dpc, aloft production city, aloft meaisam dubai, dpc aloft, impz aloft, aloftmeaisam, aloftmeisam, aloftimpz, aloftdpc, aloft maisam, aloft meiasam, aloft meissam"
Almass Villas,subcommunity,"Tilal City, Sharjah","almass villas sharjah, almass tilal, almass, almas villas, almas, almas sharjah, amt, almassvillas, tilal almass, tilalcity almass"
Alpha Green Tower,subcommunity,"Jumeirah Village Circle, Dubai","agt, alpha green, alpha green t, alpha green tower jvc, green tower, green tower jvc, jvc alpha green, jvc green tower, alphagreen, alphagreent, alphagrentower, alpha green jvc, jvcalphagreen, alphagreenjvc, alpha green jumeirah village circle, green tower jumeirah village circle, alpha gt, agt jvc, jvc agt, alpha green t jvc"
Alqubaisi Building,subcommunity,"Tourist Club Area, Abu Dhabi","alqubaisi bldg, alqubaisi, al qubaisi, al qubaisi bldg, alqubaisi tca, alqubaisi tourist club, alqubaisi abu dhabi, alqubaisibldg, alqubaisibuilding, alq bldg, al qubaisi building, alqubaysi bldg, alqubesi bldg, alqubaisi building tca, tca alqubaisi bldg"
Almeer Building,subcommunity,"Barsha Heights (Tecom), Dubai","almeer, al meer, almeer bldg, al meer bldg, almer, al meer building, almeer building tecom, almeer tecom, al meer tecom, barsha heights almeer, tecom almeer, almeerbarsha, almeerbarshaheights, almeerbldg, almeer bld, almeer bldng, almer building, al mer building, almeir building, almeir bldg"
Alreeman,subcommunity,"Al Shamkha, Abu Dhabi","al reeman, alreman, al reman, alreem, al reem, al shamkha reeman, al shamkha alreeman, alshamkha reeman, shamkha reeman, al reeman shamkha, alreemanshamkha, alreeman shamkha, alreman shamkha, al reeman auh, alreeman auh, alreman auh, alreem an, alriman, alreemn"
Almond Tower,subcommunity,"Garden City, Ajman","almondtwr, almond ajman, almond tower ajman, almd tower, almon tower, almondtwer, almond, almond twr ajman, garden city almond, almond garden city, almd twr, almon twr, almondtwr ajman"
Alreeman II,subcommunity,"Al Shamkha, Abu Dhabi","alreeman2, alreeman 2, al reeman 2, alreemanii, alreemani, alreeman 2 shamkha, al shamkha reeman, alreeman2 shamkha, alreemanii shamkha, alreeman ii shamkha, al reeman ii, al reeman two, alreemantwo, alreeman 2 abudhabi, alreeman2ad, alreeman ii ad, alreeman 2nd, alreeman ii area, alreeman 2 community, alreeman subcommunity, alreeman 2 shamka, alreeman 2 shamkha city, alreeman2 sub, alreeman ii sub"
Aloft City Center Deira,subcommunity,"Deira, Dubai","aloft ccd, aloft deira, aloft city centre, aloft ccd deira, aloft deira mall, aloft city center, aloft deira city center, aloft deira city centre, aloft ccdubai, aloftdeira, aloftccd, aloftccdeira, aloft citycentre, aloftcitycenter, aloftcitydeira, aloft deira center, a loft city center, alofft city center, aloft cty center, aloft city ctre, aloft cdc, aloft deira cc, ccd aloft, deira aloft, deira aloft hotel"
Alta,subcommunity,"Jumeirah Village Circle, Dubai","alt, jvc alta, alta jvc, jvc-alta, alta jvc circle, altajvc, jvc-alt, alt a, altta, altaa, jvc altaa"
Aloft Dubai Airport Hotel,subcommunity,"Al Garhoud, Dubai","aloft airport, aloft garhoud, aloft dxb, aloft dxb airport, aloft airport hotel, al garhoud aloft, aloftalgarhoud, alfarhoud aloft, aloft airport dubai, aloft al garhoud, aloftdubai, aloftgarhoud, alof airport, alift airport, aloft hotel airport, dxb aloft, aloft dxb hotel"
Altai Tower,subcommunity,"Jumeirah Village Triangle, Dubai","altai, altai jvt, altai tower jvt, jvt altai, jvt altai tower, alty tower, altai twr, altaitower, altai jvc, altay tower, altai towr, altai twr jvt"
Aloft Dubai South,subcommunity,"Dubai South (Dubai World Central), Dubai","aloft dxb south, aloft south, aloft dwc, aloft dubaisouth, aloftdubsouth, aloft dsw, alft south, aloft dwc south, aloft south dubai, aloftdwcsouth, alofft south, alof south, aloft south dxb"
Altia One,subcommunity,"Dubai Silicon Oasis, Dubai","altiaone, altia 1, altia1, dso altia, altia dso, altiaone dso, altia1 dso, altia one dso, altia, altiaone1, altiaoneone"
Aloft Me’aisam,subcommunity,"Dubai Production City (IMPZ), Dubai","aloft meaisam, aloft meaisem, aloft meaysem, aloft meaysam, aloft impz, impz aloft, aloft dpc, dpc aloft, aloft, aloftmeaisam, aloftmeaisem, aloftprodcity, aloft production city, aloft meaisam hotel, aloft meaisem hotel, aloft meaisem apts, aloft meaisam apartments, aloft impz hotel"
Altia Residence,subcommunity,"Dubai Silicon Oasis, Dubai","altia, altia res, altia resid, altia residence dso, dso altia, altia dso, altiaresidence, altia resi, altia resd, altia residance, altia residancy, alta residence, altia resdnce, altia resdnc, altia residance dso, altia resi dso"
Alpha Green Tower,subcommunity,"Jumeirah Village Circle, Dubai","alpha green, agt, alpha green jvc, jvc alpha green, alphagreen, alpa green, alfa green, alpha gren, alpha greeen, alpha green twr, alpha green tower jvc, agt jvc, jvc agt"
Altissima,subcommunity,"Al Barari, Dubai","altisima, albarari altissima, altissima al barari, altissima barari, altisima barari, altisima al barari, altisim, altiss, altissma, albarari altisima"
Altitude Tower,subcommunity,"Emirates City, Ajman","alt tower, altitude, alt, alt twr, altitude ajman, altitude emirates city, alt emirates city, alt tower ajman, altitude tower ajman, altitude tower ec, alt ec, altitude ec, alt twr ajman, altityde, altitide, altitue, alt tower ajm, altitude ajm"
Alqubaisi Building,subcommunity,"Tourist Club Area, Abu Dhabi","alqubaisi bldg, alqubaisi, al qubaisi, alqubaisibldg, al qubaisi bldg, tca alqubaisi, alqubaisi tca, alqubaisi building tca, al qubaisi tca, al qubaisi building tca, alqubaisibuilding, alqubaisi blg, al qubaisi blg, alqubaisi bld, al qubaisi bld, alqubaisibld, tca alqubaisi bldg, tca al qubaisi, alqubaisi building abu dhabi, alqubaisi ad, al qubaisi ad, alqubaisii, alqobaisi, alqobaisi bldg, al qubaisey, alqubaisey, al qubaysi, alqubaysi"
Altus,subcommunity,"Dubai Creek Harbour (The Lagoons), Dubai","alt, altus dch, altus dubaicreekharbour, altusdch, altusc, altuslahar, altuscreek, altusdubai, alta, altusl, altar, altuss, altusdcrk, atlus, altous"
Alvorada,subcommunity,"Arabian Ranches, Dubai","alv, alvoda, alvor, alvorada dubai, arabian ranches alvorada, alvorad, alvoradaa, alvora, alvorado"
Alreeman II,subcommunity,"Al Shamkha, Abu Dhabi","alreeman2, alreemanii, alreeman 2, alreeman two, alreeman-2, alreemanii shamkha, alreeman 2 shamkha, alreeman2 shamkha, alreeman shamkha, alreemanii abu dhabi, alreeman2 abu dhabi, alreeman 2 abd, alreeman2 abd, alreemanii abd, alremman2, alreman2, alreman ii, alreman 2"
Alwan Residence 1,subcommunity,"Dubai Production City (IMPZ), Dubai","alwan 1, alwan res 1, alwan resi 1, alwan resd 1, alwanres1, alwanr1, dpc alwan 1, impz alwan 1, alwan residence one, alwan res one, alwan 1 dpc, alwan 1 impz, alwanresidence1, alwn 1, alwan resdce 1, alwan resdnc 1, alwan resi1, alwan resd1, alwan res 01"
Alta,subcommunity,"Jumeirah Village Circle, Dubai","alta jvc, jvc alta, alta jv, jv alta, altajvc, jvcalta, alta jumeirah village circle, alta circle, alta jvc dubai, alta jvc dubi, alta jvc dxb, alta jvc duba, alta jvcc, alata jvc"
Alza 11,subcommunity,"Dubai Land, Dubai","alza11, alza, alza-11, alza eleven, alza11 dubailand, alza dubailand, alza11dl, alza land, alza1, alza-i1, alzaa11, alzaa 11, alzaeleven, alza eleven dubailand, alza11dld, alza11 dubai, alza11 land, alz11"
Altai Tower,subcommunity,"Jumeirah Village Triangle, Dubai","altai, altai jvt, jvt altai, altai tower jvt, altaitower, altai twr, altay tower, altay, altai tr, jvt altai tower, altai t, altai jumeirah village triangle, altai jv, altaitwr"
Amaal 8,subcommunity,"Ras Al Khor, Dubai","amal 8, aml 8, amaal8, ras al khor amal 8, rak amal 8, amal eight, ras al khor 8, amal8 ras al khor, aml8, amaal eight, rasalkhor amal 8, amal 8th"
Altia One,subcommunity,"Dubai Silicon Oasis, Dubai","altia1, altiaone, altia 1, dso altia, altia dso, altiaone dso, altia 1 dso, altiaone1, altiaaone, altioone, altiaone silicon, dso altiaone, altia 1 silicon, altiaone silicon oasis"
Amal Tower,subcommunity,"Dubai Sports City, Dubai","amal, amaltwr, amaltowerdsc, amaltower sportscity, amal tower dsc, amal dsc, aml tower, aml twr, amaltwr dsc, amaltwrdsc, aml twr dsc, amal sports city, amal towers, amaltowers, amal twr sports city"
Amali Island,subcommunity,"The World Islands, Dubai","amali, amali is, amali islands, amali the world, the world amali, amaliislands, amaliisland, amli island, amally island, amali wold islands, amali world, amali dubai, amali i, amali i s, amali islds"
Amalia Residences,subcommunity,"Al Furjan, Dubai","amalia, amalia res, amalia resid, amalia residence, amalia rsd, amalia alf, amalia al furjan, al furjan amalia, amaliares, amaliaresidences, amaliaresidencs, amaliaresidens, amaliaresedence, amaliaresedency, amalia resi, amalia resd, amaliar, amalia furjan"
Altia Residence,subcommunity,"Dubai Silicon Oasis, Dubai","altia, altia res, altia resid, altia residence dso, altia dso, altia silicon, altia residence silicon, altiares, altiaresidence, altiaresdso, alta residence, altia resd, altia residance, altia residancy, dso altia, altia residency, altia resi"
Aman,subcommunity,"Al Reem Island, Abu Dhabi","amn, alreeman, reeman, reemaman, alreemamn, amanreem, aman island, aman reem, alreem aman, amman, aamn, amann, amman island"
Altissima,subcommunity,"Al Barari, Dubai","altiss, altissima al barari, albarari altissima, altissma, altisima, altisima al barari, altissa, altissm, albarari altiss, altissima barari"
Aman Building,subcommunity,"Muwaileh Commercial, Sharjah","aman bldg, aman, aman sharjah, aman muwaileh, aman comm, aman building sharjah, amanbldg, amann, aman muw, muwaileh aman, muw aman, aman bldg muwaileh, amman bldg, amman building, aman buildng"
Altitude Tower,subcommunity,"Emirates City, Ajman","altitude, altitde, altitudetwr, altitudetowerajman, altitudecity, altitower, altitudeecc, eccaltitude, altitudeec, emiratescityaltitude, altitd, altitue, altitutde, altitued"
Amara,subcommunity,"Al Reem Island, Abu Dhabi","amr, ara, amra, alreemamara, alreem amara, amara reem, reem amara, amra reem, al reem amra, amara island, amra island, amrais, amraisland, amr island, alreem amra, amara abu dhabi, amra abu dhabi, amara ad, amra ad"
Altus,subcommunity,"Dubai Creek Harbour (The Lagoons), Dubai","altus dch, dch altus, altuss, alts, altus creek, altus lagoons, altus dxb, altus harbor, altus harbour, altus creek harbour, altuslagoons, altusdch, altusdubai"
Amara,subcommunity,"Tilal Al Ghaf, Dubai","amra, amr, amara sub, amara community, tilal amara, amara tilal, amr tilal, amra tilal, amara tg, tg amara, amaratilal, tilalamara, amr alghaf, amara alghaf, amr al ghaf, amara al ghaf, amra al ghaf"
Alvorada,subcommunity,"Arabian Ranches, Dubai","alv, alvorada1, alvorada2, alvorada3, alvorada4, alvranches, aralvorada, alvorada ar, alvorada ranch, alvora, alvoradaa, alvorada ranchies, ranches alvorada, alvorada sub, alvorada subcommunity"
Amara Residences,subcommunity,"Jumeirah Village Circle, Dubai","amara, amara jvc, jvc amara, amara res, amara resid, amara residence, amara jvc dubai, amarares, amararesidences, amra, amarra, amara residence jvc, jvc amara residences"
Alwan Residence 1,subcommunity,"Dubai Production City (IMPZ), Dubai","alwan res 1, alwan res, alwan1, alwanres1, alwan-res1, alwan residnce 1, alwan residence1, alwan resd 1, alwan r1, impz alwan 1, alwan impz, alwan residence i, alwanresidence1, alwan resi 1, alwan res 01, alwan residence one, alwan 1 impz, impz alwan res 1"
Amargo,subcommunity,"Damac Hills 2, Dubai","amrgo, amargo dh2, dh2 amargo, damac hills 2 amargo, amargo damac, amargo d2, amargodamac, amargodh2, amrago, amargo sub, amargod2"
Amaro,subcommunity,"Damac Hills 2, Dubai","amaro damac, damac hills 2 amaro, dh2 amaro, amaro dh2, amro, amaro d2, amarohills, amaro2, amaro sub, amro dh2"
Alza 11,subcommunity,"Dubai Land, Dubai","alza11, alza-11, alza eleven, alza11 dubailand, alza eleven dubailand, alza sub, alza11 dubai, alza11 dl, alza11 land, alza-11 dubailand, alzaa 11, alzaa11, alzaa eleven, alza eleven dl, alza11 community, alza11 area"
Amaya Plaza,subcommunity,"Nadd Al Hammar, Dubai","amaya, amaya p, amayaplaza, amaya nad al hamar, amaya nadd al hammar, nadd al hammar amaya, nad al hamar amaya, amya plaza, amay plaza, amayaplz, amayaplzr, nadd al hamar plaza"
Amazonia,subcommunity,"Damac Hills 2, Dubai","amaz, amazonia d2, d2 amazonia, amaznia, amazoina, amazonia damac, amazoniia, damac amazonia, amazonia dh2, dh2 amazonia, amaznia d2, amazoniad2, amzonia, amzonia d2, amazoniya, amazn d2, amazonia sub, amazonia community"
Amaal 8,subcommunity,"Ras Al Khor, Dubai","amaal8, amaal 8th, amal 8, amal8, ras al khor amaal 8, rak amaal 8, rak amaal8, amaal 8 rak, amaal8 ras alkhor, amaal8 rak, aml 8, amaal eight, amaal8th, ras alkhor amaal8"
Amber Residence,subcommunity,"Dubai South (Dubai World Central), Dubai","amber res, amber, amber resi, amberres, dxb south amber, dxb south amber res, amber residence dubai south, ambr res, amberresidence, amber residance, amberresd, amber res dxb south"
Amal Tower,subcommunity,"Dubai Sports City, Dubai","amal, amaltwr, amaltower, amal t, amal sc, sportscity amal, amal sports city, amaltowerdsc, dsc amal, amaltwr dsc, amaltowr, amal twwr, amal twr, amal tower dsc, amal sports, amal sports city dsc"
Amber Residency,subcommunity,"Umm Suqeim, Dubai","amber, amber res, ambr residency, ambr res, amber residence, umm suqeim amber, us amber, amber umm suqeim, amberres, amberresidency, ambrres, ambrresidency, ummsuqeimamber, amberresdency, amberresidencyy, ambar residency, amber residncy"
Amali Island,subcommunity,"The World Islands, Dubai","amali, amali is, amali islands, amali the world, the world amali, amaliworld, amaly, amalli, amli, amaliislands, amaliisland, theworldamali, amali world islands, amali w islands, amali dubai"
Aman,subcommunity,"Al Reem Island, Abu Dhabi","amn, alreemamn, reemamn, amanreem, alreeman, amnreem, amman, amon, aamn, amn island, alreem subcommunity"
Aman Building,subcommunity,"Muwaileh Commercial, Sharjah","aman bldg, aman, aman sharjah, muwaileh aman, aman muwaileh, aman comm, amn bldg, aman builiding, aman building sharjah, aman bldng, amanblg, aman muw, muw aman, amanbldg"
Amena 15 Building,subcommunity,"Muroor Area, Abu Dhabi","amena15, amena 15 muroor, amena building 15, amena15 muroor, amena fifteen, amna 15, amenaa 15, amena 15 bldg, muroor amena 15, amena 15 abu dhabi, amena fifteen muroor, amna15, amena15bldg"
Amana Tower,subcommunity,"Al Khalidiya, Abu Dhabi","amana, amana twr, amana t，amana khalidiya, amana tower khalidiya, al khalidiya amana, amanatower, amana t-r, amna tower, amana twr khalidiya, al khalidiya amana tower, amana tnr, amana towre, amana twr kld, amanatwr, amanatwrkhalidiya"
Amina Residence 2,subcommunity,"Jumeirah Village Circle, Dubai","amina res 2, amina res2, amina residence2, amina 2 jvc, amina2 jvc, amina res 2 jvc, amina2, jvc amina 2, jvc amina2, amina residence two, amina res two, amina resd 2, amina resedence 2, amina resedence2, amina resdence 2, ammina res 2, amina r 2, ar2 jvc, amina 2 residence"
Amir Tower,subcommunity,"Downtown Jebel Ali, Dubai","amir, at, amir twr, amr tower, amirtower, amirtwr, dja amir, dja amir tower, dja at, dja amir twr, amir tower dja, amir twnr, amir tor, amer tower, amer twr, amir towre, amir twer, amir t"
Amara,subcommunity,"Al Reem Island, Abu Dhabi","amra, reem amara, amara reem, amra reem, reem island amara, alreem amara, amara alreem, amra alreem, amara riem, amra riem, amara abu dhabi, amara ad, reem amra, amara reem island, amra reem island"
Ammar Bin Yasir Street,subcommunity,"Al Qasimia, Sharjah","ammar bin yasir, ammar bin yasser, ammar bin yaser, ammar bin yassar, ammar bin yaser st, ammar bin yasser st, aby st, aby, alqasimia ammar bin yasir, ammar bin yasir qasimia, qasimia ammar bin yasir, ammarbinyasir, ammarbinyasser, aby qasimia, al qasimia ammar bin yasser, ammar bin yasir street sharjah"
Amna Building,subcommunity,"Dubai Silicon Oasis, Dubai","amna bldg, amna building dso, amna dso, amn bldg, amna residence, amna residence dso, amna silicon oasis, amnabldg, amnabuilding, amnadso, amna bld, amna bldng, amna building silicon oasis, amna bldg silicon oasis"
Amna House,subcommunity,"Al Garhoud, Dubai","amna, amna hse, amna hs, amnahse, amnahouse, al garhoud amna, amna al garhoud, amna garhoud, garhoud amna, amna building, amna res, amna resi, amna residence, amna apts, amnahouse garhoud, amna hse garhoud"
Amara,subcommunity,"Tilal Al Ghaf, Dubai","amr, amra, amara sub, tilal amara, amara tag, tag amara, amara tilal, amra tilal, amr tilal, amra tag, amara t.a.g, amra dubai, amara dubai, amra subcommunity, amra tlal, amaraa, amrra, amraalghaf, tilalamara, amaratilalaghaf, amara ghaf, amraghaf"
Amara Residences,subcommunity,"Jumeirah Village Circle, Dubai","amara, amara jvc, jvc amara, amara res, amara resid, amara residence, amara jvc dubai, amara jumeirah village, amara residences jvc, amara residencies, amara resi, amara resd, amarares, amararesidences, amararesidence, amara residence jvc"
Amargo,subcommunity,"Damac Hills 2, Dubai","amrgo, amargo2, damac amargo, amargo dh2, amrgo dh2, dh2 amargo, damac hills 2 amargo, amargo d2, amrgodh2, amargodh2, amrago, amargo damac, dh2amargo"
Amaro,subcommunity,"Damac Hills 2, Dubai","amaro dh2, amro, amaro damac, damac hills 2 amaro, dh2 amaro, amaroo, amaro cluster, amaro d2, amaro damac hills 2, amro dh2, amaro subcommunity"
Amora in Golf Verde,subcommunity,"Damac Hills 2, Dubai","amora, amora gv, amora dh2, amora damac hills 2, amora golf verde, amoragv, amora golfverde, amora dhii, amora damachills2, amora hills 2, golf verde amora, dh2 amora, damac hills 2 amora, amoraa, amra, amora gvrde, amora golfv, amora golf verde 2, amoradubai"
Amaya Plaza,subcommunity,"Nadd Al Hammar, Dubai","amaya, amayaplaza, amaya plaza nadd al hammar, amayaplz, amaya nadd al hammar, nadd al hammar amaya, amayaplaaza, amayaplaz, amayaplazza, amayapaza, amayaplaza nadd al hammar"
Amro Building,subcommunity,"Majan, Dubai","amro, amro bldg, amro bld, amro majan, majan amro, amrobuilding, amroblg, amro bldng, amro bldg majan, amro bld majan, amro blding, amro residance, amro residence, amro res, amr building, amro buiding, amro bilding"
Amwaj,subcommunity,"Jumeirah Beach Residence, Dubai","amw, amwj, amwaj jbr, jbr amwaj, amw jbr, jbr amw, amaj, amwajjbr, jbr-amwaj, amw-jbr"
Amwaj 1 Apartments,subcommunity,"Al Raha Beach, Abu Dhabi","amwaj1, amwaj 1, amwaj1 al raha, amwaj 1 al raha, amwaj al raha, amwaj 1 apts, amwaj1 apts, amwaj 1 rsb, amwaj one, amwaj1 abu dhabi, amwajj 1, amwaj 11, amwaj1alraha, amwaj1 apartments, amwaj 1 alraha, amwaj apts 1, amwaj 1 beach, amwajj1, amwaj 1 ad"
Amwaj 2 Apartments,subcommunity,"Al Raha Beach, Abu Dhabi","amwaj2, amwaj 2, amw2, amwajtwo, amwaj 2 al raha, amwaj 2 raha, al raha amwaj 2, amwaj two apartments, amw2 al raha, amwaj two, amwaj ii, amwajii, amw aj 2, amwaj2 apartments, amwaj2 raha, raha amwaj 2, amwaj ii apartments"
Amber Residence,subcommunity,"Dubai South (Dubai World Central), Dubai","amber res, amber, amber resid, amber resi, amberres, amberresidence, amber resid dxb, amber south, amber residence south, amber dxb south, amber dwc, ambr res, ambar res, amberr residence, amber residance, amberresd, amber res dubai south"
Amwaj Resort,subcommunity,"White Bay, Umm Al Quwain","amwaj, amwaj res, amwaj uaq, white bay amwaj, amwaj whitebay, amwajj, amwaj resort uaq, amwajresort, amwajres, uaq amwaj, amwaj umm al quwain, amwajr, amwaj resrt, amwajresortuaq"
Amber Residency,subcommunity,"Umm Suqeim, Dubai","amber, amber res, ambr residency, ambr res, amber residency umm suqeim, amber umm suqeim, umm suqeim amber, amber resi, amber residncy, ambrres, amberresidency, amberres, amber resdcy"
Amwaj Tower,subcommunity,"Al Khalidiya, Abu Dhabi","amwaj, amwaj towers, amwaj khalidiya, amwaj al khalidiya, amwaj abudhabi, amwaj ad, amwaj tower ad, amwaj khalidia, amwajj, amwaj t, amwaj t-r, amwajtwr, amwajtowers, amwajkhalidiya, alkhalidiya amwaj, amwaj al khalediya, amwaj khalediya, amwajt, amwajtower"
Amber Tower,subcommunity,"Muwaileh, Sharjah","amber, amb tower, amb twr, amber twr, amber sharjah, muwaileh amber, amber muwaileh, ambertower, ambtr, ambr, ambr twr, amber shj, amb twr sharjah"
Amena 15 Building,subcommunity,"Muroor Area, Abu Dhabi","amena15, amena15bldg, amena15muroor, amena 15 muroor, amna 15, amena fifteen, amena15 abu dhabi, muroor amena 15, amena15b, amena15 build, amena 15 bldg, amena 15 building muroor, amna15, amena 15 muroor area, amena15ad"
Amina Residence 2,subcommunity,"Jumeirah Village Circle, Dubai","amina res 2, amina 2, amina res2, amina residence2, amina 2 jvc, amina res 2 jvc, jvc amina 2, aminares2, amna 2, amina residence ii, amina two, amina2jvc, amna res 2, amina resd 2, amina resid 2, amina resi 2, amina rsd 2"
Amir Tower,subcommunity,"Downtown Jebel Ali, Dubai","amir, amir twr, amir tower dja, dja amir, amir dja, amr tower, amr twr, amir tr, amir tewr, amirtower, amirtwr, amir downtown jebel ali, downtown jebel ali amir, amir jebel ali, amir dxb"
Anantara Downtown - Business Tower,subcommunity,"Business Bay, Dubai","anantara dt, anantara bus bay, anantara tower business bay, anantara bb, anantara business bay, anantara dt business bay, anantaradt, anantarabb, anantarabusinessbay, anantara dwntown, anantara dt tower, anantatra downtown, ananttara downtown, anantara down town, anantara dntown, anantara downtown tower, business bay anantara, bb anantara, anantara bbay"
Ammar Bin Yasir Street,subcommunity,"Al Qasimia, Sharjah","abyss, ammar bin yassir, ammarbinyasir, ammar yasir, ammar st, ab yassir, ab yasir, alqasimia ammar bin yasir, ammar bin yasir alqasimia, ammar bin yaser, amar bin yasir, amar bin yaser, ammarbnyasir, ab yasir st, ammar st alqasimia"
Anbar Residences,subcommunity,"Maryam Island, Sharjah","anbar, anbar res, anbar resid, anbar rsd, anbr, anbar maryam, maryam anbar, anbar maryam island, maryam island anbar, anbarr, anbarres, anbar resi, anbar residencies, anber, anbar residence"
Amna Building,subcommunity,"Dubai Silicon Oasis, Dubai","amnabldg, amna bld, amna silicon, dso amna, amna building dso, amna building silicon oasis, amnabldg dso, amnabuilding, amna oasis, amna dso, amna bldg silicon, amna bldng, amna buildng, amna buildg, amna bldg dso"
Anber Townhouses,subcommunity,"Aljada, Sharjah","anber, anber th, anbertownhouses, anberaljada, aljada anber, anber sharjah, amber townhouses, amber th, anbr townhouses, anbr th, aljada anber th, anber ths, anber town house, anbr, anbertownhouse"
Anchorage Residence,subcommunity,"Dubai South (Dubai World Central), Dubai","anchorage, anchorage res, anchorage resid, anchorag res, anchorage dxb south, anchorage dubai south, d-south anchorage, ds anchorage, anchorage dwc, anchorage residance, anchorage resi, anchorage resd, anchorage residencee, anchorageresidence, anchorage residences, anchorage resdnce"
Amora in Golf Verde,subcommunity,"Damac Hills 2, Dubai","amora, amora gv, amora d2, amora dh2, amoragv, amora golf verde, amora damac hills 2, amora damac hills ii, amora dh 2, amora golfverde, amora damachills2, amora damac 2, amora dmc 2, amoura, amoro, amora golfv, amora g verde, amora golfverde2, amora dh ii"
Andaz Dubai The Palm,subcommunity,"Palm Jumeirah, Dubai","andaz palm, andaz the palm, andaz, andaz palm jumeirah, andaz jumeirah, andaz jumeirah palm, andazdubai, andazpalmjumeirah, andaz palm hotel, andaz hotel palm, andaz hotel, andz palm, andaz dxb, andaz palm dxb, andaz the palm jumeirah, andazpalm, andazthepalm, andaz hotel jumeirah, andaz pjm, andaz palm jumeirah dubai"
Amro Building,subcommunity,"Majan, Dubai","amro bldg, amro, amro majan, majan amro, amro bld, amrobuilding, amro blg, amro majan bldg, amro majan building, amro bldg majan, amrobldg, amro blding, amro bldng, amro bldg."
Ank Townhouse,subcommunity,"Al Furjan, Dubai","ank, ank th, ank town, ank townhouses, ank al furjan, alfurjan ank, ankth, ankthhouse, anktwn, ank townh, anktownhouse, ank twnhouse, ank furjan, ank-th, ank ths, ank townhouse al furjan"
Amwaj,subcommunity,"Jumeirah Beach Residence, Dubai","amw, amwj, amwaj jbr, jbr amwaj, amwaj residence, amwaj residences, amw jbr, amwaj jumeirah beach residence, amwage, amwajjbr, amwajjumeirah"
Ansam,subcommunity,"Yas Island, Abu Dhabi","ansm, ansam yas, yas ansam, ansams, ansam residences, ansm yas, ansm island, ansm yas island"
Amwaj 1 Apartments,subcommunity,"Al Raha Beach, Abu Dhabi","amwaj1, amwaj 1, am1, amwaj one, amwaj1 al raha, amwaj 1 al raha, amwaj one al raha, amwaj apartments, amwaj 1 apts, amwaj1apts, amwajj 1, amwaj 11, amwaj11, al raha amwaj 1, al raha amwaj, amwaj1 alraha, amwaj apts 1, amwaj1ab, amwajj1, amwaj one apts"
ANWA,subcommunity,"Maritime City, Dubai","anwa maritime, anwa dmc, anwa maritime city, anwa residence, anwa residencies, anwa dubai, anwa m city, anwa apts, anwa res, anwa tower, anwa dubai maritime city, anwaa, anw, anwaa residence, anw maritime, anwaa maritime"
Anwa Aria,subcommunity,"Maritime City, Dubai","anwa, anwaaria, anwaria, anwa dmc, anwa maritime, anwa maritime city, anwa dxb, anwaa, anwa aria dmc, anwaaria dmc, dmc anwa, anwa-aria, anwaa aria, anwa arria, anw aria"
Anwa II,subcommunity,"Maritime City, Dubai","anwa 2, anwa2, anwa two, anwa maritime, maritime anwa, anwa dmc, anwa maritime city, anwaa, anwa ii dubai, anwa 2 maritime city, anwaii, anwa2 maritime, anwa2dmc"
Amwaj 2 Apartments,subcommunity,"Al Raha Beach, Abu Dhabi","amwaj2, amwaj 2, amw2, amwaj ii, amwaj-2, amwaj2 al raha, amwaj 2 al raha, al raha amwaj 2, alraha amwaj 2, amwaj two, amwajtwo, amwaj2 apts, amwaj 2 apts, amw 2, amwaj ii apartments, amw2 al raha, amw-2, amwaj2abu dhabi, amwaj2abudhabi, amwajii, amwaj2apt"
Amwaj Resort,subcommunity,"White Bay, Umm Al Quwain","amwaj, amwaj resort uaq, amwaj uaq, white bay amwaj, amwajj, amwajresort, amwajresortuaq, amwaj white bay, amwaje, amwajr, wbamwaj, amwaj umm al quwain"
Aown,subcommunity,"Al Yahar, Al Ain","awn, al yahar awn, alyahar awn, awn al yahar, awn alayar, awn alyahar, ayar awn, al yahar sub, al yahar subcommunity, awn sub, awn comm, awn area"
Amwaj Tower,subcommunity,"Al Khalidiya, Abu Dhabi","amwaj, amwaj towers, amwaj khalidiya, amwaj al khalidiya, amwaj tye, amwaj twr, amwajtowers, amwajtwr, amwajkhalidiya, alkhalidiya amwaj, khalidiya amwaj, amwj, amwaj res, amwaj residences, amwajj, amwaj towerz, amwajt, al khalediya amwaj, amwaj al khalediya"
Aparthotel Adagio Premium Dubai Al Barsha,subcommunity,"Al Barsha, Dubai","adagio al barsha, adagio barsha, adagio premium, ap adagio, adagio ap, adagioalbarsha, adagiobarsha, albarsha adagio, barsha adagio, adagio, adajio barsha, adajio al barsha, adagio prem, adagio prem barsha, adagio premium barsha, adagio albarsha, adagio premium al barsha"
Anantara Downtown - Business Tower,subcommunity,"Business Bay, Dubai","anantara dt, anantara bus bay, anantardowntown, anantaratower, anantr downtown, anantara business, anantara bb, anantara bt, antantara downtown, anantara down town, anantaradt, anantara businessbay, downtown anantara, bb anantara, anantara bbt, anantradowntown, anantara dtn, anantara busbay"
API 1000,subcommunity,"Umm Al Sheif, Dubai","api1000, api 1k, api one thousand, umm al sheif api, api umm al sheif, api1000 umm al sheif, api1000 uas, api 1000 uas, api1k, api-1000, api one k, api1000dubai, api 1000 dubai, api-1000-uae"
Anbar Residences,subcommunity,"Maryam Island, Sharjah","anbar resi, anbar res, anbar resid, anb resi, anb res, anb resid, ambar resi, anber res, anbar residances, anbar residense, anbar residencs, anbarres, anbarresi, anbarresidences, mi anbar resi, mi anbar res, maryam anbar resi, maryam anbar res, anbar res mi, anbar mi, shj anbar resi, shj anbar res"
Anber Townhouses,subcommunity,"Aljada, Sharjah","anber, anbertownhouses, anberth, aljada anber, anber aljada, aljadaanber, anberaljada, anbr, amber townhouses, amber, anber townhouse, anber th, anberths, aljada anber th"
API Barsha Heights,subcommunity,"Barsha Heights (Tecom), Dubai","api, api barsha, api tecom, barsha heights api, tecom api, apibarsha, apitecom, api b.h, api bh, api heights, api heights barsha, api heights tecom, apibharsha, apibhtecom, api brsha, api barshaa, api barsha hts, apibarshaheights, apihights, api hieghts"
Anchorage Residence,subcommunity,"Dubai South (Dubai World Central), Dubai","anchorage, anchorage res, anchorage resd, anchorage resid, anchorage residences, anchorageres, anchorageresidence, anchorageresidences, anchorage dxb south, anchorage dubai south, anchorage dwc, anchorage ds, anchorage dsc, ancorage, ancorage residence, anchorge, anchorage resdnc, anchorage resdence, anchorage rezidence"
API Silicon Residency,subcommunity,"Dubai Silicon Oasis, Dubai","api silicon, api residency, apisr, api silicon oasis, silicon api, api silicon res, apisilicon, apisiliconres, apisiliconresidency, api silicon dso, dso api, dso api residency, api silicon residncy, api silcon residency, api silicon resi, apiresidency"
Andalus Al Seef Resort and Spa,subcommunity,"Al Salam Street, Abu Dhabi","andalus resort, andalus al seef, andalus abu dhabi, andalus alseef, andalus res, andalus, alsalamsheet andalus, andalusalsalam, andalus al salam, al seef andalus, andalus resort ad, andalus ad, andalus alseef resort"
API TECOM Residency,subcommunity,"Barsha Heights (Tecom), Dubai","api tecom, tecom residency, api residency, apitecom, api tecom res, api tecom resi, barsha heights api, tecom api, api tecom building, api tecom tower, api tecom residence, api tecom resd, api tecom resis, api tecom residancy, api tecom resdency, api tecom residncy, apitecomresidency"
API Trio Towers,subcommunity,"Sheikh Zayed Road, Dubai","api trio, api towers, api trio tower, api trio szr, szr api trio, apitrio, apitrio towers, api triotowers, api trio t-w-r, api trios, api trio residence, api trio residencies, api trio building, api trio dubai, api trio road, api trioszr"
Andaz Dubai The Palm,subcommunity,"Palm Jumeirah, Dubai","andaz palm, andaz the palm, andaz, andz palm, andazjumeirah, andazp, andazpalm, palm andaz, andaz thepalm, andazthepalm, andazdubai, andaz dxb, andaz palm jumeirah, andazpalm jumeirah, andaz jumeirah, andazthep, andaz residence, andaz residences, andaz res, andaz hotel palm"
API World Tower,subcommunity,"Sheikh Zayed Road, Dubai","api tower, api world, api wrld, api szr, szr api, api, apiworld, apiwld, apii tower, apii world, api world tower szr, api world twr, api wrld twr, api world t"
Apricot,subcommunity,"Dubai Silicon Oasis, Dubai","apricot dso, dso apricot, apricot silicon, silicon apricot, aprcot, apricoot, aprcit, apricot community, apricot oasis, apricotdso, dsoapricot"
Ank Townhouse,subcommunity,"Al Furjan, Dubai","ank, ankth, ankthc, anktown, anktownhouse, al furjan ank, ank al furjan, alfurjan ank, ank th, ank twnhouse, ank twh, anktwnhouse, ankthse, ank townhouses"
AQU,subcommunity,"Al Qusais, Dubai","qusais, alqusais, alqus, qus, qusis, al qusis, al qusais, alq, qusais 1, qusais 2, qusais 3, qusais industrial, qus industrial, al qusais industrial, alqusaisindustrial, alqais, qusaies, alqasais"
Ansam,subcommunity,"Yas Island, Abu Dhabi","ansm, ansam yas, yas ansam, ansam resid, ansamres, anssam, ansamm, ansam yass, yasansam, ansam apartments, ansam apts, ansam yas island"
Aqua Arc,subcommunity,"Al Marjan Island, Ras Al Khaimah","aquaarc, aa, arc, aqua arch, aquaark, aqua arc rak, aqua arc marjan, aqua arc al marjan, aquaarcrak, aquaarc marjan, aqua arch rak, marjan aqua arc, rak aqua arc, aqua arc island, aqua arcc, aqua arcq"
ANWA,subcommunity,"Maritime City, Dubai","anwa residences, anwa dmc, dmc anwa, anwa maritime city, anwa maritime, anwa dubai, anwa tower, anwaa, anw, anwaa residences, maritime anwa, anwamaritime, anwaresidences"
Aquarius Gate Tower,subcommunity,"Dubai Waterfront, Dubai","aquarius gate, aquarius gate twr, aq gate, aq gate tower, aquariusgate, aqgate, aquariusgate tower, dw aquarius gate, dubai waterfront aquarius, aqua gate, aquarius gat, aquariusgattetower, aq gtw, aq waterfront, aquarius twr, aquariusgate twr"
Anwa Aria,subcommunity,"Maritime City, Dubai","anwa, anwa aria dmc, anwa dmc, anwa maritime, anwa maritime city, anwaaria, anwaaria dmc, anwaria, anwaria dmc, anwa dxb, anwa dmcc, anwa aria maritime city, anwaa, anwa aria dubai maritime city"
Arabian Crown,subcommunity,"Falcon City of Wonders, Dubai","arabiancrown, ac, arabian crwn, arabiancrwn, arabincrown, arabiancwn, arabian crn, arbn crown, arbncrwn, falconcity arabian crown, arabian crown falcon city, fow arabian crown, arabiancrown fow, arabian crwn falcon city, arabiancrwn fow"
Aown,subcommunity,"Al Yahar, Al Ain","awn, own, aon, aoun, awon, awun, eown, aun, awn al yahar, own al yahar, aon al yahar, alyahar awn, alyahar own, alyahar aon, awn al ain, own al ain, aon al ain, alain awn, alain own, alain aon"
Arabian Gate,subcommunity,"Dubai Silicon Oasis, Dubai","arabiangate, ag, ag dso, dso ag, arabian gate dso, arabian gate silicon, arabian gate silicon oasis, arabiangatedso, arabian gate res, arabian gate residence, arabian gate residences, arabian gate apts, araban gate, arabain gate, arabian gat, arabian gate dsoa, dsoa ag"
Aparthotel Adagio Premium Dubai Al Barsha,subcommunity,"Al Barsha, Dubai","adagio premium, adagio al barsha, adagio barsha, aparthotel adagio, adagio premium barsha, adagio premium al barsha, al barsha adagio, barsha adagio, adagio albarsha, adagiobarsha, adagipremium, adagio premium dxb, adagio, adagio dxb, adagio bsh"
Arabian gate 1,subcommunity,"Dubai Residence Complex, Dubai","ag1, arabian gate, arabian gate one, drc ag1, arabian gate drc, arabiangate1, arabiangate, ag 1, arabian gte 1, arabian gte, agone, ag 1 drc, arabian gate 1 drc, arabian gateone, arabian gate-1"
API 1000,subcommunity,"Umm Al Sheif, Dubai","api1000, api 1k, api one thousand, api, api1000 umm al sheif, umm al sheif api, uas api 1000, api 1000 building, api 1000 residence, api one k, api-1000, api ten hundred, api1000 building, api 1000 uas"
Arabian Heights,subcommunity,"Dubai Silicon Oasis, Dubai","arabianheights, arabian hts, arabian hghts, arabianh, arabian h, dso arabian heights, arabian heights dso, dso arabian, arabian heights silicon oasis, silicon oasis arabian heights, arabian heights dubai, arabian hts dso, arabian hghts dso, arabianhghts, arabhghts, arabianheigts, araban heights, arabianhieghts, arabianheghts"
API Arjan Two,subcommunity,"Arjan, Dubai","api arjan, api arjan 2, arjan api, arjan api 2, apiarjan, apiarjan2, api arjanii, api arjan ll, api arjan2, api 2 arjan, api 2, api-arjan, apiarjan-2, apiarjan two"
Arabian Hills Estate,subcommunity,"Al Faqa'a, Al Ain","ah, arabian hills, arabianhills, ah estate, arabian hills estate al faqa, arabian hills al faqa, al faqa arabian hills, arabian hill, arabianhillsestate, arabianhils, arbian hills, arabian hill estate, ahe, ah al faqa, arabian hills faqa, arabianhilsestate, ah estate al faqa"
API Barsha Heights,subcommunity,"Barsha Heights (Tecom), Dubai","api, apitecom, tecomapi, barshaheightsapi, apibarsha, apiheights, apibh, api-bh, apib, apibarshaheights, apitecomdubai, apibhdubai, a.p.i, a p i, apii, apibarsheheights, apihights, apibharsha"
Arabian Oryx House,subcommunity,"Barsha Heights (Tecom), Dubai","aoh, arabianoryx, arabianoryxhouse, aohbarsha, aohbarshaheights, barshaoryx, tecomoryx, arabianorix, aoh tecom, arabianoryxtecom, aohb, oryx house, oryxhouse"
API Silicon Residency,subcommunity,"Dubai Silicon Oasis, Dubai","api silicon, silicon residency, api residency, dso api, api dso, api silicon oasis, api residncy, api residancy, apisilicon, apiresidency, api silicon res, api res, dso api residency, api silicon residency dso"
Arabian Tower,subcommunity,"Jumeirah Village Circle, Dubai","arabian tower jvc, arabian tower jv, at jvc, arabian twr, arabian t, arabian tower jumeirah village, arabian tower jumeirah village circle, arabian tower dubai, arabian tower jvc dubai, arabiantower, arabian twr jvc, arbian tower, arabian towre, arabian towerr, arabin tower, arabian t-r, at jv, arabian t jvc"
API TECOM Residency,subcommunity,"Barsha Heights (Tecom), Dubai","api tecom, tecom residency, api residency, apitecom, api tecom res, api tecom building, tecom api, barsha heights api, barsha heights api tecom, api tecom barsha, api tecom bhts, api teacom, api tecom residancy, api tecom residncy, api tecom resd, api tecom resi"
Arabian Townhouse,subcommunity,"Jumeirah Village Triangle, Dubai","arabian th, arabian townhouses, arabian thouse, arabian t-house, arabian t/h, jvt arabian, arabian jvt, jvt arabian townhouse, arbn th, arbn townhouse, arabian town house, arabian t house, arabian townh, arabian tnh, arabian tnhs, jvt arabian th, arabian townhousel, arabian townouse, arabian townhoue, arabianth, arabianthouse, jvtarabian, jvtarabianth"
API Trio Towers,subcommunity,"Sheikh Zayed Road, Dubai","api trio, apitrio, api trio szr, szr api trio, api towers, api trio sub, api trio dubai, api trio szej, api trio tower, apitriotowers, api trio shk zayed, api 3 towers, api 3, api trio shz"
Arabian Villas,subcommunity,"Jumeirah Village Triangle, Dubai","av, arabian villa, arabian vill, arabian vll, arabian villas jvt, jvt arabian villa, jvt arabian villas, arabianvillas, arabianvillasjvt, arabian villass, arbian villas, arabain villas, arabin villas, arabian vilas, jvt av"
Arada Central Business District (CBD),subcommunity,"Aljada, Sharjah","acbd, arada cbd, aradacbd, cbd, arada, arada biz, arada dist, aljada cbd, aljada arada, sharjah cbd, aradda, cetral, buisness, distict, ard, ard cbd, shj cbd, alj cbd, central biz, biz dist, central business, aradacentral, arada aljada, cbs, aradabusiness"
API World Tower,subcommunity,"Sheikh Zayed Road, Dubai","api, api world, api tower, world tower, apiwt, apiw, apit, api wrld, api twr, wrld twr, apiworldtower, apiworld, apitower, worldtower, apiwrldtwr, apiwrld, apiwldtwr, apy world tower, api worl tower, api wrold tower, api wrld tower, api worls tower, apiworld twr, api wrldtw, szr api world tower, szr apiworld, szr api, api world tower szr, apiworld szr, api szr, szr apiwt, apiwt szr, sheikh zayed api, sheikh zayed apiworld, api wold tower, api worl twr"
Aras Heights,subcommunity,"Majan, Dubai","aras, aras hts, aras hgts, aras majan, majan aras, arashghts, arash eights, arash heights, aras height, arras heights, arasheights, araz heights, aras hts majan, majan aras hts"
Apricot,subcommunity,"Dubai Silicon Oasis, Dubai","apricot dso, dso apricot, aprcot, apricot silicon, silicon apricot, aprcit, aprict, apricot oasis, dsoapricot, apricotdso, apricott, apricot sub, apricot comm"
ARAS Residence,subcommunity,"Majan, Dubai","aras, aras res, aras resid, aras residense, aras residance, aras resi, aras majan, majan aras, arasmajan, arasresidence, arasres, arasresid, arras"
AQU,subcommunity,"Al Qusais, Dubai","qusais, alqusais, al qusais, qusais 1, qusais 2, qusais 3, qusais industrial, alqusais industrial, qusais ind, al qusais ind, qusaisind, alq, alqais, alquasis, qusasis, al quasis, quasis, alqus, qus, qusais area"
Aqua Arc,subcommunity,"Al Marjan Island, Ras Al Khaimah","aquaarc, aa, arc, aqua arc rak, rak aqua arc, aquaarc rak, al marjan arc, marjan aqua arc, aqua ark, aquaarc rasalkhaimah, aqua arcc, aqarc, aquaarc raq"
Arbor View,subcommunity,"Arjan, Dubai","arborview, av arjan, arbor view arjan, av, arjan arbor view, arborview arjan, arborveiw, arbor veiw, arjan av, arborviewarjan, arbour view, arbourview, arjan arborview"
Aquarius Gate Tower,subcommunity,"Dubai Waterfront, Dubai","aquarius gate, aq gate, aqgate, aquariusgate, dw aquarius, aquarius dw, aq waterfront, aquariusgate tower, aquariusgatetower, aqg, aq tower, aqua gate, aquaris gate, aquarius gat, aquarius gate dw, waterfront aquarius"
Arc Tower,subcommunity,"Marmooka City, Ajman","arc, arcmarmooka, marmookaarc, arc twr, arctwr, arc t अवर, ark tower, arktower, arc towre, arc tewer, arc twr ajman, marmooka arc tower"
Areej Apartments,subcommunity,"Aljada, Sharjah","areej, areej apt, areej apts, areej aljada, aljada areej, areej al jada, areej sharjah, areejapt, areejapts, arreej, arej, areje, areej res, areej residence, areej sub, aljada areej apts"
Aquilegia,subcommunity,"Damac Hills 2, Dubai","aq, aqui, aquilegia1, aquilegiahills, damac hills 2 aquilegia, dh2 aquilegia, aquilegia dh2, aq dh2, aquilegia damac, aquilegia cluster, aquiliga, aquileja, aquilegiaa, aquilegia2, aq2, aquilegiadh2"
Arabella Townhouses,subcommunity,"Mudon, Dubai","arabella, arabellas, arabella mudon, mudon arabella, arabella th, arabella t-houses, arabella muddon, arabellatownhouses, arabellamudon, mudonarabella, arabela, araballa, arabella mudon th, arabella th mudon"
Arena Mall,subcommunity,"Dubai Sports City, Dubai","arenamall, arena mall dsc, arena mall dubai sports city, dsc arena mall, arenamal, arena ml, arena mll, dsc arena, arena sports city"
Arenco Apartments,subcommunity,"Dubai Investment Park (DIP), Dubai","arenco, arenco apt, arenco apts, arenco dip, dip arenco, arenco dubai investment park, aranco, arencoappts, arencoapartments, arencoapts, arenco dip 1, arenco dip 2, arenco residencies, arenco residences"
Arabian Crown,subcommunity,"Falcon City of Wonders, Dubai","arabiancrown, ac, arabian crwn, arabiancrwn, arabianc, falcon city arabian crown, arabian crown falcon city, fco arabian crown, arabian crn, arbn crown, arbncrwn, arabiancrowns, arabian cown, arabian crown fco, fco ac"
Arenco Offices,subcommunity,"Dubai Investment Park (DIP), Dubai","arenco, arenco off, arenco dip, dip arenco, arrenco, arenco office, arenco offc, arenco dip offices, arencooffices, diparenco, arencooff, arenco ofc, arenco dxb, arenco invest park"
Arabian Gate,subcommunity,"Dubai Silicon Oasis, Dubai","arabiangate, ag, ag dso, dso ag, arabian gate dso, arabiangate dso, arabian gate silicon, arabian gate silicon oasis, arabiangate silicon, ag silicon, arabian gat, arabian gte, arabian gatee, arabin gate, aribian gate, arabianngate, arabian gate residential"
Arenco Tower,subcommunity,"Dubai Media City, Dubai","arencotwr, arenco, arenco t, arenco dm, dm arenco, arenco media city, arencotower, arenco twr, arrenco tower, arenco towerr, arenco tewer, media city arenco"
Arenco Villas,subcommunity,"Al Badaa, Dubai","arencovilla, arenco, arenco villa, arenco villas badaa, arencovillas badaa, arenco badaa, abadaa arenco, arenco al badaa, aranco villas, arenco vila, arenco villas dxb, arencovillasdubai, arenco vls"
Arabian gate 1,subcommunity,"Dubai Residence Complex, Dubai","ag1, arabian gate, arabian gate one, arabian gate 1 dubai, drc arabian gate, arabian gate drc, arabian gate1, arabiangate, arabiangate1, arabian gte, arbian gate, arabin gate, ag 1, agone, arabian gate 1 residence complex"
Arabian Heights,subcommunity,"Dubai Silicon Oasis, Dubai","arabianhts, arabian hts, arabianheights, arabian hieghts, arabian heigths, arabian hights, arabianhights, dso arabian heights, arabian heights dso, arabian heights silicon oasis, silicon oasis arabian heights, arabian heights dubai, arabianhts dso, ar heights, arabianh, arabian hts dso, arabian hts silicon oasis, arabian hights dso, arabian heights silicon"
Arenco Villas 12,subcommunity,"Al Badaa, Dubai","arenco 12, arenco v12, av12, a12, arencovillas12, arenco vlla 12, arenco villa 12, arenco villass 12, arenco 12 al badaa, al badaa arenco 12, al badaa arenco v12, arenco vllas 12, arencov12, arenco12, arenco vla 12, av 12, arenco villa12, arenco v.12"
Arabian Hills Estate,subcommunity,"Al Faqa'a, Al Ain","arabianhills, ah, ahe, arabianhillsestate, arabianhill, arabhills, arabianhillsalfaqa, arabianhillalfaqa, alfaqaarabianhills, arabianhillsalain, arabianhillsest, arabianhillest, aribianhills, arabianhils, ah-e, a.h.e, arabianhillsestatealfaqa"
Arabian Oryx House,subcommunity,"Barsha Heights (Tecom), Dubai","aoh, arabianoryx, arabianoryxhouse, aoh tecom, aoh barsha heights, arabian oryx, arabian oryx tecom, aohouse, arabyan oryx, arabianoryx tecom, aoh barsha, arabian oryx barsha heights, arabianoryxhouse tecom, arabian oryxh, aorh, aohouse tecom"
Arabian Tower,subcommunity,"Jumeirah Village Circle, Dubai","arabian tower jvc, at jvc, arabian twr, arabian twr jvc, arabiantower, arabian tnr, arabian towre, jvc arabian tower, jvc arabian twr, arabian tower jumeirah village circle, arabian tewer, arbn tower, at jumeirah village circle, arbn twr, arbtower"
Arabian Townhouse,subcommunity,"Jumeirah Village Triangle, Dubai","arabian townhouses, arabian th, arabian ths, jvt arabian, jvt arabian th, jvt arabian townhouses, arabian townhouse jvt, arbian townhouse, arabian townhouss, arabian town house, arabian townhouses jvt, arbian th, jvt arabian ths, arabian th jvt"
Arabian Villas,subcommunity,"Jumeirah Village Triangle, Dubai","arabian villa, arabian villas jvt, jvt arabian villas, jvt arabian villa, av jvt, jvt av, arabianvillas, arabianvillasjvt, jvtarabianvillas, arbian villas, arabin villas, arabian vilas, arabian villa jvt, jvt arabian, arabian villaz, arabianvilas, jvt avillas, avillas jvt"
Arada Central Business District (CBD),subcommunity,"Aljada, Sharjah","arada cbd, cbd aljada, aljada cbd, aradacbd, cbd sharjah, aljada business district, arada business district, arada cdb, arda cbd, aljada cb, cbd al jada, aljada central business district, aradacbd sharjah, cdb aljada, arad cbd"
Aras Heights,subcommunity,"Majan, Dubai","aras, aras hts, arashghts, aras heights majan, majan aras, arashieghts, aras hts majan, arashights, arasheights, aras mjn, aras heights mjn"
ARAS Residence,subcommunity,"Majan, Dubai","aras, aras res, aras resid, aras majan, majan aras, arasresidence, arasres, arasresid, arasresdnce, arras, arras residence, arass, aras resi, aras majan residence"
Arbor View,subcommunity,"Arjan, Dubai","arborview, av arjan, arjan arbor, arbor arjan, arborv, arbor vw, arbor vie, arbour view, arber view, arborviw, arbo view, arborview arjan, arjan arbor view, av, arbor v, arborv arjan, arborviewarjan, arjanarborview"
Arc Tower,subcommunity,"Marmooka City, Ajman","arctwr, arc t, arc, arc ajman, marmooka arc, marmooka arc tower, marmooka towers, marmoka arc, arc twr, arc tower ajman, arc twr ajman, arctower, marmookaarc"
Areej Apartments,subcommunity,"Aljada, Sharjah","areej, areej apts, areej sharjah, aljada areej, areej aljada, areej apt, arej, arreej, areejapts, areejaljada, aljadaareej, areejapts sharjah, areejresidences"
Arena Mall,subcommunity,"Dubai Sports City, Dubai","arenamall, arena, dsc arena, dsc arena mall, arenamaldsc, arenamall dsc, arena mall dsc, arena sports city, sports city arena, arenna mall, arena mal, arena mall dubai, arenamall dubai, arenamall sports city"
Arenco Apartments,subcommunity,"Dubai Investment Park (DIP), Dubai","arenco, arenco apt, arenco apts, arenco dip, dip arenco, arenco apartments dip, arenco dxb, arenco inv park, arenco investment park, arrenco, arencoo, arencoapts, arencoapt, dip arenco apts"
Arenco Offices,subcommunity,"Dubai Investment Park (DIP), Dubai","arenco, arenco off, arenco offc, arenco office, arenco dip, dip arenco, arinco, arencoo, arencooffices, arencodip, diparenco, arencooff, arenco offices dip, arencoofc"
Arenco Tower,subcommunity,"Dubai Media City, Dubai","arenco, arenco media city, arencotower, arenco dmc, arenco building, arenco tnr, arneco tower, arrenco tower, arenco dmcity, arenco bldg"
Arenco Villas,subcommunity,"Al Badaa, Dubai","arenco, arenco villa, arenco vls, arenco v, aranco, arenco badaa, badaa arenco, arencovillas, arenco bda, arenco al badaa, arengo villas, arenco villa dubai, arenco vla"
Arenco Villas 12,subcommunity,"Al Badaa, Dubai","arenco 12, av12, arenco villa 12, arenco villas twelve, arenco 12 al badaa, al badaa arenco 12, arenco12, arencovillas12, arenco vill 12, arenco v 12, arenco v12, arenco villa twelve, arenco bda 12, aranco 12, arenco villas 12 dubai, arenco vllas 12, arenco villa 12 dubai"
Aria,subcommunity,"Jumeirah Village Circle, Dubai","jvc aria, aria jvc, aria jvc dubai, ariia, area jvc, aria community, aria circle, jvc aria sub, aria residence jvc"
Aria Gardens,subcommunity,"Arjan, Dubai","ariagardens, ag, arjag, ariagardn, aria garden, ariagardens arjan, arjan aria, arjagardens, aria gdn, ariagardns, aria garden arjan, ag arjan, ariagardens dubai"
Aria On The Park,subcommunity,"Town Square, Dubai","aria, aria park, aria town square, aria ts, aria on park, ariaonthepark, ariaontheparkts, aria at ts, aria ts dubai, area on the park, area on park, aria on the prk, aria prk, aria square, town square aria, ts aria, aria townsq, aria tsq, aria townsq dubai"
Arif and Bintoak Building,subcommunity,"Al Karama, Dubai","arif & bintoak, arif bintoak, ab building, arif bintoak bldg, karama arif bintoak, arif and bintoak, arif bintoak karama, arifbintoak, a&b building, arif bintoak building karama, arif bintoak blg, arifbintoakbldg, arif bintok, arif bintoak karama building, arif bintoak bldg karama, a and b building, arif bintoak bld, arif bintoak dubai"
Ariyana Tower,subcommunity,"Dubai Marina, Dubai","ariyana, ariana tower, ariyana twr, aryana, ariana twr, ariana, ariyana marina, marina ariyana, ariyana tnr, ariyana towerr, aryana tower, ariana marina"
ARJ Tower,subcommunity,"Dubai Marina, Dubai","arj, arjtw, arjtower, arj marina, marina arj, arj marina tower, arjtwr, arj tower marina, arj twr, arj tewr, arjtor, arjtower dubai marina, arj marina dxb"
Arjaan by Rotana,subcommunity,"Dubai Media City, Dubai","arjaan, arjan, arjaan rotana, arjaan media city, arjaan dmc, rotana arjaan, rotana dmc, arjaanrotana, dmc arjaan, arjaan dmcc, arjaanrotana dmc, arjan rotana, arjan dmc, arjaan by rotana media city, arjan media city, arjanrotana"
Arjaan Office Tower,subcommunity,"Dubai Media City, Dubai","arjaan, arjan, arjaan tower, arjaan office, arjaan dmc, dmc arjaan, arjaan tower dmc, arjan tower, arjaan office tower dmc, arjantower, arjaanofc, arjaanofctower, arjanoffc, arjan media city, arjaan media city, arjaantower, arjanofc, arjaan dxb, arjaan media, arjan dmc"
Arjan Circle,subcommunity,"Arjan, Dubai","arjan, arjan cir, arjn, arjan circ, arjancir, arjancircle, arjan c, arjan cricle, arjan crcl, arjan community, dubai arjan, arjan dubi, arjan circl, arjn circle"
Arjan Tower,subcommunity,"Arjan, Dubai","arjan, arjan t, arjan twr, arjan towers, arjantower, arjantwr, arjan-tower, arjan dubai, dubai arjan, arjan community, arjan sub, arjn, arjan tews, arjan towre, arjan towerr, arjan tower arjan, arjan arjan, arjan twn"
Arjumand Offices and Retail,subcommunity,"Dubai Investment Park (DIP), Dubai","arjumand, arjumand office, arjumand retail, arjmand, arjumnd, arjumand dip, dip arjumand, arjumandoffice, arjumandoffices, arjumandretails, arjumandofficesandretail, arjumand d ip, arjumandbldg, arjmand dip, arjumand center"
Arlo,subcommunity,"Dubai Creek Harbour (The Lagoons), Dubai","arlo dch, dch arlo, creek harbour arlo, arlo lagoon, arlo creek, arlo dubai creek, arlo creek harbour, arllo, arloo, arloo creek, arlo dc, arlow"
Armani Beach Residences,subcommunity,"Palm Jumeirah, Dubai","armani beach, armani beach palm, armani palm, armani beach res, armani res, armani residences, palm armani beach, palm armani, armanibeach, armanibeachresidences, armani bech, armani beach residenses, armani beach residance, armani beach resi, armani beach resid, armani beach residence, armani beach resd, armani beach resedence, armanibeachres"
Arno,subcommunity,"The Views, Dubai","arno views, the views arno, arno the views, arno v, arno vws, arno vs, arno sub, arno t v, arnoo, arnoo views, arnoviews, arno theview, arnoo the views"
Art 12,subcommunity,"Barsha Heights (Tecom), Dubai","art12, art twelve, art-12, art12 tecom, art12 barsha heights, art twelve tecom, art12bh, bh art12, art twelve barsha, art 12 tecom, art 12 barsha heights, art12thecom, art12heights"
ART 18,subcommunity,"Business Bay, Dubai","art18, art eighteen, a18, art 18 bb, bb art 18, art18 business bay, business bay art 18, art 18th, art-18, art eigtheen, art eiteen, art18bb, art-18-bb, art 18 buisness bay, art 18 busines bay"
Art 2,subcommunity,"Barsha Heights (Tecom), Dubai","art2, art two, art-2, art2 tecom, art2 barsha heights, art 2 tecom, art2bh, art2bhg, art 2 barsha, art2 barsha, art 2 heights, art2 heights, tecom art2, bh art2, a2, a2 tecom, art ii, artii, art-ii"
Art 8,subcommunity,"Barsha Heights (Tecom), Dubai","art8, art eight, arteight, art8 tecom, art 8 tecom, art8 barsha heights, art 8 barsha heights, tecom art8, barsha heights art 8, art-8, art-eight, art8 building, art8 bldg, art8 heights, art 8 bldg"
Aria Gardens,subcommunity,"Arjan, Dubai","aria, ag, ariagardens, ariagarden, aria arjan, arjan aria, ariagardens arjan, aria gdn, aria gdns, ariagdns, aria gardens arjan, ariagrdn"
Art Bay,subcommunity,"Al Jaddaf, Dubai","artbay, ab, aljaddaf artbay, art bay jaddaf, artbay jaddaf, artbay al jaddaf, artb, art by, artbay dubai, artbayaljaddaf, artbay dxb, artbay jdf, artbay offplan, art bay al jaddaf, jaddaf artbay"
Aria On The Park,subcommunity,"Town Square, Dubai","aria, aria park, aria on park, aria town square, aria ts, aria at town square, aria townsquare, aria onthepark, ariaonpark, ariaon the park, aria park town square, ts aria, arya on the park, aria on the prk, aria tsq, aria townsq, aria at ts"
Art Gardens Building A,subcommunity,"Arjan, Dubai","art gardens a, ag a, art gardens bldg a, art garden a, artgardensa, artgardena, artgardenbldga, arjan art gardens a, art gardens arjan, artgardens, ag, artgdn a, art gdn a, art garden bldg a, art gardensa, artgardn a"
Arif and Bintoak Building,subcommunity,"Al Karama, Dubai","arif bintoak, arif bintoak bldg, arif n bintoak, arif bintoak karama, karama arif bintoak, arifbintoak, a&b bldg, ab bldg, arif bintoak building, arif bintoak bld, arif bintoak dxb, arifbintoak karama, arif and bintoak, arif bin toak, arif bintoak apts, arif bintoak residence, arif bintok, arif bintoaq, arif bintoak bldng"
Art Gardens Building B,subcommunity,"Arjan, Dubai","art gardens b, art garden b, artgrdn b, artgardens b, art garden building b, arjan art gardens, art gardens arjan, artgardenb, artgardensb, art gardns b, art gardn b, art gardenss b, art gardnes b, art gardensbb, art gardn building b"
Ariyana Tower,subcommunity,"Dubai Marina, Dubai","aryana, ariyana twr, aryana twr, aryana marina, marina ariyana, ariana tower, ariana twr, ariana, aryana dubai marina, aryana marina tower, aryana tr, aryana twhr, ariana twhr, aryanatower, aryanatwr"
ARJ Tower,subcommunity,"Dubai Marina, Dubai","arj, arjtower, arj marina, arj marina tower, arjtwr, arj twr, arj tower marina, arj tower dubai marina, ajr tower, arj towerr, arj tawar, arj tr, arjdw, arj tower marina dubai"
Arjaan by Rotana,subcommunity,"Dubai Media City, Dubai","arjaan, arjan, arjaan rotana, rotana dmc, dmc arjaan, arjaanmedialcity, arjanrotana, arjan rotana dmc, arjan rotana media city, arjaan media city, arjaan rotana dubai, arjaan by rotana dmc, arjaanrtn, arjaan rot, arjaanrotana"
Art Heights,subcommunity,"Barsha Heights (Tecom), Dubai","art hts, artheights, art heights tecom, tecom art heights, arthts, art hts tecom, art heights barsha, barsha art heights, art hieghts, art heigths, artheight, art hghts"
Arjaan Office Tower,subcommunity,"Dubai Media City, Dubai","arjaan tower, arjaan media city, arjaan dmc, arjaan, arjan tower, arjan dmc, arjan media city, aot, arjaanoffie, arjaanofice, arjaanoffice, dmc arjaan, arjaan tower dmc, arjaan tower media city, arjan, arjaan office, arjaan off, arjantower"
ART IX,subcommunity,"Dubai Silicon Oasis, Dubai","artix, art 9, art nine, art 9 silicon, art 9 dso, art ix dso, art ix silicon, artix dso, artix silicon, art 9th, art9, artix9, artnine"
Arjan Circle,subcommunity,"Arjan, Dubai","arjn, arjancircle, arjan cir, arjan c, arjan cirl, arjn circle, arjan cl, arjn c, arjan circular, arjancir, arjan circular road, arjancirle"
Art Tower,subcommunity,"Al Nahda, Sharjah","art twr, arttower, art tower sharjah, art tower al nahda, alnahda art tower, art al nahda, art tower shj, art twr shj, art tower alnahda, art twr al nahda, art twn, art towre, art towerr, arttwr, arttwrs, art-twr"
Arjan Tower,subcommunity,"Arjan, Dubai","arj, arjn, arjantower, arjan t, arjan twr, arjan tnr, arjan twer, arjan towerr, arjan twwer, arjantwr, arjan community, arjan dubai, dubai arjan, arjan dxb"
Art Towers,subcommunity,"Barsha Heights (Tecom), Dubai","arttwr, arttowers, art tower, arttecom, art heights, art barsha, artbh, arttowersbh, arttowertecom, arttowers tecom, arttowers barsha, arttowersdubai, art twr tecom, art twr barsha, atrtowers, arttowrs, arttowerss, arttower, art twr"
Arjumand Offices and Retail,subcommunity,"Dubai Investment Park (DIP), Dubai","arjumand, arjumand off, arjuman, arjumand dip, dip arjumand, arjumand offices, arjumand retail, arjmand, arjumandoffices, arjumandretail, arjuman offices, arjumnd, arjumand dip1, arjumand dip2, arjuman dip, arjumand office, arjumand ret, arjumandofficesdip, dip arjumand offices"
ART X,subcommunity,"Dubai Silicon Oasis, Dubai","artx, ax, art, x, artex, artix, artz, ar t x, art ex, dso art x, dso artx, dsoax, art x dso, artxdso, ax dso"
Arlo,subcommunity,"Dubai Creek Harbour (The Lagoons), Dubai","arlu, arla, arle, alro, alo, dch arlo, arlo dch, creek arlo, arlo creek, crk arlo, arlo crk, dch arlu, creek arlu, crk arlu"
Armani Beach Residences,subcommunity,"Palm Jumeirah, Dubai","armani beach, armani beach palm, armani palm, armani palm jumeirah, armani beach res, armani beach resid, armani beach residence, armanibeach, armanibeachresidences, armani beach r, armani b, armani br, palm armani beach, palm armani, armanii beach, armani bech, armani beachh, armani beach resdences"
Arno,subcommunity,"The Views, Dubai","arno views, the views arno, armo, arno v, arno the views, theviews arno, arnoviews, arno view"
Art 12,subcommunity,"Barsha Heights (Tecom), Dubai","art12, art twelve, art-12, art12tecom, art12barsha, barshaheightsart12, tecomart12, art12bh, a12, art twelve tecom, art 12 dubai, art12 tower, art 12 tower, art twelve barsha heights"
ART XIV,subcommunity,"Business Bay, Dubai","art14, artxiv, art 14, artfourteen, art14businessbay, artxivbb, art14bb, art 14 business bay, artfourteen business bay, artxiv business bay, art14bbay, artxivbbay, art14 bbay, artx iv, art 14th, artfourteenbb"
ART 18,subcommunity,"Business Bay, Dubai","art18, art eighteen, a18, business bay art18, art18 business bay, art 18 business bay, art18bb, art18 bb, art 18bb, art-18, art eigthteen, art18 dubai, art 18 dubai"
Art XV,subcommunity,"Business Bay, Dubai","art15, artfifteen, art-15, artxv, artxvbb, art15bb, art15businessbay, artxvbusinessbay, artxvb, artxv-bb, art 15, art 15 bb, artfifteenbb, artfifteenbusinessbay"
Art 2,subcommunity,"Barsha Heights (Tecom), Dubai","art2, art 2 tecom, art 2 barsha heights, art2 tecom, art two, art2bh, art2-tecom, art2 dubai, art 2 dxb, art2dubai, art-2, art two tecom"
Art 8,subcommunity,"Barsha Heights (Tecom), Dubai","art8, art eight, art-8, tecom art 8, barsha heights art 8, art 8 tecom, art8 tecom, art8 barsha heights, art-eight, art 8th, artheight, art8dubai"
Art Bay,subcommunity,"Al Jaddaf, Dubai","artbay, ab, abjaddaf, aljaddafartbay, artbayjaddaf, artbayaljaddaf, artbaydubai, artby, artbbay, art-bay, art bay jaddaf, aj art bay, artbay cwp"
Artesia,subcommunity,"DAMAC Hills, Dubai","artesia damac, damac artesia, artesiah, artesa, artisia, artesia dh, artesia damac hills, damachills artesia, artesia d hills, artesaia, artesiaa, artisa, artesia tower, artesia towers, artesia damac h, d hills artesia"
Artistic Heights,subcommunity,"Jumeirah Village Circle, Dubai","artistic hts, artistic hghts, art hts, art heights, jvc artistic, artistic jvc, artisticheights, art heights jvc, artistic heits, artistic hieghts, artistic hights, artistic heigts, artistic heights jvc, art hts jvc"
Artistic Villas,subcommunity,"Jumeirah Village Circle, Dubai","artistic, art villas, artvillas, artisticjvc, jvc artistic, artisticjumeirahvillagecircle, artistic vls, art vls, artistic vlla, artisitc villas, artistic vilas, artisticvilla, artvilla, artisticvillasjvc, jvc art villas"
ARY Digital Tower,subcommunity,"Dubai Media City, Dubai","ary, ary tower, ary media city, ary dmc, ary tower dmc, arydigitial, arytwr, arydigitaltower, arydmc, arymediacity, ary tower media city, ary bldg, ary digital bld, arydgtl, ary digitl, ary digi tower"
Art Gardens Building A,subcommunity,"Arjan, Dubai","art garden, art gardens a, art gardens bldg a, art garden arjan, arjan art gardens, artgardens, ag a, art garden a, art gardensa, artgardens a, art gardn a, art gardens, art gardns a, art garden arjn"
Ary Marina View Tower,subcommunity,"Dubai Marina, Dubai","ary marina, ary, ary marina view, ary tower, ary marina tower, arymarina, arymarinaview, arymarinatower, ary marina view dw, ary marina dw, ary marina v, ary marina view t, ary marina v twr, ary marina v tower, arymarina view, ary marrina, ary marrina view, ary marian view, ary marina vew, arymrv, ary mv, ary marina v view, ary marina view dubai, dubai ary marina, ary marina dubai"
Art Gardens Building B,subcommunity,"Arjan, Dubai","art gardens b, art garden b, artgrdn b, art gardens bldg b, art gardens buildingb, artgardensb, arjan art gardens, art gardens arjan, art garden arjan, artgardens arjan, art grdns b, artgrdns b, art garden building b, art gardensb, art gardenb, artgardens building b, art garden bldg b, artgardensbldg, art gardensbldg b"
Aryene Greens,subcommunity,"Arjan, Dubai","ag, grns, gns, aryene green, aryene gr, aryene, aryne greens, arien greens, aryan greens, ariene greens, aryenne greens, aryene greans, aryne green, arien green, aryan green, ariene green, aryenne green, aryenegreens, aryenegreen, agreen, agreens, arjan aryene, arjan aryene greens, arjan aryene green, arjan ag, arjan greens, arjan green, aryene arjan, aryene greens arjan, aryene green arjan, ag arjan, greens arjan"
Arzana Tower,subcommunity,"Electra Street, Abu Dhabi","arzana, arzana twr, arzana t, arzana electra, electra arzana, arzana tower electra, arzna, arjana, arzana tnr, arzana towre, arzana tower ad, arzana electra st, arzana st, arzana abu dhabi, arzana abudhabi, arzana tower abudhabi, arzana tower abu dhabi"
Asayel 2,subcommunity,"Al Nuaimiya, Ajman","asayel, asayel2, asayel ii, asayel two, asayel sub, asayal 2, asyal 2, asayelajman, ajmanasayel, asayel2ajman, asayel2 ajman, asyell 2, asayl 2, asayelii, asayel-2, asayell2, asayelii2, a2 ajman, asayel phase 2, asayel phase2"
ART IX,subcommunity,"Dubai Silicon Oasis, Dubai","artix, art9, art nine, art 9, art-ix, artix dso, artix silicon, artix silicon oasis, art ix dso, art nine dso, art 9 dso, artix dubai, artix 9, art ix 9"
Art Tower,subcommunity,"Al Nahda, Sharjah","art twr, arttower, arttwr, art tower nahda, nahda art tower, art nahda, art tower shj, art tower sharjah, art bldg, art bldg nahda, al nahda art tower, al nahda art, art towre, art towerr, arttower nahda, art tower al nahda, art bldg shj, art twr shj, art twr nahda, art nahda sharjah, nahda art twr, art bld, art building nahda, al nahda art bldg, art towre nahda"
Ascot Residences,subcommunity,"Town Square, Dubai","ascot, ascott, ar, ascot res, ascot resi, ascot residencies, asscot, ascote, ascotresidences, ascotres, ts ascot, ts ascot res, town square ascot, townsquare ascot, ascot town square, ascot ts, ascot townsquare, ascot townsq, townsq ascot, ascot r, asscot res, ascot residance, ascot residenses, ascot risidences"
ART X,subcommunity,"Dubai Silicon Oasis, Dubai","artx, artex, art-x, art ex, ax, dso art x, art x dso, artxdso, dsoartx, silicon oasis art x, art x silicon oasis, silicon art x, art x silicon, art x oasis, art-x dso, dso art-x, atrx, aretx, atx"
Aseel,subcommunity,"Arabian Ranches, Dubai","asil, aseal, assel, asel, asell, ar aseel, araseel, ar1 aseel, ar 1 aseel, ar1aseel, aseel ar, aseel ranches, aseelranches, ranches aseel, ranchesaseel, aceel, acil, asil ar, aseal ar, asel ar, asil ranches, asel ranches, aseal ranches, ar1 asel, ar1 asil, ar 1 asel, ar 1 asil"
ART XIV,subcommunity,"Business Bay, Dubai","art 14, art14, artxiv, art 14 bb, art14 bb, art xiv bb, artxiv bb, bb art 14, bb art14, bb art xiv, bb artxiv, art 14 business bay, art 14 bus bay, art 14 bbay, art 14 b bay, art xiv business bay, art xiv bus bay, art xiv bbay, art xiv b bay, art 14th, art fourteen, art14 bbay, art14 bus bay, artxiv bbay, artxiv bus bay, art14 business bay, art 14 b-bay, art xiv b-bay, art xiv businessbay, art 14 businessbay"
Art XV,subcommunity,"Business Bay, Dubai","artxv, art 15, art xv dubai, bxv, art15, business bay art, artxv bb, bxv bb, art xv bb, art15 bb, artxvdubai, businessbayartxv, artxvbusinessbay"
Aseel Tower,subcommunity,"Al Bateen, Abu Dhabi","aseel twr, aseel, asl, al bateen aseel, aseel al bateen, aseeltwr, albateenaseel, aseel tower abu dhabi, asiel, aseal, aseel abu dhabi, albateen aseel twr"
Ashai Tower,subcommunity,"Jumeirah Village Circle, Dubai","ashai, ashay, ashay tower, ashaitower, ashaytower, asahi, asahi tower, asahitower, ashai jvc, ashay jvc, jvc ashai, jvc ashay, jvc ashai tower, jvc ashay tower, ashai t, ashay t, ashie tower, ashi tower, ashahi tower, asahi jvc, ashahi jvc, ashie jvc, ashi jvc, ashait, ashayt, ashahit, asahit, jvc asahi, asahi t"
Ashjar,subcommunity,"Al Barari, Dubai","ash, ashj, ashjr, ashar, ashgar, ashger, ashjer, ashjaralbarari, ashjarbarari, barariashjar, albarariashjar, ashjar barari, barari ashjar, al barari ashjar, ashjar al barari, barari ash, ashj barari, ashjar b, ashjar ab, ashjer al barari, ashar al barari, ashgar al barari, ashar barari, ashjer barari, ashgar barari, ashjr barari"
Artesia,subcommunity,"DAMAC Hills, Dubai","artes, artesi, artesiaa, artisia, artessia, artezia, artizia, artesya, dh artesia, artesia dh, damac hills artesia, artesia damac hills, damac artesia, artesia damac, dhartesia, artesiadh, damacartesia, artesiadamachills, damachillsartesia, artesa, artisa, artesia a, artesia b, artesia c, artesia d, artesia tower, artesia towers, artesha, arteesa"
Ashton Park,subcommunity,"Jumeirah Village Circle, Dubai","ap, ap jvc, ashton, ashtn, aston, aston park, ashtin, ashtin park, ashten, ashten park, ashton prk, astn, ashtonpark, astonpark, ashtinpark, ashton jvc, aston jvc, jvc ashton, jvc aston, ashton park jvc, aston park jvc, ashtin park jvc, ashten park jvc"
Artistic Heights,subcommunity,"Jumeirah Village Circle, Dubai","ah, art h, artistic, artistic h, artistic hights, artistic hieghts, artistic heigths, artstic heights, artisitc heights, artisticheights, jvc artistic heights, artistic heights jvc, artistic jvc, ah jvc, jvc ah, artistic h jvc, jvc artistic, artistic hts, artistic hts jvc, jvc artistic hts, artstic, artisitc, arthights, arthts, artisticheightsjvc, jvcartisticheights, heights jvc, jvc heights"
Asia,subcommunity,"The World Islands, Dubai","aisa, azia, asai, aisia, asiaworld, worldasia, asiaworldislands, worldislandsasia, theworldasia, asiaworldisland, worldislands asia, asia worldislands, world islands asia, asia world islands, the world islands asia, asia the world islands, the world asia, asia the world, world island asia, asia world island, asia islands, islands asia, asia the world island, the world islands asia subcommunity, asia island world islands, asia islands dubai, asia the world islands dubai, world asia islands, world islands dubai asia"
Asma Majid Al Futtaim Building,subcommunity,"Defense Road, Abu Dhabi","amaf bldg, amf bldg, asma majid, asma majid bldg, asma majeed, al futtaim bldg, asma al futtaim, asma futtaim, asma futaim, asma majid alfuttaim, asma majid alfutaim, asma majid defense road, amaf defense rd, asma majid defense rd, asma majid defense, asmamajid, amafbldg, asmamajidalfuttaim, asma magid, defense rd asma majid, amaf defense, asma majed, asma al futaim, asma majid ad, asma majeed bldg, asma majed bldg, amaf building, asma majid building, defense road asma majid, asma majid abu dhabi, asma majid building defense road, asma bldg defense rd, asma bldg defense road, asma majeed alfuttaim, asma majid al futtaim bldg, asma alfuttaim bldg, asma futaim building, asma majid building ad, amaf ad, amaf defense road, amf building, amf defense rd, asma majid building defense rd, asma magid bldg, asma building defense road, asmah majid, asma futiam, defense rd asma majid bldg, amaf building defense road, asma majid al futtaim, asma majid al futaim bldg, asma bldg abu dhabi, asma building ad, asma building abu dhabi, amf defense, asma majeed building, asma majed building, asma majid alfuttaim building defense rd, asmamajidalfutaim, asmamajidbldg, asma alfutaim building, asma alfuttaim building, asma faim bldg, asma futtam bldg, asma al futtaim defense road, asma majid building defense, asma majid building abu dhabi, asma building defense, amf building ad, amaf building ad, asma majid alfuttaim bldg defense rd, asma majid alfuttaim bldg defense road, asma building defense rd, asma majid bldg ad, asma majid bldg abu dhabi, asma majid bldg defense road, asma majid bldg defense rd, asma majid alfuttaim building defense road, amaf bldg defense rd, amaf bldg defense road, amaf bldg ad, amaf bldg abu dhabi, amf bldg defense rd, amf bldg defense road, amf bldg ad, amf bldg abu dhabi, asma majid alfuttaim ad, asma majid alfuttaim abu dhabi, asma majid alfuttaim defense, asma majid alfuttaim defense road, asma majid alfuttaim defense rd, asma majid al futtaim building defense road, asma majid al futtaim bldg ad, asma majid al futtaim bldg abu dhabi, asma majid al futtaim bldg defense rd, asma majid al futtaim bldg defense road, asma majid al futtaim building ad, asma majid al futtaim building abu dhabi, asma majid al futtaim building defense rd, asma bldg ad, asma majid al futaim, asma majid alfuttaim bldg, asma majid alfutaim bldg, asma majid alfuttaim building, asma majid alfutaim building, asma majid al futaim building, asma bldg, asma building, asma magid building, asma alfuttaim, asma alfutaim, asma alfutaim bldg, asma futtaim bldg, asma futaim bldg, asma futtaim building, amaf, amf, amfbldg, asmamajidalfuttaimbldg, asmamajidalfutaimbldg, asmamajidalfuttaimbuilding, asmamajidalfutaimbuilding, defense rd amaf, defense road amaf, defense rd amf, defense road amf, defense road asma majid bldg, defense rd asma majid building, defense road asma majid building, amf defense road, amaf abu dhabi, amf abu dhabi, amf ad"
Asmaran,subcommunity,"Bawadi, Dubai","asm, asmar, asmeran, asmran, asmaren, azmaran, asmaron, asmarin, asmaranbawadi, bawadiasmaran, asmaran bawadi, bawadi asmaran, asm bawadi, azmeran, asmarn, asmarani, bawadi asmar, asmaran bwd"
ARY Digital Tower,subcommunity,"Dubai Media City, Dubai","ary tower, ary digital, arydigital, arydigitaltower, arytower, ary dmc, dmc ary, ary digital dmc, ary media city, media city ary, ary digitel, ari digital, ary digtal, ary digitl, ary digital towre, arydigital dmc, ary digital tower dmc, ary digital media city, ary bldg, ary building, ary digital building, dmc ary digital, ary digital tower media city, ary tower dmc, ary digital towerr, ary digtital"
Ary Marina View Tower,subcommunity,"Dubai Marina, Dubai","amvt, ary marina, ary tower, ary view, ary marina view, ary, airy marina, arie marina, arry marina, ary marrina, ary marinna, arymarina, arymarinaview, arytower, arymarinaviewtower, ary marina dubai, marina ary, dubai marina ary, ary marina view dubai marina, ary marina view tower dubai marina"
Aspin Tower,subcommunity,"Sheikh Zayed Road, Dubai","aspin, aspen, aspin twr, aspintwr, aspin szr, szr aspin, aspintower, aspen tower, aspentower, aspentwr, aspin t, aspin dxb, aspin tower dxb, aspine, apsen, aspin sheikh zayed road, szr aspin tower, aspin tower szr, aspin tower dubai, aspin towerszr, szraspin, aspine tower, aspin tow, aspen twr szr"
Aryene Greens,subcommunity,"Arjan, Dubai","ag, aryene, aryen, aryne, arene, ariene, arienne, aryane, aryene green, aryen greens, aryan greens, arene greens, ariene greens, aryenegreens, aryenegreen, arienegreens, arjan aryene, aryene arjan, ag arjan, arjan ag, arjan aryene greens, aryene greens arjan, aryen g, aryene arj, arjan aryen, arjan ariene, aryen arjan, aryene grns, aryne greens, arj aryene greens, arjan ag greens"
Aster,subcommunity,"Damac Hills 2, Dubai","ast, astr, damac hills 2 aster, aster dh2, aster damac, damac aster, astir, aaster, asterdhamac, damachills2aster, asterdamachills2, astor, asster, aster2, dh2aster"
Arzana Tower,subcommunity,"Electra Street, Abu Dhabi","arzana, arzna, arazna, arzana twr, electra arzana, arzana electra, arzna twr, arazna twr, electra street arzana, arzana tower electra, arzanaelectra, electraarzana, arzana electra street"
Aston Towers,subcommunity,"Dubai Science Park, Dubai","aston tower, astontowers, astontower, dsp aston, aston dsp, aston towers dsp, dsp aston towers, astun towers, asten towers, astn towers, at towers, aston science park, aston towers science park, dsp aston tower, astn tower, astontowr, astontowrs, astun tower, astun, asten, aston twr, aston twrs, dsp astn, aston dsp towers, dsp aston twr, aston towers dubai science park, aston turs, aston twer, aston twers, aston dsp tower, science park aston, science park aston towers, dsp towers aston, aston sciencepark, aston tower dsp, astn dsp, astontwrs, astntowers, astn twr, astn twrs, astun towers dsp, astun dsp, asten dsp, asten tower, asten towers dsp, astn tower dsp, astn towers dsp, astontwr, at tower, at towers dsp"
Asayel 2,subcommunity,"Al Nuaimiya, Ajman","asayel, asayil, asayel2, asayil2, asyl 2, asyl2, asail 2, asail2, asayal 2, asayal2, assayel 2, assayel2, assayil 2, assayil2, asayel ajman, ajman asayel 2, nuaimiya asayel 2, nuaimia asayel 2, asayel nuaimiya, asayel nuaimia, asayel 2 nuaimiya, asayel 2 nuaimia, asayel two, asayel ii, asayle 2, asayle2, asyel 2, asyel2, asayl 2, asayl2, asaiel 2, asaiel2, nuaimiya asayel, nuaimia asayel"
Athlon by Aldar,subcommunity,"Dubai Land, Dubai","athlon, ald ar, athlon ald, athl, aldar athlon, dubai land athlon, athlon dubai land, athln, aldr athlon, athlon aldar, athlonbyaldar, aldathlon, athlon ald ar, dubailand athlon"
ASB Tower,subcommunity,"Dubai Silicon Oasis, Dubai","asb, asb twr, asbtwr, dubai silicon asb, silicon asb, asb dso, dso asb, asb silicon, silicon asb tower, asb dso tower, asb tower dso"
Atlantis The Palm,subcommunity,"Palm Jumeirah, Dubai","atlantis, atl, atlantis palm, atlntis, atlntispalm, atlantis thepalm, palm atlantis, atlantispalm, atlntis palm, the atlantis, atlntispalmtree is removed and atp is added, atp, atlantis on palm, palmjumeirah atlantis"
Atlantis The Royal Residences,subcommunity,"Palm Jumeirah, Dubai","atlantis royal, atlantis the royal resi, atr, atlantis royal res, atlntis royal, atlantis royale, atlntis, royal atlantis, palm atlantis, atlantis royal resi, atlantisroyal, palmjumeirah atlantis, atlantis royal palm, atlntis royal res, atlantis royal residences palm jumeirah, atlntisroyal, royal residences atlantis, atlantis royal resi palm, atlantisroyalres, atlntis royal residences, palm jumeirah atlantis royal, atlantis royal res palm jumeirah"
Ascot Residences,subcommunity,"Town Square, Dubai","ascot res, ascot, asco, ascot sq, ascot ts, ts ascot, ascot ts dubai, ascots, ascotres, ascotres ts, town square ascot, ascot town sq, ascot residence, ascot r, ar ts, ascot town square, ts ascot res, ascot res ts"
Atlas Business Centre,subcommunity,"Dubai Media City, Dubai","abc, atlas bc, atlas biz centre, atl biz, atlasb, atlasbc, atlabc, atlas business, atlas bus centre, dubai media city atlas, atlas media city, dmcatlas, atlas dmc, atlasbzc, atlsbc, atl sbc, atlasbc dmc, atlas biz ctr, atlas bussiness centre, atlas buisness, atlas bussness, atlas bussines, atlas bussiness, atlas bussines centre, atlas centre, atlas biz center, atlas business ctr, atlas business center, atlasbc dubai, atlas dmc dubai"
Ascott Park Place,subcommunity,"Sheikh Zayed Road, Dubai","ascott park, ascot park, ascot, ap, app, ascot pp, ascott pp, szr ascot, ascot szr, ascotpark, ascotparkplace, park place, pp ascot, ascott p, ascot p, ascot zayed, zayed ascot, ascot sheikh zayed, sheikh zayed ascot, ascot szr dubai, dubai ascot, ascot dubai, ascot park dubai, dubai ascot park, ascot park place dubai, ascot pp dubai, szr ascot park, ascot zayed road, zayed road ascot, ascot sheikh zayed road, sheikh zayed road ascot, ascot park place szr, ascot park place zayed, ascot park place sheikh zayed, ascot pp szr, ascot pp zayed, ascot pp sheikh zayed, ascot zayed dubai, ascot sheikh zayed dubai, ascot park place szr dubai, ascot park place zayed dubai, ascot park place sheikh zayed dubai, ascotparkplacedubai, ascotppdubai, ascotzayeddubai, ascotszrdubai, ascotparkplaceszr, ascotparkplacezayed, ascotparkplacesheikhzayed, ascotppszr, ascotppzayed, ascotppsheikhzayed, ascotzayedroad, zayedroadascot, ascotsheikhzayedroad, sheikhzayedroadascot, ascotparkplacezayedroad, ascotparkplacesheikhzayedroad, ascotppzayedroad, ascotppsheikhzayedroad, ascotzayedroaddubai, zayedroaddubaiascot, ascotsheikhzayedroaddubai, sheikhzayedroaddubaiascot, ascotparkplacezayedroaddubai, ascotparkplacesheikhzayedroaddubai, ascotppzayedroaddubai, ascotppsheikhzayedroaddubai"
Atria Residences,subcommunity,"Business Bay, Dubai","atria res, atria, atri, atr, bizbay atria, atria bizbay, atria resi, atrya, atria rez, atriares, bizbayatria, atriaresbizbay, atriabizbay"
Aseel,subcommunity,"Arabian Ranches, Dubai","asl, ar aseel, aseal, asel, asil, arabian ranches aseel, aseel ar, aseel arabian ranches, asle, aseal ar, araseel, aseelar, aseel aranches"
Atrium 360,subcommunity,"Ajman Downtown, Ajman","atrium, atrium360, ajman atrium, atrium ajman, ajman downtown atrium, atrm, atrm360, ajman atrm, atrium360 ajman, atrium 360 ajman, a360, ajman a360, atrium360ajman, ajmanatrium, atriumdowntown, atrium dt, atriumdt, ajmanatrium360, atrium360ajm, atrm360ajman"
Aseel Tower,subcommunity,"Al Bateen, Abu Dhabi","aseel twr, aseel, asl, al bateen aseel, aseel al bateen, asiel, aseal, aseel tower abu dhabi, albateen aseel, aseeltwr, aseel abu dhabi, abu dhabi aseel"
Ashai Tower,subcommunity,"Jumeirah Village Circle, Dubai","ashai twr, ashai, ashay, ashy, jvc ashai, ashai jvc, ashaitwr, jumeirah ashai, ashai jumeirah, ashaei, ashaitower, ashay twr, jv ashai"
Ashjar,subcommunity,"Al Barari, Dubai","ash, ashjar al barari, albarari ash, ash al barari, ashjar dubai, ashjaralbarari, asjar, ashjer, al barari ash, ash albarari, ashjaral barari"
Ashton Park,subcommunity,"Jumeirah Village Circle, Dubai","ashton pk, ashton, ap, ashon park, ashtn, ashtn pk, jvc ashton, ashton jvc, ashtonpark, jvchashton, ashtonp, ashtnpk, ashonpk"
Atrium Gold Towers,subcommunity,"Dubai Silicon Oasis, Dubai","atrium gold, atrium, agt, atrium towers, gold towers, atriumgold, dso atrium, atrium dso, atriumgoldtowers, ag towers, atriumgoldtower, dso atrium gold, atrium gold dso, atriumgt, gold atrium, atrium tower, atriumtowers, atriumgoldtow, atrium goldtow, atriumgtow, atrium goldt, atriumg, atrium gol, atrium towe, atrium tow, atriumgold tow, atrium goldtowers dso, dso atriumgoldtowers, atriumgold dso, dso atrium goldtowers, atrium gold tower dso, dso atrium gold tower, atrium goldtow dso, dso atrium goldtow, atriumgtow dso, dso atriumgtow, atriumg dso, dso atriumg, atrium gol dso, dso atriumgol, atrium towe dso, dso atriumtowe, atrium tow dso, dso atriumtow, atriumgoldtow dso, dso atriumgoldtow, atrium goldt dso, dso atriumgoldt, atriumgt dso, dso atriumgt, atrium goldtowersdso, dsoatriumgold, dsoatriumgoldtowers, atriumgoldtowersdso, atriumgolddso, atriumgolddubai, atriumgoldtowersdubai, atriumgoldtowdubai, atriumgtowdubai, atriumgtowdso, atriumgoldtowdso, atriumgtowersdso, atriumgtowersdubai, atrium gold tower, atrium gold tow, atrium gold towe, atrium gold towrs, atrium goldtowe, atrium goldtowrs, atrium goldtowers, atriumgtowe, atriumgtowrs, atriumgtowers, atriumgol, atriumgolde, atriumgoldd, atrium golde, atrium goldde, atrium goldd, atriumgo, atriumgto, atrium goldtowers dubai, dubai atrium goldtowers, atrium gold towers dso, dso atrium gold towers, atrium gold towers dubai, dubai atrium gold towers, atrium goldtow dubai, dubai atrium goldtow, atrium goldtowe dso, dso atrium goldtowe, atrium goldtowe dubai, dubai atrium goldtowe, atrium goldtowrs dso, dso atrium goldtowrs, atrium goldtowrs dubai, dubai atrium goldtowrs, atrium goldtowrsdso, atrium goldtowrsdubai, atriumgtowrsdso, atriumgtowrsdubai, atrium golds, atrium go, atrium goo, atrium gool, atrium goold, atrium goolde, atrium gooldd, atriumgoldt"
Asia,subcommunity,"The World Islands, Dubai","as, asi, azia, the world asia, asia twi, asiaworld, asiadubai, asiadxb, asiadub, worldasia, asiaworldislands, asiatwi"
Aud Al Touba 1,subcommunity,"Central District, Al Ain","aud al t, aud al, al touba 1, alt1, altouba, ald touba, altoba, altob1, central aud al touba, al ain aud al t, al ain alt1, alt1 al ain, audaltouba1, audalt1, altouba1, alt1alain"
Asma Majid Al Futtaim Building,subcommunity,"Defense Road, Abu Dhabi","asma majid, asma al futtaim, am af, asma futtaim, asmajid, asma al futaim, majid al futtaim, asma futaim, amal futtaim, defense asma majid, asma majid defense road, asmafuttaim, al futtaim asma, asma alfuttaim, asmamajid, asma futtam, asma majid abu dhabi, abu dhabi asma majid"
Aura,subcommunity,"Tilal Al Ghaf, Dubai","tilal aura, tilal al ghaf aura, aora, arua, tilal aura al ghaf, al ghaf aura, tilalag, tilal al ghaf a, tilal aura ghaf, auratilal, tilalaura, aura tilal, auraalghaf, tilal a, tilalalghaf aura"
Asmaran,subcommunity,"Bawadi, Dubai","asm, asmrn, bawadi asm, asm bawadi, asmar, asmr, asmran, bawadiasmaran, asmrn bawadi"
AURA by Grovy,subcommunity,"Jumeirah Village Circle, Dubai","abg, aura grovy, jvc aura, aurabygrovy, jumeirah aura, aura jvc, grovy aura, aurabgrovy, jvcura, auragrovy"
Aspin Tower,subcommunity,"Sheikh Zayed Road, Dubai","aspin twr, aspin, spin tower, asptwr, aspin t, aspin tw, aspin zayed, szr aspin, sheikh zayed aspin, aspin szr, asptower, aspin tower szr, aspinzayed, szraspin"
Aster,subcommunity,"Damac Hills 2, Dubai","ast, damac hills 2 aster, aster dh2, aster damac, ast r, asr, damac aster, astir, aaster, asterdhamac, damacaster, asterr, aster2, dh2 aster"
Aston Towers,subcommunity,"Dubai Science Park, Dubai","aston twr, astn twrs, aston, astn, astontwr, aston towers dsp, dsp aston, dubai science park aston, aston dsp, astontowers, aston twrs dsp, dsp astn twr, aston twr dsp, aston tower, astn twr, aston twrs dubai science park"
Aura Elegance,subcommunity,"Dubai Silicon Oasis, Dubai","aura eleg, ae, aura, eleg, aura elegance dso, dso aura, dso aura eleg, aura dso, auraeleg, aurael, elegance dso, auraelegance, dsoauraeleg, auraelg, auralg, auraleg, aura dso eleg, aurale, dso aurae, aura eleg dso, dsoaura, dso aurael, aurael dso, aura elegdso, dso auraeleg, aurae dso, auraeleg dso, aura elg, auraelegdso, dso aura elg, dso aura el"
Astoria Residence,subcommunity,"Jumeirah Village Circle, Dubai","astoria res, astoria, astor, jvc astoria, astoria jvc, astoria res jvc, astoriar, astori, astoriares, jvcastoria, astoriaresidencejvc, astori residence, astoriaresid, astoria r, astoria jv, jvcastor, astoriares jvc, astori jvc"
Aurion Residence,subcommunity,"Jumeirah Village Circle, Dubai","aurion res, aurion, ar, jvc aurion, aurion jvc, aurion res jvc, jvc aurion res, ar jvc, aurionres, aurionres jvc, jvc aurionres, aurionr, aurionre, ar residence, aurion r, aurionresidence, jvcaurion, jvcaurionres, aurion jv, aurion jv circle, jvc aurion r, aurion jvc res, aurionres jv, aurionresjvc, jvc ar, ar jv circle, aurionresidencejvc, jvcaurion residence"
Athlon by Aldar,subcommunity,"Dubai Land, Dubai","athlon, ald ar, athlon ald, athl, athln, aldar athlon, dubai land athlon, athlon dubai land, athlon dubailand, ald ar athlon, athln by ald, athlon ald ar, athl by ald, dubailand athlon, athlon dlb, athl dlb, ald ar dlb, athlon aldar dlb"
Aurora by Binghatti,subcommunity,"Jumeirah Village Circle, Dubai","aurora, aur, binghatti, jvc aurora, aurora jvc, aurorabybinghatti, binghattiaurora, jvcaurora, aurora jumeirah, aur by binghatti, aurora binghatti, binghatti aurora, aurorabinghatti, jumeirah aurora, aurorajvc, aurorajumeirah, binghatti aur, aurbinghatti, jvcaurorabinghatti, aurorabinghatty"
Aurora Tower,subcommunity,"Dubai Media City, Dubai","aurora twr, aurora, at, auroratwr, auroratower, dmcaurora, auroradmct, auroratowr, aurora t, atwr, mediacityaurora, auroradmc"
Autograph Collection,subcommunity,"DAMAC Hills, Dubai","autograph, ac, autograph collection damac, damac autograph, autograph damac hills, autograph hills, damac hills autograph, ac damac, damac ac, autographcollection, autographcollectiondamac, damachillsautograph, autographdamachills, autograp, autogrf, autographcol, autograph coll, autographcollec, autograhp, autograh, autogrp, damacautograph, autographdamac"
Atlantis The Palm,subcommunity,"Palm Jumeirah, Dubai","atlantis, atl, atlantis palm, atlntis, atlntispalm, atlantis thepalm, palm atlantis, atlantispalm, atlntis palm, the atlantis, atlntispalmtree, atlantis on palm, atlntis the palm, atlantisp, atlntispal, atlantis palm jumeirah, palmjumeirah atlantis, atlantisthepalm, atlantispalmjumeirah, atlntispalmjumeirah, atlantisjumeirah, atlantispalmj, atlantispalmdubai, atlantispalmuae, atlantispalmdxb, atlantis on the palm, atlantis at palm jumeirah, atlantis in palm jumeirah, atlantispalmtree, atlantis the palm jumeirah, atlantis the palm dubai, atlantis the palm uae, atlantis the palm dxb, atlantis at the palm, atlantis in the palm, atlantis on the palm jumeirah, atlantis on the palm dubai, atlantis on the palm uae, atlantis on the palm dxb, atlantis at palm, atlantis in palm, atlantis at the palm jumeirah, atlantis in the palm jumeirah, atlantis at the palm dubai, atlantis in the palm dubai, atlantis at the palm uae, atlantis in the palm uae, atlantis at the palm dxb, atlantis in the palm dxb, atlantis at palm dubai, atlantis in palm dubai, atlantis at palm uae, atlantis in palm uae, atlantis at palm dxb, atlantis in palm dxb, atlantis palm dubai, atlantis palm uae, atlantis palm dxb, atlantisthepalmjumeirah, atlantisthepalmdubai, atlantisthepalmuae, atlantisthepalmdxb, atlantisatthepalm, atlantisatthepalmjumeirah, atlantisatthepalmdubai, atlantisatthepalmuae, atlantisatthepalmdxb, atlantisinthepalm, atlantisinthepalmjumeirah, atlantisinthepalmdubai, atlantisinthepalmuae, atlantisinthepalmdxb, atlantisonthepalm, atlantisonthepalmjumeirah, atlantisonthepalmdubai, atlantisonthepalmuae, atlantisonthepalmdxb, atlantisatpalm, atlantisatpalmjumeirah, atlantisatpalmdubai, atlantisatpalmuae, atlantisatpalmdxb, atlantisinpalm, atlantisinpalmjumeirah, atlantisinpalmdubai, atlantisinpalmmuae, atlantisinpalmdxb, atlantisonpalm, atlantisonpalmjumeirah, atlantisonpalmdubai, atlantisonpalmuae, atlantisonpalmdxb, atlantisthepalmtree, atlantisthepalmtreejumeirah, atlantisthepalmtreedubai, atlantisthepalmtreeuae, atlantisthepalmtreedxb, atlantisatthepalmtree, atlantisatthepalmtreejumeirah, atlantisatthepalmtreedubai, atlantisatthepalmtreeuae, atlantisatthepalmtreedxb, atlantisinthepalmtree, atlantisinthepalmtreejumeirah, atlantisinthepalmtreedubai, atlantisinthepalmtreeuae, atlantisinthepalmtreedxb, atlantisonthepalmtree, atlantisonthepalmtreejumeirah, atlantisonthepalmtreedubai, atlantisonthepalmtreeuae, atlantisonthepalmtreedxb, atlantisatpalmtree, atlantisatpalmtreejumeirah, atlantisatpalmtreedubai, atlantisatpalmtreeuae, atlantisatpalmtreedxb, atlantisinpalmtree, atlantisinpalmtreejumeirah, atlantisinpalmtreedubai, atlantisinpalmtreeuae, atlantisinpalmtreedxb, atlantisonpalmtree, atlantisonpalmtreejumeirah, atlantisonpalmtreedubai, atlantisonpalmtreeuae, atlantisonpalmtreedxb, atlantisjumeirahpalm, atlantisjumeirah the palm, atlantisjumeirah at the palm, atlantisjumeirah in the palm, atlantisjumeirah on the palm, atlantisjumeirah at palm, atlantisjumeirah in palm, atlantisjumeirah on palm, atlantisjumeirah thepalm, atlantisjumeirah atthepalm, atlantisjumeirah inthepalm, atlantisjumeirah onthepalm, atlantisjumeirah atpalm, atlantisjumeirah inpalm, atlantisjumeirah onpalm, atlantisjumeirah thepalmtree, atlantisjumeirah atthepalmtree, atlantisjumeirah inthepalmtree, atlantisjumeirah onthepalmtree, atlantisjumeirah atpalmtree, atlantisjumeirah onpalmtree, atlantisdubai, atlantisdubai the palm, atlantisdubai at the palm, atlantisdubai in the palm, atlantisdubai on the palm, atlantisdubai at palm, atlantisdubai in palm, atlantisdubai on palm, atlantisdubai thepalm, atlantisdubai atthepalm, atlantisdubai inthepalm, atlantisdubai onthepalm, atlantisdubai atpalm, atlantisdubai inpalm, atlantisdubai onpalm, atlantisdubai thepalmtree, atlantisdubai atthepalmtree, atlantisdubai inthepalmtree, atlantisdubai onthepalmtree, atlantisdubai atpalmtree, atlantisdubai onpalmtree, atlantisuae, atlantisuae the palm, atlantisuae at the palm, atlantisuae in the palm, atlantisuae on the palm, atlantisuae at palm, atlantisuae in palm, atlantisuae on palm, atlantisuae thepalm, atlantisuae atthepalm, atlantisuae inthepalm, atlantisuae onthepalm, atlantisuae atpalm, atlantisuae inpalm, atlantisuae onpalm, atlantisuae thepalmtree, atlantisuae atthepalmtree, atlantisuae inthepalmtree, atlantisuae onthepalmtree, atlantisuae atpalmtree, atlantisuae onpalmtree, atlantisdxb, atlantisdxb the palm, atlantisdxb at the palm, atlantisdxb in the palm, atlantisdxb on the palm, atlantisdxb at palm, atlantisdxb in palm, atlantisdxb on palm, atlantisdxb thepalm, atlantisdxb atthepalm, atlantisdxb inthepalm, atlantisdxb onthepalm, atlantisdxb atpalm, atlantisdxb inpalm, atlantisdxb onpalm, atlantisdxb thepalmtree, atlantisdxb atthepalmtree, atlantisdxb inthepalmtree, atlantisdxb onthepalmtree, atlantisdxb atpalmtree, atlantisdxb onpalmtree, atlntispalmdubai, atlntispalmuae, atlntispalmdxb, atlntis at the palm, atlntis in the palm, atlntis on the palm, atlntis at palm, atlntis in palm, atlntis on palm, atlntis thepalm, atlntis atthepalm, atlntis inthepalm, atlntis onthepalm, atlntis atpalm, atlntis inpalm, atlntis onpalm, atlntis thepalmtree, atlntis atthepalmtree, atlntis inthepalmtree, atlntis onthepalmtree, atlntis atpalmtree, atlntis onpalmtree, atlntisjumeirah, atlntisjumeirahpalm, atlntisjumeirah the palm, atlntisjumeirah at the palm, atlntisjumeirah in the palm, atlntisjumeirah on the palm, atlntisjumeirah at palm, atlntisjumeirah in palm, atlntisjumeirah on palm, atlntisjumeirah thepalm, atlntisjumeirah atthepalm, atlntisjumeirah inthepalm, atlntisjumeirah onthepalm, atlntisjumeirah atpalm, atlntisjumeirah inpalm, atlntisjumeirah onpalm, atlntisjumeirah thepalmtree, atlntisjumeirah atthepalmtree, atlntisjumeirah inthepalmtree, atlntisjumeirah onthepalmtree, atlntisjumeirah atpalmtree, atlntisjumeirah onpalmtree, atlntisdubai, atlntisdubai the palm, atlntisdubai at the palm, atlntisdubai in the palm, atlntisdubai on the palm, atlntisdubai at palm, atlntisdubai in palm, atlntisdubai on palm, atlntisdubai thepalm, atlntisdubai atthepalm, atlntisdubai inthepalm, atlntisdubai onthepalm, atlntisdubai atpalm, atlntisdubai inpalm, atlntisdubai onpalm, atlntisdubai thepalmtree, atlntisdubai atthepalmtree, atlntisdubai inthepalmtree, atlntisdubai onthepalmtree, atlntisdubai atpalmtree, atlntisdubai onpalmtree, atlntisuae, atlntisuae the palm, atlntisuae at the palm, atlntisuae in the palm, atlntisuae on the palm, atlntisuae at palm, atlntisuae in palm, atlntisuae on palm, atlntisuae thepalm, atlntisuae atthepalm, atlntisuae inthepalm, atlntisuae onthepalm, atlntisuae atpalm, atlntisuae inpalm, atlntisuae onpalm, atlntisuae thepalmtree, atlntisuae atthepalmtree, atlntisuae inthepalmtree, atlntisuae onthepalmtree, atlntisuae atpalmtree, atlntisuae onpalmtree, atlntisdxb, atlntisdxb the palm, atlntisdxb at the palm, atlntisdxb in the palm, atlntisdxb on the palm, atlntisdxb at palm, atlntisdxb in palm, atlntisdxb on palm, atlntisdxb thepalm, atlntisdxb atthepalm, atlntisdxb inthepalm, atlntisdxb onthepalm, atlntisdxb atpalm, atlntisdxb inpalm, atlntisdxb onpalm, atlntisdxb thepalmtree, atlntisdxb atthepalmtree, atlntisdxb inthepalmtree, atlntisdxb onthepalmtree, atlntisdxb atpalmtree, atlntisdxb onpalmtree, atlntispalmtreejumeirah, atlntispalmtreedubai, atlntispalmtreeuae, atlntispalmtreedxb, atlntisj"
AVA at Palm Jumeirah By Omniyat,subcommunity,"Palm Jumeirah, Dubai","ava at palm, avapj, palm ava, ava palm jumeirah, avia, avaa, palmjumeirah ava, omniyat ava, avatpj, palmjumeira ava, avapalm, palm jumeirah ava, avapalmjumeirah, omniyatava, avaatpalmjumeirah, palmjumeirahava, ava at palm jumeira, ava palm, avia at palm, avaa at palm, palm jumeira ava, avaatpj, palmjumeirah avaatpj, avaomniyat, palmjumeirahomniyatava, ava at pj, ava pj, pj ava, avapj at palm, palmjumeirah avapj, avia at palm jumeirah, avaat palm jumeirah, palm jumeirah avaatpj, avaat palmjumeirah, palmjumeirahavaatpj, avaatpalm, avaat palm, palmjumeiraavapj, ava at palmjumeirah, ava palmjumeirah, palmjumeirah ava at palm, palmjumeirah avaat palm, avaat palmjumeira, avaatpalmjumeira, palmjumeirah avaat palmjumeira, ava at palm jumeirah, ava palm jumeirah by omniyat, palm jumeirahava, av"
Atlantis The Royal Residences,subcommunity,"Palm Jumeirah, Dubai","atlantis royal, atlantis the royal, atr, atlantis royal res, atlantis royal residences, atlantis royal resi, palm atlantis, atlantis palm, atlantis royal palm, atlantis royal palm jumeirah, royal atlantis, the royal atlantis, atlntis royal, atlantis royale, atlntis, atlantis ryal, atlantisroyal, palmjumeirah atlantis, atlantisroyalres, atlntisroyal, atlntisroyalres, atlantisroyalresidences, atlntisroyalresid, atlntisroyalresidnces"
Atlas Business Centre,subcommunity,"Dubai Media City, Dubai","abc, atlas bc, atlas biz centre, atl biz, atlasb, atlasbc, atlabc, atlas business, atlas business c, atlas business centre dubai media city, dubai media city atlas business centre, atlas business centre dmc, dmc atlas business centre, atlus business centre, atals business centre, atlas buisness centre, atlas busines centre, atlasbusinesscentre, atlasbusiness, atlasbc dmc, dmc atlasbc"
Atria Residences,subcommunity,"Business Bay, Dubai","atria res, atria, atri, atria bizbay, bizbay atria, atriares, atria rez, atrya, atrya res, atriaresidences, bizbayatria, atria biz bay, atri res, atria residence, atria r, atriares bizbay, bizbay atria res"
Atrium 360,subcommunity,"Ajman Downtown, Ajman","atrium, atrium360, ajman atrium, atrium ajman, ajman downtown atrium, atrium downtown, atrm, a360, ajman atrm, atrium360 ajman, atrium ajman dt, atri360, atriumdt, ajmanatrium, atriumdowntown, atrium 360 ajman, atriumajman, atriumdtwn, atrm360"
Atrium Gold Towers,subcommunity,"Dubai Silicon Oasis, Dubai","atrium gold, atrium, agt, atrium towers, gold towers, atriumgold, dso atrium, atrium dso, atriumgoldtowers, goldtowers, atriumgoldtower, dsoatrium, atriumgol, atriom, atriumgolde, atriumgoldtow, atriumgoldtowe, atriumgoldt, atriumgt, ag towers, atrium goldt, atrium gol, atriumgtow, atriumgtower, atriumgtowers, dso atrium gold, atrium gold dso, atriumgold dso, dso atriumgold, atrium dso gold, atrium goldtowers dso, atrium towers dso, dso atrium towers, dso atrium gold towers, atrium gold towers dso, gold towers dso, dso gold towers, dso goldtowers, goldtowers dso, atriumgtowe, atrium goldtow, atrium goldtowe, atrium goldtowers"
Ava Residences,subcommunity,"Dubai Investment Park (DIP), Dubai","ava res, av, av residences dip, dip av, av dip, avres, avresidences, av resid, avresid, avresidens, avresidence, avresidnce, avresidenss, avareidences, avareisdences, avareisdens, avareisdns, avareisdence, avareisdenc, avareisdns dip, dipav, dipavres, dipavresid, dipavresidens, dipavresidence, avresdip, avresidip, avdip, avdipres, avdipresid, avdipresidens, avdipresidence"
Aud Al Touba 1,subcommunity,"Central District, Al Ain","aud al t, aud al, al touba 1, alt1, altouba, ald touba, aud alt, alt, aldt1, altouba1, central aud al t, al ain aud al t, audaltouba, ald t1, alt1 al ain, aud al t al ain"
Avalon Tower,subcommunity,"Jumeirah Village Circle, Dubai","avalon, avln, avlon, jvc avalon, avalon jvc, jvcavln, avalon tower jvc, avalonjvc, jvcavalon, avaln twr, avln twr, avalon twr jvc"
Aura,subcommunity,"Tilal Al Ghaf, Dubai","tilal aura, tilal al ghaf aura, al ghaf aura, aora, arua, tilal aura al ghaf, aura tilal, aur, tilalaur, tilal alghaf aura, alghaf aura, tilalalghafaura, auraalghaf, tilalaura"
Avani Palm View Hotel & Suites,subcommunity,"Dubai Media City, Dubai","avani palm, apv, avani, palm view, palmview, avnipalm, avani palm dubai, avani palm dmc, palm view dmc, avani palm media city, avanipalm, avnipalmview, apvs, avaniplm, palmview hotel, dmc avani palm, media city avani palm, avani palm suites, avanipalmview, palmview suites, avani palm media, avani palm dmc suites, avani palm hotel, avani palm view suites, avaniplmview, palm view hotel suites, avani palm city, avani palm dmc hotel, dmc palm view, media city palm view, avani palm media city suites, palmview dmc, avani palm media city hotel, avani palm view hotel, avani palm view dmc, avani palm view media city, avanipalmcity, avanipalmdmc, avanipalmviewdmc, avanipalmmc, avanipalmsuites, avanipalmviewmc, avanipalmdubai, avanipalmmediacity, avanipalmviewdubai, avanipalmviewsuites, avanipalmsuitesdmc, avanipalmcitydmc, avanipalmmediacitydmc, avanipalmviewmediacity, avanipalmviewhotel, avanipalmviewsuitesdmc, avanipalmcitymediacity, avanipalmdmcsuites, avanipalmmediacitysuites, avanipalmviewdmcsuites, avanipalmviewmediacitysuites, avanipalmsuitesmediacity, avanipalmviewhotelmediacity, avanipalmviewsuitesmediacity, avanipalmcitysuitesdmc, avanipalmcitysuitesmediacity, avanipalmcitysuites, avnipalmsuites, avnipalmviewdmc, avnipalmviewmediacity, avnipalmviewsuites, avnipalmcity, avnipalmcitydmc, avnipalmcitymediacity, avnipalmdmc, avnipalmmediacity, avnipalmviewdmcsuites, avnipalmviewmediacitysuites, avnipalmsuitesdmc, avnipalmsuitesmediacity, avnipalmviewhotel, avnipalmviewsuitesdmc, avnipalmviewsuitesmediacity, avnipalmcitysuitesdmc, avnipalmcitysuitesmediacity, avnipalmdmcsuites, avnipalmmediacitysuites, avnipalmcitysuites, apv hotel, apv suites, apv dmc, apv media city, apv dubai, apvs hotel, apvs suites, apvs dmc, apvs media city, apvs dubai, avani p, avani pv, avani ps, avani pd, avani pm, avani p dmc, avani p media city, avani p dubai, avani ps dmc, avani ps media city, avani ps dubai, avani pv dmc, avani pv media city, avani pv dubai, avani pd dmc, avani pd media city, avani pd dubai, avani pm dmc, avani pm media city, avani pm dubai, avani p suites, avani p hotel, avani p view, avani pv suites, avani pv hotel, avani pv view, avani ps suites, avani ps hotel, avani ps view, avani pd suites, avani pd hotel, avani pd view, avani pm suites, avani pm hotel, avani pm view, avani p dmc suites, avani p dmc hotel, avani p dmc view, avani p media city suites, avani p media city hotel, avani p media city view, avani p dubai suites, avani p dubai hotel, avani p dubai view, avani p suites dmc, avani p suites media city, avani p suites dubai, avani p hotel dmc, avani p hotel media city, avani p hotel dubai, avani p view dmc, avani p view media city, avani p view dubai, avani pv suites dmc, avani pv suites media city, avani pv suites dubai, avani pv hotel dmc, avani pv hotel media city, avani pv hotel dubai, avani pv view dmc, avani pv view media city, avani pv view dubai, avani ps suites dmc, avani ps suites media city, avani ps suites dubai, avani ps hotel dmc, avani ps hotel media city, avani ps hotel dubai, avani ps view dmc, avani ps view media city, avani ps view dubai, avani pd suites dmc, avani pd suites media city, avani pd suites dubai, avani pd hotel dmc, avani pd hotel media city, avani pd hotel dubai, avani pd view dmc, avani pd view media city, avani pd view dubai, avani pm suites dmc, avani pm suites media city, avani pm suites dubai, avani pm hotel dmc, avani pm hotel media city, avani pm hotel dubai, avani pm view dmc, avani pm view media city, avani pm view dubai, avani palm view dubai, avani palm suites dmc, avani palm suites media city, avani palm suites dubai, avani palm hotel dmc, avani palm hotel media city, avani palm hotel dubai, av"
Avanos,subcommunity,"Jumeirah Village Circle, Dubai","avn, avanos jvc, jvc avanos, jvcavanos, avanous, avanosjvc, avnas, avanis, avanos jumeirah, jumeirah avanos"
Avant Garde Residences,subcommunity,"Jumeirah Village Circle, Dubai","avant garde resi, avant garde, avg resi, avg, avnt, avnt garde, jvc avant, jvc avg, avantgarde, avantgarde resi, jumeirah village avant, jvc avant garde, avg res, avant resi, avant g, avant garde res, jvc avg resi"
Avanti,subcommunity,"Business Bay, Dubai","avnt, avanti bbay, bbay avnt, avnti, avanti bizbay, bizbay avnt, avnt bizbay, avnti bbay, bbayavnt, avntibizbay, avntibiz, avntbbay, avnti bizbay"
Avari Dubai Hotel,subcommunity,"Deira, Dubai","avari hotel, avari dubai, avari, deira avari, avaridubai, deiraavari, averi, avary, avarri, avarihtl, avari deira, deira avari hotel, avarihotel, averi hotel, avri, avari diera, avarihotl"
Aveline Residences,subcommunity,"Jumeirah Village Circle, Dubai","aveline res, aveline, aveline resi, avelin, aveline jc, jvc aveline, aveline jvc, aveline res jvc, jumeirah aveline, aveline jumeirah, aveline residence, avelin res, aveline resi jvc, jv aveline, aveline jv, aveline res jv, aveline res jumeirah, aveline jumeirah village, aveline jumeirah vc, aveline res jumeirah vc, aveline res jumeirah village, aveline res jumeirah village circle, aveline res jvc dubai, aveline res dubai, aveline dubai, jvc aveline res, jumeirah village aveline, jumeirah village circle aveline, jumeirah village circle aveline res, jumeirah village circle aveline residence, aveline res jumeirah village circle dubai, aveline res jumeirah village dubai, aveline res jumeirah dubai, avelineres, avelineresi, avelineresjvc, avelineresjumeirah, avelineresjumeirahvillage, avelineresjumeirahvillagecircle, avelineresdubai, jvca, jvcaaveline, jvcaavelineres, jumeirahvillagecircleaveline, jumeirahvillagecircleavelineres, jumeirahvillagecircleavelineresi, jumeirahvillagecircleavelineresidence, avelinejvc, avelinejumeirah, avelinejumeirahvillage, avelinejumeirahvillagecircle, avelinejumeirahvillagecircledubai, avelinejumeirahdubai, avelinejvcdubai, avelineresjvcdubai, avelineresjumeirahvillagedubai, avelineresjumeirahvillagecircledubai, avelineresjumeirahdubai, avelinejumeirahvillagedubai, avelinejume"
Avelon Boulevard,subcommunity,"Arjan, Dubai","avelon blvd, av blvd, avelon, arjan avelon, avelon arjan, arjanavelon, avelonblvd, ab, arjan ab, aveln, avelonb, arjan avelon blvd, aveln blvd"
AURA by Grovy,subcommunity,"Jumeirah Village Circle, Dubai","abg, aura grovy, jvc aura, aurabygrovy, jumeirah aura, aura jvc, grovy aura, aurabgrovy, jvcura, auragrovy"
Avena,subcommunity,"The Valley, Dubai","aven, avna, avena the valley, the valley aven, avena valley, avn, aven dubai, the valley av, avena dv, avenadubai, avnadubai, avn dubai"
Aura Elegance,subcommunity,"Dubai Silicon Oasis, Dubai","aura eleg, ae, auraelg, auralg, auraleg, elegance aura, aura elegance dso, dso aura eleg, dso aura, aura dso, auraelegance, auraeleg, eleg aura, aura eleg dso, dsoauraeleg, dso auraeleg, aura dso eleg, auradso, dsoaura, dso aura elegance"
Avena 2,subcommunity,"The Valley, Dubai","avena2, avena, av2, the valley avena, avena the valley, avena2 dubai, avena dubai, thevalley avena, avena2 the valley, avena2 thevalley, avena thevalley, avn2, a2, the valley av2, av2 the valley, aven2, aven2 the valley"
Aurion Residence,subcommunity,"Jumeirah Village Circle, Dubai","aurion res, aurion, ar, jvc aurion, aurion jvc, aurion res jvc, jvc ar, ar jvc, aurionres, aurionres jvc, jvcaurion, jvcaurion res"
Avencia,subcommunity,"Damac Hills 2, Dubai","avn, avenci, avenc, avnca, damac hills 2 avencia, avencia dh2, dh2 avencia, avencia damac, avenciadhamac, avenciadh2, avnca dh2"
Aurora by Binghatti,subcommunity,"Jumeirah Village Circle, Dubai","aurora, aur, binghatti, jvc aurora, aurora jvc, aurorabybinghatti, binghattiaurora, jvcaurora, aurora by b, aurorabinghatti, binghatti aur, jumeirah aurora, aurorajvc, aurorabingh, bingh aurora, aurorabing, jvcaurorabybinghatti"
Avencia 2,subcommunity,"Damac Hills 2, Dubai","avencia2, av2, avencia, avencia ii, avencia2 dh2, dh2 avencia, dh2 avencia2, avencia 2 damac hills, damac hills avencia, avencia2 damac, avenc2, avnecia, avencia damac, avencia2 dh, avencia ii dh2, avnecia2, avencia2damac, damacavencia2, avencia2dh2, avenciaii"
Aurora Tower,subcommunity,"Dubai Media City, Dubai","aurora twr, aurora, at, auroratwr, dmcaurora, auroratowerdmc, auroradmc, aurora dmc, auroratwr dmc, atwr, aurora twer, auror tower, aurrotwr, auroratowr, dmc aurora"
Avencia 45,subcommunity,"Damac Hills 2, Dubai","avencia, av45, avencia45, avencia 4, avn 45, avencia4, damac hills avencia, avencia dh2, avn45, avencia45 damac, avencia damac hills2, avencia45dh, avn45 damac, av45 damac hills, avencia 45 damac hills2"
Autograph Collection,subcommunity,"DAMAC Hills, Dubai","autograph, ac, autograph collection damac, damac autograph, autograph damac hills, autograph hills, damac ac, ac damac, autographcollection, autographdamac, damacautograph, autographcol, autograp, autogrf, autograph coll, autographcollec, autograh, autogrp, damacautograph hills, autographhills, autograph damac, autographdamachills"
Avencia 5,subcommunity,"Damac Hills 2, Dubai","avencia5, av5, avencia, avencia ii, damac hills 2 avencia, avencia 5 dh2, dh2 avencia5, avencia5 dh2, avencia damac, avencia2, avencia 2, avencia5 damac hills, avencia5 damac, avenc5, avencia5 damac hills 2, avencia5damac, avencia5damachills2, avencia5damachills, avnecia5, avencia5dhamc, avencia5 damachills2, avencia5 damac hills2, avencia5 damac hils2, avencia5 damac hill2, avencia5 damachill2, avencia5 damac hils, avencia5 damac hill, avencia5 damachills, av5 dh2, av5 damac hills2, av5 damac, av5 damachills2, av5 damac hills, av5 damac hill2, av5 damac hills 2, av5 damac hils2, av5 damac hils"
AVA at Palm Jumeirah By Omniyat,subcommunity,"Palm Jumeirah, Dubai","ava at palm, avapj, palm ava, ava palm, av palm, palm jumeirah ava, pj ava, omniyat ava, avaatpalm, palmjumeirahava, avapalm, omniyatava, avapalmjumeirah, palmjumeirah avaatpj, avaatpj, palmava, avaatpalmjumeirah"
Avenue 353,subcommunity,"City of Arabia, Dubai","av 353, av353, ave 353, aven 353, avenue353, avn 353, city of arabia av 353, coa av 353, city of arabia avenue 353, av 353 coa, avenue353coa, av353coa, ave 353 city of arabia, avnue 353, aveneu 353, avene 353, avne 353, avenu 353, avnue353, aveneu353, avene353, avne353, avenu353"
Ava Residences,subcommunity,"Dubai Investment Park (DIP), Dubai","ava res, av, av residences dip, dip av, av dip, avres, avresidences, ava res dip, dip ava res, avresdip, avadip, avresd, avr, avre, avare, avares, avarees, avarese, avareis, avareiss, avareisd, avareisdip, avareesdip"
Avalon Tower,subcommunity,"Jumeirah Village Circle, Dubai","avalon, avln, avlon, jvc avalon, avalon jvc, jvcavln, avalon tower jvc, jvc avalon twr, avalontwr, avalon jvcc, avaln twr, avalonjvc, jvcavalon, avalon twr jvc"
Avani Palm View Hotel & Suites,subcommunity,"Dubai Media City, Dubai","avani palm, apv, avani, palm view, palmview, avnipalm, avani palm dubai media city, palm view dmc, avani dmc, avanipalm, palmview hotel, avani palm hotel, avanipalmview, media city avani, dmc avani palm, avani palm suites, avani palm view suites, avanipalmviewhotel, palmview avani, avani media city, avani palm dubai, avani palm view hotel suites dmc, avanipalmsuites, palmviewhotel, avnipalmview, avani palmview, palm view avani, avani palm dmc, dmc palm view, avani palm media city, avani palm view dmc, palmview hotel suites, avani palm view hotel, avani palm view hotel dmc, palm view hotel avani, avani palm view suites dmc, avani palm view hotel suites, avani palm view, palm view hotel"
Avanos,subcommunity,"Jumeirah Village Circle, Dubai","avn, avanos jvc, jvc avanos, avnos, avnas, avanis, avanosjvc, jvcavanos, avanoz, avan0s"
Avant Garde Residences,subcommunity,"Jumeirah Village Circle, Dubai","avant garde resi, avant garde, avg resi, avg, avnt, avnt garde, jvc avant, jvc avg, avantgarde, avg residences, jumeirah village avant, avant garde jvc, avg jvc, avantgarde resi"
Avenue Residence,subcommunity,"Al Furjan, Dubai","av res, ave res, al furjan ave, al furjan res, ave residence, avnue res, al furjan av res, avn res, ave res al furjan, al furjan avenue, av res al furjan, avenue al furjan, avnue residence"
Avanti,subcommunity,"Business Bay, Dubai","avnt, avanti bbay, bbay avnt, avnti, avanti bizbay, bizbay avnt, avnti bbay, avnt bbay, avnti bizbay, avntbizbay, bizbayavnt"
Aviation District,subcommunity,"Dubai South (Dubai World Central), Dubai","av dist, avn dist, avi dist, aviat dist, aviaton, avation, aviationdist, aviatondist, dubai south aviation, aviation dubai south, avdist, aviaton district, aviationd, aviational, aviatondistrict, dubaisouthaviation, aviationsouth, aviations"
Avari Dubai Hotel,subcommunity,"Deira, Dubai","avari hotel, avari dubai, avari, avri, averi, deira avari, avari deira, averi hotel, avri hotel, deira avri, deira averi, avarihotel, averihotel, avrihotel"
Avicennia,subcommunity,"Dubai South (Dubai World Central), Dubai","avic, avicenn, avicenia, avi, avien, avicena, dubai south avicennia, avicennia dubai south, aviceniadubaisouth, dubaisouthavicennia, avicenniadubaisouth"
Aveline Residences,subcommunity,"Jumeirah Village Circle, Dubai","aveline res, aveline, aveline res jvc, jvc aveline, avelin, aveline jvc, aveline residence, aveline resid, avelineres, jvca, aveline jumeirah, avelinejvc, jumeirah aveline, avelines, avelinres, avelin jvc, avelinejumeirah, avelineresidences, aveline resi, aveline resi jvc, aveline res jumeirah village circle, aveline res jvc dubai, avelineresjvc, avelineresjumeirah, aveline res jumeirah, aveline residences jvc, aveline res jumeirah village, aveline res jumeirahvillage, avelineresidencesjvc, avelineresidencesjumeirah, avelinejumeirahvillage, avelinejumeirahvillagecircle, aveline res jumeirahvillagecircle, avelineresidencesjumeirahvillagecircle"
Avelon Boulevard,subcommunity,"Arjan, Dubai","avelon blvd, avln blvd, arjan avelon, avelon arjan, avelon, aveln, avelonbld, arjanavelon, avelonblvd, abld, arjan avln"
Avena,subcommunity,"The Valley, Dubai","aven, avna, avena the valley, the valley aven, avena valley, avn, avena dubai, thevalleyaven, avenadubai, valleyaven"
Avena 2,subcommunity,"The Valley, Dubai","avena2, avena, av2, the valley avena, avena the valley, aven2, thevalley avena, avena2 thevalley, avena the vally, avena2 the vally, avn2, aven2 the valley, the valley av2, a2, thevalleyav2, av2 the valley"
Avencia,subcommunity,"Damac Hills 2, Dubai","av, avn, avenc, avencia dh2, dh2 avencia, avencia damac, damac avencia, avnecia, avencia2, avencia2 damac hills, damac hills2 avencia"
Avencia 2,subcommunity,"Damac Hills 2, Dubai","avencia2, av2, avencia, avencia ii, damac hills avencia, avencia damac, avencia2 damac hills, avencia damac hills 2, avencia2 dh2, avenc2, avn2, avencia 2 damac, avencia ii damac hills, avencia2dh2, avencia2 damac, avnca2, avencia2 damachills, avencia2 dh, avencia 2 dh2, av2 dh2, av2 damac hills, av2 damac, av2 dh, avencia2damachills, avencia2damac, av2dh2, av2damac, av2damachills, av2 damac hills 2, av2damachills2, av2 damac hills2, av2 damachills2, av2 damachills"
Awari Building,subcommunity,"Barsha Heights (Tecom), Dubai","awari bldg, awari, awr, awari b, barsha awari, awari barsha heights, awari barsha, awari bh, barsha awari bldg, awaribldg, awari bld, awary, awarii, awari buildng, awaribh, bh awari, awari tecom, tecom awari"
Avencia 45,subcommunity,"Damac Hills 2, Dubai","avencia, av45, avencia45, avencia 4, avencia4, avn45, avencia forty five, damac hills avencia, avencia dh2, avencia45 damac, avencia damac hills, avnca45, avencia 45 damac hills, avencia damac, avencia45dh2, av45 dh2, avencia45 damachills, avencia damachills2, avencia 45 dh2"
Awqaf Tower,subcommunity,"Al Khalidiya, Abu Dhabi","awqaf twr, awqaf, al awqaf, awqaf tower abu dhabi, awqaf al khalidiya, awkaf, awqaaf, awqaf twer, alkhalidiya awqaf, awqaf khalidiya, awqaf abu dhabi"
Avencia 5,subcommunity,"Damac Hills 2, Dubai","avencia5, av5, avencia, avencia 5 damac, damac avencia5, damac av5, avencia damac hills, avencia5 dh2, avencia 5 dh, avenc5, avencia5 damac hills 2, avencia5 dh, avn5, avencia5 damac, av5 dh2, avencia5 damac hills2, avencia5 damac hills, avn5 dh2, av5 damac hills2, av5 damac hills, av5 dh, av5 damac hills 2, av5 damac"
Axis Residence,subcommunity,"Dubai Silicon Oasis, Dubai","axis res, axis, axres, axiss, axs, axis r, axisres, dubai silicon axis, axis dso, axsis, dso axis, axisresidence, silicon axis"
Avenue 353,subcommunity,"City of Arabia, Dubai","av 353, av353, ave 353, aven 353, avenue353, avn 353, city of arabia av 353, coa av 353, coa avenue 353, avenue353 coa, av353 coa, av 353 coa, ave353, aven353, avn353, cityofarabia av353, coaav353"
Axis silver 1,subcommunity,"Dubai Silicon Oasis, Dubai","axis sil, ax sil, axi sil, axis slv, axissilv, axissil1, silv1, dso axis, axis1, dso ax, ax sil 1, axis silver1, silv1 axis, dso sil, axis silv, axsil, axis1 dso, sil1, axissilver, dso axis sil, axis silvr, axissilvr1, silvr1, axis silv1, dsoaxissil, axissilver1, sil1 axis, axis silvr1, dso axis1, axis1 sil, sil1 dso, axis sil1, dso sil1, axissilv1, axis silv1 dso, silv1dso, axis1dso, dsoaxis1, axissil1dso, dsoaxissil1, axisdso, dsoaxis, axisdso1, axis sil dso, axis sil dso1, dso1 axis sil, axis sil1 dso, dso axis sil1, axis1 sil dso, dso axis1 sil, sil1 axis dso, axis silvr1 dso, dso axis silvr1, axis silv1 dso1, dso1 axis silv1, axis1 silv1 dso, dso axis1 silv1, silv1 axis1 dso, axis sil1 dso1, dso1 axis sil1, axis1 sil1 dso1, dso1 axis1 sil1, axis1 sil dso1, dso1 axis1 sil, sil1 axis dso1, axis silvr1 dso1, dso1 axis silvr1, dso axis silv1, axis1 silv1 dso1, dso1 axis1 silv1, silv1 axis1 dso1, axis1 sil1 dso, dso axis1 sil1, sil1 axis1 dso, axissilvr, axissil"
Avenue Residence,subcommunity,"Al Furjan, Dubai","av res, ave res, al furjan ave, al furjan res, ave residence, avnue res, al furjan avenue, ave res al furjan, avenue al furjan, avn res, al furjan av res, av res al furjan, ave al furjan, avnue residence"
Aviation District,subcommunity,"Dubai South (Dubai World Central), Dubai","av dist, avn dist, avi dist, aviat dist, avation dist, aviaton, aviation d, av dist dubai south, dubai south av dist, avdist, aviationdistrict, aviaton dist, aviotion dist, avaiation dist, dubaisouth avdist, av dist dxb, avn district, aviatn dist, aviatin dist"
Avicennia,subcommunity,"Dubai South (Dubai World Central), Dubai","avic, avicenn, avicenia, avi, avien, avicena, avicenie, dubai south avicennia, avicennia dubai south, avicenniadubaisouth, dubaisouthavicennia, aviceniadubaisouth"
Awari Building,subcommunity,"Barsha Heights (Tecom), Dubai","awari, awari bldg, awari bldng, awri, awry, awary, awary bldg, barsha awari, awari barsha heights, awari barsha, awari tecom, tecom awari, barsha awry, awari bh, bh awari, awaribuilding, awaribldg, awaribldng"
Awqaf Tower,subcommunity,"Al Khalidiya, Abu Dhabi","awqaf twr, awqaf, al awqaf, awqf, awqaaf, alkhalidiya awqaf, awqaf alkhalidiya, awqaf al khalidiya, awqaf alkhalidiyah, awqaf tower alkhalidiya"
Axis Residence,subcommunity,"Dubai Silicon Oasis, Dubai","axis res, axis, axres, axiss, axs, axis r, axisres, dubai silicon axis, axis dso, axsis, axisresidence, silicon axis, axis silicon, dso axis"
Axis silver 1,subcommunity,"Dubai Silicon Oasis, Dubai","axis sil, ax sil, axi sil, axis slv, axissil, axis1, axissilver, dso axis, axis sil dso, sil axis, dso ax sil, axis silver1, ax sil dso, axis silvr, axissil1, dso axis sil, axis silver dso, axissilver1, axis1 dso, sil1 axis, axis silvr1, ax sil1, axis sil1, dso axis1, axis1 sil, axis1sil, sil1, ax1, silvr1, axis silv, dso sil1, sil1 dso, axis1dso, dsoaxis, axisdso, sil1axis, axiss1, axis1silv, silv1, silv1axis, axis1silvr, ax1sil, ax1silvr, sil1ax, sil1axs, axis1silv1, silv1ax, silv1axs, axs1, axs1sil, axs1silv, axs1silvr, axs1dso, axs1sil1, axs1silv1, axs1silvr1, dsoaxs1, dsoaxs1sil, dsoaxs1silv, dsoaxs1silvr, dsoaxs1sil1, dsoaxs1silv1, dsoaxs1silvr1, axis1ds, ax1dso, ax1ds, sil1dso, sil1ds, axis1sil1dso, axis1sil1ds, ax1sil1dso, ax1sil1ds, sil1ax1dso, sil1ax1ds, axis1silv1dso, axis1silv1ds, ax1silv1dso, ax1silv1ds, sil1ax1sil1dso, sil1ax1sil1ds, axis1silvr1dso, axis1silvr1ds, ax1silvr1dso, ax1silvr1ds, sil1ax1silvr1dso, sil1ax1silvr1ds, sil1ax1silv1dso, sil1ax1silv1ds, dsoaxis1, dsoax1, dsosil1, dsosilv1, dsosilvr1, ax1silv, sil1axv, sil1axvr, axis1sil1, ax1sil1, sil1ax1, ax1silv1, sil1ax1s, axis1silvr1, ax1silvr1, sil1ax1vr"
Aya Building,subcommunity,"Al Nahyan Camp, Abu Dhabi","aya bldg, aya blg, aya bld, ayabldg, al nahyan aya, aya al nahyan camp, ayabuilding, aya b, aya buildng, aya builidng, ayan camp, aya alnahyan, ayabuild, ayaabu dhabi, aya alnahyan camp"
Ayala on the Park,subcommunity,"Town Square, Dubai","ayala park, ayala on park, ayla on the park, ayl on park, ayala, aottp, ayala tp, town square ayala, ayala ts, ayalapark, ts ayala, ayala onthepark, ayla park, ayala town square"
Ayana Gardens,subcommunity,"Meydan, Dubai","ayana, ayana gdns, ayanagdns, ayana grdns, meyd an ayana, ayana meyd, meyan ayana, ayna gdns, ayen gdns, ayana gdn, ayanagardens, meydana, ayana meyan, ayangdns"
Ayedh Tower,subcommunity,"Al Jaddaf, Dubai","ayedh twr, ayedh, aljaddaf ayedh, ayedh aljaddaf, aydh, ayed, al jaddaf ayedh twr, ayedhtwr, ayedh al jaddaf, ayd twr, ayedh twer, ayed twr"
Ayesha Tower,subcommunity,"Al Jaddaf, Dubai","ayesha twr, ayesha t, aysha, ayesha, al jaddaf ayesha, ayesha al jaddaf, ayeshatwr, aljaddafayesha, ayesa, aysha twr, ayeshtwr, ayesah, ayeshatower, jaddaf ayesha"
Aykon City,subcommunity,"Business Bay, Dubai","aykon, aykon city dubai, aykoncity, ayk, akon, aykon citi, aykon cty, business bay aykon, aykon bbay, bbay aykon, aykoncitydubai, aykondubai, aykoncitybbay"
Aya Building,subcommunity,"Al Nahyan Camp, Abu Dhabi","aya bldg, aya blg, aya bld, ayabldg, al nahyan aya, aya al nahyan camp, ayabuilding, aya b, aya buildng, aya builidng, ayan camp, aya alnahyan, ayabuild, ayaabu dhabi, aya alnahyancamp, ayaabldg"
Ayala on the Park,subcommunity,"Town Square, Dubai","ayala park, ayala on park, ayla on the park, ayl on park, ayala, aottp, ayala tp, town square ayala, ayala ts, ayalatp, ts ayala, ayla park, ayala onthepark, ayalaonthepark, town square ayala on the park, ayalapark, ayala on the pk, ayala onpk, ayala onthepk, ayla on park, aylapark, ayala on thepark, tsayala, ayalaottp, ayala on theparck, aylaprk, ayl on the park, ayl on pk, ayl onthepark, ayl onthepk, ayl on the pk, ayl on thepark, ayl on theparck, ayl on theparks, ayl ontheparks, ayl onthepks, ayl on theparcks, ayl ontheparc, ayl ontheparck, ayl ontheparcs, ayl onthepar"
Aysha Residence,subcommunity,"Maryam Island, Sharjah","aysha res, aysha, ashya, aysha r, ar, maryam aysha, aysha maryam, maryam island aysha, ayshares, aysharesidence, aysharesid, aysharesidnce, aysharesidenc, ashya res, ashya residence, aysha res maryam, maryam aysha res, aysharesmaryam, ayshamaryam, ayshamaryamisland, ayshaisland, ayshaisl, ayshaislan, ayshaislnd, ayshaislndmaryam, ayshaislndmaryamisland, ayshaislndmaryamisln, ayshaislndmaryamislan, ayshaislndmaryamisla, ayshaislndmaryamis, ayshaislndmaryamisl"
Ayana Gardens,subcommunity,"Meydan, Dubai","ayana g, ayg, aygdn, ayg gardens, ayana gdn, ayana gdns, ayana gd, ayana grdn, ayana gardns, ayana gardenss, ayana gardn, ayana garndes, ayana-gardens, ayanagardens, meydan ayana, ayana meydan, meydan gardens, gardens meydan, meydan ayg, ayg meydan, ayana m, meydan ayana g, ayana g meydan"
Azalea,subcommunity,"Arabian Ranches 2, Dubai","az, azl, azlea, azela, azla, azale, azaleea, azaleah, azaleaa, azalei, ezalea, azelea, azaleya, azzalea, azlaea, ar2azalea, ar2azl, ar2az, arabianranches2azalea, arabianranches2azl, arabianranches2az, azaleaarabianranches2, azl_arabianranches2, az2, azl2, ar2az2, azalea2, ar2azl2"
Ayedh Tower,subcommunity,"Al Jaddaf, Dubai","ayd tower, ayedh twr, ayedh tw, aydh tower, ayed tower, ayedh t, aydh twr, aydh tw, ayedhtwr, ayedhtower, aydhtower, aydhtwr, ayedh, aydh, ayd, ayed, tower, twr, tw, aljaddaf ayedh, aljaddaf ayedhtower, al jaddaf ayedh, al jaddaf ayedhtower, ayedh aljaddaf, tower aljaddaf, twr aljaddaf, ayedh al jaddaf, aydh aljaddaf, aydh al jaddaf, ayedh tower al jaddaf, aydh tower aljaddaf"
Azalea,subcommunity,"Tilal City, Sharjah","azalia, azelia, azilia, azalae, azallia, azela, asalea, asalia, aza, azal, tilal azalea, tilalazalea, azalea tilal, azaleatilal, tilal city azalea, tilal city azalia, tilal azalia, azalia tilal, azalia tilal city, tc azalea, tc azalia, tilal azelia, azelia tilal, tilal city azelia"
AZHA Community,subcommunity,"Al Amerah, Ajman","azha, azha comm, asha, azza, azah, azhacommunity, azhacomm, azha amerah, azha al amerah, azha ajman, al amerah azha, amerah azha, azha community ajman, azha community amerah, asha ajman, azah ajman, azhacommunity ajman, azha comm ajman"
Azizi Aliyah,subcommunity,"Dubai Healthcare City, Dubai","azizi aliya, azizi aliya dhcc, aliyah dhcc, azizi dhcc, azizi aliyah dubai, azizi alia, azi aliya, azizi aliah, aliyah healthcare city, dhcc azizi, aziziaaliyah, azizi-aliyah, azizi aliya healthcare, azizi aliyh, azizi aliyaha"
Azizi Amber,subcommunity,"Al Furjan, Dubai","azizi-amber, azizi, azizi al furjan, amber azizi, aziziamber, azizi ambr, azizi amber furjan, azizi furjan, a-amber, azizi a, al furjan azizi, azizi amber al furjan, azizi ambr furjan, aziziamber alfurjan, azizi ambar, azizi amber dubai, azizi amber property, azizi amber apartments"
Azizi Aura,subcommunity,"Downtown Jebel Ali, Dubai","az aura, azizi, aura, az aura jebel ali, azzura, azzuri, azuri, azuradubai, azzura downtown, azzura jebel ali, azzura downtown jebel ali"
Azizi Aura,subcommunity,"Jebel Ali, Dubai","aa, aura, azizi, aziziaura, azizy aura, azizi ara, azizi awra, azizyaura, aziziara, aziziawra, azza, azza aura, ja aura, ja azizi, ja azizi aura, jebel ali aura, jebel ali azizi, jebel ali azizi aura, aura ja, azizi ja, aura jebel ali, azizi jebel ali"
AZIZI Berton,subcommunity,"Al Furjan, Dubai","azizi b, azizi ber, berton, azizi bertan, azizi bertun, azizi barton, azizi bertn, aziziberton, furjan azizi berton, alfurjan azizi berton, azizi berton furjan, azizi berton alfurjan, furjan berton, alfurjan berton, furjan azizi b, alfurjan azizi b, azizi brton, azizi bertom, azizibrtn, furjanaziziberton, alfurjanaziziberton, furjanberton, alfurjanberton, ab, furjan ab, alfurjan ab"
Azizi Central,subcommunity,"Al Furjan, Dubai","ac, central, azizicentral, azizi centrl, azizi centeral, azizi sentral, azizi centrel, azizi centrall, azizi central furjan, azizi central al furjan, furjan azizi central, al furjan azizi central, azizi furjan central, azizi al furjan central, azizi cnetral, azizi cntral, azizi central af, azizi central furj, azizicentralfurjan, azizi central alfurjan, azizicentral al furjan"
AZHA Community,subcommunity,"Al Amerah, Ajman","azha, azh, azh cm, azh cmt, azh comm, azh cmty, azh com, azhcom, azhac, azhacm, azhacmt, azhacomm, azhacommty, azhacomm., azhacommty., az"
Azizi Crystal,subcommunity,"Palm Jebel Ali, Dubai",
Azizi Diamond,subcommunity,"Palm Jebel Ali, Dubai","azizi diam, az diamond, azizi diamnd, azizidiamond, palm jebel ali azizi diamond, azizi diamond pja, azizidiam, azizi diam pja, az diamond pja, azizidiamondpja, azizi diamnd pja, azizidimond, azizy diamond, azizi diomond, azizidiamon, azizidimondpja, pja azizi diamond, azizydimond, azizidimnd, azizidiomond, azizy diamond pja"
Azizi Farishta,subcommunity,"Al Furjan, Dubai","azizi, farishta, af, al furjan azizi, azizi al furjan, azizifarishta, al furjan farishta, farisht, aziz farishta, azizi farisht, aziz farisht, farishta al furjan, azizifarista, azizi faristha, aziz farista, azizifarisht, azizifaritha, azizifareeshta, azizifarishtha, azizifaresta, azizi farishtah, azizifaristha, azizifarish, azizifaris, azizifari, azizi f, azizi far, aziz far, aziz f, azizi al f, azizi al fur, aziz al furjan, aziz al fur, azizi farjan, azizi furjan, azizi fur, aziz furjan, aziz fur, azizif, azizifur, azizifar, azizifarjan, azizifurjan, azizialfurjan, azizialfur, azizialf, azizialfu, azizialfurj, azizialfurja, azizi al fu, azizi al furj, azizi al furja, azizi alf, azizi alfu, azizi alfur, azizi alfurj, azizi alfurja, azizi alfurjan, azizi faris, azizi farist, azizi faristh, aziz faris, aziz farist, aziz faristh, azizifarist, azizifaristh, azizifaristah, azizifa"
Azizi Fawad Residence,subcommunity,"Dubai Healthcare City, Dubai","azizi fawad, af residence, azizi fawad res, fawad res, azizi fawad r, azizifawad, fawad, azizi f, dhc azizi fawad, azizi fawad dhc, azizifawadres, fawad azizi, azizi fawadres, dhc fawad, fawadres azizi"
Azizi Grand,subcommunity,"Dubai Sports City, Dubai","azizi, ag, azizigrand, azizig, azizi g, grand azizi, azizi grand dsc, dsc azizi, azizigrand dsc, azizigdsc, azizig rand, azizi grnd, azizi gd, azizigd, azizi granddsc, dsc azizigrand, azizigranddsc, aziz"
Azizi Jewel,subcommunity,"Al Furjan, Dubai","azizi jl, az jewel, azjl, al furjan azizi, azizi al furjan, azizi jwl, azijl, azizi jewel al furjan, al furjan jewel, azizijl, azizijewel, azjewel, azizi jwl al furjan"
Azizi Mina,subcommunity,"Palm Jumeirah, Dubai","azizi, mina, azizi m, a mina, aziz mina, azizimina, mina azizi, palm mina, azizi mina palm, azizimina palm, mina palm, azizi palm, aziz mina palm, palm azizi mina, azizmina, azizim, azizmina palm"
Azizi Neila,subcommunity,"Al Furjan, Dubai","azizi nila, azizi n, an, az nila, aziz nila, azizi neela, azizineila, al furjan azizi, azizi al furjan, azizineila alfurjan, nila azizi, al furjan nila, azizineela"
Azizi Orchid,subcommunity,"Al Furjan, Dubai","ao, azizi, orchid, aziz, azizi orcd, aziz orchid, al furjan azizi, azizi al furjan, azizi orch, al furjan orchid, aziz orcd, aziziorchid, alfurjanazizi, azizi orchd, aziz orchd"
Azizi Park Avenue,subcommunity,"Meydan, Dubai","azizi pa, azizi park, apa, azizi avenue, azizi pv, meydan azizi, azizipark, aziziparkavenue, park avenue, azizi park ave, meydan azizi park, azizi pa dubai, azizi park meydan"
AZIZI Pearl,subcommunity,"Al Furjan, Dubai","aziz pearl, azizi, aziz, pearl, azizi p, aziz p, azizi pearl al furjan, al furjan azizi, aziziperl, azizip, azizi al furjan, al furjan pearl, azizi pearl dubai, aziz pearl al furjan, aziz pearl dubai, azizidubai, azizialfurjan, azizifurjan, azizifurjandubai, azizpearl, azizfurjan, azizialf, azizialfuran, azizi p al furjan, azizi p dubai, azizialfurjandubai, azizpearldubai"
Azizi Platine,subcommunity,"Palm Jebel Ali, Dubai","azizi plat, azizi, platine, azizi p, plat, aziz platine, azizi platn, palm azizi, azizi palm jebel ali, aziziplatine, platineazizi, aziziplat, palmjebelali azizi, platine azizi, azizi platine dubai, aziziplatin, azizi platin, platineaziz, aziziplatine dubai, azizi plat dubai, platine aziz, azizi platinepalm, azizplatine, azizi platinep, aziziplatinedubai, aziziplatdubai, azizi platinedubai, aziziplatinepalm, azizi platinepalmjebelali, aziziplatinepalmjebelali, aziziplatinepalmjebelalidubai, aziziplatinepalmjebelaliduba, aziziplatinepalmjeb"
Azizi Plaza,subcommunity,"Al Furjan, Dubai","azizi, ap, azizi p, aziziplaza, al furjan azizi, azizi al furjan, aziziplz, azizi plz, azizi plaza al furjan, azizi alfurjan, aziziplaz, azizi plaza alfurjan"
Azizi Residence,subcommunity,"Al Furjan, Dubai","azizi res, azizi, azizi r, azizi residence furjan, al furjan azizi, azizires, aziziresidence, azizi resid, azizi res al furjan, al furjan azizi res, azizir, azizi r al furjan"
Azizi Riviera 63,subcommunity,"Meydan, Dubai","azizi 63, azizi riv, riviera 63, az63, riv 63, meydan azizi, azizi riviera, riviera, azizi63, meydan riviera, riv63, azizi riveira, azizi riviera63, riviera63"
AZIZI Roy Mediterranean,subcommunity,"Al Furjan, Dubai","azizi roy med, azizi med, azizi roy, arm, aziz med, aziz roy, azizy roy, azizi roymed, aziziroymed, al furjan azizi, azizi al furjan, aziz roy med, azizy med, azizi r med, aziz r med, aziziroymediterranean, aziz mediterranean, aziziroy, azizroy, alfurjanazizi, azizialfurjan"
Azizi Shaista Residences,subcommunity,"Al Furjan, Dubai","azizi shaista, azizi s, asr, azizi sh, shaista res, al furjan azizi, azizi shaista res, azizishaista, alfurjan azizi, shaistar, azizish, azizisha, azizishaita, azizishaysta, al furjan shaista, azizi al furjan, shaista azizi, azizishait, azizishayta"
Azizi Star,subcommunity,"Al Furjan, Dubai","azizi, az star, azizi str, aziz star, azizist, azizistr, al furjan azizi, azizi al furjan, azizistar, az star al furjan, azizi star al furjan, azizistarf, azizistr al furjan"
Azizi Venice,subcommunity,"Dubai South (Dubai World Central), Dubai","azizi ven, az ven, azizi venice dubai south, azizivenice, venice azizi, az venice, azizi v, aziziv, aziz ven, aziziven, venice dubai south azizi, dubai south azizi ven, azizivene, azizivn, azizivne, azizivnice, azizivnise, azizivinse, azizivinice, azizivinise"
Azizi Zain,subcommunity,"Al Furjan, Dubai","azizi z, aziz zain, azizn, azizi, zain azizi, azizi zayn, azizi zan, azizizain, al furjan azizi z, azizi z al furjan, azizizain al furjan, azizi al furjan, aziz z al furjan"
Azure,subcommunity,"Dubai Marina, Dubai","azur, azr, azuer, dubai marina azur, azurdubai, azurm, azr dubai, azurdubaimarina, azmarina, azdubai, azurmarina, dubai azur, azurdm, azur dm"
Azure Blue Villas,subcommunity,"Palm Jebel Ali, Dubai","abv, azure, az blue, azur, azur blue, azurblu, azurblue, azure blue villa, azureblue, palm azure, palm jebel ali azure, pj azure, pj azure blue, azurepalm, azurebluevillas, azurbluevillas, azurebluev, azurebluv, azurbluv, azurebluevillaspj, azurebluepj, azurbluepj"
Azure Residences,subcommunity,"Dubai Silicon Oasis, Dubai","azure res, azr, azur, azures, dso azure, azure dso, azur res, azr res, dso azur, azur dso, azurre, azuer, azurres, dsoazur, azure-res, azuresres, azurresidences"
Azure Residences,subcommunity,"Palm Jumeirah, Dubai","azure res, az res, azur, azur res, azr, palm azur, palm azure, azure palm, azurre, azuer, azurres, azures, azure resi, azur resi, palmjumeirah azure, azurepalm, palm azur res, azurresidences, azureres, azuresres, azurresid, azur r, azurresidenc, azr palm, azur palm jumeirah"
Azurite Tower,subcommunity,"Al Jaddaf, Dubai","azurite, azurite twr, azrt, al jaddaf azurite, azurite aljaddaf, azurit, azrite, aljaddaf azurite, azuritetower, azuritealjaddaf"
Azzam One Residence,subcommunity,"Al Raha Beach, Abu Dhabi","azzam one, azzam res, azam one, azzam, azam, azzam1, al raha azzam, azzam al raha, azzamone, azamone, alraha azzam, azzam one res, azzamr, azamr, azzam one residence abu dhabi, al raha beach azzam, azzam one abu dhabi, azzamone res, azam res, azzam res al raha, azzam al raha beach"
B Villas,subcommunity,"Living Legends, Dubai","bv, bvilla, liv legends b villas, b villas ll, liv b, living b, livb, b villas dubai, bvillas, liv legends bv, b villas living legends, blv, livbv, bvl, b vllas, b villas living, liv b villas, b villas liv legends, b villas ll dubai, livbvillas, b villas legend, b villas liv, b villas living legend, liv b v, b villas living l, b villas livl, b villas liv leg, b villas liv legnds, b villas liv legnd, liv b vill, liv b villa, liv b vll, liv b vllas, b vill, b v, b villa, b vll, b vila, b vilas, b vyllas, b villaz, b villis, b villus, b villas liv legend, b villas livl legend, b villas livl legends, b"
B2B Tower,subcommunity,"Business Bay, Dubai","b2b, b2btower, b2b twr, bizbay b2b, b2b bizbay, b2b tower bizbay, b2b biz bay, b2btwr, b2b biz, bb b2b, b2b bb, b2b biz b, b2b buisness, b2b buisness bay, b2b buissness, b2b buissness bay, b2b buisnessbay, b2bbizbay, b2bbiz, b2bbay, b2btowerbizbay, b2bbusiness, b2bbusinessbay, b2b business, b2b business bay, b2b towerbb, b2bb, b2b buiness, b2b buiness bay, b2b buines, b2b buissnessbay, b2b tower biz, b2b biz tower, b2b biz twr, b2b twr bizbay, b2b twr biz bay, b2b twr bb, b2b twr b2b, b2b b2b, b2b b2b tower, b2b b2b twr, b2b b2b bizbay, b2b b2b biz bay, b2b b2b bb, b2b b2b buisness, b2b b2b buisness bay, b2b b2b buissness, b2b b2b buissness bay, b2b b2b buisnessbay, b2b b2b biz"
B62 Building,subcommunity,"Deira, Dubai","b62, b 62, deira b62, b62 deira, deirab62, b62deira, deira62, bdeira62, b62 bldg, bldg b62, b62bldg, deirab62bldg, b62 deir, b62d, b 62 deira"
Bab 01,subcommunity,"Jumeirah Village Circle, Dubai","bab1, b01, bab, jvc bab, bab 1, jvc bab01, bab01 jvc, bab1 jvc, jvcbab, jvcbab01, bab1jvc, b1, bv1, bab11, jvcbab1"
Bab Al Bahar,subcommunity,"Al Marjan Island, Ras Al Khaimah","bab al bhr, bab bahar, babalbahar, babalbahr, bab el bahar, bab el bahr, babalbhar, bab albahr, bab al baher, babalbaher, al marjan bab al bahar, bab al bahar al marjan, bab al bahar rak, bab al bahr rak, babalbahar rak, babalbahr rak, babalbahar al marjan"
Bab Al Qasr Hotel,subcommunity,"Corniche Road, Abu Dhabi","bab al qasr, baq, bab qasr, bablqasr, bab al q, al qasr hotel, corniche bab al qasr, bab al qasr corniche, babalqasr, baq hotel, alqasr, bab qasr hotel, corniche al qasr, bab al qasr abu dhabi, bab alqasr"
BAB ALQarya Tower,subcommunity,"Jumeirah Village Circle, Dubai","bab al qarya, baq, bab qarya, bab alqarya, jvc bab alqarya, bab alqarya jvc, babalqarya, bab al qary, bab alqary, jvc bab qarya, babqarya, bab al qaria, bab alqaria, babal qarya, jumeirah bab alqarya, bab alqarya jvc dubai"
Babil,subcommunity,"Culture Village, Dubai","bab, bbl, babl, cv babil, babil cv, babilcv, culture babil, babil culture village, babl cv"
Bachour Villas,subcommunity,"Jumeirah Village Circle, Dubai","bachour, bv, jvc bachour, bachour jvc, bachor, bachur, bchour, jvc bv, bv jvc, bachourv, jumeirah bachour, jvcbachour, bachourjvc"
Bada Al Jubail,subcommunity,"Al Jubail Island, Abu Dhabi","bada, badal, bada jub, bj, al bada, bada aljubail, badaaljubail, badaljubail, bada jubail, albadajubail, jubail bada"
Badrah,subcommunity,"Dubai Waterfront, Dubai","bdrh, bdrah, badra, baderah, dubai waterfront badrah, badrah dwf, badrah dubai waterfront, dwf badrah, badrah dw, badrahdwf, badrahdf, badrah dubaiwf"
Badri Building,subcommunity,"Deira, Dubai","badri bldg, badri b, bb, badri, badry, badree, badribuilding, deirabadri, badrideira, badrybldg, deirabadry"
Bahar,subcommunity,"Jumeirah Beach Residence, Dubai","bhr, jbr bahar, bahar jbr, jumeirah bahar, baher, bahaar, baharjbr, jbrbahar, baharjumeirah"
Bahkeet Tower,subcommunity,"Tourist Club Area, Abu Dhabi","bahkeet, bahkit, bk tower, bkt, bahket, bahkt, bahkeet t, tourist club bahkeet, bahkeet tca, bahkeett, bahkit tower, tca bahkeet, bahkeettc, bahkeet tour, bahkeet abu dhabi, bahkeet ad, bahkeet tca ad"
Bahwan Centre,subcommunity,"Umm Al Sheif, Dubai","bahwan, bc, b centre, bahwan ctr, bahwan cntr, bahwancentre, umm al sheif bahwan, bahwan umm al sheif, bahwan centre umm al sheif, bcntr, bhwn, bhwn ctr, umm al sheif bc"
Bahwan Tower,subcommunity,"Abu shagara, Sharjah","bahwan twr, bw twr, bahwan, bahan tower, bahwantwr, bahwan tower shj, shj bahwan, abu shagara bahwan, abu shagara bw, bw shj, bahwan abu shagara, bahwanshrj, bahwntwr, bahwantower, bahwan twer, bw tower shj"
Bahwan Tower Downtown,subcommunity,"Downtown Dubai, Dubai","bahwan twr dt, bw twr dt, bahwan dt, bw dt, bahwan tower dt, bahwandt, downtown bahwan, dt bahwan, bahwan dtd, bahwandowntown, bahwantdowntown, bahwantwr, bahwntwr, bahwn twr, bahwan towr, bahwan twer, bahwantower, downtownbahwan, dtbahwan, bahwantd, bahwntwrdt, bahwantowr"
Bainouna,subcommunity,"Madinat Zayed, Abu Dhabi","bainona, bnuna, bainuna, bnouna, bainon, madinat zayed bainouna, bainouna madinat zayed, mz bainouna, bainouna mz"
Balfar Property Building,subcommunity,"Muroor Area, Abu Dhabi","balfar, bpf, bal far, balfar bldg, muroor balfar, balfar muroor, balfr, balfar prop, balfarproperty, muroor balfar prop, balfarprop, balfar bldng, balfarbuildng, balfar builidng, balfar bldg muroor"
Bali Residences,subcommunity,"Jumeirah Village Triangle, Dubai","bali res, balires, bali rez, baliresidences, jvt bali, bali jvt, balires jvt, jumeirah bali, bali jumeirah, balires jumeirah village, bali res jvt, jvt balires, jumeirah village bali, bali jumeirah village triangle, baliresidencesjvt, jvtribali, baliresjvt, jumeirahvillagebali, bali, jvtbali, balijvt, jumeirahbali, balijumeirah, bali jv triangle, bali jumeirah triangle, jumeirah village triangle bali"
Bangash Residence,subcommunity,"Dubai Sports City, Dubai","bangash res, br, bangash, bangash r, bangashres, bangash resid, dubai sports city bangash, bangash dsc, dsc bangash, bangashresidence, bangash resd, bangashre, bangashresd, sports city bangash"
Azizi Aliyah,subcommunity,"Dubai Healthcare City, Dubai","az ali, a aliyah, azizi al, az aliyah, azizi a, a. aliyah, aziz ali, azizi-aliyah, azizialiyah, azizialyah, azizi aliyh, azizi aliyah dhc, dhc azizi aliyah, dhc az ali, az ali dhc, azizialiyah dhc, dhc az al, az al dhc, azizi aliyahd, azizi aliyahd dhc, dhc azizi aliyahd"
Baniyas East,subcommunity,"Baniyas, Abu Dhabi","baniyas e, bnyas east, baniyas est, banias east, baniyaseast, baniyase, baniyas east abu dhabi, baniyast, bnyas, baniyas abu dhabi east, banayas east, baniyas est abu dhabi, baniyas abu dhabi e, bnyas e, bnyas east abu dhabi, baniyaseast abu dhabi, baniyase abu dhabi, bnyas abu dhabi east, baniyas abu dhabi est, baniyast abu dhabi, bnyas abu dhabi e"
Baniyas North,subcommunity,"Baniyas, Abu Dhabi","baniyas nth, bn, baniyas n, bnyas north, baniyasn, baniyas nrth, bnyas, ban north, baniyas nr, baniyas noth, abu dhabi baniyas north, baniyas abu dhabi, bnyas n, ban nth, baniyasnorth, baniyas_north"
Baniyas Road,subcommunity,"Deira, Dubai","baniyas rd, bnyas rd, banias rd, baniyasr, baniyas road deira, deira baniyas, deirabaniyas, baniyas rd deira, bnyas, banys rd, baniyasr d, deirabaniyasrd"
Baniyas Square,subcommunity,"Deira, Dubai","baniyas sq, bnyas sq, banias sq, baniyas sqr, bnyas, bnys sq, deira baniyas, baniyas deira, deirabaniyas, baniyassq, baniyas sq deira, deira baniyas sq"
Baniyas Tower,subcommunity,"Al Danah, Abu Dhabi","baniyas twr, bnyas, baniyas t, banias, baniyas, bnyas twr, al danah baniyas, baniyas al danah, baniyastwr, ald baniyas, banyas, baniyas aldanah, ald bnyas"
Baniyas West,subcommunity,"Baniyas, Abu Dhabi","baniyas w, bw, bnyas west, baniyaswest, banias west, baniyas wes, baniyas wst, bnyas w, baniyas west abu dhabi, abu dhabi baniyas west, abu dhabi baniyas w, baniyaswest abudhabi, baniyas w abudhabi"
Banyan Tree Residences Hillside Dubai,subcommunity,"Jumeirah Lake Towers, Dubai","banyan tree hillside, btr hillside, banyan hillside, banyan tree, btr, banayan tree, banyan trees, banyan tr, jlt banyan tree, banyan tree jlt, banyantree, banyan tree hills, banyan tree resid, banyan tree res, jlt banyantree, banyantree jlt, banyan tree hill, banyan tree hillsid, banyan tree residenc, banyan tree resi, banyan tree hillside dubai, jlt banyan, banyan tree hillside jlt, banyan tree hillside jumeirah, banyan tree hillside jlt dubai"
Barajeel Residency,subcommunity,"Al Jaddaf, Dubai","barajeel, barajil, brj, bj, barjeel, aljaddaf barajeel, barajeel aljaddaf, barajal, barjil, al jaddaf barajil, barjeel residency, barajiel, barjal, barjeal, barajal residency, aljaddafbarajeel, barajeelaljaddaf"
Barakah Building,subcommunity,"Dubai Industrial City, Dubai","barakah bldg, barakah, barkah, baraka, brk, barakah bldg dic, barakah dic, dic barakah, barakahbuilding, barakahbldg, barkah bldg, brakah, barakha, barakha bldg, barakahbld, barkahbldg, dicbarakah, barakahbldg dic"
Barari Hills Residence,subcommunity,"Majan, Dubai","barari hills, barari, bh, barari residence, bararihills, baree hills, bararihills residence, majan barari, barari majan, barari hills res, barari res, bararihillsres, bh residence, barari residence majan, majan barari hills"
Barari Views,subcommunity,"Majan, Dubai","barari, barary, bv, barari v, barariviews, majan barari, barari majan, barri, barary views, barari vws, barariview, barri views"
Barashi,subcommunity,"Al Badie, Sharjah","brsh, barash, al badie barashi, barashi al badie, albadie barashi, barashi sharjah, brashi, barshi, barshy, barasy, barashi albadie, barashy, barshie"
Barcelo Residences,subcommunity,"Dubai Marina, Dubai","barcelo res, barcelo rez, barcelo, bclo res, barcelo r, barcelo residences dubai marina, dubai marina barcelo, barcelores, barcelo res dubai marina, dm barcelo, barcelo dm, barcelo resi, barcelo rezs, barcol res, barcelo resd, barcelo dubai marina, dubai marina barcelo res"
Barclays Tower A,subcommunity,"Muroor Area, Abu Dhabi","barclays a, barclays tower, bt a, barclay, barclaysa, barclay tower, barclays t, muroor barclays, barclays muroor, barclaystower, barclays towera, barclaysatower, btower, barclaysa muroor, muroorbarclays, barclays muroor area, barclaysatowera"
Bareeq Tower,subcommunity,"Business Bay, Dubai","bareeq, bq, bareq, bariq, bareeq tower biz bay, bizbay bareeq, bareeq bb, bareeqbizbay, bareeqbb, bareeq towerbb, bb bareeq, biz bay bareeq, bareeqbiz, bareq tower, bareeq bizbay"
Barton House,subcommunity,"Motor City, Dubai","barton hse, bh, barton, baron house, bartonhs, motor city barton, barton motor city, bartun house, barten house, barton h, motorcity barton, bartonhouse, barton motor, barthn hse"
Basateen Al Tai,subcommunity,"Al Tai, Sharjah","basateen, basteen, bastin, al tai basateen, bat, bateen, basatin, al tai bastin, bastin al tai, basateenaltai, altai basateen"
Base Metal Zone,subcommunity,"Dubai Industrial City, Dubai","bmz, base metal, metal zone, bm zone, base metalz, metalz, dubai industrial base metal, base metal dic, metal zone dic, bmzdubai, dubaibmz, base metalzone, metalzone, dic base metal, dicbmz, base metalz dic, metal zon, base metl, basemetal, basemetalzone, dicbasemetal, basemetazone, metalzonedic, bmzdic, dicbm, metalzonedubai, dubaibasemetal, basemetalindustrial, industrialbasemetal, base metalind, base metalindustrial, bmzone, dicmetalzone, metalzonedubaiindustrial, base metalzonedic, dicbase, baseind, baseindustrial, metalind, metalindustrial, bm, bmdic, bm dic, dic bm, base metal industrial, industrial base metal, base metal industrial city, industrial city base metal, base metal industrial city dic, dic industrial base metal, base metal industrial dic, dic base metal industrial, industrial base metal dic, base metal industrial city dubai, base metal dubai industrial, industrial dubai base metal, dubai base metal industrial, metal, bmd, dicb, base metal d, base metal di, base metal d i, base metal d i c"
Bashayer 3,subcommunity,"Nadd Al Hammar, Dubai","bashayer3, bashayer, bshyr3, bshyr, nadd al hammar bashayer, bashayer nadd al hammar, nadd bashayer, bash3, b3, bashayer 3 nadd al hammar, nadd al hammar bashayer3, bashayr, bashayr3, bashyer, bashyer3, nadd bash3, bash3 nadd al hammar"
Basswood,subcommunity,"Damac Hills 2, Dubai","bw, bwd, basw, basswd, baswd, bassw, bass, baswood, bassowd, basswod, bawswood, damachills2basswood, damac2basswood, damac2bw, damac2bwd, damac2basw, damac2basswd, damac2baswd, damac2bassw, damac2bass, damac2baswood"
Batha Al Hayer,subcommunity,"Al Ain Industrial Area, Al Ain","batha alh, bh al hayer, bhath, batha hayer, batha al hayr, batha al hyer, batha al hayar, batha alhayer, batha alhayr, bathaalhayer, bathaalhayr, al ain batha al hayer, batha al hayer al ain, alain batha al hayer, batha al hayer ain, batha al hayer alain, bth al hayer, bth alhayr, batha hayer al ain"
Battersea Residence,subcommunity,"Al Jaddaf, Dubai","battersea, batrsea, batr, batres, batsea, btrsea, batr-res, batrres, aljaddaf battersea, battersea aljaddaf, aljaddaf batr, batr aljaddaf, battersee, batterse, batterseaa, battersa, aljaddafbattersea, batterseaaljaddaf"
Azizi Amber,subcommunity,"Al Furjan, Dubai","az amber, aziz amber, a amber, aziziamber, azamber, al furjan azizi amber, azizi amber al furjan, furjan az amber, azizi ambar, azizi ambir, azizi ambr, az"
Bay Avenue Mall,subcommunity,"Business Bay, Dubai","bay ave mall, bay ave, bay av, b av mall, bayavmall, bayav, b av, bayavm, bayavl, bay avn, bay avn mall, bayavnm, bayavnmall, bayavl mall, bayavl m, bayavl m., bayav m, bayav m., bay"
Azizi Aura,subcommunity,"Downtown Jebel Ali, Dubai","aa, az aura, aza, az a, azizi a, azur, azur a, azizi auraa, azizi aara, azizi aurr, aziz aura"
Bay Central,subcommunity,"Dubai Marina, Dubai","bay ctr, b ctr, bayc, bay cntrl, bay cent, bay centrl, baycntrl, baycentral, baycentralmarina, marina bay central, bay central marina, bcentral, baycen, b.c., bayc."
Azizi Aura,subcommunity,"Jebel Ali, Dubai","az aura, azizi a, a aura, azur, aziziur, azizi aura jebel ali, jebel ali azizi aura, azizi aura jda, jda azizi aura, azizi aura dubai, dubai azizi aura, azizi aura dub, dub azizi aura, azizi aura j, j azizi aura, azizi aura jbl, jbl azizi aura, azizi aura jbl ali, jbl ali azizi aura, azizi aura jblali, jblali azizi aura, azizi aura jblali dubai, dubai jblali azizi aura, azizi aura jblali dxb, dxb azizi aura jblali, dxb jblali azizi aura, jblali azizi, azizi jblali, azizi jda, jda azizi, azizi jda aura, jda aura azizi, azizi aura jda dubai, jda dubai azizi aura, azizi aura jda dxb, dxb jda azizi aura, dxb azizi aura jda, jda aura, aura azizi"
AZIZI Berton,subcommunity,"Al Furjan, Dubai","azb, a berton, azizi b, azb ert, azb-bert, azbbert, az berton, aziz bert, azizibert, aziziberton, azizibertn, azizi bertn, azizi bertoon, azizi bertonr, alfurjan azizi berton, azizi berton alfurjan, alfurjan aziberton, azizi berton furjan, furjan azizi berton, alfurjan azb, azb alfurjan, furjan azb, azbfurjan"
Azizi Central,subcommunity,"Al Furjan, Dubai","azc, azcen, azc central, azizi cent, azizi cntr, azizi ctr, azizi centrl, azizi sentral, azizi sentrel, azizi ccentral, azizi cntral, azizicentral, azizicentre, alfurjan azizi central, azizi central alfurjan, furjan azizi central, al furjan azizi, azizi al furjan, azizi cent al furjan, azizi central furjan, azizi cent furjan, azizi ctr al furjan, azc al furjan, azc furjan, azc alfurjan, azizi centrl al furjan, azizi centrl furjan"
Bay Central 3,subcommunity,"Dubai Marina, Dubai","bc3, bayc3, bayctr3, baycentral3, bay central3, bayc 3, bcentral3, bayc-3, bayc_3, bayc3dubai, dubaimarina bc3, dubai marina bayc3, dm bay3, dm bayc3, dubaimarina baycentral3, bay3, b3, bayc3marina, bayc3dubaimarina, bayc3dxb, dxb bayc3, dxb bay central3, bayc3 dxb, bayc3uae, bayc3ae, bayc3ua"
Bay Square,subcommunity,"Business Bay, Dubai","bs, bay sq, b sq, b.sq, bay sqr, b.sqr, baysq, baysqr, baysquare, bay sq., bay squre, bay squar, bay squaare, businessbay baysq, business bay bay sq, bay square business bay, businessbay baysquare, baysq businessbay, bay sq businessbay, baysqr businessbay, bay sqr business bay, b sq business bay, bs business bay, businessbay bs, businessbay b sq, businessbay bay sq, businessbay bay sqr, businessbay bay sq., businessbay bay squre, businessbay bay squar, businessbay bay squaare"
Bay Tower,subcommunity,"Corniche Road, Abu Dhabi","bt, bay twr, bay t, b tower, baytw, baytower, baytwr, b.tower, baytwrr, bay towre, bay towerr, bay tow, bae tower, bay towrr, corniche bay tower, corniche baytw, cornichebt, baytower corniche, cornichebay, cornichebaytwr, cornichebayt, corniche b tower, baytowercorniche, cornichebaytower, baytwr corniche, cornichebaytw, b.twr, bayt"
Bay View,subcommunity,"Tourist Club Area, Abu Dhabi","bv, bayv, bay view area, bayvw, bayv abu dhabi, bayview, bv tca, bayv tca, byv, by view, bayvew, bayveu, bayviw, bayvu, tca bayv, tourist club bayv, bayv tca ad, bay view tca"
Bay's Edge,subcommunity,"Business Bay, Dubai","bays edge, bay edge, bays, be, bayes edge, baysedge, bayes, biz bay bays edge, business bay bays edge, bays edge bb, bayzedge, baysedg, bys edge, baysedje, bays ejge, bays ege, baysege, bb bays edge"
Bayan Business Center,subcommunity,"Dubai Investment Park (DIP), Dubai","bayan bc, bayan biz, bb center, bayan buss, bayan bz, bayanbc, dip bayan, bayan dip, bayan business, bayan bussiness, bayan buisness, bayan busines, bayan buisness center, bayan bz center, bayanbc dip, dipbayan"
Baynonah Business Centre,subcommunity,"Jumeirah Village Circle, Dubai","bbc, baynonah bc, bn bc, jvc bbc, jumeirah baynonah, baynona, baynonahb, baynonah bc jvc, jvc baynonah, baynonahbc, jumeirahvillagecircle bbc, baynonah, bn, jvcbc, baynonahbusiness, baynonah businesscentre, baynonahbusinesscentre, jvcbaynonah, baynonah jvc, jvc baynonahbc"
Baynuna Tower 1,subcommunity,"Corniche Road, Abu Dhabi","bayanuna t1, baynuna, bnuna, bynuna, baynuna1, baynunat1, baynuna tower, bt1, baynuna t, baynunatower1, corniche baynuna, abu dhabi baynuna, baynuna corniche, baynuna1tower, baynunatower"
Baynuna Tower 2,subcommunity,"Corniche Road, Abu Dhabi","bayanuna t2, baynuna twr 2, bnuna tower2, baynuna2, bynuna t2, baynuna t, bt2, baynunat2, baynuna tower, baynuna t2 corniche, corniche baynuna t2, corniche baynuna2, baynuna corniche, baynunatower2, baynuna2 corniche, baynuna t2 abu dhabi, abu dhabi baynuna t2, baynuna tower2 abu dhabi, baynuna2 ad"
Baynunah Street,subcommunity,"Al Bateen, Abu Dhabi","bayanunah st, baynunah, bns, al bateen baynunah, baynunah al bateen, bayanah, bnyh, albateen baynunah, baynunahst, bateen baynunah"
Bayside Residence,subcommunity,"Dubai Marina, Dubai","bayside res, bayside, bs residence, baysid, bay side, baysider, baysid res, dubai marina bayside, bayside dubai marina, dm bayside, bayside dm, baysid residence, byside, bayside resi, bayside resid, bayside r, bayside re"
Azizi Crystal,subcommunity,"Palm Jebel Ali, Dubai","azc, azizi cr, azizi cryst, azizi crstl, azicrystal, azicrystl, azicryst, azicrstl, azicr, azizi crstal"
Bayswater,subcommunity,"Business Bay, Dubai","bays, bsw, bayswater bbay, bays bb, bayswtr, baysw, byswtr, bizbay bays, bbay bays, bayswtr bbay, bswtr, bays wtr, bys wtr, bayswt, bayswter, bayswatr, bays bbay"
Bayt Al Safa,subcommunity,"Al Jaddaf, Dubai","bts, al saf, bayt safa, baytsaf, baysaf, bytsaf, al bts, jaddaf bts, jaddaf saf, jaddaf baysaf, baytsafa, bytsafa, bts aljaddaf, aljaddaf bts, aljaddaf saf, aljaddaf baysaf"
Bayti Townhouses,subcommunity,"Al Hamra Village, Ras Al Khaimah","bayti, bt, al hamra bayti, bayti al hamra, byti, baiti, baytee, bayti th, alhamra bayti, bayt, bytee, bayti town, bayti ths, alhamrabayti, baytith, baytitownhouses, baytee town, alhamra baytee, bayti alhamra, bayti ras al khaimah, bayti rakah, baytirak, bayti ral khaima, bayti ral khaimah, bayti r a k, bayti rak, bayti r ak, bayti ral k, bayti r a kh, bayti r a k h, bayti r a khaima, bayti r a khaimah, bayti ras al k, bayti ras al kh, bayti ras al kha, bayti ras al khai, bayti ras al khaim, bayti ras al khaima, bayti r a k h a i m a h, bayti r a k h a i m a, bayti r a k h a i m, bayti r a k h a i, bayti r a k h a, bayti r a, bayti ra, bayti r, bayti t, bayti to, bayti tow, bayti townh, bayti townho, bayti townhou, bayti townhous, bayti townhouse, bayti t h, bayti t h s, bayti t h o, bayti t h o u, bayti t h o u s, bayti t h o u s e, bayti t h o u s e s, bayti tho, bayti thou, bayti thous, bayti thouse, bayti houses, bayti h, bayti ho, bayti hou, bayti hous, bayti house, bayti h s, bayti h o, bayti h o u, bayti h o u s, bayti h o u s e, bayti h o u s e s, bayti hs, alhamra byti, alhamra bytee, alhamra baiti, alhamra bayt, alhamra bayti th, alhamra bayti ths, alhamra bayti town, alhamra bayti townh, alhamra bayti townho, alhamra bayti townhou, alhamra bayti townhous, alhamra bayti townhouse, alhamra bayti townhouses, al hamra baytee, al hamra byti, al hamra bytee, al hamra baiti, al hamra bayt, al hamra bayti th, al hamra bayti ths, al hamra bayti town, al hamra bayti townh, al hamra bayti townho, al hamra bayti townhou, al hamra bayti townhous, al hamra bayti townhouse, al hamra bayti townhouses, bayti al h, bayti al ha, bayti al ham, bayti al hamr, bayti al h a, bayti al h a m, bayti al h a m r, bayti al h a m r a, bayti al h a m r a h, bayti al h a m r a h a, bayti al h a m r a h a h, bayti al h a m r a h a h a, bayti al h a m r a h a h a h, bayti al h a m r a h a h a h a, bayti al h a m r a h a h a h a h, bayti al h a m r a h a h a h a h a, bayti al h a m r a h a h a h a h a h, bayti al h a m r a h a h a h a h a h a, bayti al h a m r a h a h a h a h a h a h, bayti al h a m r a h a h a h a h a h a h a, bayti al h a m r a h a h a h a h a h a h a h, bayti al h a m r a h a h a h a h a h a h a h a, bayti al h a m r a h a h a h a h a h a h a h a h, bayti al h a m r a h a h a h a h a h a h a h a h a, bayti al h a m r a h a h a h a h a h a h a h a h a h, bayti al h a m r a h a h a h a h a h a h a h a h a h a, bayti al h a m r a h a h a h a h a h a h a h a h a h a h, bayti al h a m r a h a h a h a h a h a h a h a h a h a h a, bayti al h a m r a h a h a h a h a h a h a h a h a h a h a h, bayti al h a m r a h a h a h a h a h a h a h a h a h a h a h a, bayti al h a m r a h a h a h a h a h a h a h a h a h a h a h a h, bayti al h a m r a h a h a h a h a h a h a h a h a h a h a h a h a, bayti al h a m r a h a h a h a h a h a h a h a h a h a h a h a h a h, bayti al h a m r a h a h a h a h a h a h a h a h a h a h a h a h a h a, bayti al h a m r a h a h a h a h a h a h a h a h a h a h a h a h a h a h, bayti al h a m r a h a h a h a h a h a h a h a h a h a h a h a h a h a h a, bayti al h a m r a h a h a h a h a h a h a h a h a h a h a h a h a h a h a h, bayti al h a m r a h a h a h a h a h a h a h a h a h a h a h a h a h a h a h a, bayti al h a m r a h a h a h a h a h a h a h a h a h a h a h a h a h a h a h a h, bayti al h a m r a h a h a h a h a h a h a h a h a h a h a h a h a h a h a h a h a, bayti al h a m r a h a h a h a h a h a h a h a h a h a h a h a h a h a h a h a h a h, bayti al h a m r a h a h a h a h a h a h a h a h a h a h a h a h a h a h a h a h a h a h, bayti al h a m r a h a h a h a h a h a h a h a h a h a h a h a h a h a h a h a h a h a h a h, bayti al h a m r a h a h a h a h a h a h a h a h a h a h a h a h a h a h a h a h a h a h a h a h, bayti al h a m r a h a h a h a h a h a h a h a h a h a h a h a h a h a h a h a h a h a h a h a h a, bayti al h a m r a h a h a h a h a h a h a h a h a h a h a h a h a h a h a h a h a h a h a h a h a h, bayti al h a m r a h a h a h a h a h a h a h a h a h a h a h a h a h a h a h a h a h a h a h a h a h a, bayti al h a m r a h a h a h a h a h a h a h a h a h a h a h a h a h a h a h a h a h a h a h a h a h a h, bayti al h a m r a h a h a h a h a h a h a h a h a h a h a h a h a h a h a h a h a h a h a h a h a h a h a, bayti al h a m r a h a h a h a h a h a h a h a h a h a h a h a h a h a h a h a h a h a h a h a h a h a h a h, bayti al h a m r a h a h a h a h a h a h a h a h a h a h a h a h a h a h a h a h a h a h a h a h a h a h a h a, bayti al h a m r a h a h a h a h a h a h a h a h a h a h a h a h a h a h a h a h a h a h a h a h a h a h a h a h, bayti al h a m r a h a h a h a h a h a h a h a h a h a h a h a h a h a h a h a h a h a h a h a h a h a h a h a h a, bayti al h a m r a h a h a h a h a h a h a h a h a h a h a h a h a h a h a h a h a h a h a h a h a h a h a h a h a h, bayti al h a m r a h a h a h a h a h a h a h a h a h a h a h a h a h a h a h a h a h a h a h a h a h a h a h a h a h a, bayti al h a m r a h a h a h a h a h a h a h a h a h a h a h a h a h a h a h a h a h a h a h a h a h a h a h a h a h a h, bayti al h a m r a h a h a h a h a h a h a h a h a h a h a h a h a h a h a h a h a h a h a h a h a h a h a h a h a h a h a, bayti al h a m r a h a h a h a h a h a h a h a h a h a h a h a h a h a h a h a h a h a h a h a h a h a h a h a h a h a h a h, bayti al h a m r a h a h a h a h a h a h a h a h a h a h a h a h a h a h a h a h a h a h a h a h a h a h a h a h a h a h a h a, bayti al h a m r a h a h a h a h a h a h a h a h a h a h a h a h a h a h a h a h a h a h a h a h a h a h a h a h a h a h a h a h, bayti al h a m r a h a h a h a h a h a h a h a h a h a h a h a h a h a h a h a h a h a h a h a h a h a h a h a h a h a h a h a h a, bayti al h a m r a h a h a h a h a h a h a h a h a h a h a h a h a h a h a h a h a h a h a h a h a h a h a h a h a h a h a h a h a h, bayti al h a m r a h a h a h a h a h a h a h a h a h a h a h a h a h a h a h a h a h a h a h a h a h a h a h a h a h a h a h a h a h a h, bayti al h a m r a h a h a h a h a h a h a h a h a h a h a h a h a h a h a h a h a h a h a h a h a h a h a h a h a h a h a h a h a h a h a h, bayti al h a m r a h a h a h a h a h a h a h a h a h a h a h a h a h a h a h a h a h a h a h a h a h a h a h a h a h a h a h a h a h a h a h a h, bayti al h a m r a h a h a h a h a h a h a h a h a h a h a h a h a h a h a h a h a h a h a h a h a h a h a h a h a h a h a h a h a h a h a h a h a h a h a h a h a h a h a h a h a h a h a h a h a h a h a h a h a h a h a h a h a h a h a h a h a h a h a h a h a h a h a h a h a h a h a h a h a h a h a h a h a h a h a h a h a h a h a h a h a h a h a h a h a h a h a h a h a h a h a h a h a h a h a h a h a h a h a h a h a h a h a h a h a h a h a h a h a h a h a h a h a h a h a h a h a h a h a h a h a h a h a h a h a h a h a h a h a h a h a h a h a h a h a h a h a h a h a h a h a h a h a h a h a h a h a h a h a h a h"
Azizi Diamond,subcommunity,"Palm Jebel Ali, Dubai","azidi, azizd, azizdm, azizdmnd, azizdmd, azd, azdmd, azdiamond, a-diamond, adiamond, azizid, azizidmn, azizidiam, azizidiamnd, azizidiamond, azizidiamon, azizidiamondd"
Bayz 102,subcommunity,"Business Bay, Dubai","bayz102, bz102, byz102, bayz, bz, byz, businessbay bayz, bayz businessbay, business bayz, bizbay bayz, bayz102 bb, bb bayz102, byz102 bb, bz102 bb, bayzbiz, bayz biz, bays102, bayz10, bayz102bb, bbayz102, bayz102businessbay"
Bayz by Danube,subcommunity,"Business Bay, Dubai","bayz, bz, byz, danube bayz, biz, bays, byzz, bayzd, bayzdanube, business bay bayz, bb bayz, bayz bb, bayzbydanube, danubebayz"
Azizi Fawad Residence,subcommunity,"Dubai Healthcare City, Dubai","azizi fwd, azf, azfwd, azizi fw, azizi fawad rez, azizi fawad res, azizi fawad, azizi fawad dhc, dhc azizi fawad, dubai healthcare azizi fawad, azizifawadresidence, azizifawadres, azizifawad, azifawadresidence, azifawadres, azizi fawad residenc, azizi fawad residnce"
Azizi Grand,subcommunity,"Dubai Sports City, Dubai","azizi g, azizi gr, azizi gd, azizi-gr, azizigrand, azizigr, azizi gnd, azizi gnt, azizi grandt, azizi gndt, azizi g., dsc azizi g, dsc azizi grand, dubai sports city azizi g, dubai sports city azizi grand, azizi g dsc, azizi grand dsc"
Azizi Jewel,subcommunity,"Al Furjan, Dubai","azj, azjwl, azjewel, azijewel, azijwl, azizi jew, azizi jwl, azizi jewl, azizi jewell, azizi jewe, azizi jeul, alfurjanazijewel, azijewelalfurjan, alfurjanazj, azjalfurjan, alfurjanazijwl, azijwlalfurjan"
Bayz101 by Danube,subcommunity,"Business Bay, Dubai","bayz, bz, byz101, b101, danube bayz, biz101, byz, bayz 101, business bay bayz, bayz business bay, bbayz, bayzbb, biz, bzy, byzz, bay101, bz101, businessbay bayz, bayzbusinessbay, bayz101danube, danubebayz101, bayz101bd, b101danube, bayzbay, bayz buisness bay, bz101danube"
Azizi Mina,subcommunity,"Palm Jumeirah, Dubai","azm, azmna, azmina, azizi mna, azizi min, azizi minna, azizi mian, azizi"
BBZ,subcommunity,"Bur Dubai, Dubai","b.b.z, b-b-z, b b z, bzb, bbbz, bzz, bbzz, bzbz, burdubai bbz, bbz burdubai, burdubaibbz, bbzburdubai, bur dubai bbz, bbzbur dubai, burdubai-bbz, bbz-burdubai, burdubai_bbz, bbz_burdubai, burdubai bbz., bbzbur dub"
Beach Rotana,subcommunity,"Tourist Club Area, Abu Dhabi","br, rotana beach, beach rot, rotana, b rotana, bech rotana, rotan beach, beachrotana, tourist club beach rotana, rotana beach tca, beachrot, rotanabeach, tca beach rotana"
Beachfront,subcommunity,"Al Zorah, Ajman","beach, bf, bfront, alzorah beach, beach alzorah, al zorah beach, bz, beech, bech, bchfrnt, beachfrontalzorah, alzorahbeach"
Azizi Neila,subcommunity,"Al Furjan, Dubai","az ne, a neila, azn, aznla, az neila, an, azizi n, azizi nl, azizi ne, azizi neila dub, azizi neila furjan, alfurjan az neila, az neila alfurjan, alfurjanaz neila, azizineila, azizineila dub, azizineila furjan, azizi neila al furjan, azizi neila alfurjan, azizi neila al-furjan"
Azizi Orchid,subcommunity,"Al Furjan, Dubai","az, aor, aorch, azor, azorch, azo, azizi orc, azizi orch, azizi or, azizi orchid al furjan, al furjan azizi orchid, furjan azizi, furjan orchid, azizi orchrd, azizi orcidh, aziziorchid, aziziorch, aziziorc, alfurjanazizi, alfurjanaziziorchid"
Azizi Park Avenue,subcommunity,"Meydan, Dubai","azizi park ave, azizi pk ave, azizi p ave, azizi park av, azizi p av, azizi pk av, azizi parkav, azizi parkavenue, azizi p-ave, azizi park-ave, azizi pka, azizi pkav, azizi park aveneu, azizi park avnue, azizi park avn, azizi park avn., meydan azizi park ave, azizi park ave meydan, meydan azizi pk ave, azizi pk ave meydan"
AZIZI Pearl,subcommunity,"Al Furjan, Dubai","azp, azp., azizi p, azizi p., azizi prl, azizi pr, azizi peal, azizi peral, azizi perll, azizipear, azizipearl, azizi-pearl, azizi_pearl, al furjan azizi p, al furjan azizi prl, furjan azizi p, furjan azizi pearl, azizi p al furjan, azizi pearl al furjan"
Azizi Platine,subcommunity,"Palm Jebel Ali, Dubai","azizi pl, azizi p, az pl, a platine, azpl, azplatin, azpltn, azizi pltn, azizi platin, azizi plaitne, aziziplatine, aziziplatin, azizipltn, palmjebelali azizi, palmjebelali azpl, palm jebel ali azizi, palm jebel ali azpl, palmjebelali azpltn, palm jebel ali pl, palmjebelali pl, azizi palm, azizi palm jebel ali, azizi palmjebelali, azpl palm, azpl palm jebel ali, azpltn palm, azpltn palm jebel ali"
Beachfront Living,subcommunity,"Dubai Waterfront, Dubai","beachfront, bfl, beach, waterfront beach, dubai waterfront beach, beachfront living dubai, beachfront dubai, bchfront, bechfront, beechfront, beachfrnt, beachfrontlivng, dubaibeachfront, beachfrontwaterfront, beachwaterfront, bfliving, beachfrontliving, beachfrontdubaiwaterfront"
Azizi Plaza,subcommunity,"Al Furjan, Dubai","azp, azpl, azplz, azplaza, azizi plz, azizi pl, azizi pz, azizi plaz, azizi plasa, azizi plazaa, azizi plazs, aziziplaza, aziziplaz, aziziplz, alfurjanazizi, alfurjanaziziplaza, furjanazizi, furjanaziziplz, azizi furjan, plazazizi, plzazizi"
Beachfront Residence,subcommunity,"Nurai Island, Abu Dhabi","beachfront, bf, bfr, bechfront, beechfront, beach, bf res, b f res, beachres, beachresidence, nurai beach, beachfront nurai, nurai beachfront, beach front, bfr nurai, nurai bfr"
Azizi Residence,subcommunity,"Al Furjan, Dubai","azizi res, azizi rs, azizi r, azizi resid, azizi resid., azizi resi, azizi resi., azizi rsdnc, azizi rsd, azizi residnce, azizi residn, azizi resdence, azizi resd, azizi rez, azizi rez., azizi rezd, azizi rezd., azizi rezdnc, azizi rezdnc."
Beachfront Residences,subcommunity,"Nurai Island, Abu Dhabi","br, bfr, bfres, bfresid, bfresidences, beachres, beachresid, beachfrontres, beachfrontresid, beachfrontresidences, bechfront residences, beachfrnt residences, beachfrnt res, beechfront residences, beachfront resdences, beachresidences, nurai beachres, beachres nurai, nurai island beachfront, beachfront nurai, nurai bfres"
Azizi Riviera 63,subcommunity,"Meydan, Dubai","azizi riv63, azizi riva63, azizi r63, azizi riv, azizi riv 63, azizi63, azizi63r, azizi-riviera63, azizi.riviera63, azizi riviera, azizi riviera63, azizi riva, azizi riva 63, azizi riviera meydan, azizi riviera meydan63, meydan azizi riviera, meydan azizi63, meydan azizi riva, meydan azizi r63, meydan azizi riv, meydan azizi riv63, azizi meydan, azizi meydan63, azizi meydan riviera, azizi meydan riva, azizi meydan r63, azizi meydan riv63, azizi riviera meydn, azizi r 63, azizi riviera 36, azizi riviera 6, azizi riviiera63, azizi riviera s63"
Beda Bint Soud,subcommunity,"Al Hili, Al Ain","bb s, bbs, beda bint, bint soud, bint s, beda s, bds, bintsd, bedasoud, bedabint, bedabintsou, bedabintsd, alhili beda, alhili bbs, alhili bint, alhili bs, alhili bint s, alhili bint soud, alain beda, alain bbs, alain bint, alain bs, alain bint s, alain bint soud, beida bint soud, bda bint soud, beda bint soude, beda bint soudh, beda bint sou, bedabintsoud, alhilibedsoud, alhilibint, alainbint, alainbs, alainbintsoud"
Beirut Towers,subcommunity,"Dubai Production City (IMPZ), Dubai","bt, beirut t, beirut twr, beirut twrs, beirut tower, beirut towrs, beirt towers, beirt twrs, beirut tow, beirut tw, beirt twr, impz beirut t, impz beirut towers, dubai production city beirut towers, dubai prod city beirut, impz bt, dubai prodcity beirut, beiruttowers, beiruttower, beiruttwr, beiruttw, beirtowers, beirtwt, impzbeirut, dubaiimpzbeirut, beiruttowersimpz"
Azizi Shaista Residences,subcommunity,"Al Furjan, Dubai","azizi shaista, azizi shaista res, azizi shaista resid, azizi shaista r, azizi shista, azizi shista res, azizi shista resid, azizi shaistaa, azizi shaistaa res, azizi shaistaa resid, azizi sahista, azizi sahista res, azizi sahista resid, azizi shaista residenc, azizi shaista residencs, azizi shaista residnces, azizi shaista residnce, azizi shaista residncs, azizi shaista residn, azizishaista, azizishaistares, azizishaistaresid, azizishaistaresidences, al furjan azizi shaista, azizi shaista al furjan, al furjan azizi, azizi al furjan, al furjan asr, asr al furjan, az s r, azsr, azsh, azs, asr, azizi shaist, azizi shaist res"
Bel Ghailam Tower,subcommunity,"Corniche Road, Abu Dhabi","bel ghailam, bg tower, bgt, belghailam, bel ghailam twr, bel gailam, bel gailam tower, bel ghalam, bel ghalam tower, bel ghaylam, bel ghaylam tower, belghailamtower, bgtower, bel ghailam corniche, bel ghailam tower corniche, bel ghailam abu dhabi, bel gailam corniche, ghailam tower, ghailam, bel ghailam twr corniche"
Belair Damac Hills - By Trump Estates,subcommunity,"DAMAC Hills, Dubai","belair, bel air, bel-air, belair damac hills, bel air damac hills, belair trump, bel air trump, belair trump estates, bel air trump estates, trump belair, belair by trump, bel air by trump, belair dh, bel air dh, dh belair, dh bel air, damac hills belair, damac hills bel air, belairdamac, belairdamachills, belairtrump, belare, belayr, belair damac, bel air damac, trump estates belair, belair at damac hills, bel air at damac hills"
Belair Phase 2,subcommunity,"DAMAC Hills, Dubai","bel air phase 2, belair 2, bel air 2, belair ph 2, bel air ph 2, belair p2, bel air p2, belair ph2, bel air ph2, belair phase two, bel air phase two, bellair phase 2, bell air phase 2, bel-air phase 2, belair phase2, bel air phase2, bellair 2, belairphase2, belair2, belairph2, belairp2, damac hills belair phase 2, damac hills bel air phase 2, damac hills belair 2, damac hills bel air 2, dh belair phase 2, dh bel air phase 2, dh belair 2, dh bel air 2, belair phase 2 damac hills, belair 2 damac hills, belair phase 2 dh, belair 2 dh, damac hills belair ph 2, dh belair ph 2, belair ph 2 damac hills, bellair ph 2, bellair p2, bellairphase2"
Belgravia,subcommunity,"Jumeirah Village Circle, Dubai","belg, belgarvia, belgrava, belgravya, belgrevia, belgavia, bellgravia, belgravia jvc, jvc belgravia, jvc belgarvia, belgravia 1, belgravia 2, belgravia 3, belgravia1, belgravia2, belgravia3, belgarvia 1, belgarvia 2, belgarvia 3, belgravia heights, belgravia square, belgravia hts, belgravia sq, jvc belgravia 1, jvc belgravia 2, jvc belgravia 3, belgravia 1 jvc, belgravia 2 jvc, belgravia 3 jvc, belg 1, belg 2, belg 3"
Belgravia Heights 1,subcommunity,"Jumeirah Village Circle, Dubai","belgravia hts 1, belgravia ht 1, belgravia h 1, bh1, bh 1, belg heights 1, belg hts 1, belgraviaheights1, belgraviahts1, belgravia heights one, belgravia hts one, jvc belgravia heights 1, belgravia heights 1 jvc, jvc belgravia hts 1, belgravia hts 1 jvc, bh1 jvc, jvc bh1, belgavia heights 1, belgarvia heights 1, belgrevia heights 1, belgravia hieghts 1, belgravia 1, belgravia 1 jvc, jvc belgravia 1"
Belgravia Heights 2,subcommunity,"Jumeirah Village Circle, Dubai","bh2, bh 2, belgravia 2, belgravia hts 2, belgravia ht 2, belgravia h2, belgravea heights 2, belgravia hieghts 2, belgravia heits 2, belgravia hights 2, belgavia heights 2, belgravia height 2, belgravia heigts 2, belgrawia heights 2, belgraviaheights2, belgravia2, bh2jvc, belgravia heights 2 jvc, belgravia 2 jvc, jvc belgravia heights 2, jvc belgravia 2, bh2 jvc, bh 2 jvc, belgravia heights ii, belgravia heights two, belgravia ii, bh ii, bh two, belgravia heights 2 in jvc, belgravia 2 in jvc"
Belgravia Square,subcommunity,"Jumeirah Village Circle, Dubai","belgravia sq, belgravia square jvc, belgravia sq jvc, belgravia jvc, belgraviasquare, belgravia sqr, belgravia sqre, belgravia sqr jvc, belgrava square, belgravia sqare, belgravia sqr jc, jvc belgravia square, jvc belgravia sq, belgravia square jumeirah village circle"
Belgrove Residences,subcommunity,"Meydan, Dubai","belgrove, bellgrove, belgrove res, belgrove residencies, bellgrove residences, bellgrove residencies, belgrove meydan, meydan belgrove, belgrove residences meydan, belgrove residencies meydan, belgroveresidences, bellgroveresidences, belgroveres, bell grove, bellgrove res, belgove, belgove residences, belgrove resi, bellgrove resi, belgrovemeydan, bellgrovemeydan"
Belhabb Tower,subcommunity,"Business Bay, Dubai","belhab, belhabb, belhab tower, bel habb tower, bel hab tower, belhabb twr, belhab twr, belhabbtower, belhabtower, belhabb business bay, belhab business bay, business bay belhabb, business bay belhab, belhab bb, belhabb bb, belhab tower bb, belhabb tower bb, belhab tower business bay, belhabb tower business bay, bellhab tower, bellhabb tower, belhabbtwr, belhabtwr"
Bella Casa,subcommunity,"Serena, Dubai","bc, b casa, bel casa, bela casa, bella cassa, bela cassa, bellacasa, belacasa, bcasa, serena bella casa, bella casa serena, serena bc, bc serena, bela casa serena, bellacasa serena, serena bellacasa, belle casa, bellecasa"
Bellagio Tower,subcommunity,"Dubai Land, Dubai","bellagio, belagio, bellajio, belajio, bellagiotower, belagiotower, bellajiotower, bellagio twr, belagio twr, bellajio twr, bt, bellagio t, belagio t, bellagio dubailand, belagio dubailand, bellagio tower dubailand, belagio tower dubailand, bellagiotower dubailand, dubailand bellagio, dubailand belagio"
Azizi Star,subcommunity,"Al Furjan, Dubai","az star, azs, a star, azizi s, azizi st, azizistar, azstar, azizist, azist, alfurjan az star, alfurjan azs, az star alfurjan, azs alfurjan, azizi ster, azizi starr, azizi starrr"
Belle Reve by Zimaya,subcommunity,"Jumeirah Village Circle, Dubai","belle reve, bel reve, bellereve, belreve, bell reve, bellreve, belle reve jvc, bel reve jvc, jvc belle reve, jvc bel reve, bellereve jvc, belreve jvc, jvc bellereve, jvc belreve, belle reve by zimaya jvc, bel reve zimaya, belle reve zimaya, belreve zimaya, bellerevezimaya, belrevezimaya"
Bellevue Towers,subcommunity,"Downtown Dubai, Dubai","bt, bvt, bellevue, bellvue, bellview, belle vue, belvue, bellview towers, bellvue towers, belvue towers, belle vue towers, bellevuetowers, bellvuetowers, bellviewtowers, bellevue twrs, bellevue twr, bellvue twrs, bellview twrs, bellevue downtown, bellevue towers downtown, bellevue towers dt, bellevue dt, bellview downtown, downtown bellevue, dt bellevue"
Belmont Residences,subcommunity,"Jumeirah Village Triangle, Dubai","belmont, belmont res, bellmont, belmond, belmontresidences, belmontres, belmont jvt, belmont residences jvt, jvt belmont, jvt belmont residences, bellmont residences, belmond residences, belmont jumeirah village triangle, belmont res jvt"
Azizi Venice,subcommunity,"Dubai South (Dubai World Central), Dubai","azv, azvnc, azizi v, azizi ven, azizi vnc, azizi vn, azizi venic, azizi venise, azizi venicce, azizi vneice, azizi vneic, azizivenice, aziziven, aziziv, azizivnc, dubai south azizi v, dubai south azizi ven, azizi v dubai south, azizi ven dubai south, dsc azizi v, dsc azizi ven"
Belshalat 27,subcommunity,"Al Karama, Dubai","belshalat27, bs 27, bs27, bsh 27, belshalet 27, belshallat 27, bel shalat 27, belshalet27, belshallat27, bel shalat27, bilshalat 27, belshalt 27, belshalat karama, karama belshalat 27, belshalat 27 karama, belshalat building 27, belshalat bldg 27, karama bs 27, bs 27 karama, al karama belshalat 27, belshalat 27 al karama, belshalat no 27"
Ben Karm Tower,subcommunity,"Hamdan Street, Abu Dhabi","bkt, bk tower, ben karm, ben karam, ben karm twr, bk twr, bin karm tower, ben karam tower, bin karam tower, ben karma tower, ben kam tower, ben kram tower, bin karm, bin karam, ben karam twr, bin karam twr, benkarm, benkaram, benkarmtower, benkaramtower, bktower, ben karm tower hamdan, ben karm hamdan, ben karam tower hamdan, ben karam hamdan, hamdan ben karm, hamdan ben karam, hamdan ben karm tower, hamdan ben karam tower, ben karm tower hamdan street, ben karam tower hamdan street, benkarm hamdan, benkaram hamdan"
Bennett House,subcommunity,"Motor City, Dubai","bh, bennett, bennet, benet house, bennet house, bennetthouse, bennethouse, benethouse, bennett house mc, bennet house mc, mc bennett, mc bennett house, bennett motor city, bennet motor city, bennett mc, bennet mc, bennett hse, bennet hse, bh motor city, bh mc, benithouse, benit house"
Berlin Business Tower,subcommunity,"Dubai Land, Dubai","bbt, berlin tower, berlin business, berlin bldg, berlin biz tower, berlin buisness tower, berlin bussiness tower, berlin busines tower, berlinbusinesstower, berlintower, berlin business tower dubailand, berlin tower dubailand, bbt dubailand, dubailand berlin tower, dubailand bbt, berlin business dubailand, berlin tower dubai land, berlin business tower dubai land, bbt dubai land"
Bermuda,subcommunity,"Mina Al Arab, Ras Al Khaimah","bermuda maa, maa bermuda, bermuda rak, rak bermuda, bermuda mina al arab, mina al arab bermuda, bermudamaa, maabermuda, bermuda villas, bermuda villa, bermudda, bermouda, bermdua, barmuda, berm, bmd, bmd maa, bermuda townhouses, bermudavillas, bermudavilla"
Bermuda Views,subcommunity,"Dubai Sports City, Dubai","bv, bermuda, bermudaviews, bermuda view, bermuda views dsc, bermuda views sports city, dsc bermuda views, dsc bermuda, bermuda dsc, bv dsc, dsc bv, bermouda views, bermeda views, barmuda views, bermudaview, bermouda view, bermeda view, barmuda view"
Beverly Boulevard,subcommunity,"Arjan, Dubai","bev blvd, beverly blvd, bev, arjan bev, arjan beverly, bev arjan, bevblvd, beverlyblvd, bev boulv, bev boulvard, beverly boulvard, bev blv, bev blvd arjan, arjan bev blvd, beverly blv, beverley blvd, bev boulevarde"
Beverly Gardens,subcommunity,"Discovery Gardens, Dubai","bev gardens, beverly garden, bev garden, bg, bev gardens discovery, discovery bev gardens, beverlygardens, bevgardens, bev gardins, beverly gardins, bev gardnes, beverly gardnes, bev gardens dg, dg bev gardens, bev gardens dxb"
Azizi Zain,subcommunity,"Al Furjan, Dubai","azz, azzain, azizn, a.zain, a.z, azz., azz_, azz-, azzfurjan, furjanazz, alfurjanazz, alfurjanaz, furjanaz, azizifurjan, azizifur, azizifur., azizifur_, azizifur-, azizifurjan., azizifurjan_, azizifurjan-, azizifurjan dubai, dubai azz, dubaiaz, dubai.az, azizi zane, azizi zainn, azizi zain., azizi.zain, azizi_zain, azizi-zain, azizizain, alfurjanazizi, alfurjanazain, furjanazizi, furjanazain, dubai alfurjan azz"
Beverly Hills Drive,subcommunity,"DAMAC Hills, Dubai","bh drive, bhd, beverlyhills, bev hills, bh hills, damac bhd, damac beverly hills, bhd damac, bh hills damac, beverlyhillsdrive, bhdrive, bhdriv, beverly hill drive, beverlyhils drive, bev hills drive, damac beverlyhills, beverly hills damac"
Beverly Residence,subcommunity,"Jumeirah Village Circle, Dubai","bev res, beverly res, bev residence, beverly residence jvc, jvc bev res, jvc beverly, beverlyjvc, bevres, beverlyres, beverly residnce, beverly residense, bevry residence, beverly resi, beverly jvc, beverly residence jumeirah village circle"
Beverly Residences 2,subcommunity,"Jumeirah Village Circle, Dubai","bev 2, bev resid 2, beverly res 2, beverley 2, bevres 2, bevres2, beverly 2 jvc, jvc bev 2, beverly residence 2, bev residence 2, beverly res2, beverly resii 2, beverlyy 2, bev2 jvc, bev 2 jumeirah village circle, bev residenc 2"
Bianca,subcommunity,"City of Arabia, Dubai","bianca city of arabia, coa bianca, bianca coa, binca, biancca, bianca dubai, biana, bianca dubailand, bianca cityofarabia, biancc"
Bianca,subcommunity,"Dubai Land, Dubai","biancadubailand, dubailandbianca, bnc, bianca dl, bianca dld, binca, biancc, biankaa, byanca, bianca residence, bianca at dubailand, bianca townhouse, bianca townhouses"
Bida Bin Ammar,subcommunity,"Asharej, Al Ain","bida, bba, bida bin amr, bida bin amar, bidabinammar, bida amr, bida asharej, asharej bida, al ain bida, bida al ain, beda bin ammar, bida bin aamar, bida bin amarr, bidaa bin ammar, bida b ammar, bida bin ammr"
Bin Arar Building,subcommunity,"Al Najda Street, Abu Dhabi","binarar, binarar bldg, binarar building, bin arar bldg, bin arar, al najda bin arar, bin arar najda, binararnajda, najda bin arar, binarar st, bin arar st, binarer, binarar bldng, binarr, binararbuilding, najda binarar bldg"
Bin Haider 2 Building,subcommunity,"Al Karama, Dubai","bin haider 2, bin haider, bh 2, bh2, binhider 2, bin haidar 2, bin hayder 2, binhaider2, karama bin haider 2, bin haider 2 karama, bh 2 karama, binhider2 building, bin haider building 2, binhaider 2, bin haydar 2, b h 2, bh building 2"
Bin Ham Towers,subcommunity,"Al Taawun, Sharjah","binham, bht, binhamtowers, bin ham tower, bhtowers, binhamshj, binhamtaawun, taawunbinham, binhamsharjah, binham tower, binhamtwr, bin ham twr, binhamtowersshj, bin ham towers shj, bin hamtowers, binham towers, binhamtowerssharjah"
Bin Majid Tower,subcommunity,"Al Mina, Abu Dhabi","binmajid, bmt, bmtower, binmajeed, binmajed, binmajidtwr, alminabmt, bmtalmina, binmajidmina, binmajidtoweralmina, bmajidtower, bmajidtwr, binmajidtwro, bbinmajid, binmajidtowers"
Bin Sardah Villas 2,subcommunity,"Al Garhoud, Dubai","bsv2, binsardah2, binsardahvillas2, bsvillas2, binsardah, garhoudbsv2, bs2, binsardahvillas, binsardahvilla2, bsv2garhoud, binsardah2garhoud, binsardahvillas2garhoud, bnsardahvillas2, binsarda2, binsarda, bs2garhoud"
Bin Sougat Building,subcommunity,"Dubai Investment Park (DIP), Dubai","binsougat, bin sougat bldg, bs building, bs bldg, binsougat building, binsougat bldg, dip binsougat, binsougat dip, binsugat, binsougt, bin sugat, bin sougad, binsougat building dip, dip bin sougat, bs dip, binsougatbldg"
Bin Thabet Building,subcommunity,"Dubai South (Dubai World Central), Dubai","bin thabet bldg, bin thabett, bin thabid, bin thabit, btb, btb dubai south, binthabet, binthabetbldg, bin thabet dubai south, binthabit, binthabid, bthabet, bin thabet building dswc, dswc bin thabet, bin thabet bldng, bin thabt, bin thabite, bin thabet res, bin thabet dwc"
Binal Jesrain,subcommunity,"Between Two Bridges, Abu Dhabi","binalj, binaljesrain, binal jessrain, binaljes, binaljesrein, binal jasrain, binaljesrain ad, binaljesrain abu dhabi, b2b binal, binal jesrain 2b, binaljesrain2b, between two bridges binal, b2b binal jesrain"
Binghatti Amber,subcommunity,"Jumeirah Village Circle, Dubai","binghattiamber, binghatti amber jvc, jvc binghatti amber, amber jvc, binghatti, b amber, b amber jvc, binghatiamber, binghati ambar, binghati ammber, binghatti ambr, bnghatti amber, amber binghatti"
Binghatti Apartments,subcommunity,"Dubai Silicon Oasis, Dubai","binghatti apts, binghatti apt, binghatti dso, dso binghatti, binghatti silicon, silicon binghatti, bhatti apts, binghati apts, binghathi apts, binghattiapts, binghattiapartments, bnghatti apts, binghatti oasis, binghatti silicon oasis"
Binghatti Apex,subcommunity,"Jumeirah Village Circle, Dubai","b apex, b-apex, binghatti apex jvc, apex jvc, jvc apex, bapex, binghatti apex jumeirah village circle, binghati apex, binghatti apx, binghati apx, apex binghatti, apex jvc dubai, binghatti apex dubai"
Binghatti Avenue,subcommunity,"Al Jaddaf, Dubai","binghatti ave, binghatti, bhatti avenue, binghatti av, binghatti al jaddaf, al jaddaf binghatti, bhatti, binghati, binghatti avn, binghatiavenue, binghatti ave jaddaf, binghatti jaddaf, binghati ave, b-hatti avenue, binghatti avue, binghati jaddaf"
Binghatti Azure,subcommunity,"Jumeirah Village Circle, Dubai","binghatti azure jvc, azure jvc, azure binghatti, b azure, binghati azure, binghatti azur, binghattiazure, binghatiazure, azurejvc, jvc azure, b azure jvc, binghatti jvc, azur binghatti, binghatti azzure, binghatti azue"
Binghatti Canal,subcommunity,"Business Bay, Dubai","binghatti, b-canal, bcanal, binghaticanal, bb canal, bb-canal, canal binghatti, binghatti business bay, binghaticanal business bay, bingati canal, binghati canal, bingatti canal, binghati, bingati, binghatti canal bb"
Binghatti Corner,subcommunity,"Jumeirah Village Circle, Dubai","binghatti, binghatti corner jvc, b-corner, b corner, binghati corner, binghati, jvc binghatti, jvc binghatti corner, binghatti cnr, binghatticoner, binghatticorner, bghatti corner, bghatti, binghticorner, corner jvc"
Binghatti Creek,subcommunity,"Al Jaddaf, Dubai","binghatti, b creek, b-creek, bcreek, binghatti crk, binghatti c, al jaddaf creek, jaddaf creek, jaddaf binghatti, binghatti al jaddaf, binghati creek, binghatti crek, binghaticreek, binghaticrk, bcreek jaddaf, creek binghatti"
Binghatti Crescent,subcommunity,"Jumeirah Village Circle, Dubai","binghatti cres, b crescent, b crescent jvc, binghatti crescent jvc, binghatti cresent, binghatti cresc, bhatti crescent, bingati crescent, binghatti jvc, jvc binghatti crescent, binghaticrescent, binghathi crescent, binghatti cresnt, bc jvc, bhatti cres"
Binghatti Crest,subcommunity,"Jumeirah Village Circle, Dubai","b crest, b crest jvc, jvc binghatti crest, binghatti jvc, bcrest, binghatticrest, binghati crest, binghatti crst, binghatti krest, binghatti crest jvc, bc jvc, binghatti c, binghatticrest jvc"
Binghatti Crystals,subcommunity,"Dubai Silicon Oasis, Dubai","bc, b crystals, b-crystals, binghatti crystal, binghatti c, silicon oasis bc, dso bc, bc dso, b-crystal, b.crystals, bcrystals, binghaticrystals, bincrystals, binghatti crstals, binghatti crystls, bc residence, bc silicon oasis, b-crys, dso b crystals"
Binghatti Dawn,subcommunity,"Jumeirah Village Circle, Dubai","bhdawn, binghatti dawn jvc, jvc binghatti dawn, binghatti dawn jumeirah village circle, binghatti dwn, binghatidawn, binghati dawn, binghathi dawn, binghathi dwn, bnghatti dawn, binghaty dawn, jvc bh dawn, bh dawn jvc"
Binghatti Diamonds,subcommunity,"Dubai Silicon Oasis, Dubai","binghatti diamond, binghati diamonds, binghathi diamonds, b-diamonds, bdiamonds, binghatti dso, dso binghatti diamonds, binghatti silicon oasis, binghatti diamonds dso, binghatidiamonds, b diamonds, binghatti dmnds, binghatti dimonds, binghatti diamons, binghadi diamonds"
Binghatti East Boutique Suites,subcommunity,"Dubai Residence Complex, Dubai","binghatti east, binghatti east suites, binghatti boutique, binghatti boutique suites, binghatti east boutique, drc binghatti, binghatti drc, binghattieast, binghatieast, binghatti east drc, binghatti e, binghatti east suite, binghatieastboutique, bhatti east, binghati east, binghati boutique"
Binghatti Emerald,subcommunity,"Jumeirah Village Circle, Dubai","binghatti em, b emerald, b-emerald, binghattiem, binghattiemeral, jvc binghatti emerald, binghatti emerald jvc, binghatti emerald jumeirah village circle, binghatti emarald, bhatti emerald, binghatti emarald jvc, binghatiemerald, binghattiemeralds, b emerald jvc"
Binghatti Galaxy,subcommunity,"Jumeirah Village Circle, Dubai","binghatti galxy, binghatti galaxy jvc, binghati galaxy, binghatti gal, jvc binghatti galaxy, binghattigalaxy, binghatti glxy, bnghatti galaxy, binghatti gxy, binghati galxy, jvc binghatti, binghatti galaxy jumeirah village circle, binghati galaxy jvc"
Binghatti Gardenia,subcommunity,"Jumeirah Village Circle, Dubai","bg, binghatti gardenia jvc, jvc binghatti gardenia, gardenia jvc, binghatigardenia, binghati gardenia, binghathi gardenia, binghatti gardinia, bg gardenia, jvc bg, binghatti gardnia, bgh gardenia, binghatigardeniajvc"
Binghatti Gardens,subcommunity,"Dubai Silicon Oasis, Dubai","binghatti garden, b gardens, b garden, binghati gardens, binghati garden, bgh gardens, bgh garden, dso binghatti, binghatti dso, binghatigardens, bggardens, binghatti gdn, binghatti gdns, b gdn, b gdns, binghati gdns, binghathi gardens"
Binghatti Gate,subcommunity,"Jumeirah Village Circle, Dubai","bg, jvc bg, bg jvc, binghati gate, binghatigate, bng gate, jvc binghatti, binghatti jvc, gate jvc, binghatigate jvc, bng gate jvc, binghati gate jvc, jvc gate, bingatti gate, binghatti gte"
Binghatti Gateway,subcommunity,"Al Jaddaf, Dubai","bg, binghatti gate, binghati gateway, binghatti jaddaf, jaddaf binghatti, binghatigateway, binghattigateway, b gateway, binghatti gtwy, bhatti gateway, binghatti jadhaf, binghati jadhaf, binghatigate, bhinghatti gateway"
Binghatti Gems,subcommunity,"Jumeirah Village Circle, Dubai","bgems, b gems, binghatti gms, binghattigems, jvc b gems, jvc bgems, jvc binghatti gems, binghatti jem, binghati gems, binghatigems, bnghatti gems, jvc gems, gems jvc, binghhatti gems, bngh gms"
Binghatti Ghost,subcommunity,"Al Jaddaf, Dubai","bg, binghatti g, binghatti ghost jaddaf, binghatti ghost al jaddaf, al jaddaf ghost, ghost binghatti, bghost, b ghost, binghatighost, binghatigost, binghaty ghost, binghati ghost, binghati gost, bgh, binghatti ghst, al jaddaf bg, bg al jaddaf"
Binghatti Heights,subcommunity,"Jumeirah Village Circle, Dubai","binghatti hts, bh, binghatti jvc, jvc binghatti, b hts, binghatihights, binghattiheight, binghatti hieghts, binghatti, binghatihits, jvc binghatti heights, binghattiheights, bhatti heights, bh heights, binghati heights"
Binghatti Hills,subcommunity,"Dubai Science Park, Dubai","bh, bhills, binghati hills, binghatti, binghatti hill, bnghatti, bhatti hills, binghatihills, bhills dsp, dsp binghatti, binghatti dsp, binghatihill, binghatti hls, b-hills, binghati hill, binghatti hillz"
Binghatti Horizons,subcommunity,"Dubai Silicon Oasis, Dubai","bh, bhorizons, binghatti horizon, binghatti dso, dso binghatti, binghatthorizons, binghatthorizon, b-horizons, b horizons, binghatti hrzn, bhatti horizons, binghati horizons, binghatti horizones, binghatih, binghatti oasis, silicon oasis binghatti"
Binghatti House,subcommunity,"Jumeirah Village Circle, Dubai","bh, binghatti hse, binghatti house jvc, jvc binghatti house, binghatihouse, binghatihse, binghati house, bnghatti house, binghatti huse, binghati hse, jvc bh, binghattihouse, binghati house jvc"
Binghatti Jasmine,subcommunity,"Jumeirah Village Circle, Dubai","bjasmine, binghatti jvc, jvc binghatti jasmine, b jasmine, b-jasmine, binghatti jsmine, binghati jasmine, binghatti jasmin, b jasmine jvc, bj jvc, binghatti jasmine jvc, binghattijasmine, binghatijasmine, b jasmine jumeirah village circle, jvc binghatti, bjasmin, binghatti jasmn"
Binghatti Lavender,subcommunity,"Jumeirah Village Circle, Dubai","lavender, binghatti lav, binghatti lavendar, binghatti lavinder, binghattilavender, b lav, jvc binghatti lavender, jvc lavender, lavender jvc, binghatti lavender jvc, blav, binghatti lavander, binghatilavender, lavendar jvc, lavinder jvc"
Binghatti LUNA,subcommunity,"Jumeirah Village Circle, Dubai","binghatti luna jvc, bluna, bluna jvc, binghatiluna, binghati luna, binghathi luna, binghati lona, b luna, b luna jvc, jvc binghatti luna, binghati luna jvc"
Binghatti Mercedes Benz,subcommunity,"Downtown Dubai, Dubai","binghatti mercedes, mercedes binghatti, binghatti mb, mb binghatti, mercedes benz downtown, binghatti mercedes downtown, downtown mercedes, mercedes tower, binghatti benz, mb tower, binghatti merc, mercedes residence, mercedes benz residence, binghatti mercedesbenz, mbmercedes, binghattimb, mercedesdubai, benz tower, binghatti mercedesdowntown"
Binghatti Mirage,subcommunity,"Jumeirah Village Circle, Dubai","bh mirage, b mirage, binghatti m, jvc binghatti mirage, binghatti mirage jvc, binghatti, bhatti mirage, bingati mirage, binghatimirage, binghathi mirage, binghatti merage, binghatti mirag, jvc b mirage, bh mirage jvc"
Binghatti Nova,subcommunity,"Jumeirah Village Circle, Dubai","b nova, b-nova, bnova, binghati nova, binghatti noova, binghatti nva, jvc binghatti nova, binghatti nova jvc, nova jvc, nova binghatti, binghati nva, bnovajvc, binghattinova"
Binghatti Onyx,subcommunity,"Jumeirah Village Circle, Dubai","binghatti onyx jvc, jvc binghatti onyx, binghatti onyx jumeirah village circle, b onyx, b onyx jvc, binghati onyx, binghatti onix, binghaty onyx, binghatti-onyx, binghattionyx, onyx jvc, binghatti ony, binghatti o onyx, bhatti onyx, binghatti jvc, bnghatti onyx, binghatti onx, binghati onix"
Binghatti Orchid,subcommunity,"Jumeirah Village Circle, Dubai","binghatti orchid jvc, orchid jvc, binghatti orchid jumeirah village circle, b orchid, b orchid jvc, binghati orchid, binghatti orchd, binghattiorchid, binghattiorchidjvc, b-orchid, binghatti o, binghatti orcid, jvc binghatti orchid, binghati orcid"
Binghatti Pearls,subcommunity,"Dubai Silicon Oasis, Dubai","bp, b pearls, binghatti pearl, binghati pearls, binghathi pearls, binghatti dso, dso binghatti pearls, binghatti, b-pearls, binghatipearls, binghatti p, pearls dso, binghatipearl, bph, binghatti oasis"
Binghatti Phantom,subcommunity,"Jumeirah Village Circle, Dubai","bh phantom, binghatti phantom jvc, jvc binghatti phantom, bhphantom, binghattiphantom, phantom jvc, binghatti phantm, bnghatti phantom, bh pantom, binghatti phanton, binghaty phantom, phantom residence jvc, jvc phantom, bh phantm"
Azure,subcommunity,"Dubai Marina, Dubai","az, azr, azu, azur, aazure, azur., azur e, azurmarina, marinaazure, dubaimarinaazure, azuremarina, dubai azure, dubai mar az, mar az, maraz, azurmar, azur sub, az sub, azu mar, azur dmar, dmar azure, dubai mar azur, dubai mar azu, dubai mar azr, dubai mar aazure, dubai mar azur e, dubai mar azur., dubi mar azur, dubi mar azu, dubi mar az, dubi mar azr, dubi mar aazure, dubi mar azur e, dubi mar azur., dub"
Binghatti Phoenix,subcommunity,"Jumeirah Village Circle, Dubai","binghatti phx, bh phoenix, bh phx, binghatti jvc, jvc binghatti phoenix, binghattiphoenix, bhphx, binghati phoenix, binghatti phenix, binghatti phinix, binghati phx, binghatti jvc phoenix"
Binghatti Platinum,subcommunity,"Dubai Silicon Oasis, Dubai","binghatti plat, binghatti plat platinum, b plat, b-plat, bplatinum, bhatti platinum, binghati platinum, binghatti platinium, binghatti plat dso, dso binghatti platinum, binghatti platinum dso, binghatti plat silicon oasis, binghattplatinum, bhattiplat, binghatti platnium, b platinum"
Binghatti Point,subcommunity,"Dubai Silicon Oasis, Dubai","binghatti, b-point, bpoint, bh point, bhpoint, binghati, binghatti pt, binghatti point dso, dso binghatti, dso bpoint, bhatti point, bnghatti, binghati point"
Binghatti Rose,subcommunity,"Jumeirah Village Circle, Dubai","binghatti rose jvc, jvc binghatti rose, binghatti rose jumeirah village circle, b rose, b rose jvc, bingati rose, binghatti roze, binghatirose, bingattirose, bnghatti rose, binghait rose, binghatti rose jumeirah village, jvc binghatti, binghatti rose jvc dubai"
Binghatti Royale,subcommunity,"Jumeirah Village Circle, Dubai","br jvc, b royale, binghati royale, binghatti royal, binghatti r, binghattiroyale, jvc binghatti royale, binghatti royale jvc, br, b royale jvc, binghatti ryl, binghatty royale, binghati royal"
Binghatti Sapphires,subcommunity,"Dubai Silicon Oasis, Dubai","bs, binghatti sapph, b sapphires, b sapphire, binghatisapphires, binghatisapphire, bingsapphires, bingsaphire, binghatti saph, bsapphires, binghatti saphires, dso binghatti sapphires, binghatti sapphires dso, bnghatti sapphires, binghati sapphires, bingsaph, binghatisaph, sapphires dso, dso sapphires"
Binghatti Stars,subcommunity,"Dubai Silicon Oasis, Dubai","b stars, b-stars, bstars, binghatti star, binghatti s, bhatti stars, binghati stars, binghatti dso, dso binghatti stars, dso binghatti, stars dso, binghatistars, binghati star, bhatti star, b stars dso, binghatti silicon oasis, binghatti stars silicon, bhatti s, binghathi stars"
Binghatti Terraces,subcommunity,"Dubai Silicon Oasis, Dubai","bt, binghatti, binghatiterraces, binghatiterrace, dso binghatti, binghatti dso, binghatti terrace, binghatiteraces, binghatiterrase, binghatiterrces, bhatti terraces, dso binghatti terraces, bt dso, binghatisiliconoasis, silicon oasis binghatti, binghatti silicon, binghatiterace"
Binghatti Tulip,subcommunity,"Jumeirah Village Circle, Dubai","bt, binghatti tulip jvc, jvc binghatti tulip, b tulip, binghati tulip, binghatti tlp, bhingatti tulip, binghatitulip, binghatitulipjvc, bt jvc, binghatti tullip, b tulip jvc"
Binghatti Venus,subcommunity,"Jumeirah Village Circle, Dubai","bvc, binghatti v, b venus, jvc binghatti venus, binghativenus, b-venus, binghatti venus jvc, binghatti vns, binghatti venuss, bingatti venus, bnghatti venus, binghatti vinus, binghativenus jvc, b venuss, bnghti venus, binghatti v jvc"
Binghatti Views,subcommunity,"Dubai Silicon Oasis, Dubai","b views, binghatti view, binghati views, bhatti views, bnghatti views, binghatti v, b views silicon, silicon binghatti views, binghatti views dso, binghattiviews, bhatti views dso, bnghatti view, binghatti dso, b views dso, dso binghatti views"
Binghatti Vista,subcommunity,"Dubai Silicon Oasis, Dubai","binghatti vista dso, binghatti vista silicon, binghatti vista silicon oasis, b vista, b-vista, binghati vista, binghathi vista, bingatti vista, binghatti vista dxb, dso binghatti vista, silicon binghatti vista, bvista, binghattivista, binghativista, bingattivista, binghatti vsta, binghatti vist, bnghatti vista, binghti vista"
Binghatti West Boutique Suites,subcommunity,"Dubai Residence Complex, Dubai","binghatti west, bwbs, binghatti west suites, binghatti boutique, bhatti west, binghati west, binghatti west boutique, binghattiwest, binghattiwestboutique, binghatiwestsuites, binghatti west drc, drc binghatti west, binghatti west dubai residence complex, binghatti west drp"
Bliss Homes,subcommunity,"Dubai Residence Complex, Dubai","bliss, bliss drc, drc bliss, blisshomes, bliss home, blis homes, blis shomes, blishomes, bliss res complex, bliss drc dubailand, bliss residence complex"
Azure Blue Villas,subcommunity,"Palm Jebel Ali, Dubai","az blue villas, azure villas, azb villas, a b villas, azurebluvillas, azurebluevillas, azurebluvilla, azbluevillas, azbluevilla, abluevillas, azureblv, azbvl, azureblvls, azureblvs, azuer blue villas, azure blu villas, azure blue villaa, azure blue vilas, azure blue vllas, palm jebel ali azure blue villas, palmjebelali azureblue, palmjebelali azblue, palm jebel ali az blue villas, palmjebelali a b villas, palmjebelali azb villas, palmjebelali azurebluvillas, palmjebelali azbluevilla, palm jebel ali azureblv, palmjebelali azbvl"
Block 3,subcommunity,"Academic City, Dubai","ac block 3, block3, academic block 3, acb3, academic city block 3, acad city block 3, ac b3, acb 3, academic block3, acad block 3"
Block 5,subcommunity,"Academic City, Dubai","b5, acb5, academic city b5, acad city b5, b-5, block5, acad city block 5, blk 5, blk5, academic city block 5, ac block 5, academic city block5"
Block 6,subcommunity,"Academic City, Dubai","blk 6, b6, block6, blk6, ac block 6, ac blk 6, acad city blk 6, academic city block 6, academic city b6, ac b6, academic city block6, acad city b6, academic cityblk6, blk6 academic city, b6 academic city, blk 6 acad city, block 6 acad city, blk6acadcity, b6acadcity, blck 6, blk-6, bloc 6"
Block 7,subcommunity,"Academic City, Dubai","blk7, b7, block7, acad city blk7, academic city block 7, acad city b7, b 7, block vii, blk 7, academic city 7, ac block 7, ac blk 7, academiccityblk7, blkseven, blockseven"
Block 8,subcommunity,"Academic City, Dubai","blk8, block8, acad city block 8, acad block 8, ac block 8, academic city blk 8, blk 8 academic city, blk8 academic, block8 academic, acadcity block 8, academiccity blk 8, blk 8 acad, block 8 acad city, blk viii, block viii, academic city 8, blk8 ac, block8 ac"
Block 9,subcommunity,"Academic City, Dubai","b9, blk9, blk 9, academic city b9, b9 academic city, ac block 9, block9, blk9 academic city, ac blk 9, acad city b9, block-9, academic city block 9"
Bloom Arjaan,subcommunity,"Saadiyat Island, Abu Dhabi","bloom arjan, bloom arjaan saadiyat, bloom arjan saadiyat, saadiyat bloom arjaan, ba saadiyat, bloom arjaan abu dhabi, bloom arjan abu dhabi, blm arjaan, bloom arjaan res, bloom arjan res, bloom arjaan apts, bloom arjan apts"
Bloom Central,subcommunity,"Al Tibbiya, Abu Dhabi","bloomcent, bloomcentral, blmcentral, bloom central abu dhabi, bloom central ad, al tibbiya bloom, bloom, bloom c, bloomc, bloom cent, bloomcentr, bloomcentrl, blm cent, bloom-central, bloomcentral ad"
Bloom Gardens,subcommunity,"Al Salam Street, Abu Dhabi","bg, bloom, bloomgrdn, bloomgdn, bloomgardens, blm grdns, blmgardens, blmgdn, bloom gdn, bloom gardns, al salam bloom, bloom al salam, blooms, bloomgardn, blm garden, bg abu dhabi, bloom abu dhabi, bloom gardn, bloomgardens ad"
Bloom Heights,subcommunity,"Jumeirah Village Circle, Dubai","bh, bloomhts, bloom hts, bloomheights, bloom height, jvc bloom, bloom jvc, bloom jv, bloomheight, blom heights, bloom heigts, bloom heighs, bloomhights, bloomhieghts, bloomheights jvc, jvc bloom heights, bloomh, bloom hts jvc, bloom hts jv, blm hts"
Bloom Marina,subcommunity,"Al Bateen, Abu Dhabi","bm, bloommarina, bloom m, bloommarina ab, bloom marina ad, bloom marina abu dhabi, bloom, b marina, bloom marina abudhabi, bloommarinaad, blm marina"
Bloom Towers,subcommunity,"Jumeirah Village Circle, Dubai","bloom tower, bloom towers jvc, bloom jvc, bloom, bloomtowers, blmtowers, blm towers, bloom towers jumeirah village circle, bloom jumeirah village circle, bloomtwrs, bloomtowersjvc, bloomtowerjvc, blm jvc"
Bloomingdale,subcommunity,"Dubai Sports City, Dubai","bloom, bloomdale, bloom dsc, dsc bloom, bloomingdale dsc, dsc bloomingdale, blmdale, bloomdale sports city, bloomdale sports, bloomdale dubai sports city, bloomdales, blumdale, blomingdale, bloom dale, bloomdale-dsc"
Blossom Towers,subcommunity,"Al Humaid City, Ajman","blossom, blossom twr, blossom twrs, blsm twrs, blossom ajman, al humaid blossom, blossom al humaid, blsm city, blossomtowers, blsmtwrs, blosom towers, blosom twrs, blossomtwr, blossomtowers ajman, alhumaid blossom"
Blue Bay Tower,subcommunity,"Business Bay, Dubai","bb tower, bluebay, blue bay, bb, bluebay tower, bbay tower, bluebaytwr, bluebayt, bluebay-tower, bb-tower, business bay blue bay, blue bay business bay, bluebay biz bay, blue bay twr, bluebaytowe, bluebaytoweer, bluebaytowerr, bluebay towerr"
Blue Beach Tower,subcommunity,"Jumeirah Beach Residence, Dubai","bb tower, bbt, blue beach, bluebeach, jbr blue beach, blue beach jbr, bbt jbr, bluebeachtower, bluebch, blue bch tower, jbr bbt, bluebeachjbr, bluebeach tower, bbtower"
Blue Building,subcommunity,"Sheikh Zayed Road, Dubai","bluebldg, szrblue, blue bldg szr, blue building szr, bluebldgszr, bluebuild, bluebld, blueblg, blu building, ble building, blue buidling, blue builidng, bluebuildng, bluebldg szr"
Blue Mirage,subcommunity,"Al Marjan Island, Ras Al Khaimah","bluemirage, bm, bmirage, blue mirag, blue miragg, blue mirage rak, al marjan blue mirage, bluemirage rak, bluemirag, blue mirge, bmirage rak, marjan blue mirage, blue mirage al marjan, blu mirage, bluemirage al marjan"
Blue Moon Tower,subcommunity,"Palm Jebel Ali, Dubai","bmt, bluemoon, bmtower, palm jebel ali bmt, bmt pja, bmt palm jebel ali, blue moon twr, blumoon, blumoon tower, bmtjebelali, pja blue moon, bmt palm, bmt jebel ali, bluemoon twr, bmoon tower, bluemon tower, bmtower pja, blumoon twr"
Blue Reef Building,subcommunity,"Arjan, Dubai","brb, bluereef, bluereef arjan, arjan bluereef, brb arjan, arjan brb, blue reef, blue ref, blu ref, blu reef, bluereefbldg, br bldg, blue reef bldg, bluereef building"
Blue Star,subcommunity,"Dubai Silicon Oasis, Dubai","bluestar, bso, bluestar dso, dso bluestar, blue star dso, bluestar silicon, bso silicon, blustar, bluestarr, bluestar oasis, bluestarresidence"
Blue Tower,subcommunity,"Sheikh Zayed Road, Dubai","bluetwr, blue tower szr, szr blue tower, bt szr, bluetower szr, blue twr szr, blue t अवर, blu tower, bluetower, blue towerr, blue tewr, bluetower dubai"
Blue Towers,subcommunity,"Al Dhafrah, Abu Dhabi","bt, bluetowers, bltwrs, blue, al dhafrah bt, bttowers, bluetower, al dhafrah blue towers, dhafrah bt, bldhafrah, bldhafra, blutowers, bluetowersad, btad, bluetowersdhafrah"
Blue Waves Tower,subcommunity,"Dubai Residence Complex, Dubai","bwt, bluewaves, blue wave, bw tower, bluewavestower, blue waves drc, drc blue waves, blue waves dxb, bluewave, blue waves residence, bwt drc, bluwaves, bluewaes, blue wves, bw t, bluewavetower"
Bluebell Residence,subcommunity,"Al Amerah, Ajman","bluebell, bb residence, bb res, bluebell res, bluebell ajman, al amerah bluebell, bluebell al amerah, bluebellresidence, bluebellres, blubell, bluebel, blue bell, bb residence ajman, bluebell alamerah"
Bluebell Residence,subcommunity,"Jumeirah Village Circle, Dubai","bluebell, bluebell jvc, jvc bluebell, blue bell, bluebell res, bluebell resid, bluebell residence jvc, jvc blue bell, bluebellr, bluebel, bluebell resi, bluebel residence, blue bell jvc"
Bluewaters Bay,subcommunity,"Bluewaters, Dubai","bw bay, bwb, bluewater bay, bluewatersbay, bluewaters bay by meraas, bwbay, bluewaterbay, bluewater bay dubai, b w bay, bluewaters b, bw bay residential, bluewaters island bay"
Bluewaters Residences,subcommunity,"Bluewaters, Dubai","bluewater, bluewaters, bw, bw residences, bluewaters res, bluewater res, bluewater residence, bwr, bluewaters island, blue waters, bluewatersdubai, bluewaters dubai, bluewaterdubai, bluwaters, bluewaterss, bluewatersres, bwdubai, bluewatersresidences"
Blumont Capital Hotel,subcommunity,"Danet Abu Dhabi, Abu Dhabi","blumont, blumont hotel, blumont cap, blumont capital, blumont ad, blumont danet, danet blumont, blumont hotel ad, blumount, blumunt, blumonte, blumontcapital, blumonthotel, danet blumont hotel, blumont hotel danet, blumont ad hotel, bch, bch ad, bch danet"
BLVD Crescent,subcommunity,"Downtown Dubai, Dubai","blvd cres, blvd crescentt, blvdcrescent, blvdcres, boulevard crescent, blvd crs, blvdcresnt, blvd cresc, blvd crescent downtown, downtown blvd crescent, blvd crescent dwtn, blvd crscnt, blvdcrescentt, blvd crescent dubai"
BLVD Heights,subcommunity,"Downtown Dubai, Dubai","blvd, blvd hts, blvdheights, blvd height, blv heights, blvd-heights, blvheights, blvd ht, downtown blvd, blvd downtown, dt blvd, blvd hights, blv hts, blvd hghts, blvdh, blvd-hts"
BMC 16,subcommunity,"Building Materials City, Abu Dhabi","bmc16, bm c 16, bmc, building material city 16, bldg material city 16, bm city 16, bmc-16, bmc 16th, bmc sixteen, bldng materials city 16, bmc abu dhabi, abu dhabi bmc 16, bmc16 auh, bmc auh 16, bmcity16, bldmaterialcity16"
BMC 7,subcommunity,"Building Materials City, Abu Dhabi","bmc7, bmc-7, bmc seven, bmcity 7, bmc 7th, bld mat city 7, building material city 7, bmc7 abu dhabi, bm city 7, bmcseven, bmc-seven, bmc7ad, bmcity7, bmc 7 auh"
BNH Townhouses,subcommunity,"Al Furjan, Dubai","bnh, bnh th, al furjan bnh, bnh al furjan, bnh furjan, bnhth, bnh town house, bnh townhoses, bnh townhouss, bnh townh, bnh residences, bnh furjan townhouses"
Bnh Twin Tower,subcommunity,"Al Furjan, Dubai","bnh, bnh tower, bnh twins, bnh furjan, al furjan bnh, bnhalfurjan, bnhalfrjan, bnhtwintowers, bnh twin, bnh twr, bnh twrs, bnhal furjan, bnh furjan tower, bnh twn twr"
Boraq Tower,subcommunity,"Business Bay, Dubai","boraq, boraqtwr, boraq bbay, bbay boraq, boraq business bay, borak tower, borag tower, boraq twr, boraqtower, bbay boraqtower, boraq-twr, boraq businessbay, borraq tower, borraqtower"
Boris Becker Business Tower,subcommunity,"Business Bay, Dubai","bbbt, boris becker tower, boris becker, bbt, bb business tower, boris becker bus bay, boris becker business, bbbt business bay, bbbt bb, business bay boris becker, borisbeckerbt, borisbeckerbusiness, bbt business bay, bbbtower, borris becker tower, boris becker ttw, b.b.b.t, bbbt office, bbt office, borisbecker, business bay bbt"
BOS Al Khan Tower,subcommunity,"Al Khan, Sharjah","bos, bos tower, bos alkhan, bos al khan, bosalkhan, bosalkhantower, al khan bos, alkhan bos, bos tower sharjah, bos sharjah, bos khan, boss al khan, bos alkn, bos alkhan tower, bos al khan twn, bos twn"
Botanica,subcommunity,"Jumeirah Village Circle, Dubai","bot, botanica jvc, jvc botanica, botanika, botnica, botanica circle, botnica jvc, jvc botnica, botanica tower, botnica tower"
Botanica Tower,subcommunity,"Dubai Marina, Dubai","botanica, botanica marina, marina botanica, botanicatower, botanica t, botanica tnr, botanca, botanika, botanica tr, btnc, btnc tower, botanica dubai marina, botanica marina tower, botanica tbr, botanica twr"
Bottle building,subcommunity,"Abu shagara, Sharjah","bottle bldg, bottlebldg, bottle sharjah, abu shagara bottle, botle bldg, botle building, bottle bilding, bottlebld, abushagara bottle, bottle blding"
Boulevard Central Towers,subcommunity,"Downtown Dubai, Dubai","bct, blvd central, boulevard central, blvd central towers, bct downtown, blvd central downtown, blvdcentral, boulevardcentral, blvd central t, bct dubai, blvd cntrl, blvd central twrs, blvd central tewers, blvd centeral, blvd centrel, downtown bct, blvd central dt, bct dxb, blvd cental, blvd centrl towers"
Boulevard Plaza Towers,subcommunity,"Downtown Dubai, Dubai","blvd plaza, blvd plazas, blvd plaza towers, boulevard plaza, bp towers, bpt, blvd plaza t1, blvd plaza t2, boulevard plaza t1, boulevard plaza t2, blvd plaza dubai, downtown blvd plaza, blvdplaza, blvdplazatowers, bptowers, blvd plaza towrs, blvd plazza, blvd plaza tower, blvd plza, boulevard plaza dt, dt blvd plaza, downtown boulevard plaza"
Boulevard Point,subcommunity,"Downtown Dubai, Dubai","bp, blvd point, blvdpt, boulevardpt, blvdpnt, blvdpoint, downtown bp, bp downtown, blvd point downtown, blvd pnt, bvd point, blvpoint, boulevardpoint, blvdpont, bp sub, bp community, blv point, blvd. point"
Boutique 23,subcommunity,"Al Jaddaf, Dubai","bt23, boutiq23, b23, aljaddafbt23, btq23, btq 23, jaddafbt23, boutiq 23, boutque23, bt23jaddaf, aljadadfboutique23, boutique23aljaddaf"
Boutique 7,subcommunity,"Barsha Heights (Tecom), Dubai","boutique7, boutique-7, btq7, btq 7, boutique seven, btqseven, tecom boutique 7, barsha heights boutique 7, boutique7 tecom, btq7 tecom, boutique sev, boutique7 hotel, btq 7 hotel, boutique 7 hotel, boutique7apartments"
Boutique XII,subcommunity,"Culture Village, Dubai","btq12, boutique12, b12, btq xii, b-12, boutiquexii, culture village boutique 12, cv boutique 12, boutique 12 cv, btq 12 culture village, btq xii culture village, boutiq 12, boutiq xii, btq-12, b-xii, boutiquetwelve, btqtwelve, btq 12, b 12 cv, b12 cv, boutique 12 dubai, btq 12 dubai"
Boutiques XII,subcommunity,"Al Jaddaf, Dubai","boutiques 12, boutiques 12 jaddaf, jaddaf boutiques 12, btq 12, btq xii, boutiquesxii, boutiques12, btxii, btq12, boutiques 12 al jaddaf, al jaddaf boutiques 12, boutiq 12, boutiqs 12, boutiq xii, boutiques12jaddaf, b12, b12 jaddaf"
BQ2 Residence,subcommunity,"Jumeirah Village Triangle, Dubai","bq2, bq 2 res, bq2 res, jvt bq2, bq2 jvt, jvt bq 2, bq2res, bq2residence, bq2jvt, jvt bq2 residence, bq2 res jvt"
Brashy Building,subcommunity,"Sheikh Zayed Road, Dubai","brashy, brashy bldg, brashy building szr, szr brashy, brashy szr, brashybldg, brashyblg, brashibuilding, brashybuildin, brashyblding, brashy building dubai, brashy dxb, brashy s.z.r, brashyroad, brashybuilding szr"
Azure Residences,subcommunity,"Dubai Silicon Oasis, Dubai","azr, az, azr res, az resid, azure res, azur, azur res, azur resid, azrds, azr resid, azr residence, azure residence, silicons oasis azure, silicon oasis azr, azure silicon oasis, silicons oasis azureres, azureresidences, azureres, azureresid, azurres, azurresid, azurresidence, azurresidences, azurresidenc, azurresidencs, azurresidencse"
Breeze Island,subcommunity,"Al Marjan Island, Ras Al Khaimah","breeze, bz island, bzi, breeze is, breeze rak, breeze marjan, al marjan breeze, marjan breeze, breeze al marjan, breezei, breze island, breez island, breezeis, breezeisl, breezisland, bzi rak, rak breeze, almarjan breeze, marjanbreeze, breezeislandrak"
Bristol Towers,subcommunity,"Business Bay, Dubai","bristol, bristoltower, bristol bbay, bristol business bay, bristol bb, btowers, b towers, bristol turs, bristol twrs, bristol twr, bristol tbrs, bristol towers business bay, bb bristol, bristolbb, b-bay, bristol tower business bay"
Brookfield,subcommunity,"DAMAC Hills, Dubai","brook, brookfield dh, brookfield damac, brookfield damac hills, brookfield hills, brookfild, brookfied, brookfieldd, damac brookfield, dh brookfield, dch brookfield, brookfield sub, brookfield community"
Bu Tina,subcommunity,"Al Sharq, Sharjah","butina, btina, bu tina sharjah, al sharq bu tina, sharjah bu tina, butina sharjah, btina sharj, bu tina shj, btina shj, buitina, bu-tina, buutina, bu tennia, butena, al sharq butina"
Budaniq,subcommunity,"Al Qasimia, Sharjah","budniq, budaniq sharjah, alqasimia budaniq, bdnq, bdniq, budaniq alqasimia, al qasimia budaniq, budaneeq, budniq sharjah, alqasimia budniq, bduaniq"
Budaniq Building,subcommunity,"Abu shagara, Sharjah","budaniq, budaniq bldg, budaniq sharjah, budaniq abu shagara, bdaniq, budanig, budanq, budniq, budanq bldg, abushagara budaniq, budaniqbldg, budaniqabu, budaniqshj, bldg budaniq"
Bugatti Residences,subcommunity,"Business Bay, Dubai","bugatti, bugatti res, bugatti resi, bugati, bugatti residences business bay, bugatti business bay, bb bugatti, bugatti bb, bugattiresidences, bugattires, buggatti, bugatti resd, bugatti rez, bugatti resid, bugatti dubai, bugatti res business bay"
Building 1,subcommunity,"City Walk, Dubai","b1, bldg1, bldg 1, b-1, b 1, citywalkb1, citywalk b1, cw b1, cw bldg 1, citywalk building 1, cwb1, citywalkbldg1"
Building 1,subcommunity,"Yasmin Village, Ras Al Khaimah","b1, bldg1, bldg 1, yv b1, yasmin village b1, yasmin b1, yv building 1, yasmin vlg b1, yasmin vil b1, yv bldg 1, b1 yasmin, bld 1, bldg1 yasmin, yasmin village building 1"
Building 10,subcommunity,"City Walk, Dubai","bldg10, b10, blg10, build10, citywalk10, cw10, cw bldg 10, citywalk bldg 10, bldg ten, bld10, buildng10, blgd10, city walk 10, cw building 10"
Building 10,subcommunity,"Yasmin Village, Ras Al Khaimah","b10, bldg10, bld10, yasmin b10, yasminb10, yasmin bldg10, yasmin village b10, yv b10, yv bldg10, buildingten, bldgten, yasminbldg10, blding10, yasmin bld 10"
Azure Residences,subcommunity,"Palm Jumeirah, Dubai","azr, azr resid, azr res, azure res, az resid, a.r., azr palm, palm azure, palmj azr, palmjumeirah azure, palmjumeirah resid, palmjumeirah res, azure, azur, azurre, azurres, azur resid, azur res, azur reisdences, azur residnces, azureresidences, azurepalm, palmjumeirahazure, palmjazure"
Building 11,subcommunity,"Yasmin Village, Ras Al Khaimah",
Building 11A,subcommunity,"City Walk, Dubai","b11a, bld 11a, bldg 11a, bld11a, bldg11a, citywalk 11a, city walk 11a, cw 11a, cw b11a, city walk bldg 11a, bldg 11-a, blg 11a, citywalk bldg 11a, cw bldg 11a"
Building 11B,subcommunity,"City Walk, Dubai","b11b, bldg 11b, bld 11b, building11b, b11, 11b, citywalk 11b, citywalk b11b, cw 11b, cw b11b, bldg11b, bldg 11 b, building 11-b, b-11b, 11-b, citywalk building 11b, cwalk 11b, cwalk b11b, bld11b, b11-b"
Building 12,subcommunity,"Yasmin Village, Ras Al Khaimah",
Building 13A,subcommunity,"City Walk, Dubai","b13a, bldg13a, 13a, bldg 13a, citywalk 13a, cw 13a, city walk 13a, b13a citywalk, bldg 13a city walk, city walk bldg 13a, cwalk 13a, bldg thirteen a, b13 a, citywalkb13a, cw13a, bldg13a citywalk"
Building 13B,subcommunity,"City Walk, Dubai","b13b, bldg13b, bldg 13b, 13b citywalk, citywalk 13b, cw 13b, cw b13b, city walk 13b, b13b city walk, bldg 13, b13, citywalkb13b, citywalkb13, cwb13b, bldg13-b, citywalk 13-b, 13-b citywalk"
Building 14,subcommunity,"City Walk, Dubai","b14, bldg 14, bld 14, citywalk 14, city walk 14, cw 14, cw14, buildingfourteen, bldgfourteen, b14 city walk, citywalk b14, bldg 14 city walk, bld 14 citywalk, buildng 14, bulding 14, bldg14, b14cw, citywalk building 14"
Building 15,subcommunity,"City Walk, Dubai","b15, bld15, building15, citywalk15, cw15, cw building 15, cwb15, city walk 15, bldg 15, bldng 15, citywalk b15, cw b15, citywalkbuilding15, citywalkb15"
Building 16,subcommunity,"City Walk, Dubai","b16, bldg 16, bld 16, citywalk b16, city walk b16, citywalk building 16, bldg16, bld16, cwb16, city walk 16, b16 city walk, bld16 citywalk, building16, bldg sixteen, bld sixteen"
Building 17,subcommunity,"City Walk, Dubai","b17, b-17, bldg 17, bld 17, bld17, b-seventeen, building seventeen, city walk 17, city walk b17, citywalk 17, citywalk b17, cwb17, citywalkb17, bld17citywalk, b17citywalk, bldg17citywalk, bldg seventeen, bldgseventeen"
Building 18A,subcommunity,"City Walk, Dubai","b18a, bld 18a, build 18a, citywalk 18a, cw 18a, city walk 18a, bldg18a, b18, 18a city walk, citywalk b18a, cwb18a, blding 18a, bld-18a, 18-a city walk, city walk b18a, bld18a"
Building 18B,subcommunity,"City Walk, Dubai","b18b, bldg 18b, bldg18b, citywalk 18b, city walk 18b, cw 18b, cw18b, bldg 18-b, building 18-b, b18-b, citywalk b18b, bld 18b, bldg18-b, citywalk bldg 18b, bldg eighteen b"
Building 19,subcommunity,"City Walk, Dubai","b19, bld 19, bldg 19, citywalk b19, citywalk building 19, cw b19, cw bldg 19, bldg19, b19citywalk, bldg19citywalk, blg 19, blding 19, bilding 19, city walk b19, b19 cw"
Building 2,subcommunity,"Yasmin Village, Ras Al Khaimah","b2, bldg2, yasmin bldg 2, yasmin b2, yasminvillage b2, yv b2, yasmin bldg two, bldg two, yv bldg 2, yasminb2, b2 yasmin, bldg2 rak, yasmin village bldg 2, yv building 2, bld 2, bldg 2 rak, yasmin bld 2"
Building 20,subcommunity,"City Walk, Dubai","b20, bldg 20, bldg20, building20, citywalk b20, citywalkb20, citywalk bldg 20, cw b20, cw building 20, cwb20, b20 city walk, bldg20 citywalk, buildin 20, buiding 20, bilding 20, bldg twenty, b20 cw"
Building 2020,subcommunity,"Sheikh Zayed Road, Dubai","b2020, bldg2020, bld2020, 2020 bldg, 2020 building, szr 2020, 2020 szr, building2020, bldg 2020, 2020bldg, 2020 bld, twenty twenty bldg, 2020s zr, 2020szr, blding2020, buildng 2020, bldg20-20, 2020 tower"
Building 21A,subcommunity,"City Walk, Dubai","bldg 21a, b21a, 21a, bld 21a, building21a, city walk 21a, citywalk 21a, cw 21a, citywalkb21a, b21a citywalk, bldg 21, build 21a, bldng 21a, city walk b21a, 21a citywalk, b21-a, b21a city walk"
Building 21B,subcommunity,"City Walk, Dubai","b21b, b 21b, bld 21b, bldg 21b, b21, building 21, city walk b21b, citywalk b21b, cw b21b, cw21b, city walk 21b, b21b city walk, bld21b, bldg21b, b21b dubai, b 21 b, building21b"
Building 22,subcommunity,"City Walk, Dubai","b22, bldg 22, bld 22, city walk b22, citywalk b22, b22 city walk, cw b22, building22, bldg22, citywalkb22, bld22, citywalk building 22, cw building 22, b22 cw, bldg 22 city walk"
Building 23A,subcommunity,"City Walk, Dubai","b23a, bldg 23a, 23a, city walk 23a, citywalk23a, cw 23a, cw23a, bldg23a, build 23a, 23a city walk, citywalk bldg 23a, city walk b23a, 23a citywalk, build23a, bldg. 23a"
Building 23B,subcommunity,"City Walk, Dubai","bldg 23b, b23b, bldg23b, citywalk 23b, city walk 23b, cw 23b, citywalkbldg23b, citywalk b23b, bldg 23-b, b23-b, building23b, city walk bldg 23b, cw b23b"
Building 24,subcommunity,"City Walk, Dubai","b24, bldg24, citywalk24, bld24, city walk 24, cwalk 24, cwalk24, blding24, bldng24, bldg 24, citywalk bldg 24, cw24, buildingtwentyfour, bldg twenty four, b24 city walk, c walk 24"
Building 24,subcommunity,"Dubai Healthcare City, Dubai","b24, bldg 24, building24, dhcc b24, b24 dhcc, healthcare city b24, bldg24, b24building, building 24 dhcc, b24 dhc, bld 24, blg 24, dhcc building 24, b-24"
Building 24,subcommunity,"Dubai Internet City, Dubai","b24, bldg 24, build 24, bld24, b24 dic, dic b24, building24, bldg24, dic building 24, bldg 24 dic, b 24, internet city b24, dic bldg 24, bld 24, building 24 internet city"
Building 25,subcommunity,"City Walk, Dubai","b25, bldg 25, build 25, city walk 25, citywalk 25, cw b25, cw building 25, bldg25, build25, citywalk b25, city walk bldg 25, bldng 25, bldg-25, city walk building 25, cwalk 25, cw 25"
Building 25,subcommunity,"Dubai Healthcare City, Dubai","b25, bldg 25, dhcc bldg 25, dhcc building 25, bldg25, building25, dhcc b25, d.h.c.c b25, bld 25, bld25, dhcc 25, healthcare city b25, bldg. 25"
Building 26,subcommunity,"Dubai Healthcare City, Dubai","b26, bldg 26, bld 26, b-26, dhcc b26, b26 dhcc, building26, bldg26, bld26, dhccb26, bldg 26 dhcc, dhcc building 26, build 26, bldg-26, blg 26, blgd 26"
Building 27,subcommunity,"Dubai Healthcare City, Dubai","b27, bldg 27, bldg27, building27, dhcc b27, dhcc building 27, dhccb27, dubai healthcare city b27, healthcare city 27, bld 27, bldg. 27, bldg.27, dhcc-b27, buildng 27, bulding 27, bldg 27 dhcc"
Building 2A,subcommunity,"City Walk, Dubai","b2a, bldg2a, building2a, cw b2a, city walk 2a, cw building 2a, citywalk b2a, citywalk 2a, bld2a, b2-a, bldng2a, cw bldg 2a, city walk bldg 2a, b2a citywalk, citywalk2a"
Building 2B,subcommunity,"City Walk, Dubai","b2b, bldg2b, b-2b, bldg 2b, citywalk 2b, cw 2b, cw2b, bldng 2b, citywalk b2b, b2b citywalk, b2 b, bld 2b, build 2b, bldg2-b, citywalk building 2b"
Building 3,subcommunity,"Yasmin Village, Ras Al Khaimah","b3, bld 3, bldg3, yasmin b3, yv b3, yasmin village b3, b3 yasmin, bldg 3 yasmin, yasmin bldg 3, yv bldg 3, bld3, b3 yasmin village, yasminvlg b3, yasminvillage b3, b-3, bldg-3"
Building 367-646,subcommunity,"Umm Al Sheif, Dubai","b367-646, bldg367-646, 367-646, umm al sheif 367, uas 367, umm alsheif 367-646, b367646, bldg 367 646, um al sheif 367, uas bldg 367, 367646, ummalsheif 367, bldg367, 367-646 umm al sheif, bldg 367646"
Building 3A,subcommunity,"City Walk, Dubai","b3a, bldg 3a, bld 3a, b3a citywalk, citywalk b3a, citywalk bldg 3a, citywalk building 3a, bld3a, building3a, b3, bldg3, city walk b3a, cwalk b3a, cwalk bldg 3a"
Building 3B,subcommunity,"City Walk, Dubai","b3b, bldg3b, cw3b, citywalk3b, 3bcitywalk, build3b, bld3b, b3-b, b 3b, city walk b3b, cw b3b"
Building 4,subcommunity,"Yasmin Village, Ras Al Khaimah",
Building 40,subcommunity,"Dubai Healthcare City, Dubai","bldg 40, b40, dhcc bldg 40, dhcc b40, bld 40, building40, bldg40, dhccbuilding40, dhccbldg40, healthcare city bldg 40, healthcare city 40, blding 40, bldg forty, bldg-40, dhcc-b40, dhccb40"
Building 47,subcommunity,"Dubai Healthcare City, Dubai","b47, bldg47, dhccb47, bldg 47 dhcc, dhcc bldg 47, bld47, bldg47 dhcc, dhcc building 47, 47bldg, 47b, dhcc47, bldg-47, bldg.47, bld. 47, dhcc b47"
Building 49,subcommunity,"Dubai Healthcare City, Dubai","b49, bldg 49, dhcc bldg 49, bldg49, b49 dhcc, healthcare city bldg 49, bld 49, build 49, bldg49dhcc, b49healthcarecity, dhcc b49, buildg 49, bldg49 dubai healthcare city"
Building 4A,subcommunity,"City Walk, Dubai","bldg 4a, bld 4a, b4a, bldg4a, citywalk bldg 4a, citywalk b4a, cw bldg 4a, cw b4a, blding 4a, build 4a, blg 4a, citywalk 4a, cw4a, 4a citywalk, 4a bldg, bldg four a, bldg4a citywalk"
Building 4B,subcommunity,"City Walk, Dubai","b4b, bldg 4b, b4b citywalk, citywalk b4b, city walk b4b, 4b citywalk, bld4b, bldg4b, b4b city walk, building4b, b4bcitywalk, bldg4b citywalk, b4-b, b4b citywalk dubai, bld 4b, b4b cw, cw b4b"
Building 5,subcommunity,"City Walk, Dubai","bldg 5, b5, bld5, bldg5, citywalk b5, citywalk building 5, cw bldg 5, cw b5, city walk bldg 5, citywalkb5, bldg-5, bld 5, bldg five, bldng 5, city walk building5, cwb5, building5"
Building 5,subcommunity,"Yasmin Village, Ras Al Khaimah","b5, yasmin b5, bldg 5, yasmin bldg 5, yv b5, yasminv b5, bldg5, yasminb5, bld5, yasmin bld5, b5 yasmin, yasmin village b5, yasmin village bldg 5, bldg5 yasmin, yasmin bldg5, bldg-5, yasminbldg5"
Building 52,subcommunity,"Dubai Healthcare City, Dubai","b52, bldg 52, bld 52, dhcc b52, b52 dhcc, bldg52, bld52, healthcare city 52, dhcc building 52, bldg 52 dhcc, b52 healthcare city, b52 building, bldg52 dhcc, bld52 dhcc, building52, bldg-52, b52-dhcc"
Building 53,subcommunity,"Dubai Healthcare City, Dubai","b53, bldg 53, build 53, dhcc b53, bldg53, b53 dhcc, dhcc building 53, build53, bldg-53, b 53, dhccb53, buildng 53"
Building 6,subcommunity,"Yasmin Village, Ras Al Khaimah","bldg 6, bld 6, yasmin 6, yasmin bldg 6, yv bldg 6, yv bld 6, yasmin village 6, bldg6, bld6, yasmin6, yasminvillage6, yasminbldg6, yv6, yasmin vill 6, yasmin vlg 6, building6, bldng 6, bldg. 6, yasmin bldg6, yv bldg6"
Building 6A,subcommunity,"City Walk, Dubai","b6a, bldg6a, bldg 6a, citywalk b6a, citywalk building 6a, cw b6a, cw building 6a, b6a citywalk, bldg6a citywalk, citywalk6a, cw6a, build6a, blg6a, bld6a, bldg-6a, cwb6a"
Building 6B,subcommunity,"City Walk, Dubai","b6b, bldg 6b, city walk 6b, citywalk 6b, 6b city walk, cw 6b, citywalkb6b, bld6b, b6, citywalk bldg 6b, b6b citywalk, city walk b6, bld 6b, citywalk b6, 6b cw"
Building 7,subcommunity,"City Walk, Dubai","b7, bld7, bldg 7, bldg7, citywalk b7, citywalk bldg 7, citywalkb7, city walk b7, citywalk bldg7, b7 citywalk, bldg7 citywalk, citywalkbldg7, bld 7, bldg-7"
Building 7,subcommunity,"Yasmin Village, Ras Al Khaimah","b7, bld7, bldg7, yasmin b7, yasmin village b7, yasmin bldg7, yv b7, bldg 7 yasmin, yasmin bldg 7, bldg 7 rak, b7 rak, yasmin v b7, yasminvil b7, yasmine b7, yasmin vil bldg 7"
Building 72,subcommunity,"Dubai Healthcare City, Dubai","b72, bldg72, dhccb72, b72dhcc, bldg 72 dhcc, dhcc bldg 72, bld 72, building72, bldg-72, 72bldg, 72 dhcc, dhcc building 72, bldg72dhcc, bld72, dhccbldg72"
Building 8,subcommunity,"City Walk, Dubai","b8, bldg 8, bld 8, blg 8, bldng 8, citywalk b8, city walk b8, citywalkb8, citywalk building 8, b8 citywalk, cwb8, cw b8, bldg8, bld8, blg8, building8, b8 building, b8 bldg"
Building 8,subcommunity,"Yasmin Village, Ras Al Khaimah",
Building 88,subcommunity,"Arjan, Dubai","b88, bld 88, bldg 88, bldg88, building88, arjan b88, arjan bldg 88, b88 arjan, bldg 88 arjan, bld88, bldg88 arjan, b-88, build 88, arjan building 88, arjan bldg88"
Building 9,subcommunity,"City Walk, Dubai","bldg 9, b9, bld 9, build 9, city walk b9, cw b9, cw building 9, bldg9, b9citywalk, citywalk bldg 9, blding 9, bldng 9, bld9, bldg-9, building9"
Building 9,subcommunity,"Yasmin Village, Ras Al Khaimah",
Building C59 ICT,subcommunity,"Al Wahda, Abu Dhabi","c59, bldg c59, c 59 ict, c59 ict, al wahda c59, ict c59, c59 al wahda, c59ict, c59abu dhabi, c59 alwahda, bldg c59 ict, c59 building, ict c 59, alwahda c59, c 59, c59 bldg"
Building C59 ICT,subcommunity,"Muroor Area, Abu Dhabi","c59, bldg c59, c59 muroor, c59 building, muroor c59, ict c59, c 59, c-59, c59ict, c59muroor, bldgc59, c59bldg, c59 ict muroor, muroor ict c59, ict building c59, c59 ict abu dhabi, c59 building muroor"
Building P/2278,subcommunity,"Khalifa City, Abu Dhabi","p2278, bldg p2278, kcp2278, khalifa p2278, p 2278, bldg 2278, kcp/2278, khalifa city p2278, p2278bldg, p2278khalifa, p2278 khalifa, bldg2278, p-2278, khalifa bldg p2278, kcp 2278, p2278khalifacity, bldg p 2278, p2278kcity"
Bukhara Street,subcommunity,"Al Nahda, Sharjah","bukhara st, bukhra st, bukhara street shj, al nahda bukhara, bukhara st al nahda, bukhra street, bukhra, bukharast, bukharastreet, bukhara st sharjah, bukhra st shj, bukhara shj, bkhr st, bukhra al nahda"
Bungalow Area,subcommunity,"Green Community, Dubai","bungalow, bunglow, bunglo, gc bungalow, green community bungalow, bungalow gc, bunglow gc, bunglo gc, bungalowarea, bunglowarea, gc bungalow area, green comm bungalow, gcb, bunglowgc"
Bunyan Tower,subcommunity,"Dubai Marina, Dubai","bunyan, bunyan twr, bunyan tower marina, marina bunyan, bynyan tower, bunyan towerr, bunyan tware, bunyantower, bunyantwr, banyan tower, bunyan marins, bunyan mrt, bnyan tower"
Burj Al Alam (Fortune 101),subcommunity,"Business Bay, Dubai","fortune 101, f101, burj al alam, burjalalam, burj alalam, bba fortune 101, fortune 101 business bay, bb fortune 101, fortun 101, forturn 101, fortune101, bba f101, f 101, fortun 1o1"
Burj Al Arab,subcommunity,"Al Markaziyah, Abu Dhabi","ba, burjal, burjalarab, b.a.a, burj al arab ad, al markaziyah ba, burjalarab ad, ba abu dhabi, burjalrab, burjarab, burjalarababu dhabi, ba al markaziyah, burjalraab, burjal-arab"
Burj Al Fara'a,subcommunity,"Jumeirah Village Circle, Dubai","baf, burj alfaraa, burjalfaraa, jvc baf, baf jvc, burj al fara, burj alfara, burj alfarah, burj al farah, jvc burj al faraa, burjalfara, baf jumeirah village circle, jvc burjalfaraa"
Burj Al Furqan,subcommunity,"Emirates City, Ajman","baf, burj al furqan ajman, furqan, furqan tower, baf ajman, burjal furqan, furqan emirates city, emirates city furqan, b.a.f, furqan bldg, al furqan, burj alfruqan, burj alfurqan, b.a.furqan, furqan residence, emirates city baf"
Burj Al Jewn,subcommunity,"Danet Abu Dhabi, Abu Dhabi","burjaljwn, baj, baj sub, burj al joon, burjaljoon, burjaljawn, burj al jewon, danet burj al jewn, burj al jewn danet, baj danet, danet baj, burjaljewn, b aj, burj al jewen, burj al jewwn, burjaljewwn"
Burj Al Nakheel,subcommunity,"Al Najda Street, Abu Dhabi","burjalnakheel, alnakheel, nakheelst, nakheelad, alnakheelst, alnakheelad, najdanakheel, alnajdanakheel, nakheelstreet, alnakhel, alnakhelst, bnakheel, alnakheelsub, nakheelabu, alnakheelarea"
Burj Al Nujoom,subcommunity,"Downtown Dubai, Dubai","ban, burj al nojoom, burj al nujum, burjalnujoom, ban downtown, downtown ban, burj nujoom, b.a.n, b.a.n downtown, burj al nujoom downtown, burjalnojoom, burj al nujom, burjalnujum, ban dxb, downtown burj al nujoom"
Burj Al Salam,subcommunity,"Sheikh Zayed Road, Dubai","bas, burjalsalam, burjal-salam, burjalslm, burjal slem, burj al slam, bas szr, szr burj al salam, burjalsalam tower, bas tower, burjalsalamdwc, burjalsalamdubai, basdubai, burjalslalam, burjalsalamm"
Burj Al Shams,subcommunity,"Downtown Dubai, Dubai","bas, burjalshams, bshams, bshams downtown, downtown bshams, burjshams, b.shams, burjalshams dtn, bshams dxb, burjalsams, b al shams"
Burj Al Yaqout,subcommunity,"Danet Abu Dhabi, Abu Dhabi","bay, burjalyaqout, burjalyagout, burjalyaqoot, burjalyaqut, bay danet, danet bay, danet burj al yaqout, b.a.y, burj al yaqout abu dhabi, burjalyaqout ad, bay ad, burj yaqout, burjlyaqout, burjalyqout, b al yaqout"
Burj Azizi,subcommunity,"Sheikh Zayed Road, Dubai","bazizi, b.azizi, burjazi, burjazizi, bz, bz szr, burj azizi szr, burjaziziszr, szr burj azizi, b azizi, burj azizzi, burj azzi, burjazii, szr bz"
Burj Binghatti Jacob & Co,subcommunity,"Business Bay, Dubai","bbj, bbjaco, burjbinghatti, binghattijacob, jacobco, jacobandco, bbg, bbinghatti, binghattijacobco, bbjacob, burjbinghatijacob, bbinghattijacob, burjbinghatijacobco, bb jacob, binghatti jacob, jacob tower, b.bay jacob, business bay jacob, jacob business bay, bbj business bay, bbinghatijacob, jacobandco tower, jacob tower business bay"
Azurite Tower,subcommunity,"Al Jaddaf, Dubai","azt, atwr, azur, azur t, azur twr, azur tr, azurite t, azurite twr, azurite tr, azurite tw, azurite t., a tower, atower, a.tower, aljaddaf azurite, aljaddaf azur, aljaddaf azurite tower, aljaddafazurite, aljaddafazuritetower, azuritetower, azuritetwr, azuritet, azuritte tower, azurite towre, azurite tow, azurite towr, azurite twer"
Burj Crown,subcommunity,"Downtown Dubai, Dubai","bc, burjcrown, burjcrwn, brjcrown, bcrown, downtown bc, bc downtown, burj crown downtown, burjcrwn dt, dt bc, b crown, burjcrowns, burjcrown dxb"
Burj Daman,subcommunity,"DIFC, Dubai","bd, burjdaman, difc bd, bd difc, burj damman, burj damun, b daman, burjdaman difc, bd building, burj daman building"
Burj Khalifa Area,subcommunity,"Downtown Dubai, Dubai","burj, bk, bka, burjkhalifa, burjkhalifaarea, downtownbk, bkarea, burjkhalifa-area, burjkhalfa, burjkhalif, b-k, burjkhalifa dxb, burjkhalifa downtown, b k, burjkhalifaa, burjkhalifa area"
Burj Lake Hotel - The Address DownTown,subcommunity,"Downtown Dubai, Dubai","address downtown, the address downtown, addr downtown, addrdowntown, addressdt, addr dt, address dtown, addr dtown, addressdowntown, addrs downtown, adress downtown, address down town, dt address, downtown address, address hotel downtown, address hotel dt, addres downtown, address dwntown, address dwn town"
Burj Mohammed Bin Rashid at WTC,subcommunity,"Corniche Road, Abu Dhabi","bmbr, burj mbr, mbr tower, burj mohd bin rashid, wtc tower, wtc corniche, burj mohammed bin rashid wtc, burj mohammed, burj mohamad bin rashid, bmbr wtc, wtc abu dhabi, burj mohammed bin rashid corniche, bmb r, burjmohammedbinrashid, bmbrtower, wtccorniche, burjmohammed, burjmohd, burj mohd bin rashed, burj mohammed bin rashed, wtc res, wtc apartments"
Burj Pacific,subcommunity,"Business Bay, Dubai","bp, burj pac, burj pacifi, burjpasific, burjpacific, bp business bay, business bay bp, burj pacific business bay, burjpac, burj pacifik, bp bb, bb bp, burj pacifiq, burj pacific bb"
Burj Park,subcommunity,"Downtown Dubai, Dubai","bp, burjpk, burjprk, burj park dubai, downtown bp, bp downtown, burjpark downtown, burj park dxb, burjpark, brjpk, burj prk, downtown burj park, burj park dt, burjparkdt, bpdt"
Burj Place,subcommunity,"Downtown Dubai, Dubai","bp, burjp, bplace, burjplace, downtown bp, bp downtown, burjplace downtown, downtown burjplace, burjplce, burjplac, b-place, burj-place"
Burj Regent,subcommunity,"Marmooka City, Ajman","br, brg, bregent, b-regent, regent ajman, marmooka br, marmooka regent, m-city br, burjregent, brgent, bregnt, buj regent, burj reigent, burj regnt, b regent, brg ajman, brg marmooka, marmooka brg"
Burj Residence 2,subcommunity,"Jumeirah Village Circle, Dubai","br2, burjres2, burjres 2, br 2, burj residence ii, br2 jvc, jvc br2, burjresidence2, burjresidnce 2, burjresidences 2, burj res 2, br ii, burj residence two, burjresidence ii, br 2 jvc, jvc burjres 2"
Burj Residence 3,subcommunity,"Arjan, Dubai","br3, burjres3, burj residence iii, burj res 3, arjan br3, br 3 arjan, burjresidence3, burj residense 3, burj residance 3, burj resd 3, b residence 3, arjan burj residence 3, burjres 3, brthree, burjres3 arjan"
Burj Royale,subcommunity,"Downtown Dubai, Dubai","br, brj, roy, royal, burjroyal, brjroyal, burjroy, downtown br, br downtown, burj royale downtown, burjroyale, brjroyale, burj royle, burj roayl, burjroayl, burjroyle, br royale, royale, brj ryl, burj ryl"
Azzam One Residence,subcommunity,"Al Raha Beach, Abu Dhabi","azzam1, azzamone, azzamres, azz1, azz1res, a1, a1res, aor, aorres, aone, aoneres, aone_residence, azzamoneresidence, azzam1residence, azzam1res, azammone, azamm1, azammres, azamm1res, azzamoneres, azzam1resid, azzam1residenc, azzam1residnce, alrahaazzamone, alrahaazzam1, alrahaa1, alrahaaone, alraha a1, azzam one residenc, azzam one residnce, alraha azzam one, azzamone alraha, azzam1 alraha, alraha a1 residence."
Burj Sabah,subcommunity,"Jumeirah Village Circle, Dubai","bs, b sabah, burjsabah, burj saba, burjsaba, jvc burj sabah, burj sabah jvc, b sabah jvc, jvc b sabah, burj sabaa, burj sabaah, b.sabah, burj sabha, bsjvc, jvcbs"
Burj View Residence,subcommunity,"Arjan, Dubai","bv residence, bv res, burjview, burj view, bvr, arjan bv, arjan bvr, bv arjan, burjview arjan, burj view arjan, bvr arjan, burjveiw, burjvew, burjviewres, bvres, bvresidence, brj view, brjview, arjan brjview, burjviewresidence"
Burj Views,subcommunity,"Downtown Dubai, Dubai","bv, burjview, burj v, bviews, burjviews, burjv, burj views downtown, downtown burj views, burjviews downtown, bvd, burjviewsdubai, burj viwes, burj veiws, burjveiw, burjviews dxb, burjviews dt, dt burjviews, bvdubai, bvdowntown"
Burj Vista,subcommunity,"Downtown Dubai, Dubai","bv, burjvista, burj vista downtown, downtown burj vista, burj vsta, burj vist, bvista, burjvist, burj vista dt, dt burj vista, burj vistas, burj vistar, burj vistta, b vista, burj-vista, burjvista downtown"
Business Avenue Tower,subcommunity,"Al Danah, Abu Dhabi","bus ave, business ave, bus avenue, business av, busav, businessavenue, busavetower, busav tower, al danah business ave, business ave al danah, bus avenue ad, busave ad, biz avenue, biz ave, businnes ave, busness ave, busines avenue, bussiness ave, bus ave tower, busavetwr"
Business Bay Mall,subcommunity,"Business Bay, Dubai","bb mall, biz bay mall, bizbaymall, businessbay mall, bb mall dubai, bbmall, bizbay, bb, biz bay, businessbay, bbay mall"
Business Center Tower,subcommunity,"Hamdan Street, Abu Dhabi","biz center tower, bct, bct hamdan, hamdan biz center, business center abu dhabi, biz center ad, bizcentertower, bctower, hamdan business center, businesscentertower, bz center, biz centre tower, biz center hamdan, bc tower, bct hamdan st"
Business Central,subcommunity,"Business Bay, Dubai","bc, bcb, bcbay, bcbusinessbay, bizcentral, businesscentrl, bcentral, bcent, businessbaybc, buscentral, buscent, bizzcentral, businescent, bcbayuae"
Business Central,subcommunity,"Dubai Media City, Dubai","bct, bctower, businesscentral, buscentral, bcm, bcmc, bcmedia, bcdubai, mediacitybct, bizcentral, bizct, bcent, bcentr, businesscentr, bscentral, bscity, businessmedia"
Business Park,subcommunity,"Dubai South (Dubai World Central), Dubai","bp, biz park, businesspark, bus park, bsns park, bsnspark, ds bp, ds business park, dubai south bp, dwc bp, dwc business park, busness park, bizpark, bp dubai south, buspark, busines park"
Business Park,subcommunity,"RAK FTZ, Ras Al Khaimah","bp, rakbp, bizpark, businesspark, rakftzbp, buspark, bus park, rak business park, bzpark, bz park, biz park, bp rak, rkbizpark, bizparkrak, rak biz park"
B Villas,subcommunity,"Living Legends, Dubai","b vlls, b villa, b vls, bvillas, b-villas, bvl, bvlss, bvilas, bvil, b vlla, b vllas, living legends b vlls, living legends b villa, b vlls living legends, b villa living legends, living legends bvillas, bvillas living legends, bvl living legends, living legends bvl, b vlls ll, ll b vlls, ll b villa, b villa ll, b vls ll, bvl ll, bvlss ll, bvilas ll, bvil ll, b vlla ll, b vllas ll"
Business Tower,subcommunity,"Business Bay, Dubai","biz tower, businesstower, biztower, biz bay tower, bb tower, bbt, bby tower, busines tower, biztayr, bustower, businessbay tower, tower business bay"
Business Towers,subcommunity,"Electra Street, Abu Dhabi","biz towers, bus towers, electra biz, biz electra, electra business towers, bus turs, biztowers, bustowers, biz towrs, bustowrs, electra business, biz twrs, bz towers, busi towers"
By OBS Designer Residences,subcommunity,"Dubai Production City (IMPZ), Dubai","byobs, by obs, byobs residences, by obs residences, byobs designer, by obs designer, impz byobs, impz by obs, production city byobs, production city by obs, byobs impz, by obs impz, byobs dpc, by obs dpc, byobs designer residences, byobs design, by obs design, byobsresidences, byobsres, by obs res, byob, by obs dxb"
C Villas,subcommunity,"Living Legends, Dubai","cv, c-villas, c villa, cvillas, living legends c, c living legends, clivinglegends, cvillalivinglegends, cvilasa, c villas dubai, c-villa, cvill, living legends c villas, c villas ll"
C12,subcommunity,"Al Raha Beach, Abu Dhabi","c-12, c12 al raha, al raha c12, ctwelve, c 12, alraha c12, c12 subcommunity, c12 alraha beach, c12ar, alraha beach c12"
C120 Building,subcommunity,"Mohamed Bin Zayed City, Abu Dhabi","c120, c-120, c 120, c120 mbz, mbz c120, mbzc120, c 120 building, mohamed bin zayed c120, mbz city c120, c120bldg, c120bld, c-120 bldg, c120 abu dhabi, c120ad, c120 ad"
C1201,subcommunity,"Al Raha Beach, Abu Dhabi","c12, c-12, al raha c12, raha c12, alraha c12, c1201 al raha, al raha beach c12, c1201 raha, c1201 alraha, alrahabeach c12, c1201raha, c1201alraha, al raha c 12, c 1201, raha c 1201"
C1238,subcommunity,"Al Raha Beach, Abu Dhabi","al raha c1238, raha c1238, c 1238, alraha c1238, raha beach c1238, c1238 al raha, c1238 alraha, c1238 raha, c-1238, al raha 1238, c1238 raha beach"
C13,subcommunity,"Al Nahyan, Abu Dhabi","c-13, c 13, nahyan c13, c13 al nahyan, alnahyan c13, c13abu dhabi, nahyan c-13, c13c13"
C1479,subcommunity,"Al Raha Beach, Abu Dhabi","c-1479, alraha c1479, al raha c1479, alrahabeach c1479, c 1479, c1479 al raha, c1479 alraha, c 1479 al raha, c-1479 al raha, al raha beach c 1479, alraha bch c1479, c1479 alrahabeach, c 1479 alraha"
C2042,subcommunity,"Al Raha Beach, Abu Dhabi","alraha c2042, c 2042, alraha beach c2042, c2042 al raha, c2042 raha, c2042 abudhabi, c2042 ad, c2042 community, c2042 area"
C205 Building,subcommunity,"Mohamed Bin Zayed City, Abu Dhabi","c205, c205 mbz, mbz c205, c 205, c-205, c205 mbzc, c205 mohamed bin zayed, c205 mbz city, c 205 mbz, c205m bz, c205abu dhabi, c205 ad, c205abudhabi, c205mbzcity, c205building, c-205 mbz, c205 mbz cty, c 205 building, c205 mbz c205"
C233 Building,subcommunity,"Mohamed Bin Zayed City, Abu Dhabi","c233, c-233, c 233, mbz c233, c233 mbz, mbz city c233, c233 mohamed bin zayed, mohamed bin zayed c233, c233 building mbz, mbzc233, c233mbz, c233 bldg, c233bldg, c233 abu dhabi, abudhabi c233, c233abudhabi, c233 ad, c 233 ad, mbz c 233, c233 mbz city"
C250 Building,subcommunity,"Mohamed Bin Zayed City, Abu Dhabi","c250, c250mbz, mbz c250, mbzc250, c 250, mohd bin zayed c250, mbz city c250, c250bldg, c-250, mbz c-250, c250 mbz city"
C2558,subcommunity,"Al Raha Beach, Abu Dhabi","al raha c2558, c-2558, al raha beach c2558, c 2558, alraha c2558, alrahabeach c2558, c2558 al raha, c2558 alraha"
C2559,subcommunity,"Al Raha Beach, Abu Dhabi","c 2559, al raha beach c2559, alrahabeach c2559, alraha c2559, raha c2559, alraha beachc2559, c2559 alraha, c2559 raha, al raha c2559, c-2559"
C2568,subcommunity,"Al Raha Beach, Abu Dhabi","al raha c2568, raha c2568, c-2568, c 2568, alraha c2568, c2568 al raha, c2568 raha, c2568 alraha, alraha beach c2568"
C2629,subcommunity,"Al Raha Beach, Abu Dhabi","al raha c2629, raha c2629, c 2629, al raha beach c2629, arbc2629, c2629 raha, raha beach c2629, c2629 al raha, c2629alraha"
C2675,subcommunity,"Al Raha Beach, Abu Dhabi","al raha c2675, c 2675, raha c2675, c2675 al raha, c2675 raha, c2675 abudhabi, c2675 ad, c2675 beach, alraha c2675, c-2675, c 26-75, raha beach c2675, c2675 raha beach"
C2681,subcommunity,"Al Raha Beach, Abu Dhabi","alraha c2681, c 2681, al raha 2681, raha c2681, c-2681, alrahabeach c2681, c2681 al raha, c2681 raha, alraha 2681, c2681a, c2681 abu dhabi, c 2681 raha, alrahabeach2681, c2681alraha"
C2682,subcommunity,"Al Raha Beach, Abu Dhabi","c-2682, al raha c2682, alraha c2682, raha c2682, alraha2682, raha2682, c2682 al raha, c2682 alraha, c2682 raha, al raha beach c2682, alrahabeach c2682, c2682 beach"
C2738,subcommunity,"Al Raha Beach, Abu Dhabi","al raha c2738, raha c2738, c 2738, alraha c2738, raha beach c2738, c-2738, al raha beach c 2738, alraha beach c2738, c 27 38"
C2783,subcommunity,"Al Raha Beach, Abu Dhabi","al raha c2783, raha c2783, c 2783, c278, c-2783, alraha c2783, raha beach c2783, c2783 raha, c2783alraha, c2783 al raha, c2783 alraha"
C2909,subcommunity,"Al Raha Beach, Abu Dhabi","c 2909, al raha c2909, al raha beach c2909, raha c2909, c-2909, c29 09, alraha c2909, alrahac2909, c2909 al raha, c2909 alraha, c2909 raha, c 29 09, c2909ab, alrahabeach c2909"
C40,subcommunity,"Al Danah, Abu Dhabi","c-40, c 40, aldanah c40, c40 aldanah, danah c40, c40 danah, aldanah c 40, c40 ad, c40 abu dhabi, c 40 ad, c-40 aldanah"
C45,subcommunity,"Muroor Area, Abu Dhabi","c-45, c 45, muroor c45, muroor c-45, c45muroor, c45 muroor, muroorc45, muroor area c45, c 45 muroor, c45abu dhabi, c 45 abu dhabi, c45ad, c45 ad"
C47,subcommunity,"Muroor Area, Abu Dhabi","muroor c47, c47 muroor, c47muroor, muroorc47, muror c47, c 47, muroor area c47, c-47, muroor c 47"
C57,subcommunity,"Muroor Area, Abu Dhabi","c-57, c 57, muroor c57, muroor c-57, muroorc57, c57muroor, c 57 muroor, c-57 muroor, muroor area c57, muroor area c-57"
C60,subcommunity,"Muroor Area, Abu Dhabi","muroor c60, c60 muroor, c-60, c 60, muroorc60, c60 abu dhabi, muroor area c60, c 60 muroor, c60 area, c60muroor"
C725,subcommunity,"Al Raha Beach, Abu Dhabi","c7, al raha c7, c-725, c725 raha, raha beach c7, alraha c7, c 725, c725 al raha, raha c7, c725 alraha, c725 raha beach, al raha 725"
Cactus,subcommunity,"Discovery Gardens, Dubai","cac, cactusdg, cactus disc, cactus gardens, cactuss, cctus, cactusd, disc gardens cactus, discovery gardens cactus, cactus discovery, cactis, catus, cactus gdn, cactuus, cct-dg, dg cactus, discovery cactus"
Cadi Residences,subcommunity,"Jumeirah Village Circle, Dubai","cadi, cadi res, cadi resi, cadi residence, jvc cadi, cadi jvc, cadi residnces, cadi resdences, cadi resi jvc, cadi jvc residence, cadires, cadiresidences, cadi resdnc, cadi residncs, cadiresidence"
Caesar,subcommunity,"Living Legends, Dubai","csr, caeser, casar, caesar living legends, living legends caesar, ll caesar, caesar ll, caeser living legends, living legends caeser, caesar dubailand, living legends csr, llcsr, casar ll, caesr, caesarr"
Caesars Bluewaters Dubai,subcommunity,"Bluewaters, Dubai","caesars, caesars bluewaters, caesars bw, cbw, c b w, caesars bluewater, caesars blue water, caesars bluewatr, ceasers bluewaters, bluewaters caesars, bw caesars, caesarsbw, caesarsbluewaters, caesars hotel bluewaters, caesars res, caesars resort, caesarsresort"
Cala Del Mar,subcommunity,"Al Marjan Island, Ras Al Khaimah","cdm, caladelmar, calamarjan, almarjancdm, cdmrak, caladelmarrk, caladlmr, caladelmarr, cala del mar rak, cala del mar marjan, cdlm, cala delmar, cala d mar, caladelmara"
Calero,subcommunity,"DAMAC Hills, Dubai","clr, calero damac, damac calero, calro, callero, calero hills, d hills calero, calero sub, calero subcommunity, clr damac, calero dh, damac calero hills, calero damac hills"
Calia Beach,subcommunity,"Tilal Al Ghaf, Dubai","calia, caliab, calia bch, calia beach tag, tag calia, calia tilal, tilal calia, caliabeach, caliabch, calia bh, cali ab, callia beach, calia bech, calia bch tag, tilal al ghaf calia, calia at tag"
Caliber Plaza,subcommunity,"Dubai Production City (IMPZ), Dubai","caliber, calibre plaza, calibre, dpc caliber, dpc caliber plaza, impz caliber, impz caliber plaza, caliber dpc, caliber impz, cal plaza, calibre plaza dpc, caliberplaza, calibreplaza, calibr plaza, caliber plza"
California Village,subcommunity,"Dubai Land, Dubai","cali village, calivillage, cali vil, cali vill, calif village, cali vilage, california vil, california vill, dubailand cali village, cali village dubailand, cali village dubai, calivill, calivillg, califvillas, cali villa, calivillage dubailand"
Calthorpe Tower,subcommunity,"Al Humaid City, Ajman","calthorpe, calthope tower, calthrop tower, calthorptower, calthorpe ajman, ajman calthorpe, al humaid calthorpe, humaid city calthorpe, calthorpe t, calt tower, calthorpe twr"
Cambridge Business Centre,subcommunity,"Dubai Silicon Oasis, Dubai","cbc, cambridge business, cambridge business center, cambridge business centre dso, dso cambridge, cambridge dso, cambridge biz centre, camb biz centre, cambridge bus centre, cambridge bus center, cambridgebusinesscentre, cbc dso, cbc silicon oasis, cambridge business ctre, camb bus centre, camb business centre"
Camelia,subcommunity,"Arabian Ranches 2, Dubai","camelia ar2, ar2 camelia, camelia ranch, camelia ranches, camelie, camellia, camelia2, camelia 2, camlia, camela, camelia ar, ar2camelia, cameliaar2, camelia r2"
Camelia,subcommunity,"Damac Hills 2, Dubai","camelia dh2, camelia d2, camelia damac, camelia hills, camelia dh 2, camlia, camellia, camelai, camelia dmc, dh2 camelia, d2 camelia, camelia damac hills 2, cameliadh2, cameliadh 2, camelia dch2, camilia, camila, camelie"
Canada Business Centre Tower,subcommunity,"Business Bay, Dubai","canada business centre, cbc, cbc tower, canada biz centre, canada biz, canada bus centre, canadabusinesscentre, cbc business bay, business bay cbc, canada business center, canada bus center, canadabiz, cbc bb, canadabc, canada business center tower"
Canal Bay,subcommunity,"Business Bay, Dubai","cb, canbay, c bay, canalbay, canl bay, cnl bay, cannel bay, business bay canal bay, cb business bay, business bay cb, canalbay business bay, cnbay"
Canal Blossom,subcommunity,"Al Raha Beach, Abu Dhabi","cb, canalblossom, cblossom, canalblsom, canalblosom, alraha canal blossom, canal blossom al raha, canalblossom alraha, c blossom, canal blossom abu dhabi, cb al raha, cblossom alraha"
Canal Central Hotel,subcommunity,"Business Bay, Dubai","canal central, cch, cch business bay, canal central bb, canal central business bay, canalcentral, cchbb, canalcental, canal center, cch hotel, canal central hotel bb"
Canal Cove Villas,subcommunity,"Palm Jumeirah, Dubai","canalcove, ccv, ccv palm, palm canal cove, canal cove villas palm, canalcoves, cove villas, ccv villas, canalcovevillas, canal cove villa, ccv palm jumeirah, canalcove palm, canal cove villas palm jumeirah, cc villas, cove villas palm, ccvpalm, canalcovevilla"
Canal Crown,subcommunity,"Business Bay, Dubai","cc, canalcrwn, canalcrownbb, canalcrownbusinessbay, canal crown bb, ccb, ccbay, canlcrown, cannalcrown, canalcrowns, businessbaycanalcrown, canal crwn, canal cwn, canalcrn, c-crown, ccrown, canelcrown, canalcrown dubai, canalcrownuae"
Canal Front Residences,subcommunity,"Al Wasl, Dubai","cfr, canal front, canalfront, canal front res, al wasl canal front, canal front al wasl, canal front residence, canel front, canalfront res, canal frontr, cfr al wasl, canalfrontresidences, canalfrontres, canal frontt, canal frnt, al wasl cfr, canal front resid, c front, canal front resi"
Canal Heights,subcommunity,"Business Bay, Dubai","ch, canalh, canalhights, canel heights, canalheigths, canalheight, canalheights, canalhts, bb ch, bb canal heights, canal heights bb, canalh bb, ch business bay, canalhights bb, canal h, canalh8s, canalhghts, canalhieghts"
Canal Heights 2,subcommunity,"Business Bay, Dubai","ch2, canalh2, canal heights ii, ch 2, canalheights2, ch2 business bay, business bay ch2, canal hts 2, canal hts ii, canel heights 2, canalhights2, ch-2, canalheights 2, canalheightsii, ch2bb, bb ch2, canalheights, canal hieghts 2"
Canal House,subcommunity,"Al Wasl, Dubai","canalhouse, ch, ch alwasl, alwasl canal house, canal hse, canalhouse alwasl, canal hse alwasl, canel house, canalhosue, canalhous, ch wasl, wasl canal house, canalhouse al wasl, alwasl ch, chl house, cl house, canalhous alwasl"
Canal Residence,subcommunity,"Al Reem Island, Abu Dhabi","canal res, canalres, canalresidence, cr, al reem canal, canal res reem, canal residence al reem, canalres reem, canalresidence al reem, cnal res, canal residance, canal resdence, canalresadence, canalresidence alreem, reem canal res, reem canalres"
Canal Residence,subcommunity,"Dubai Sports City, Dubai","canal, canal res, canal resid, canal resi, canalres, canalresidence, canalresidency, cr, crs, crs dsc, canal dsc, dsc canal, canal sports city, canal sportscity, canalres sports city, canal residence dsc, canal resid dsc, canal res dsc, canalres dsc, canal resi dsc, canal residence sports city, canal residence sportscity, canalresidence dsc, canel residence, canal residance, canal resedence, canal residnce, canal residencc, canalresidence sports city"
Canal View Building,subcommunity,"Al Raha Beach, Abu Dhabi","cvb, canalview, alraha canal, alraha canal view, al raha canalview, alrahacanalview, cvbalraha, canalviewabudhabi, canalview al raha, alrahacanal, cvb alraha, canalvieuw, cannalview, canalvew, cvb building, al raha cvb, alrahacvb, alraha canalview bldg, canalview bldg"
Canal Villas,subcommunity,"The Views, Dubai","cv, canal v, canalvillas, canalvilla, canal villa, the views canal, canal villas views, canalviews, canal villas the views, canal villlas, canal vilas, cvillas, canalvillas the views"
Cantara Residence,subcommunity,"Muwaileh Commercial, Sharjah","cantara, cantara res, cantara resid, cantara residence sharjah, cantara muwaileh, muwaileh cantara, cantara residence muwaileh, cantara resi, cantara sharjah, cantara residences, cantara resd, cantara residance, cantara residenc, cantaraa, cantara com, muwaileh cantara residence, cantara residence shj, cantara shj"
Canvas,subcommunity,"DAMAC Hills, Dubai","cvs, canvas damac, damac canvas, damac hills canvas, cnvs, canvs, canvis, canvas damac hills, damac canvas hills, canvasdh, dhcanvas, canvas dmc, dmc canvas"
Cape Hayat,subcommunity,"Mina Al Arab, Ras Al Khaimah","ch, capehayat, cape hayt, capehyat, mina al arab cape hayat, cape hayat rak, cape hayat mina, capehayatrak, cape hayt rak, c hayt, cape hayatt, ch rak, cape hayar, ch mina al arab"
Capital Bay,subcommunity,"Business Bay, Dubai","cap bay, cb, capbay, cbay, capitalbay, capital bay bb, bb capital bay, capbay business bay, cap bay business bay, capital bay business bay, capitalbay businessbay, cap bay businessbay, cb business bay"
Capital Gate,subcommunity,"Capital Centre, Abu Dhabi","capgate, cap gate, capitalgate, cap centre gate, cap centre capital gate, cap centre cap gate, capgate ad, capital centre gate, cap gate ad, capgate abu dhabi, capitalgate ad, capitalgate abu dhabi, capgateabu dhabi, capgateabudhabi, capgatead"
Capital Golden Tower,subcommunity,"Business Bay, Dubai","cgt, cap golden, capital golden, golden tower, cap golden tower, capitalgolden, capitalgoldentower, cgt business bay, business bay cgt, cgt bb, cap golden bb, captial golden tower, capital goldn tower, capital gollden tower, capitalgoldentower bb, cgtower"
Capital Plaza,subcommunity,"Corniche Road, Abu Dhabi","cap plaza, cp, cap plaza corniche, corniche cap plaza, capitalplaza, capplaza, cplaza, cap plza, cap plaza ad, cap plaza abu dhabi, cap plza corniche, cap plaza corniche road, cp corniche"
Capital Square,subcommunity,"Downtown Jebel Ali, Dubai","cap sq, capsquare, csq, dja cap sq, dja capital square, capital sq, cap square, capsq, capital sqr, captial square, capitsl square, capial square, cap sq dja, dja csq, capsquare dja"
Capital Tower,subcommunity,"Al Majaz, Sharjah","cap tower, captower, majaz capital, capital tower sharjah, captower sharjah, cap twr, majaz cap tower, cap-tower, capitaltwr, captwrsjh, cap tower shj, captwr shj, capitall tower, capitel tower, capital towerr"
Capital Tower,subcommunity,"Al Wahda, Sharjah","cap tower, cap twr, capital twr, alwahda cap tower, alwahda capital tower, cap tower sharjah, captower, capttower, capitel tower, capitaltwr, alwahda captwr"
Capital Views,subcommunity,"Capital Centre, Abu Dhabi","cap views, capviews, capitalviews, cap centre views, cap centre, cap centre capital views, captl views, capv, cap view, capital centre views, capitalcentreviews, capcentreviews"
Capitol Tower,subcommunity,"Barsha Heights (Tecom), Dubai","capitol, cap tower, cap tower tecom, captower, capitol tower tecom, capitol tecom, capitol barsha heights, capitol hts, cap tower barsha, capitoltwr, captower tecom, caphieghts, capitol heights, cap tower heights"
Cappadocia,subcommunity,"Jumeirah Village Circle, Dubai","cappa, cappad, jvc cappadocia, cappadocia jvc, cappadoccia, capadocia, capad, cappadokia, jvccappadocia, cappadociajvc, cappadcia, cappadociaa"
Capricorn Tower,subcommunity,"Sheikh Zayed Road, Dubai","capricorn, capricorn twr, capricorn tower szr, szr capricorn, capricorn bldg, capricorn szr, capricorn tower sheikh zayed, capricorn tower dubai, capricorn twr szr, capricon tower, capricorn tower s z r, capricon twr, capricornbuilding, capricorns z r"
Carrera Building,subcommunity,"Al Karama, Dubai","carrera bldg, carrera bld, karama carrera, carrera karama, carera bldg, carera building, carrara bldg, karama carrera bldg, carrerabldg, carrara building"
Carson,subcommunity,"DAMAC Hills, Dubai","crson, csn, damac hills carson, carson damac, carson damachills, carson dh, csn dh, carson dmc, carson damc, crsn dh, carsn, carsson, carsonn, damachillscarson, dmc carson"
Cartel 112,subcommunity,"Jumeirah Village Circle, Dubai","c112, cartel112, jvc cartel, cartel jvc, c 112, carteloneonetwo, jvc c112, cartel112jvc, cartell 112, cartel12, jvcc112, c-112, cartel one one two"
Cartel 222,subcommunity,"Dubai Silicon Oasis, Dubai","c222, cartel222, cartel 22, dso c222, dso cartel222, carteltwo22, cartel two twenty two, c 222, silicon oasis c222, cartel22, cartell 222, cartle 222, ctl222, dso c 222"
B2B Tower,subcommunity,"Business Bay, Dubai","b2b twr, b2 tower, b2 twr, b2t, b2twr, b2btower, b2btwr, b2"
Casa,subcommunity,"Arabian Ranches 2, Dubai","casa ar2, ar2 casa, ar 2 casa, casaa, casa ranches, casa ranches 2, casa r2, casaranches, casaranches2, casa2, ar2casa"
Casa Canal,subcommunity,"Al Wasl, Dubai","casacnl, cc, canal, casa, alwasl canal, casa canal alwasl, casacanalalwasl, c canal, casacanl, casa canl, casa kanal, casacannal, canal casa, alwasl casa canal, cc alwasl, casacnl alwasl"
Casa De Sol,subcommunity,"Dubai Marina, Dubai","cds, casadesol, casa sol, cdsm, marina casa de sol, casa de sol marina, casa desol, casa de soll, casadsol, casa d sol, casa de soul, casadsol marina, cds marina"
Casa Del Mar,subcommunity,"Dubai Marina, Dubai","cdm, casa delmar, casadelmar, casa del mare, casa delm, marina cdm, cdm marina, casa del mar marina, casa del mar dubai, cdm dubai, casa del marr, casadelmar marina, casa del mar dm"
Casa Dora,subcommunity,"Serena, Dubai","casadora, cd, cdora, casa dora serena, serena casa dora, serena cd, cd serena, casador, casadoura, casa doro, casa dora community, casa dora subcommunity, casadora serena, serenacasadora"
Casa Grande,subcommunity,"Jumeirah Village Circle, Dubai","cg, casa, casag, casa jvc, jvc casa grande, casagrande, casagrand, casa grnd, casa g, jvc cg, c.grande, casagrandejvc, casa grnde, csg, casa-grande"
Casa Luxo,subcommunity,"Jumeirah Village Circle, Dubai","casalux, cl, cl jvc, casaluxo jvc, casa luxo jvc, jvc casaluxo, jvc casa luxo, casaluxo jv, casaluxo jumeirah village, casaluxoo, casaluxxo, casa lux, casa luxo jumeirah village circle, cl jumeirah village circle, c-luxo, casaluxo jvc dubai, cl dubai, casaluxo dubai"
Casa Royale,subcommunity,"Jumeirah Village Circle, Dubai","casaroyale, casa royale jvc, jvc casa royale, cr jvc, casa royal, casa royale jc, casaroyal, casa royale dubai, casa royale village, casa royale circle, casa royale jvm, crjvc, casaroyale jvc, casa royalle, casa royle, casaroyle"
Casa Viva,subcommunity,"Serena, Dubai","cv, casaviva, serena casa viva, casa viva serena, serena cv, cv serena, casa viva dubai, casa viva community, casa viva serena dubai, casaviva serena, c viva, c-viva"
Cascade Manor,subcommunity,"Culture Village, Dubai","cm, cascademanor, cascade manor culture village, culture village cascade, cv cascade manor, cascad manor, cascademnr, cascade mnr, cm culture village, c manor, cascademanor village"
Cascade Ville,subcommunity,"Culture Village, Dubai","cv, cascadeville, cascadev, cascade vill, cascad vill, cv village, cv culture village, cascade village, cascade village dubai, culture village cascade, cascadevilledubai, cascadvill, cascadville, cascadevill, cvd, cvdubai"
Cascades Tower,subcommunity,"Dubai Marina, Dubai","cascades, cascade tower, cascades marina, marina cascades, cascades twr, cascades twr marina, cascades dxb, cascades mna, cascads, cascasdes, cascadestower, cascaderesidence, cascades marina tower"
Cassia Park,subcommunity,"Dubai Residence Complex, Dubai","cassa park, casia park, cassiapark, drc cassia, cassia drc, cassia park drc, drc cassia park, cassia, cassia residence, csa park, casapark, cassia pk, cassiapk, cassia park residence, cassia park dubai"
Catch Residences By IGO,subcommunity,"Jumeirah Village Circle, Dubai","catch, catch res, catch jvc, catch residences jvc, catch by igo, catchigo, catchres, catchresidences, catchresjvc, catchresidencesjvc, catch residence, cacth residences, catch residnces, catch residencies, jvc catch, jvc catch residences, catch iggo, catchresidencejvc"
CAVALLI ESTATES,subcommunity,"DAMAC Hills, Dubai","cavalli, cavalli est, cavalli estates damac, damac cavalli, cavalliestates, cavali estates, cavalli ests, damac cavalli hills, cavalli damac, cavalli hill, cavali, cavalliest, cavalli hls, cavalli estate"
Cavendish Square,subcommunity,"Jumeirah Village Triangle, Dubai","cs, cavendish, cavendish sq, cavendish sqr, cavendishsq, cavendishsquare, jvt cavendish, jvt cavendish sq, jvt cavendish square, cavendish jvt, cavndish, cavindish, cavendishsqr, cavendish squar, cavendishs, jvtcs"
Cayan Business Center,subcommunity,"Barsha Heights (Tecom), Dubai","cbc, cayan biz, cayan biz center, cayan tecom, tecom cayan, cayan business, cayan business ctr, cayan, cayanb, cayanbc, cayan bz, cayan bussiness, cayan bussiness center, cayan biz centre, tecom cayan business, cbc tecom, cayen business center, cayan busines center, cayan bizz center"
Cayan Tower,subcommunity,"Dubai Marina, Dubai","cayan, cayan twr, cayan marina, cayan dxb marina, cyan tower, cayan tawar, cayantower, cayanmarina, cayan mna, cayan marina dxb, cayan t, cayan tower marina"
CBD (Central Business District),subcommunity,"City Downtown, Abu Dhabi","cbd, central business district ad, downtown ad cbd, central business dist, cbd abu dhabi, cbdad, centralbusinessdistrict, ad cbd, central business distric, cbddowntown, adcentralbusinessdistrict"
CBD (Central Business District),subcommunity,"International City, Dubai","int city cbd, intl city cbd, cbd intl city, cbd international, cbd ic, ic cbd, cbd sub, centeral business district, cbdi, intlcbd, cbdintl, c.b.d, cbd area, cbd dubai"
CBZ,subcommunity,"Al Karama, Dubai","cb, karamabz, alkaramabz, cbzkarama, karama cbz, krmcbz, cbz al karama, cbz alkarama, cbz karama"
Bab 01,subcommunity,"Jumeirah Village Circle, Dubai","bab01, b01, bab1, b1, bab-01, bab_01, bab o1, bab 0l, bab i1, bab oi, bab01jvc, jvc bab01, bab01jvcdubai, jvc01bab, bab01jumeirah, bab01dubai, bab01uae, bab01jvcuae, bab01dv"
Cedar,subcommunity,"Dubai Creek Harbour (The Lagoons), Dubai","cdr, cedar creek, cedar dch, cedar dchb, cedar dubai creek, cedar harbour, cedar lagoons, cedr, ceder, cedar creek harbour, cedar creekharbour, cedarcreek, cedarcreekharbour, cedardch, dch cedar, the lagoons cedar"
Cedre Villas,subcommunity,"Dubai Silicon Oasis, Dubai","cedrevillas, cedre, cedre villas dso, cedre dso, cedervillas, cedervilla, cedre vllas, cedre villa, c v, cedre-villas, cedrevilla, cedre dxb, cedre silicon, cedre oasis, cedre sub, cedrevillas dso"
Celestia,subcommunity,"Dubai South (Dubai World Central), Dubai","cel, cls, celstia, celestia1, celestiasouth, dsouthcelestia, dswcelestia, celestia dwc, celestia dubai south, celestiaa, celestia dxb south, celestias, celestia s, cls dxb, cls ds, dwccelestia, celestia-dwc, celestia-ds"
Celestial Heights,subcommunity,"Downtown Jebel Ali, Dubai","celestialh, cel hts, celestial hts, dja celestial, celestial heights dja, dja celestial heights, celestialheights, celestia hts, celestail heights, celestial heigts, celestail hts, celestialhghts"
Celia Heights,subcommunity,"Majan, Dubai","celia, ch, celia hts, celiah, celiaheights, majan celia, celia majan, celia hghts, celiahgts, celi heights, celia heigths, celia heigts"
Cello Residences,subcommunity,"Jumeirah Village Circle, Dubai","cello, cello jvc, cello residences jvc, cello res, cello jvc residences, cello jvc res, cello res jvc, cello residencies, cello rez, cello jvc rez, celo residences, celo jvc, cello residence, cello resid, cello residen, cello jvc resid, cello jvc residence"
Central Building,subcommunity,"Mirdif, Dubai","cntral bldg, central bld, mirdif central, mirdif central bldg, mirdif central building, central mirdif, cntrl bldg, central blding, central bldg mirdif, mirdif cntrl, mirdif central bld, central bld mirdif, centralbldg, mirdifcentral, cntralbuilding"
Central Park at City Walk,subcommunity,"City Walk, Dubai",
Central Park Tower,subcommunity,"DIFC, Dubai","cpt, cpdifc, centralpark, centralparktowerdifc, centralparkdifc, centralparktwrdifc, cp tower, centralprk, centrlpark, centralparktwr, difccentralpark, cptdifc"
Central Park Tower,subcommunity,"Jumeirah Village Circle, Dubai","cp tower, cpt, central park jvc, jvc central park, centralpark, centrl park, central prk, ctp, central park towers, cp tower jvc, centralparktower, jvc cp, centeral park, centralpark jvc"
Central Towers,subcommunity,"Arjan, Dubai","ct, cent towers, central, cent towers arjan, arjan central, centraltowers, centraltower, centowers, cent tower, centraltowers arjan, arjan cent, cental towers, central towrs, centraltowersdubai, c towers, c towers arjan, central tower arjan"
Central Towers A,subcommunity,"Arjan, Dubai","centraltowers, centrltowers, centraltwr, centrltwr, ct a, cta, ct-a, cttower, centraltowers arjan, arjan central, central arjan, central twr arjan, central towers a arjan, centrl towers, centraltowrsa, centrltowersa, centraltowersa, ct a arjan, ctaarjan, c-towers, centrals, ct-a arjan"
Central Towers B,subcommunity,"Arjan, Dubai","ctb, central towers, central tower b, central twrs, centraltowersb, centraltowers, arjan central tower, central b arjan, cental towers b, sentral towers b, central towers b arjan, ctb arjan, ct b, central t b"
Centre Boulevard,subcommunity,"Business Bay, Dubai","cb, centreblvd, centreboulevard, centre blvd, centrebld, centre boul, center blvd, center boulevard, centre blv, bb centre boulevard, centre boulevard business bay, centreblvd bb, centre blvd bb, centreblv, centrebullevard, centreboulevad, centre boulevrd"
Centre Court,subcommunity,"Jumeirah Village Circle, Dubai","cc, centrecrt, jvc cc, ccourt, jvccentrecourt, jvccourt, center court jvc, c court, jvc centre court, centercourt, jvccentrecrt"
Centrium Towers,subcommunity,"Dubai Production City (IMPZ), Dubai","centrium, centrium tower, centrum towers, centrium impz, impz centrium, centrium production city, centrium towers impz, centrium towers production city, centriumtowers, centriumprodcity, centrim towers, centrium dwc, centrium towers dwc, centium towers, centrium t，centrium t-wr"
Centurion Onyx,subcommunity,"Meydan, Dubai","centurion, onyx, cent onyx, c onyx, centuriononyx, onyx meydan, meydan onyx, centurion meydan, centurion onxy, centurion onix, c onyx meydan, onyx in meydan, onyx sub, centurion-onyx, centuriononix"
Century Tower,subcommunity,"Business Bay, Dubai","cent tower, ct, ctower, centurytwr, centurytowe, centry tower, centery tower, centurytowers, bb century tower, century tower business bay, business bay century, century twr bb, centurytower, centrytower, c-tower, centry twr"
Century Tower,subcommunity,"Dubai Sports City, Dubai","cent tower, cent twr, c tower, c twr, centurytower, centurytwr, century twr, dsc century, century sports city, century dsc, centry tower, sentury tower, centuryy tower, centurty tower, ctry tower, centry twr"
Century Towers,subcommunity,"Park View City, Ajman","ct, cent towers, centurytowers, park view century, parkview century, century park view, centry towers, century tower, centuary towers, century twrs, pvc century, century pvc, centry twrs, centrytowers"
CEO Building,subcommunity,"Dubai Investment Park (DIP), Dubai","ceo bldg, ceo dip, ceobldg, ceo building dip, ceo dip building, ceobuilding, ceo dip bldg, ceo dip 1, ceo dip 2, ceo bldg dip, ceo d i p, ceobldg dip"
Chaimaa Avenue Residences,subcommunity,"Jumeirah Village Circle, Dubai","chaimaa ave, chaima ave, chaimaa residence, chaimaa res, chaimaa jvc, jvc chaimaa, chaimaavenue, chaimaaave, chaimaa, chaima, chameaa avenue, chamea avenue, chaimaavenuejvc, jvc chaimaa residence, chaimaa residence jvc, chaimaa ave jvc, chaimaa res jvc, chaimaa properties, chaimaa residences"
Chaimaa Premiere,subcommunity,"Jumeirah Village Circle, Dubai","chaimaa prem, chaima premiere, chaima prem, chaimaa jvc, chaima jvc, chaimaapremiere, chaimapremiere, chaimaa, chaima, chaimma premiere, chaimaa premeire, jvc chaimaa, jvc chaima, chaimaa p, chaima p"
Chain Tower,subcommunity,"Muroor Area, Abu Dhabi","chaintower, ct, ctower, chain twr, chain t, chain tower muroor, muroor chain, chain twr muroor, muroor ct, chaintwr, chainn tower, chain towerr, chain tewer, chain tower abu dhabi, chain abudhabi, chain twr ad"
Champions Towers,subcommunity,"Dubai Sports City, Dubai","champions tower, champ tower, champ towers, chmpions towers, sports city champions, champions dsc, dsc champions, championstower, championstowers, champstower, champstowers, chmpionstowers, champions turs, chmpns twrs, sports city champ tower, champions sports city"
Chapal The Glory,subcommunity,"Dubai Sports City, Dubai","chapal glory, the glory, chapal sports city, chapal dsc, chapal the glory dsc, dsc chapal glory, chapal, chapal glory sports city, chapalglory, chappel glory, chaple glory, chapal the glori, chapal the glory dubai sports city, chapal glory dsc"
Chapal The Glory,subcommunity,"Emirates City, Ajman","chapal glory, chapal glory ajman, chapal glory emirates city, chapalglory, chappel glory, chapal the glory ajman, chapal glory ec, ctg, ctg ajman, chapal glory tower, chaple glory, chpal glory, chapalglory ajman, glory ajman, glory emirates city"
Chapal The Harmony,subcommunity,"Emirates City, Ajman","chapal harmony, cth, chapal harmony ajman, chapal harmony emi city, chapal, chapal harmony ec, chapaltheharmony, chpal harmony, chapl harmony, chapal harmoney, chapal emirates city, cth ajman, chapal harmony e city"
Chapal the Legacy,subcommunity,"Emirates City, Ajman","ctl, chapal legacy, chapal legacy ajman, chapal legacy emirates city, chapal, chapal ajman, ctl ajman, chapal the legacy ajman, chapl legacy, chapal leagcy, chapal lagacy, chapalthelegacy, chapallegacy, chapallegacyajman, ctlegacy, chapal emirates city, chapl the legacy, chapl ajman"
Chapal The Presidency,subcommunity,"Emirates City, Ajman","chapal presidency, chapal pres, ctp, chapal emirates city, chapal ajman, chapal the pres, chapalpresidency, chapalpres, ctp ajman, chapal pres ajman, chappel presidency, chapal presedency, chapal the presedency, chapal presedancy, chapal presdancy"
Charity Building,subcommunity,"Al Khan, Sharjah","charity bldg, charity building sharjah, al khan charity, charity al khan, charitybldg, charitybld, charity sharjah, chrty bldg, chariti building, charity bilding, charity bldng, alkhancharity, charity alkhn"
Chelsea Plaza Hotel,subcommunity,"Al Jafiliya, Dubai","chelsea plaza, cp hotel, chelsea hotel jafiliya, chelsea plaza jafiliya, chelsea plaza htl, chelsea plaza dxb, chelsea plaza al jafiliya, chelsea plza, chelsea plza hotel, chelsea plazahtl, chelsea hotel, cph jafiliya, jafiliya chelsea hotel, chelsia plaza, chelsea plza htl"
Chemicals Zone,subcommunity,"Dubai Industrial City, Dubai","chem zone, chemzone, dic chem zone, dic chem, chemzone dic, chemicals zone dic, chemz, chem zone dic, chemz dic, dic chemicals, chem zone dubai industrial city, chem zone industrial city, chems zone, chemzome, chemzone dubai, chemicalszone"
Cherrywoods,subcommunity,"Dubai Land, Dubai","cw, cherry woods, cherrywood, cheriwoods, cherrywoodz, cherryw, cherrywood dubailand, dubailand cherrywoods, cherrywoods dubailand, cw dubailand, cherriwoods, cherrywood community, cw community"
Chess Tower,subcommunity,"Dubai Sports City, Dubai","chesstwr, chess, chess tower dsc, chess dsc, chess sports city, chesstower, chess twr dsc, chesstower dsc, chess tewr, ches towrr, chess towerr"
Cheval Maison The Palm Dubai,subcommunity,"Palm Jumeirah, Dubai","cheval maison, cheval palm, cm palm, cm the palm, cheval maison palm, cheval jumeirah, cheval palm jumeirah, chevalmaison, chevalmaison palm, cheval msn, cheval msn palm, chvl maison, chvl msn palm, cheval mason, cheval mesion, cheval maison the palm, palm cheval maison, cm palm jumeirah"
Chic Tower,subcommunity,"Business Bay, Dubai","chic, ct, chic twr, chictower, chicbusinesbay, chicbb, chictwr, chick tower, chictowr, chick tower business bay, chic bay, ct bb"
China Cluster,subcommunity,"International City, Dubai","china, chna, chinacluster, china cluster intl city, china intl city, china international city, chian cluster, china clstr, chinaclr, china clr, chna cluster, china icty, china intlcity, china ic, int city china, intl city china"
Chocolate Tower,subcommunity,"Emirates City, Ajman","choc tower, choc twr, ct ajman, choc tower ajman, choc twr ajman, emirates city choc tower, chocoter, chok tower, choc tower ec, chctower, chotower, choc tow, choc tr, choc t ajman"
Chorisia 1 Villas,subcommunity,"Al Barari, Dubai","chorisia, chorisia1, ch1, ch1villas, chorisiavillas, albararichorisia, albararich1, ch1albarari, chorisiaalbarari, chorisia-1, chorisiavillas1, chvillas, ch1v, ch1barari, chorisiaone, chorisiaonevillas"
Chorisia 2 Villas,subcommunity,"Al Barari, Dubai","chorisia2, chorisia ii, chorsia2, chorsia 2, chorisia villas 2, chorisia2 villas, albarari chorisia2, barari chorisia 2, chorisia2 al barari, chorisia 2 albarari, chorisia two, chorisiaii, chorsia two, chorisia-2, chorisia 2 vls, ch 2 villas, ch2 villas"
Churchill Towers,subcommunity,"Business Bay, Dubai","churchill, churchill tower, ct, churchill towers bb, churchill bb, churchill business bay, chruchill, chruchil, churchilltowers, churchilltwr, churchill twrs, churchill towers business bay, bb churchill, business bay churchill, churchill towers dubai"
Ciel Tower,subcommunity,"Dubai Marina, Dubai","ciel, ciel twr, ciel marina, marina ciel, ciel tower marina, ciel tawar, ceil tower, ceil twr, cieltr, cielm, cielmarina, ciel twr marina, ciel tower dubai marina"
Cinderella,subcommunity,"Living Legends, Dubai","cinderela, cinderella living legends, living legends cinderella, cinderlla, cinderela ll, cinderella ll, ll cinderella, cinderellall, cinderellalivinglegends"
Circle Villas,subcommunity,"Jumeirah Village Circle, Dubai","cv, jvc cv, circlevillas, jvc circlevillas, circle villa, jvc circle villa, circ villa, cvillas, jvc cvs, c villa, circle v, circlevilla, jvc circle v, cv jvc"
Citadines Metro Central Hotel Apartments,subcommunity,"Barsha Heights (Tecom), Dubai","citadines metro, citadines tecom, citadines barsha heights, citadines metro central, cmc hotel, cmc apartments, cmc tecom, citadines heights, citadines metrocentral, citadinesmetroc, citadinesapts, citadines hotel, citadines tecom heights, citadines barsha, citadines metrocentral hotel, cmc barsha, citadines metro apartment, citadines mch, citadines mcha, citadines metro central dubai, citadines tecom apartments"
City Apartments,subcommunity,"Al Karama, Dubai","city apts, city apt, karama city apts, karama city apt, cityapts, cityapt, cty apts, cty apt, karama city, city apartments karama, city appts, cityapts karama, cityapt karama"
City Apartments,subcommunity,"Jumeirah Village Circle, Dubai","city apts, city apt, cty apts, cityapts, cityapartment, cityapartments, jvc city apts, city apts jvc, city apartments jvc, jvc city apartments, cityapts jvc, cityaptsjvc, ctyapts, city aptss, city appts, city aptment, city aptmnts, city aptmnt, jvc cityapt, cityapts jumeirah village circle"
City Center Building,subcommunity,"Hamdan Street, Abu Dhabi","city center bldg, cc bldg, city centre building, citycentre bldg, hamdan city center, hamdan cc, citycenter hamdan, hamdan city centre, citycentrebldg, ccbldg, citycenter, citycentre, citycenterabudhabi, citycentreabudhabi, citycentrebldghamdan, citycentrehamdan, cc hamdan, citycenter hamdan st, citycentr bldg, citycenter buildng"
City Center Residences,subcommunity,"Downtown Dubai, Dubai","ccr, city center, city centre, city center res, city centre res, citycenter, citycentre, downtown ccr, ccr downtown, downtown city center, downtown city centre, city center residences downtown, city centre residences downtown, ccr residences, citycenterres, citycentreres, citycenterresidences, citycentreresidences, city center resi, city centre resi, citycenter res, citycentre res"
City Compass Living,subcommunity,"Dubai Investment Park (DIP), Dubai","citycompass, cc living, cc living dip, city compass dip, citycompassliving, ccliving, city compas, citycompss, dip city compass, city compass living dip, cc dip, cclivingdip, citycompasliving, citycompass dip, citycomplus, citycompis"
City Gate Tower,subcommunity,"Al Taawun, Sharjah","cg tower, citygate, cgt, city gate, taawun city gate, city gate sharjah, citygate tower, cgtower, citygatetower, al taawun city gate, citygate sharjah, cgt sharjah, citygate twr, cgtwr, ctgate, citygate taawun"
City Mall,subcommunity,"Madinat Zayed, Abu Dhabi","citymall, c mall, c-mall, citym, cmall, madinat zayed city mall, madinat zayed mall, m.zayed city mall, mz city mall, mz mall, citymall ad, citymall abu dhabi, ctymall, citymal, cityy mall, city mall ad, city mall abu dhabi"
City Oasis,subcommunity,"Dubai Silicon Oasis, Dubai","co, cityoasis, c.o, cityoasiss, cityosasis, cityosies, dso city oasis, city oasis dso, cityoasissilicon, cityoasissiliconoasis, dso oasis, cityoas, city oas, cty oasis, cityoassis"
City Of Lights,subcommunity,"Al Reem Island, Abu Dhabi","col, cityoflights, cityoflight, citylights, reemcol, colreem, reemcityoflights, cityoflites, cityoflightz, cityoflightts, cityoflightsreem, reemcitylights, cityoflightsh, cityoflghts, c.o.l, colisland"
City Stay Beach Hotel Apartment,subcommunity,"Al Marjan Island, Ras Al Khaimah","citystay, citystay beach, citystay rak, city stay beach, citystayhotel, citystay apt, cba, citystay marjan, al marjan citystay, citystay al marjan, citystay almarjan, citystaybeach rak, citystaybeach apartment, city stay beach apartments, csh, citystay beach rak, citystay beach rk, citystay almarjanisland, citystaybech, citystaybch, citystaybeachapt"
City Stay Residences,subcommunity,"Dubai Investment Park (DIP), Dubai","cs, citystay, citystay res, citystay resid, citystay residence, city stay, citystay dip, citystay dip 1, citystay dip 2, citystaydip, citystayres, citystayresidences, cst residence, cst resid, citystey, citystay residencies, citystay redidences, citystay residence dip, citystay residences dip, dip citystay"
City Tower,subcommunity,"Al Nuaimiya, Ajman","ct, citytwr, cty tower, city tower ajman, city tower nuaimiya, citytwr ajman, ctytwr, city tower ajm, al nuaimiya city tower, city twr ajm, ct ajman, citytower, city tower al nuaimiya"
City Tower 1 DSO,subcommunity,"Dubai Silicon Oasis, Dubai","ct1, ct1 dso, city tower 1, city tower 1 silicon, city tower dso, ct1 silicon, dso ct1, citytower 1, citytower1, city towerone, cty tower 1, citi tower 1, city twr 1, dso city tower 1, silicon city tower 1, ct 1, ct 1 dso"
City Tower 1 Karama,subcommunity,"Al Karama, Dubai","ct1, ct1 karama, city tower karama, karama city tower, citytower 1, city tower one, ct 1 karama, karama ct1, citytwr 1, cty tower 1, city tower1, citytower1, karamacitytower1, ct 1, ct-1, city tower i, city tower-1"
City Tower 2 Karama,subcommunity,"Al Karama, Dubai","citytower2, ct2, ct2karama, citytowerkarama, karamacitytower, karamact2, ctytower2, citytwr2, citytower 2, ct 2 karama, ctiytower2, citytowr2, karama city tower 2, citytower2karama, ct2 krma, citi tower 2"
Bab Al Bahar,subcommunity,"Al Marjan Island, Ras Al Khaimah","bab al bhar, bab albahar, babbahar, bab al bh, bab albh, babbah, bab albah, babalbahar, babalbh, bab al b, babal, babal b, babalbah, bab almarjan, babmarjan, bab almarj, babmarj, bab almarj island, babmarj isl, bab almarj isl, bab almarjan isl, babmarjan isl, bab almarjan island, babmarjan island, babalj, babj, bab, (truncated)"
City Towers,subcommunity,"Sheikh Zayed Road, Dubai","ct, citytowers, city twrs, ctwrs, city tower, citytowers szr, szr city towers, citytwrs, citytwer, city towrs, citytowers dubai, citytwrs szr, ct szr, citytower, city t-wers"
Cityland Mall,subcommunity,"Wadi Al Safa 3, Dubai","cityland, citylandmall, clm, city land, cityland wadi al safa, wadi al safa cityland, cityland 3, citylandmall wadi al safa, citylandmallwadal-safa, citylandmll, citylandmal, cityland mall wadi al safa, clmall, citylandwadisafa, cityland-mall"
Civic Center,subcommunity,"Al Jimi, Al Ain","civic, aljimi civic, civic al ain, aljimi civic center, civic ctr, civic c, aljimi civic ctr, cvc, cvc al ain, aljimi cvc, civiccenter, aljimicivic, civiccentre, sivic center, civic centere"
Claren Towers,subcommunity,"Downtown Dubai, Dubai","claren, claren tower, clarens, claren dwntwn, downtown claren, claren downtown, claren dtn, claren dxb, clrn, claren twrs, clarentowers, clarentwrs, claren t, claren dwn, claren twn, claren dt, claren twwers, claren towrs"
Claret,subcommunity,"Damac Hills 2, Dubai","clrt, clrt dh2, claret dh2, damac hills 2 claret, claret damac 2, claret damac hills, clrtdh2, claret dh 2, clarett, claret d2, dh2 claret, claret community, claret cluster"
Class Hotel Apartments,subcommunity,"Barsha Heights (Tecom), Dubai","class hotel, class apts, class hotel apts, class, tecom class, class tecom, class htl, class htl apts, clas hotel, class hotel appts, classhotel, classhotelapts, classhotelapartments, tecomclasshotel, class hotel apartment, class hotel apt"
Claverton House,subcommunity,"Motor City, Dubai","claverton, claverton motor city, motor city claverton, clav house, claverton hs, claverton mcity, clavertonmc, clavertonhousemc, claverton hse, claverton hse mc, claverton motorcity, clavertonhouse motorcity, clarverton, clavertonn, clavertonhouse, motorcity clavertonhouse"
Clayton Residency,subcommunity,"Business Bay, Dubai","clayton, clayton res, clayton resid, clayton residence, clayton residancy, claytonresidency, claytonres, business bay clayton, clayton business bay, clayton b bay, clayton bb, claton residency, clayton residncy, clayton resd, clayton residencey, clayton resi"
Cleopatra,subcommunity,"Living Legends, Dubai","cleo, cleopatra sub, cleo living legends, cleopatara, cleopetra, cleolivinglegends, living legends cleo, cleo ll, cleo l.l, cleopalatra"
Clock Tower,subcommunity,"Corniche Road, Abu Dhabi","clocktwr, clk twr, clock tower ad, ad clock tower, ct ad, clocktowers, clk twr ad, corniche clock tower, clocktower corniche, clocktwr ad, clk tower, clock twr, clk tower ad, clck twr"
Cloisall,subcommunity,"Dubai Investment Park (DIP), Dubai","cloisal, cloisel, cloisell, cloisall dip, dip cloisall, cloisal dip, dip cloisal, cloisell dip, dip cloisell"
Cloud 88,subcommunity,"Al Satwa, Dubai","c88, cloud88, cld88, satwa c88, c88 satwa, cloud 88 satwa, cld 88, satwa cloud88, cloud88 satwa, clod88, cloud8, c88s, satwacloud88, c88alstawa, clud88, c88-satwa"
Cloud Tower,subcommunity,"Jumeirah Village Triangle, Dubai","ct, cloudtwr, cloudtr, clouddtower, cloudtowers, jvt cloud, cloud jvt, jvtcloud, cloudtwr jvt, cloudtr jvt, cldtwr, cldtower, jvt cld tower, clowdtower, cloudtowerr, cludtower, cludtwr"
Clover Bay Tower,subcommunity,"Business Bay, Dubai","cloverbay, cbay, clvr bay, cloverbay tower, cloverbay business bay, clover bay business bay, cb tower, clvrbay, clovrbay, clober bay, clover baay, cbay business bay, business bay clover bay, cloverbayb2b, cloverbaybb"
Club Vista Mare,subcommunity,"Palm Jumeirah, Dubai","cvm, club vista, vista mare, palm vista mare, cvm palm, clubvistamare, cluvistamare, clubvistemare, vista mare palm, palm cvm, cvm dubai, club vista marea, clb vista mare, c v m"
Cluster 05,subcommunity,"Jumeirah Islands, Dubai","cl5, cluster5, c05, c5, jumeirah islands cluster 5, jumeirah islands cl5, ji cluster 5, ji cl5, clstr5, clster 5, jumeirah islands c5, jumeirah island c5, jumeirah islands cluster05, jumeirah islands c05, clusterfive, clstr05"
Cluster 06,subcommunity,"Jumeirah Islands, Dubai","cl06, c6, cluster6, jumeirah islands cl06, jumeirah islands c6, jumeirah islands cluster6, clus06, clstr06, cl6, cl-06, jumeirah islands cluster 06, jumeirah islands cl 06, jumeirah islands c-6, cl06 jumeirah islands, c6 jumeirah islands, cluster06, clust 06, cl 06, cl 6, c 6, jumeirah island cl6, ji cl6, ji cluster6, jumeirah island cluster6"
Cluster 07,subcommunity,"Jumeirah Islands, Dubai","cl07, c07, cluster7, jumeirah islands cl07, jumeirah islands cluster 07, ji cluster 07, ji c07, ji cl07, cl 07, clustero7, cluster 7, jumeirah islands cl 7, ji cluster7, cl7 jumeirah islands, cl07 jumeirah islands, cluster07, c 07, ji c 7"
Cluster 08,subcommunity,"Jumeirah Islands, Dubai","c8, cl8, cluster8, c08, jumeirah islands cluster 8, jumeirah islands c8, cluster8 jumeirah islands, ji c8, ji cluster 8, clustr 8, cluseter 8, c-8, cluster-8, jic8, jicluster8, clstr 8, jumeirah isles c8"
Cluster 09,subcommunity,"Jumeirah Islands, Dubai","cl09, c09, cluster09, cls09, cl 09, jumeirah islands cl09, ji cl09, ji cluster 09, clstr 09, clstr09, clster 09, cluster 9, cl9, jumeirah islands cluster 09"
Cluster 1,subcommunity,"The Sustainable City, Dubai","c1, clust 1, sust c1, sust city c1, sustain c1, sustcity cluster 1, cl1, sustainable c1, the sust city c1, sust cluster 1, sustainablecity c1, s.city c1, c-1, cluster1"
Cluster 10,subcommunity,"Jumeirah Islands, Dubai","c10, clus10, cluster ten, clstr 10, ji c10, ji cluster 10, jumeirah islands c10, jumeirah islands cluster 10, jumeirah island c10, jumeirah islands clus 10, clusster 10, clstr10, c-10, cl10, jumeirahislands c10"
Cluster 11,subcommunity,"Jumeirah Islands, Dubai","c11, cl11, cluster11, clstr11, jumeirah islands cluster 11, ji cluster 11, ji c11, jumeirah islands c11, cluster eleven, clstr 11, jic11, jumeirah island cluster 11, cluster-11"
Cluster 12,subcommunity,"Jumeirah Islands, Dubai","c12, cl12, clus12, cluster12, c-12, cl-12, jumeirah islands 12, jumeirah island 12, ji 12, ji12, jum islands 12, jum island 12, jumeirah islands c12, jumeirah islands cluster 12, cluser12, clustr12, clus 12, c 12, jum island c12"
Cluster 13,subcommunity,"Jumeirah Islands, Dubai","c13, cl13, cluster-13, clstr13, jumeirah islands 13, jumeirah islands c13, ji c13, ji cluster 13, jumeirah island 13, jumeirah is 13, clustr 13, clus 13, c-13, jumeirah islands cl13, jumeirah islands cluster-13"
Cluster 14,subcommunity,"Jumeirah Islands, Dubai","c14, cl14, cluster14, clstr14, jumeirah islands c14, jumeirah islands cluster 14, ji cluster 14, ji c14, jumeirah island c14, cluser 14, claster 14, clusterfourteen, c-14, jic14, cl14jumeirahislands, cluster 14 jumeirah islands"
Cluster 15,subcommunity,"Jumeirah Islands, Dubai","c15, clstr 15, jumeirah islands 15, ji15, clus 15, cluster15, jumeirah islands cluster 15, ji c15, clustr 15, c-15, jumeirah island 15, c-cluster 15, cls 15, clr 15, ji cluster 15, jumeirah islands c15, c 15, cluster fifteen, clus15"
Cluster 16,subcommunity,"Jumeirah Islands, Dubai","c16, clus16, cluster-16, jumeirah islands 16, ji 16, ji cluster 16, jumeirah islands cluster 16, c-16, clust 16, clst 16, clstr 16, jumeirahislands16, clu16, cluster sixteen, c16 jumeirah islands"
Cluster 17,subcommunity,"Jumeirah Islands, Dubai","c17, cl17, cluster17, clstr17, clu17, jumeirah islands 17, ji17, ji cluster 17, jumeirah islands c17, jumeirah islands cl17, jumeirahisland17, clusterseventeen, clster17, clus17, jicluster17, clstrseventeen"
Cluster 18,subcommunity,"Jumeirah Islands, Dubai","cl18, c18, cluster18, cl 18, jumeirah islands cluster 18, ji cluster 18, ji cl 18, clus 18, cluster eighteen, jumeirah islands 18, islands cluster 18, clstr 18, c 18, jumeirah island c18, cluster-18"
Cluster 19,subcommunity,"Jumeirah Islands, Dubai","c19, cl19, clust19, cluster nineteen, jumeirah islands cluster 19, ji cluster 19, ji c19, clus 19, jumeirah island c19, cluster19, c-19, jumeirah islands c-19, jumeirah islands cl19, clstr19, cluster 19 jumeirah islands, ji c-19, jumeirah islands clust 19"
Cluster 2,subcommunity,"The Sustainable City, Dubai","c2, tsc c2, clust2, cluster-2, sustainable city cluster 2, sust city c2, sust city cluster 2, tsc2, c 2, cluster 2 tsc, sust city 2, tsc cluster 2, clustr 2, clustre 2, cluster2, sust city cluster2, sustainable city c2"
Cluster 20,subcommunity,"Jumeirah Islands, Dubai","cl20, c20, cluster20, jumeirah islands cluster 20, ji cluster 20, ji cl20, cl 20, cluster twenty, clstr 20, cluster-20, cl 20 jumeirah islands, jumeirah islands 20, jil 20, jumeirah isles cluster 20"
Cluster 21,subcommunity,"Jumeirah Islands, Dubai","cl21, c21, cluster21, jumeirah islands cluster 21, ji cluster 21, jumeirah islands cl21, ji cl21, cl 21, c 21, cluster-21, clstr 21, clstr21, jumeirah island cluster 21, ji c21, jumeirah islands c21"
Cluster 22,subcommunity,"Jumeirah Islands, Dubai","cl22, cluster22, c22, jumeirah islands cl22, ji cl22, cl 22, clus 22, clst 22, clstr22, jumeirah islands cluster 22, ji cluster 22, cluster twenty two, clus22, jicl22, cl22 jumeirah islands, c22 ji"
Cluster 23,subcommunity,"Jumeirah Islands, Dubai","c23, clust 23, clus 23, clstr 23, jumeirah islands 23, ji 23, cluster23, clstr23, clus23, c 23, jumeirah island 23, jumeirah islands cluster 23, jumeirah islands c23, clstr-23, clust23"
Cluster 24,subcommunity,"Jumeirah Islands, Dubai","cl24, cluster24, c24, jumeirah islands cluster 24, ji cluster 24, ji cl24, jumeirah islands 24, jumeirah island 24, clusr 24, clustr24, cluster-24, ji24, jicluster24, cluster twentifour, cl24 jumeirah islands"
Cluster 25,subcommunity,"Jumeirah Islands, Dubai","cl25, cluster25, c25, jumeirah islands cl25, ji cluster 25, ji cl25, jumeirah islands cluster 25, clustertwentyfive, cltwentyfive, cl 25, jumeirah islands 25, jicl25, cl-25, cluster-25, jumeirah islands cl 25, cl 25 jumeirah islands, cl25 ji, cl25 jumeirah islands, clstr 25, clstr25"
Cluster 27,subcommunity,"Jumeirah Islands, Dubai","cl27, cluster27, cl 27, c27, cluster 27 jumeirah islands, jumeirah islands cluster 27, ji cluster 27, ji cl 27, cluster twenty seven, cl27 ji, clst 27, cluster27 ji, c27 ji, cluster27jumeirahislands, clustr 27, cluster 27 jumeirah island"
Cluster 28,subcommunity,"Jumeirah Islands, Dubai","c28, cl28, cluster28, clstr28, cluster-28, jumeirah islands 28, ji28, jumeirah islands cluster 28, jumeirah island 28, ji cluster 28, jic28, cluster twentyeight, cl28 jumeirah islands, clstr 28, cluster28 jumeirah islands"
Cluster 29,subcommunity,"Jumeirah Islands, Dubai","cl29, cluster29, jumeirah islands cluster 29, jumeirah islands cl29, ji cl29, ji cluster 29, cl 29, clstr 29, clstr29, jumeirah island cl29, jumeirah islands cl 29, cluster-29, clu 29, clu29"
Cluster 3,subcommunity,"The Sustainable City, Dubai","c3, cluster3, tsc c3, sustainable c3, sust c3, c-3, cluster-3, tsc cluster 3, sust city c3, sust city cluster 3, clustr 3, sustanable c3, clustre 3, c.3, tsc c-3"
Cluster 30,subcommunity,"Jumeirah Islands, Dubai","cl30, cluster30, cl 30, jumeirah islands cl30, ji cl30, ji cluster 30, jumeirah islands cluster 30, clusr 30, clus 30, jumeirah islands 30, clusterthirty, c30"
Cluster 31,subcommunity,"Jumeirah Islands, Dubai","cl31, cluster31, cl 31, jumeirah islands 31, ji 31, ji cluster 31, jumeirah islands cluster 31, clster 31, cluster-31, jicluster31, cl31jumeirahislands, cl31ji, cluser 31, clustr 31"
Cluster 32,subcommunity,"Jumeirah Islands, Dubai","c32, cluster32, cl32, clus32, jumeirah islands cluster 32, ji cluster 32, ji c32, jumeirah islands c32, jumeirah island c32, jumeirah islands cl32, cluster-32, c-32, clst32, cluster thirty two, clus 32, jic32, jicluster32, clu32, custer 32, clusetr 32"
Cluster 33,subcommunity,"Jumeirah Islands, Dubai","cl33, c33, cluster33, jumeirah islands cluster 33, ji cluster 33, jic33, cl33 ji, cluster33 ji, cl 33, clus33, clstr33, jumeirah islands cl33, jumeirah islands cl 33, ji cl 33, ji cl33, jic 33, clu33, c 33, jumeirah islands cluster33"
Cluster 34,subcommunity,"Jumeirah Islands, Dubai","cl34, c34, cluster34, jumeirah islands cluster 34, ji cluster 34, ji c34, ji cl34, cluster 34 ji, cl34 ji, jumeirah islands 34, cluster-34, c-34, clstr 34, clst 34, jumeirah island cluster 34, jumeirah island 34, ji clst 34, cluster34ji, cluster34jumeirahislands, cl34jumeirahislands, c34ji"
Cluster 35,subcommunity,"Jumeirah Islands, Dubai","cl35, cluster35, jumeirah islands cluster 35, ji cluster 35, ji cl 35, jumeirah islands cl 35, cluster-35, clstr 35, cl 35 jumeirah islands, jumeirah islands 35, cl35 jumeirah islands, clstr35, jumeirah island cluster 35, clus 35, clus35"
Cluster 36,subcommunity,"Jumeirah Islands, Dubai","cl36, cluster36, c36, jumeirah islands cluster 36, ji cluster 36, ji c36, jicluster36, jicl36, cluster-36, clst36, clstr36, cluser36, jumeirah island 36, jumeirah islands 36, cluster 36 ji, c36 ji"
Cluster 37,subcommunity,"Jumeirah Islands, Dubai","cl37, c37, cluster37, jumeirah islands 37, ji 37, ji cluster 37, clusterthirtyseven, clus37, clster37, cluster 37 jumeirah islands, jumeirah islands cl37, c 37, cl37jumeirahislands, cluster37ji"
Bab Al Qasr Hotel,subcommunity,"Corniche Road, Abu Dhabi","bab al qasr, babalqasr, babalq, bab qasr, bq hotel, baq hotel, bab alqs, bab al qsr, bab al qasr htl, bab al qasr ht, bab al qasr h, bab al qasr htl., corniche bab al qasr, corniche road bab al qasr, bab al qasr corniche, bab al qasr corniche road, babalqasr hotel, babalq hotel, babalq htl, babalq ht, babalq h, babalq htl., bab"
Cluster 38,subcommunity,"Jumeirah Islands, Dubai","cl38, cluster38, jumeirah islands cluster 38, ji cluster 38, cl 38, cluster 38 jumeirah islands, jumeirah island cluster 38, ji cl38, cl-38, cluster-38, jumeirahislandscluster38, cluster38ji, cl38ji, clus38"
Cluster 39,subcommunity,"Jumeirah Islands, Dubai","c39, cl39, cluster39, jumeirah islands c39, jumeirah islands cluster 39, ji c39, ji cluster 39, clstr 39, clstr39, clustr 39, clustr39, jumeirah island c39, cl 39, c 39, jumeirah islands cl 39"
Cluster 4,subcommunity,"The Sustainable City, Dubai","cl4, clust4, c4, sust city c4, sustainable city cluster 4, sust city cluster 4, tsc c4, tsc cluster 4, sust city 4, clusterfour, clustr4, c-4, cluster 4 sustainable city, sustainable city 4, sustcityc4"
Cluster 40,subcommunity,"Jumeirah Islands, Dubai","cl40, cluster40, cl 40, cls40, jumeirah islands cluster 40, ji cluster 40, ji cl40, cluster 40 ji, jumeirah island cluster 40, clstr40, clusterforty, cluster 40 jumeirah islands, jumeirah islands cl40, cl 40 jumeirah islands"
Cluster 41,subcommunity,"Jumeirah Islands, Dubai","c41, cluster41, ji c41, ji cluster 41, jumeirah islands c41, jumeirah islands cluster 41, clstr 41, clstr41, c-41, clusterfortyone, clstrfortyone, ji c-41, cluster 4-1, clstr 4-1"
Cluster 42,subcommunity,"Jumeirah Islands, Dubai","c42, cl42, cluster42, clstr42, jumeirah islands cluster 42, ji cluster 42, ji cl42, jumeirah islands c42, clus42, cls42, clster42, c 42, cl 42, clusterfourtytwo, jicluster42, jic42"
Cluster 43,subcommunity,"Jumeirah Islands, Dubai","c43, clus43, cluster43, c 43, jumeirah islands 43, ji 43, ji cluster 43, clstr 43, clstr43, jumeirah island 43, jumeirah isles 43, jumeirah 43, clustr 43, cluser 43, cluster4-3, clst 43, jumeirah islands cluster 43"
Cluster 44,subcommunity,"Jumeirah Islands, Dubai","c44, cluster44, cl44, clstr44, jumeirah islands cluster 44, ji cluster 44, ji c44, jumeirah islands c44, clusterfortyfour, clstr 44, clustr 44, clusr44, jicl44, jicluster44, cluster-44, c-44"
Cluster 45,subcommunity,"Jumeirah Islands, Dubai","cl45, c45, cluster45, cl-45, jumeirah islands cl45, jumeirah islands cluster 45, ji cl45, ji cluster 45, clusterfortyfive, cl 45, jumeirah islands c45, jumeirah islands c-45, cluater45, cluseter45, custer45, cluster45jumeirahislands, cluster45ji"
Cluster 46,subcommunity,"Jumeirah Islands, Dubai","c46, cluster46, jumeirah islands cluster 46, ji cluster 46, clus46, cl 46, clusterfortysix, jicluster46, cluster 46 jumeirah islands, jumeirah island c46, clstr 46, cluter 46, cluster46jumeirahislands, cl46, jumeirah islands c46, clu 46"
Cluster 47,subcommunity,"Jumeirah Islands, Dubai","cls 47, clus 47, cluster47, clstr 47, ji cluster 47, jumeirah islands clus 47, clus47, clstr47, jumeirah islands 47, ji 47, cluster-47, cl47, jumeirah island cluster 47, clusr 47, clstrr 47"
Cluster 48,subcommunity,"Jumeirah Islands, Dubai","c48, cluster48, clus48, jumeirah islands cluster 48, ji cluster 48, ji c48, jumeirah islands c48, clusterfortyeight, clstr48, jic48, clustr48"
BAB ALQarya Tower,subcommunity,"Jumeirah Village Circle, Dubai","bab alqarya twr, bab alqarya t, bqt, bab alqarya, bab alqarya tw, alqarya tower, alqarya twr, bab alqaria tower, bab alqarya towre, bab alqarya tor, bab alqarya twer, bab alqarya tow, bab alqary a tower, jvc bab alqarya, bab alqarya jvc, jumeirah village circle bab alqarya, bab alqarya jumeirah village circle, babalqarya tower, babalqaryatower, babalqarya twr"
Cluster 49,subcommunity,"Jumeirah Islands, Dubai","cl49, c49, cluster49, jumeirah islands cluster 49, ji cluster 49, jumeirah islands c49, jicluster49, jicl49, clusterfortynine, c-49, cluster49jumeirahislands, clustr49, clus49, clu49"
Cluster 5,subcommunity,"The Sustainable City, Dubai","c5, sust city c5, sustainable city cluster 5, sust city cluster 5, cluster5, clust 5, clstr 5, c-5, sustainable c5, sust city c-5, sustcityc5, sustainablecityc5, clus 5, sustcitycluster5"
Cluster 50,subcommunity,"Jumeirah Islands, Dubai","cl50, clust50, cluster50, cl50ji, cluster50ji, jicl50, jicluster50, jumeirahislands50, jumeirahislandscl50, cl-50, cluster-50, cl50 jumeirah islands, cl 50, clst50, clstr50, cl50 islands, jumeirah islands cluster 50, ji cl50, ji cluster 50"
Cluster A,subcommunity,"Jumeirah Heights, Dubai","clusta, clustera, clus a, clus-a, jumeirah heights cluster a, jh cluster a, jh clustera, jh clust a, jumeirah heights a, jheights cluster a, clusta a, jh a, cluster-a, clstra, clusta-a"
Cluster B,subcommunity,"Jumeirah Heights, Dubai","clb, clusterb, jumeirah heights b, jh b, jh cluster b, jhb, clustrb, clstr b, cluster-b, jumeirah height cluster b, clb jumeirah heights"
Cluster C,subcommunity,"Jumeirah Heights, Dubai","clusterc, c cluster, jh cluster c, jh c, cluster c jumeirah heights, clstr c, clustr c, clus c, c-cluster, jumeirah heights c, jh-c, cluster-c, clsterc, clrc, cluster c jh, jumeirah heights cluster c"
Cluster D,subcommunity,"Jumeirah Heights, Dubai","jumeirah heights cluster d, j heights cluster d, cluster d jh, jh cluster d, clus d, clst d, clust d, clusterd, clstrd, cluster-d, clustr d, jumeirah heights d, jh d, cluster de, cluser d, clustre d"
Cluster E,subcommunity,"Jumeirah Heights, Dubai","clustere, cl e, cl-e, cle, clusteer, cluser e, cluste e, jumeirah heights cluster e, jh cluster e, jh clustere, jhce, jumeirah heights e, heights cluster e, cluster-e, clstr e, cluste re, cluste r e"
Cluster F,subcommunity,"Jumeirah Heights, Dubai","clf, clusterf, jumeirah heights cluster f, jh cluster f, jh clusterf, jhclf, cluster f jumeirah heights, clstr f, cluster-f, clstrf, jumeirah heights f, jh f, jhf, jumeirah heights clusterf"
Comfy Villas,subcommunity,"Jumeirah Village Circle, Dubai","comfyvillas, comfy, comfy villa, comfy jvc, jvc comfy, comfy jumeirah village, comfyvillasjvc, comfyvillas jvc, comfyvllias, comfyvilas, comfyvillas jumeirah village circle, comfyvillasdubai, comfyvillas."
Commercial Bank of Dubai,subcommunity,"Sheikh Zayed Road, Dubai","cbd, cbd szr, cbd sheikh zayed, cbd sheikh zayed road, cbd tower, comm bank dubai, cb dubai, cbd dubai, cbd building, c b d, cbdo, cbd bank, cbd szr road, sheikh zayed cbd, szr cbd, cbd bank szr"
Commercial Building,subcommunity,"Al Ain Industrial Area, Al Ain","comm bldg, comm building al ain, al ain comm, alain industrial, al ain industrial bldg, alain industrial bldg, com bldg, com building, al ain comm bldg, alain comm bldg, alain industrial area bldg, al ain ind, alain ind, al ain industrial, alaincomm, alainindustrial, commbldg, alaincommbldg, com bldg al ain, alain ind area"
Commercial Centre,subcommunity,"City Downtown, Ras Al Khaimah","com centre, comm centre, com center, comm center, dt comm, downtown comm, rak comm centre, comcentre, commcentre, downtowncom, rakcom, com cent, comm cent, comm center rak, com center rak, comm center downtown, comm centre rak"
Commercial District,subcommunity,"Building Materials City, Abu Dhabi","comm dist, commdistrict, comdist, cdc, bmc comm, bmc comm dist, build mat city comm, building materials city comm, comm dist abu dhabi, commdistrict abu dhabi, bmc comm district, commdistict, comdistict, comm distrcit, commdistrcit, cdc abu dhabi, comdistrict"
Commercial District,subcommunity,"Dubai South (Dubai World Central), Dubai","com district, comm district, com dist, comm dist, dscd, dwc comm, dwc commercial, dubaisouth comm, dubaisouth commercial, comdist, commdist, comdistrict, commdistrict, comdistict, comdistric, comdistrcit, commercail district, comercial district, commecial district"
Como Residences,subcommunity,"Palm Jumeirah, Dubai","como, como res, como resid, como palm, como palm jumeirah, comoresidences, comoresi, como residence, palm como, como resi, como resd, como residencies, como residnces, como resdnce, como palm jum"
Compas Tower,subcommunity,"Al Majaz, Sharjah","compas, compas twr, compass twr, al majaz compas, compas al majaz, compastwr, compastower, compas tower sharjah, compas shj, compas t, c-twr, compass, compas twr shj, compasbuilding, compas bldg"
Complex 14,subcommunity,"Khalifa City, Abu Dhabi",
Complex 16,subcommunity,"Khalifa City, Abu Dhabi","c16, complx16, kca16, kcc16, khalifa city 16, khalifacity16, kcc 16, c-16, complx 16, cplx16, kca 16, khalifa 16, k city 16, k-city 16"
Complex 17,subcommunity,"Khalifa City, Abu Dhabi","c17, comp17, complex17, khaliifa city 17, khalifa city 17, kch 17, kc17, khalifa17, c-17, k c 17, k city 17, khaliifa c17, k-c17, complex 17 abudhabi, c17 abu dhabi"
Complex 3,subcommunity,"Khalifa City, Abu Dhabi","c3, kcf c3, khalifa city 3, khalifa city c3, k city 3, kcity 3, k3, kcf3, c-3, khalifacity 3, khalifacityc3, khalifa c 3, k city iii, khalifa city iii, khalifa c3, k cityc3"
Complex 8,subcommunity,"Khalifa City, Abu Dhabi","c8, comp8, complex8, c-8, khalifa c8, kcy c8, kcyc8, khalifacity c8, khalfacity c8, khalifa c 8, c 8, c-eight, comp 8"
Concept 7 Residences,subcommunity,"Jumeirah Village Circle, Dubai","c7, concept7, c7residences, c7jvc, concept7jvc, c7res, c7 residence, concept 7 jvc, jvc concept 7, c7 residence jvc, concpt 7, conceptt 7, c7residencejvc, c7residencesjvc, concept7residences"
Concord Tower,subcommunity,"Dubai Media City, Dubai","concord, ct, ctower, concrd, concor, concorde, concordtw, concordtwr, dmc concord, concord dmc, concordtower, concordmedia, concord mediacity, concordtower dmc, concord tower dmc"
Concorde Building 1,subcommunity,"Al Mamourah, Ras Al Khaimah","concorde bldg 1, concorde 1, concorde1, concorde b1, concorde rak, al mamourah concorde, mamourah concorde 1, concorde building one, conccorde 1, concorde bld 1, concorde bldg one, concorde 1 rak, mamourah concorde bldg 1, concorde1 rak, concorde bldg one rak"
Concorde Building 2,subcommunity,"Al Mamourah, Ras Al Khaimah","concorde 2, concorde bldg 2, concorde 2 rak, concorde building 2 rak, concorde2, concordeii, concorde bldg ii, mamourah concorde 2, concorde al mamourah, concorde two, concordeii rak, concorde building ii, concorde 2 al mamourah, concorde ii building, concordeii building, concorde bldg2, concorde2 rak, concorde bld 2, concorde bld2, concorde building two"
Condor Castle,subcommunity,"Jumeirah Village Circle, Dubai","condor castle jvc, cc jvc, condor jvc, condorcastle, condorcastel, condorcstle, ccjvc, condorcastlejvc, condorcastljvc, condor casle"
Conquer Tower,subcommunity,"Sheikh Maktoum Bin Rashid Street, Ajman","conquer, conq tower, conq twr, conqtwr, conq tnr, conq twwr, conquer ajman, conquer smbr, smbr conquer, conquer street, conq street, conq st, conqajman, conq tower ajman, conquer tower ajman, conqtwr ajman, conquer ajm, conq ajm"
Conrad Commercial Tower,subcommunity,"Sheikh Zayed Road, Dubai","conrad tower, conrad szr, conrad commercial, conrad ctw, conrad office tower, cct, cct szr, conrad sheikh zayed, conard tower, conrad commercial tower szr, conrads, conrad building, conrad office, szr conrad, conrad tower dubai, conradcommercial"
Conrad Hotel,subcommunity,"Sheikh Zayed Road, Dubai","conrad, conrad hotel szr, conrad szr, conrad hotel sheikh zayed road, conrad sheikh zayed, conrad hotel dubai, szr conrad, conradh, conrd, conradhote, conradhotel, conrads, conrad hotel dxb"
Contemporary Cluster,subcommunity,"Discovery Gardens, Dubai","contemp cluster, contemp, contemp garden, dg contemp, disc gardens contemp, discovery gardens contemp, contemp cluster dg, contemprary, contempary cluster, contempry, contempory, contemp clus, contempcluster, contemp-cluster, dg contemp cluster, contemporary d g, contemp d g, contemp gardens, contemporary gardens"
Contemporary Cluster,subcommunity,"Jumeirah Islands, Dubai","contemp, contemp cluster, contemp cluster ji, contemporary cluster ji, contemp clus, contemp island, ji contemporary, ji contemp, contempcluster, contempcluster ji, contemp clstr, contemprary cluster, contempory cluster, contemporary clstr"
Continental Tower,subcommunity,"Dubai Marina, Dubai","cont tower, cont tower marina, marina cont tower, ct, ct marina, cont twr, cont t, continental, continental twr, cont-twr, cont.twr, cont tower dubai, marina continental, contitower, continentaltower, cont tower dxb"
Continents Tower,subcommunity,"Jumeirah Village Circle, Dubai","cont tower, continents, cont twr, cont jvc, continents jvc, conttowers, conttwrs, continents tower jvc, jvc cont, jvc cont tower, continents tewer, continnents, cont tower jvc, conttwr, continants tower"
Control Tower,subcommunity,"Motor City, Dubai","ct, control, motor city ct, motor city control, controltower, control motorcity, contrl, controltwr, ctrl tower, ctrl twr, controltwer, controltowe, motorcitycontrol"
Copthorne Downtown,subcommunity,"Al Danah, Abu Dhabi","copthorne, copthorne hotel, cpth, copthorne dt, copthorne downtown ad, copthorne al danah, copthorne aldana, copthorn, copthorne abudhabi, aldana copthorne, ct downtown, copt horne, copthorne down town, copthorne dntwn, copthorn downtown, copthorne dtwn"
Coral International Hotel Apartment,subcommunity,"Dubai Sports City, Dubai","coral intl, coral hotel apt, coral apt, coral hotel, coral dsc, coral sports city, coral sports, coral intl dsc, dsc coral, coralhotel, coralintl, coralapts, coralhotelapt, coralhotelapartments, corall international, coral intl hotel, coral intl apts, dsc coral hotel, coral intl sports city"
Coral Island,subcommunity,"The World Islands, Dubai","coralisland, coral, ci, ciworld, coralworld, coralworldislands, corldisland, coralislnd, coralisl, theworldcoral, worldislandcoral, corallisland, coralizland, coralislan, coralilands, coralislnds, crlisland, ci-world"
Coral Reef,subcommunity,"Maritime City, Dubai","cr, coralreef, maritime coral, maritime reef, coral ref, coral reef dmc, dmc coral reef, coralrreef, coralr, dmc coral, corall reef"
Coral Residence,subcommunity,"Dubai Silicon Oasis, Dubai","coral res, coral resi, crl res, crl residence, coral residence dso, coral res dso, coral dso, coral res silicon, coral silicon oasis, coralres, coralresidence, coralresidance, coral rez, coral residense, cral res, coral risidence, coral resi dso"
Coral Tower,subcommunity,"Business Bay, Dubai","ct, coral, coraltower, ctower, coral bbay, coral bus bay, coral busbay, coraltwr, ctw, coral biz bay, coral bizbay, coral twnr, coral towerr, corral tower, corl tower, coral tower business bay, business bay coral tower, coral tower bb"
Cordoba Palace,subcommunity,"Dubai Silicon Oasis, Dubai","cordoba, cordoba palace dso, cordoba dso, cordoba silicon, cordoba silicons, cordobapalace, cordobaplace, cordba palace, cordoba palce, cordoba plce, dso cordoba, cordoba dso palace, cordoba res, cordobas, cordoba residence, c palace, c palace dso"
Cordoba Residence,subcommunity,"Dubai Media City, Dubai","cordoba, cordoba res, cordoba resid, cordoba residence dmc, cordoba dmc, cordoba mediacity, cordoba med city, cordoba residance, cordoba residnc, cordobaresidence, cordobares, dmc cordoba, cordoba residence dubai, cordoba res dmc, cordoba resi"
Cornich Al Khalidiya,subcommunity,"Al Khalidiya, Abu Dhabi","corniche, cornich, al khalidiya corniche, khalidiya corniche, corniche khalidiya, cornich al khalidya, cornich alkhalidiya, corniche khalidya, corniche khaldiyah, c.khalidiya, ckhalidiya, alkhaldiyah corniche, corniche ad, corniche auh, korniche khalidiya, corniche khalediya, khalidya corniche, al khalidiya cornich"
Corniche Al Qurm,subcommunity,"Al Qurm, Abu Dhabi","corniche alqurm, alqurm corniche, corniche qurm, qurm corniche, c-qurm, cq, alqurm c, corniche al qurum, corniche algurm, cornichequrm, qurmcorniche, c alqurm"
Corniche Deira,subcommunity,"Deira, Dubai","c deira, deira corniche, dc, d corniche, corniche d, deira cornich, cornich deira, cornichedeira, d-corniche, c-deira, cornichd, deiracorniche, corniche dxb, dxb corniche, cornich deria, corniche dria"
Corniche Plaza,subcommunity,"Corniche Road, Abu Dhabi","corniche pz, cornicheplaz, cornicheplza, corniche plaza ad, ad corniche plaza, corniche rd plaza, c plaza, c-plaza, corniche plaza abu dhabi, cp corniche, cornicheplz, cplz, cornichepaza, corniche plza, cornicheplazaa, c.plaza, corniche plaza adu dhabi"
Corniche Plaza Building,subcommunity,"Al Salam Street, Abu Dhabi","corniche plaza, cp building, cp bldg, corniche plza, corniche plaz, corniche plaza ad, corniche plaza auh, corniche plaza salam st, corniche plaza salam, alsalam corniche plaza, cornicheplazabuilding, cornicheplazabldg, cornicheplazaa, cp salam, cp salam street, corniche plaza st, corniche plza bldg, corniche plaza 1, cp1"
Corniche Residence,subcommunity,"Corniche Road, Abu Dhabi","corniche res, corniche resid, corniche rd res, cr, cornicheres, cornicheresidence, cornish res, cornish residence, corniche road residence, corniche rd residence, corniche residance, corniche rez, corniche resi, c-res, cornicheresi, corniche road res"
Corniche Tower,subcommunity,"Ajman Corniche Road, Ajman","corniche twr, corniche tower ajman, ajman corniche, ct ajman, corniche tarr, corniche towre, cornichetower, corniche twr ajman, corniche tr, c tower ajman, cornice tower, corniche tower ajm, corniche twr ajm, ajman corniche twr, ctower, corniche tower rsd"
Corniche Tower,subcommunity,"Corniche Road, Abu Dhabi","ct, corniche twr, corniche tower ad, corniche road tower, corniche tower corniche rd, corniche tower abu dhabi, corniches tower, corniche twr ad, c tower, cornichtower, corniche tw, corniche tow, corniche t, corniche rd tower, cornichetwr"
Corniche View Tower,subcommunity,"Corniche Road, Abu Dhabi","cv tower, corniche view, corniche view twr, cornicheview, cornicheviewtwr, corniche rd view, corniche rd tower, cvt, corniche view ad, corniche tower ad, cornish view, corniche veiw, corniche veiw tower, cornicheviewtower, corniche view twr ad, c v tower"
Babil,subcommunity,"Culture Village, Dubai","bbl, bab, babl, babl."
Cornish Tower,subcommunity,"Al Rumaila, Ajman","cornish, cornish twr, cornish tower ajman, al rumaila cornish, crnish tower, cornish ttw, cornish tr, cornishajman, rumaila cornish, cornish twr ajman, cornishh tower, cornish towre, c-tower, cornish t, alrumaila cornish, cornish tewer"
Corporate Bay,subcommunity,"Business Bay, Dubai","corp bay, corpbay, cb, cbay, bus bay corp, business bay corp, corp bay business bay, corpby, corpb, cbay business bay, corp bay dxb, corpbay dxb"
Costa Brava at DAMAC Lagoons,subcommunity,"Damac Lagoons, Dubai","costa brava, cb at damac, costa brava damac, caba, costabrava, cobra, cbrva, costa b, damac lagoons costa brava, costa damac"
Costa Del Sol,subcommunity,"Jumeirah Islands, Dubai","costa, del sol, jumeirah islands costa, costa jumeirah, cds, costadel, costadelso, costadelsool, costadelsol"
Costra Commercial Center,subcommunity,"Dubai Production City (IMPZ), Dubai","costra cc, ccc, costra commercial, costra prod city, costra impz, costra, costra com centre, costra comcen, costra ccn, costra c.c., costra dc, costra prod, costra imp, costra dub prod, costra imp prod, costra imp prod city, costra imp prod city dub"
Coursetia,subcommunity,"Damac Hills 2, Dubai","crstia, coursetia dh2, ctia, coursetia damac hills 2, corsia, cours, coursetia damac, courcea, coursetia dh, coursetiadamachills2, crsetia"
Court Villa,subcommunity,"Dafan Al Khor, Ras Al Khaimah","courtvil, cv, cvilla, courtv, courtvill, crtvil, ctvil, courtvilla, dafan court villa, court villa dafan, ras al khor court villa, court villa ras al khor, dafancourtvilla, courtvilladafan"
Courtyard by Marriott,subcommunity,"Green Community, Dubai","cy marriott, court marriott, courtyrd marriott, courtyrd by marriott, cby m, marriott green community, green community marriott, courtyardgc, courtyard gm"
Cove by Imtiaz,subcommunity,"Dubai Land, Dubai","cove imtiaz, imtiaz cove, cove, the cove, imtiaz the cove, cove dl, cove dubai land, covebyimtiaz"
Cove Edition by Imtiaz,subcommunity,"Dubai Land, Dubai","cove edition, cove ed, covedition, cove ed. imtiaz, imtiaz cove edition, cove imtiaz, dubai land cove edition, edition cove, ed co, c.e., covedit, covedition imtiaz, imtiaz covedition"
Creek Beach,subcommunity,"Dubai Creek Harbour (The Lagoons), Dubai","cb, crk beach, creak beach, creekbeah, creekbech, creekbch, creekb, creekbeachdch, dch creek beach"
Creek Crescent,subcommunity,"Dubai Creek Harbour (The Lagoons), Dubai","cc, crk crscnt, creekcrscnt, creek cres, creek c, creek c., cc dch, creek crescent dch, dch creek c, dch cc"
Creek Edge,subcommunity,"Dubai Creek Harbour (The Lagoons), Dubai","creekedge, ce, creek e, crek edge, crekedge, creekedg, crk edge, crkedge, edge creek, edgc, creek edge dch, dch creek edge"
Creek Gate,subcommunity,"Dubai Creek Harbour (The Lagoons), Dubai","cg, creekgate, creek gat, creek g, creak gate, creekgate dch, dch creekgate, creek gate dch"
Creek Heights,subcommunity,"Dubai Creek Harbour (The Lagoons), Dubai","ch, creek hts, c hts, heights, creek, creek heigts, creek hights, creek hieghts, creek higts, creek heits, crek heights, creek hihts, creekheights, creekhts, dch creek heights, dch ch, dch creek, creek heights dch, creek dch, dubai creek harbour ch, dubai creek harbour creek heights, dubai creek harbour creek, dubai creek harbour heights"
Creek Horizon,subcommunity,"Dubai Creek Harbour (The Lagoons), Dubai","ch, creekh, c horizon, crk horizon, creek hrzn, creek h, h creek, h"
Creek Marina,subcommunity,"Dubai Creek Harbour (The Lagoons), Dubai","creek marina dch, dch creek marina, creek m, cm, creekmairna, creek marin, creekmaarina, creekmarina dch, dch creekmarin, creekm, marinacreek"
Creek Palace,subcommunity,"Dubai Creek Harbour (The Lagoons), Dubai","cp, crk palace, creek pal, crk pal, creekpl, cpal, creekpalace, dp creek palace, creek palace dp, dpcp, cp dp, dubai creek palace"
Creek Rise,subcommunity,"Dubai Creek Harbour (The Lagoons), Dubai","cr, c.r., creekr, creekrise, crk rise, creekrise dch, dch creek rise, creekrise dubai creek harbour, creekrise the lagoons"
Creek View by Iraz,subcommunity,"Culture Village, Dubai","creekview, cv, cview, cv by iraz, creek v, cv by i, c.v., creek view cv, cv culture village, culture village cv, cv subcommunity, creek view subcommunity, creek v by iraz, cv iraz, c.v. by iraz, cv iraz cv, cviraz"
Bachour Villas,subcommunity,"Jumeirah Village Circle, Dubai","bv, bchv, bch villas, bchvillas, bach villas, bachourv, bachourvillas, bachourvls, bachourvl, bachur villas, baachour villas, bachourr villas, baachourvillas, bachrou villas, bachrouvillas, jvc bachour villas, jvc bachourvillas, bachour villas jvc, bachourvillas jvc, jumeirah village circle bachour, jumeirah village circle bachour villas, jvc bachv, jvc bv, jvc bachour, jvc bachourv, jvc baachour, jvc bachur, jvc bachrou, jvc baachourvillas"
Creek Views 3,subcommunity,"Dubai Healthcare City, Dubai","cv3, creekview 3, creekviewsiii, creekv 3, cviii, creek v3, creekviews three, cvthree, creek v three, dccreek views 3, creek views 3 dcc, dcv3"
Creek Waters,subcommunity,"Dubai Creek Harbour (The Lagoons), Dubai","cw, creekw, crek w, creekwtrs, creekwatersdubai, creekwatersdch, creekwater, creek wters, creek watter"
Creek Waters 2,subcommunity,"Dubai Creek Harbour (The Lagoons), Dubai","cw2, cw 2, creek waters, waters 2, creek 2, creekwaters2, creekwater2, creek wates 2, creek water 2, creak waters 2, crek waters 2, dch cw2, dch creek waters 2, dubai creek harbour cw2, creek waters 2 dch, cwii, creek waters ii, water 2, cwat2, cwater2, crek water 2, creek wters 2, watrs 2"
Creekside,subcommunity,"Al Zorah, Ajman","cs, creek, creakside, crekside, creekisde, creksid, creksyde, creeksideaz, creeksideaj, al zorah creekside, az creekside, ajman creekside, aj creekside, creekside az, creekside aj, cs az, cs aj"
Creekside 18,subcommunity,"Dubai Creek Harbour (The Lagoons), Dubai","c18, creekside, creekside18, cside18, cside 18, creek 18, cs18, crekside 18, crikside 18, creeksid 18, ch c18, dch c18, creek harbour c18, ch creekside 18, c18 ch, c18 creek harbour, creeksidee 18, creeksde 18, creekside eighteen, creek18, c.s.18, creek harbour creekside 18, creek harbour creekside, ch creekside"
Bada Al Jubail,subcommunity,"Al Jubail Island, Abu Dhabi","bada alj, bada aljbl, bada aljub, bada jubail, bada al jub, bada aljubail, badaaljubail, badaalj, bada aljubial, bada al jubial, bada aljubail island, aljubail island bada, bada alj island, bada al jubail isl, bada aljbl isl"
Crescent Tower,subcommunity,"Hamdan Street, Abu Dhabi","ct, cres twr, crescent twr, cres tr, crescent tr, cresc twr, cresc tr, cres t, crescent, cres, cresc, cresent tower, cresent twr, crecent tower, crecent twr, cresant tower, cresant twr, cressent tower, cresent tr, crecent tr, crescenttower, crescenttwr, cresenttower, cresenttwr, crecenttower, crecenttwr, hamdan ct, hamdan crescent, hamdan cres twr, hamdan cresent, ct hamdan, crescent hamdan, cres twr hamdan, cresent hamdan, hamdan cres, cres hamdan"
Crescent Towers,subcommunity,"Al Khalidiya, Abu Dhabi","ct, cres twrs, cres t, c tower, crescent, towers, cresent towers, cressent towers, crecent towers, crescent towrs, cresent towrs, crescenttowers, cresenttowers, khalidiya crescent towers, khalidiya ct, khalidiya crescent, khalidiya towers, ct khalidiya, crescent khalidiya, khalidiya cres twrs, khalidiya cres t"
Cresswell Residences,subcommunity,"Dubai South (Dubai World Central), Dubai","cr, cresswell res, creswell res, cresswell r, creswell r, cres, cress, resi, res, cresswell, creswell, cresswel, creswel, creswill, creswall, cresswell resid, creswell resid, cresswellresidences, creswellresidences, cresswellres, creswellres, ds cresswell, ds creswell, ds cr, dubai south cresswell, dubai south creswell, dubai south cr, cresswell ds, creswell ds, dscresswell, dubaisouthcresswell"
Cricket Tower,subcommunity,"Dubai Sports City, Dubai","ct, cricket, ckt, crkt, tower, twr, crickettower, crickettwr, cktower, ckttwr, cricket twr, ckt twr, crkt twr, crickit, criket, crcket, crikt, dsc cricket tower, dsc cricket twr, dsc cricket, dsc ckt, dsc ct, sports city cricket tower, sports city cricket twr, sports city cricket, sports city ckt, sports city ct, cricket tower dsc, cricket twr dsc, cricket dsc, ckt dsc, ct dsc, cricket tower sports city, cricket twr sports city, cricket sports city, ckt sports city, ct sports city"
Crimson Court,subcommunity,"Emirates City, Ajman","cc, crim c, crim ct, crimcourt, crimson ct, crim court, crimson, crimsin court, crimzon court, crmson court, crimsan court, crimsom court, crimson cort, crimson crt, crimsoncourt, crimsncourt, ec crimson, ec crim, ec cc, emirates cc, ajman cc, ajman crimson, crim ct ajman, crimson ajman, crimson ec, crim ec"
Croesus,subcommunity,"Majan, Dubai","crs, cros, cres, cro, crosus, creosus, crousus, croiseus, croases, croseus, cruseus, croesys, crosis, croesus majan, majan croesus, crs majan, majan crs, cros majan, majan cros, cro majan, majan cro, croesusmajan, majancroesus, crsmajan, majancrs"
Badrah,subcommunity,"Dubai Waterfront, Dubai","bd, bdrh, bdh, badra, badrh, badraah, baadra, baddrah, dubai waterfront badrah, waterfrontbadrah, badrahwaterfront, dubaiwaterfrontbadrah, dubai badrah, dubai-badrah"
Crown Avenue,subcommunity,"Dubai Sports City, Dubai","ca, crown ave, crownav, crown, crawn ave, croun ave, crowne ave, crwn ave, crown av, crown avenu, crown avne, crownave, dsc ca, dsc crown, sports city ca, sports city crown, dubai sports city ca, dubai sports city crown, sportscity crown, sportscity ca"
Crown Plaza,subcommunity,"Sheikh Zayed Road, Dubai","cp, crown, plaza, crnplz, crwnplz, crownplz, crownplza, crownplaza, crnplaza, crnplza, crwnplaza, crwnplza, crownplazza, crawnplaza, cronplaza, crownplasa, szrcp, szrcrown, szrplaza, szrcrownplaza, cpszr, crownplazasza, plazaszr, szr crown, szr plaza, szr cp, cp szr, crown szr, plaza szr, crownplaza szr, szr crownplaza"
Crown Residence,subcommunity,"Barsha Heights (Tecom), Dubai","cr, crown res, crown, crwn res, crwn, crown residance, crawn residence, crowne residence, crown resdnce, crownresidence, crownresid, crownres, bh crown res, tecom crown res, barsha heights crown, bh cr, tecom cr, bh crown, tecom crown, crown res bh, crown res tecom, cr resid, cr res, crown resi, crwn resid, crown resident"
Crown Residencia,subcommunity,"Emirates City, Ajman","cr, crown res, crown resid, crownresi, cr resid, ec cr, ajm cr, emirates city cr, ajman cr, ec crown resi, resi, residencia, crown, crown residence, crown resi, emirates crown, ajman crown, crawn residencia, croun residencia, crown residancia, crown residensia, crown resedencia, crown residenca, crown residenc, crawn residance, crownresidencia, crownresid, emiratescitycrownresidencia, ajmancrownresidencia, eccrownresidencia, eccrownresi, emirates city crown residencia, ec crown residencia, ajman crown residencia, ajm crown residencia, crown residencia ec, crown residencia emirates city, crown residencia ajman, crown residencia ajm"
Crystal Blue Tower,subcommunity,"Barsha Heights (Tecom), Dubai","cbt, crystal bt, blu twr, crystal bl, crystal blue, crystal tower, blue tower, crystal, blue, cbtwr, cb tower, cristal blue tower, crystal blu tower, crystal blue towr, crystal blue twer, crystal ble tower, crystl blue tower, cristal blu tower, crystal blw tower, crystalbluetower, crystalbluetwr, crystalblue, bluetower, crystaltower, crystalbt, bh cbt, tecom cbt, bh crystal blue tower, bh crystal blue, tecom crystal blue tower, tecom crystal blue, crystal blue tower bh, crystal blue bh, crystal blue tower tecom, crystal blue tecom, barsha heights cbt, barsha heights crystal blue, barsha hgts cbt, barsha hgts crystal blue tower, tecom blu tower, bh blu tower, cbt bh, cbt tecom, crystalbluetowerbh, crystalbluetowertecom, crystalbluebh, crystalbluetecom"
Crystal Residence,subcommunity,"Jumeirah Village Circle, Dubai","cr, crystal res, crystal resid, crystal, cristal res, krystal res, crystl res, crystal residance, crystal residense, crystal residnce, crystalres, crystalresidence, jvc crystal, crystal jvc, jvc cr, cr jvc, jvc crystal res, crystal res jvc, jvc cristal, jvc krystal, xtal res"
Crystal Residences,subcommunity,"Maryam Island, Sharjah","cr, crystal, crystl, crystal res, crystl res, cristal, cristal res, krystal, krystal res, crystel, crystel res, crystal residence, crystal residencs, crystal residenes, crystalresidences, crystalres, crres, crystlres, cristalres, mi crystal, maryam crystal, crystal mi, crystal maryam, mi cr, maryam cr, crystal shj, cr shj"
Crystal Residency,subcommunity,"Emirates City, Ajman","cr, cryst res, crystal res, crystal resid, crystal r, crystal, cristal, krystal, crystalresidency, crystalres, cristalresidency, cristalres, crystres, crystal residncy, crystal residancy, crystal residenc, crystal residencz, ec cr, emirates city cr, ec crystal, emirates crystal, crystal ec, ajman cr, ajman crystal, crystal ajman, crystal residency ec, crystal residency ajman"
Crystal Tower,subcommunity,"Business Bay, Dubai","ct, crystal twr, cryst tower, cryst, crystal, twr, tower, cristal tower, crystel tower, crystal towr, crystl tower, crystaltower, crystaltwr, crysttower, bb crystal, bb ct, bb crystal tower, bb crystaltower, business bay crystal, businessbay crystal, biz bay crystal, crystal tower bb"
Crystal Tower,subcommunity,"Hamdan Street, Abu Dhabi","ct, cryst, xtal, crystal, cristal tower, krystal tower, crystl tower, crstal tower, cristal, krystal, crystl, toer, towr, crystaltower, xtaltower, ctower, hamdan crystal, hamdan ct, hs crystal, hs ct, crystal hamdan, ct hamdan, hamdan street crystal, hamdan street ct"
Cubic Building,subcommunity,"Al Raha Beach, Abu Dhabi","cb, cubic bldg, cubic blg, cubic bld, cubic build, cubic, cubik building, kubic building, cubic bulding, cubic buiding, cubic bilding, cuvic building, cubix building, cubicbuilding, cubicbldg, cubicbld, cubicbuild, cubicblg, raha cubic, raha cb, raha cubic bldg, arb cubic, arb cb, arb cubic bldg, cubic raha, cubic arb, cb raha, cb arb, cubicbuildingraha, cubicbuildingarb, cubicbldgraha, cubicbldgarb"
Cubix Residences,subcommunity,"Jumeirah Village Circle, Dubai","cr, cubix, cubix res, cubix r, cubix resid, cubix resi, cubixresidences, cubixres, cubixresi, cubics, kubix, cubiks, residencs, residances, jvc cubix, jvc cubix res, jvc cubix resid, jvc cubix resi, cubix jvc, cubix res jvc, cr jvc, jvc cr, jvc cubics, cubics jvc, resid, resi, res"
Currency House,subcommunity,"DIFC, Dubai","ch, currency, curr house, cur house, curancy house, currancy house, currencyhouse, difc currency house, currency house difc, ch difc, difc ch, currency difc, currensy house, curreny house, currancy, curancy, curency house, curency, curr house difc, difc currency, difc currencyhouse, curreny, currensy, curentcy, curentcy house, currencyhous, currhouse, difc currency hse, currency hse, curr hse difc, cur hse difc, difc curr house, dch difc"
Curve by Sentro,subcommunity,"Arjan, Dubai","cbs, curve, sentro, curve sentro, curvesentro, curvebysentro, the curve, curve arjan, arjan curve, sentro arjan, curve bldg, curve centro, curve by centro, sentro curve, curv, sentero, curve sentero, curve by sentero, the curve arjan, arjancurve, curvesentroarjan, arjansentro, curve building, curve sentro arjan, curv sentro, the curve sentro, curve sento, curv sentro arjan, curve by sento, sentro bldg arjan"
D Villas,subcommunity,"Living Legends, Dubai","dv, dvillas, d villa, d vllas, d vils, d vila, d vilas, d vills, living legends d villas, ll d villas, living legends d, ll d villa, d villas living legends, d villas ll, dvilla, ll dvillas, dv living legends, d villa ll, d vila living legends"
D1 Tower,subcommunity,"Culture Village, Dubai","d1, d1tower, d-1, d-1 tower, d1 towers, d 1, d 1 tower, d one, d-one, done, done tower, d1 bldg, d1 building, d1building, cv d1, d1 cv, culture village d1, d1 culture village, d1culturevillage, d1 culturevilage, d1 towre, d1 towerr, d1 culture vlg, d1 tower cv, culturevillage d1"
Dalma Residence,subcommunity,"Hamdan Street, Abu Dhabi","dalma, dalma res, dalma resid, dalma resi, dalma bldg, dalma building, dalmaresidence, dalmares, dalma hamdan, hamdan dalma, dalama residence, dalmah residence, dalma resdence, dalme residence, dalma redidance, dama residence, dalma hamdan street, dalma hamdan st, dalmaresid, dalmah res"
Dalma Tower,subcommunity,"Dubai Media City, Dubai","dalma, dalma twr, dalma towers, dalmatower, dalmatwr, delma tower, delma, dalmah, dalme tower, dalma towre, dalmat, dalma dmc, dmc dalma, dalma media city, mediacity dalma, media city dalma, dalma tower dmc"
DAMAC Altitude Tower,subcommunity,"Business Bay, Dubai","altitude, damac altitude, altitude tower, damac alt, dat, altitude bb, altitude tower bb, altitude business bay, altitude tower business bay, damac altitude bb, damacalt, altitudetower, damacaltitude, damacaltitudetower, altitud, altitute, damak altitude, damac altitut, altitut, altitude by damac, altitut tower, altitud tower, altitude by damac business bay"
Damac Bay,subcommunity,"Dubai Harbour, Dubai","db, db1, db2, damacbay, damacbay1, damacbay2, damak bay, damac bayy, dmac bay, damic bay, dh damac bay, damac bay dh, damac bay 1, damac bay 2, damac bay cavalli, cavalli bay, dbay, bay damac, dmacbay, damac bay by cavalli, damac harbour, damac bay harbor, bay by cavalli"
Damac Bay 2,subcommunity,"Dubai Harbour, Dubai","db2, dbay2, bay 2, bay2, damacbay2, dmac bay 2, damak bay 2, damac bay two, damac bay ii, damac bey 2, dmac bay2, damakbay2, dh damac bay 2, damac bay 2 dh, damac bay 2 harbour, dubai harbour damac bay 2, damacbay 2, dbay 2, dmc bay 2, dmc bay2, damac harbour 2, damac bay ii harbour, harbor bay 2, bay ii, damac bay 2 dubai harbour, d bay 2, damac phase 2, bay phase 2, damak bay2, damac harbour bay 2, damac bay 2 harbour dubai, db2 harbour, dbay2 harbour"
DAMAC Casa,subcommunity,"Dubai Media City, Dubai","dc, casa, damaccasa, casadamac, damak casa, damac cassa, dmac casa, damac kasa, dmc casa, media city casa, casa dmc, casa media city, casa damac, damaccassa, damac cas, dmac cassa, damak cassa, casa tower, damac casa tower, damac casa dmc, damac casa media city, casa tower damac, damaccasa dmc"
Damac Gems Estates,subcommunity,"DAMAC Hills, Dubai","dge, gems, gems estates, damac gems, damac gem, gem estates, dmac gems, damac gemz, gemz estates, damac gemes, damacgems, gemsestates, damacgemsestates, dmacgems, damac hills gems, damac hills gems estates, dh gems, dh gems estates, gems damac hills, gems estates dh, dh gems estate, gems estate, dmac gem estates, dge estates, gemz, dmac gemz, gemsestat, damac hills gem, gem estates damac hills, gems hills, gems estates hills, damac hills gems estate, gems damac hills estates, gems dh, gem dh, gems est dh, gems dh hills, dmac gems dh, dge hills, gems hills estates, damac hill gems, gem est, gem estate, gems at damac hills, dh gems est, dh gems hill, gems hills damac, gems estates damac, gems villa, gems estates villas, damac gems villas, gems dh villas, gems estates at damac hills, dh gems villa, gems damac hill, gems estates dh hills, gems estate dh hills, gems hill, gem hills, gemz dh, gemz damac, gems hills estate, gems estate dh, gem estate dh, gems est damac hills, gems est dh hills, gems estate damac hill, dge villa, gemz damac hills, gemz estates dh, gemz villa, dge villas, gemestates, gemestat, gemzestates, damacgemz, damacgem, damacgemestates, damacgemzestates, damacgemsestate, dmacgemsestates, dmacgemzestates, dmacgemz, dmacgem, dmacgemestates, dmacgemsestate, dhgems, dhgemsestates, dhgemz, dhgemzestates, dhgem, dhgemsestate, dhgemestates, gemsest, gemzest, gemsatdh, gemzatdh, gemzathills, gemsathills, gemz hills, gemz hills estates, gemz hill, gemsest damac, gemsest dh, gemzest damac, gemzest dh, gems villas damac hills, gem villas dh, gems est damac, gemz est, gemz estates damac hills, gemsestates dh hills, gemzestates dh, damac gemsestates, damac gemzestates, damac gemestates, dh gemsestates, dh gemestates, dh gemzestates, gems damac, gem damac, dge damac hills, dge dh, dge gems, dge gems estate, dge gems estates, gems estates villas damac hills, dh gemsest, gemsest damachills, gemz dh hills, gemsest dh hills, gemzest dh hills, gemsest dh hill, gemsest dhh, gems dhh, gemz dhh, gems est dhh, gemz est dhh, dhh gems, dhh gemz, dhh gems estates, dhh gemz estates, dge dhh, gem est dhh, gem estate dhh, gems estate dhh, gems estates dhh, gems dh villa, gemz dh villa, gemz damac hills estate, gems hills damac hills, gems est damac hills villas, gemz estates dh hills, gems damac hill estates, gemz damac hill estates, gemz damac hills villas, damac hills gemz estates, damac hill gems estate, damac hills gems villa, dh gems estates villa, dh gems est villa, gemz hills villa, gems hills villa, dh gemz villa, dh gemz estate, gems at dh, gemz at dh, gems in dh, gemz in dh, gems estates in damac hills, gemz estates in damac hills, gems subcommunity dh, gemz subcommunity dh, gems villas dh, gemz villas dh, damac hills gems project, dh gems project, gems estates project, gems project dh, gems project damac hills, dge project, dge damac, dge villas dh, gems villas damac, dge gems villa, gems at dh hills, gems estate at dh, gemz estate at dh, gems estates at dh, gemz estates at dh, dh gemz estates villa, gems est dh villas, gems dh hills villas, gems estates villas dh, gems villa dh, gemz villa dh, gems villas at damac hills, gemz villas at damac hills, gemestates dh, gems estate dh hill, gems estates dh hill, gemz estate dh hill, gemz estates dh hill, gemz estate dh hills, dh gems estate villas, gemsestates villas damac hills, gemzestates villas damac hills, gems estates villas at damac hills, gemz estates villas at damac hills, gem villas damac, gems villa damac, gemz villa damac, gemz villas damac, dge dh villas, dge damac hills villas, gems est dh villa, gemz est dh villa, dge gems estates villa, gems damac hills subcommunity, gemz damac hills subcommunity, gems estates subcommunity dh, gemz estates subcommunity dh, gems subcommunity damac hills, gemz subcommunity damac hills, dge villas at damac hills, dge villa at damac hills, dge estates dh, dge estates damac hills, dge estates dh hills, dh gems estates subcommunity, dh gems estate subcommunity, dh gemz estates subcommunity, dh gemz estate subcommunity, dge subcommunity, dge subcommunity dh, dge subcommunity damac hills, gems estates location, gems location dh, gemz location dh, gems location damac hills, gemz location damac hills, gems estates damac hills location, gemz estates damac hills location, gems estates cluster, gems cluster dh, gemz cluster dh, gems cluster damac hills, gemz cluster damac hills, gems estates cluster dh, gemz estates cluster dh, dh gems cluster, dh gemz cluster, dge cluster, dge cluster dh, dge cluster damac hills, gems cluster in dh, gemz cluster in dh, gems cluster in damac hills, gemz cluster in damac hills, gems estates in dh, gemz estates in dh, gems in dh hills, gemz in dh hills, gems estates at damac hill, gemz estates at damac hill, gem estates at dh, gem estates at damac hills, gem estate at dh, gem estate at damac hills, gems villa at dh, gemz villa at dh, gems villas at dh, gemz villas at dh, gem estates damac, gem estate damac, gemz estate damac, gemz estates damac, gems estate damac, gemsest damac hills, gemzest damac hills, dh gemest, dh gemzest, gemsestates dhh, gemzestates dhh, gemestates dhh, dge dhh villas, dge dhh estates, dhh dge, dhh gemsestates, dhh gemzestates, dhh gemestates, dhh gemest, dhh gemsest, dhh gemzest, dhh gems villa, dhh gemz villa, dhh gems villas, dhh gemz villas, dhh gems cluster, dhh gemz cluster, dhh gems subcommunity, dhh gemz subcommunity, gems hills dh, gemz hills dh, gemz estates dhh, gemz hills damac hills, gems hill damac hills, gemz hill damac hills, gemsestates at dh hills, gemzestates at dh hills, gems estates at dh hills, gemz estates at dh hills, gem estate at dh hills, gem estates at dh hills, gems estate at dh hills, gemz estate at dh hills, dge dh hills villas, dge dh hills estates, dge dh hills villa, dge dh hills estate, dge hills villa, dge hills estate, dge hills villas, dge hills estates, dge dhh villa, dge dhh estate, dge subcommunity dh hills, dge subcommunity dhh, dge cluster dh hills, dge cluster dhh, gems location dh hills, gemz location dh hills, gems location dhh, gemz location dhh, gems estates location dh hills, gemz estates location dh hills, gems estates location dhh, gemz estates location dhh, gems cluster dh hills, gemz cluster dh hills, gems cluster dhh, gemz cluster dhh, gems estates cluster dh hills, gemz estates cluster dh hills, gems estates cluster dhh, gemz estates cluster dhh, dhh gemsestates cluster, dhh gemzestates cluster, dhh gems estates cluster, dhh gemz estates cluster, dhh gemsest cluster, dhh gemzest cluster, dhh gems est cluster, dhh gemz est cluster, dhh dge cluster, dge dhh clusters, dge dh clusters, dge dh hills clusters, gems estates dhh villas, gemz estates dhh villas, gems dhh villas, gemz dhh villas, gems villas dhh, gemz villas dhh, gems estate dhh villas, gemz estate dhh villas, gem estates dhh villas, gem estate dhh villas, gemz est dhh villas, gems est dhh villas, gem est dhh villas, gems estates dhh villa, gemz estates dhh villa, gems dhh villa, gemz dhh villa, gems villa dhh, gemz villa dhh, gems estate dhh villa, gemz estate dhh villa, gem estates dhh villa, gem estate dhh villa, gemz est dhh villa, gems est dhh villa, gem est dhh villa, dhh gems estates villa, dhh gemz estates villa, dhh gems estate villa, dhh gemz estate villa, dhh gem estates villa, dhh gem estate villa, dhh gems est villa, dhh gemz est villa, dhh gem est villa, dhh dge villa, dhh dge villas, dhh gems estates villas, dhh gemz estates villas, dhh gems estate villas, dhh gemz estate villas, dhh gem estates villas, dhh gem estate villas, dhh gems est villas, dhh gemz est villas, dhh gem est villas, gems estates at dhh, gemz estates at dhh, gem estates at dhh, gem estate at dhh, gems estate at dhh, gemz estate at dhh, gemsestates at dhh, gemzestates at dhh, gemestates at dhh, gemsest at dhh, gemzest at dhh, gemest at dhh, gems est at dhh, gemz est at dhh, gem est at dhh, gems at dhh, gemz at dhh, gem at dhh, dge at dhh, gemsestates in dhh, gemzestates in dhh, gemestates in dhh, gems estates in dhh, gemz estates in dhh, gem estates in dhh, gem estate in dhh, gems estate in dhh, gemz estate in dhh, gemsest in dhh, gemzest in dhh, gemest in dhh, gems est in dhh, gemz est in dhh, gem est in dhh, gems in dhh, gemz in dhh, gem in dhh, dge in dhh, dhh dge estates, dhh dge subcommunity, dhh gem estates, dhh gem estate, dhh gems estate, dhh gemz estate, dhh gems est, dhh gemz est, dhh gem est, dhh gem, gem estates dhh, gemz estate dhh, gemzest dhh, gemest dhh, gem dhh, gemsestates-dhh, gemzestates-dhh, gemestates-dhh, gems-estates-dhh, gemz-estates-dhh, gem-estates-dhh, gem-estate-dhh, gems-estate-dhh, gemz-estate-dhh, gemsest-dhh, gemzest-dhh, gemest-dhh, gems-est-dhh, gemz-est-dhh, gem-est-dhh, gems-dhh, gemz-dhh, gem-dhh, dge-dhh, dhh-gemsestates, dhh-gemzestates, dhh-gemestates, dhh-gems-estates, dhh-gemz-estates, dhh-gem-estates, dhh-gem-estate, dhh-gems-estate, dhh-gemz-estate, dhh-gemsest, dhh-gemzest, dhh-gemest, dhh-gems-est, dhh-gemz-est, dhh-gem-est, dhh-gems, dhh-gemz, dhh-gem, dhh-dge, gemsestates_dhh, gemzestates_dhh, gemestates_dhh, gems_estates_dhh, gemz_estates_dhh, gem_estates_dhh, gem_estate_dhh, gems_estate_dhh, gemz_estate_dhh, gemsest_dhh, gemzest_dhh, gemest_dhh, gems_est_dhh, gemz_est_dhh, gem_est_dhh, gems_dhh, gemz_dhh, gem_dhh, dge_dhh, dhh_gemsestates, dhh_gemzestates, dhh_gemestates, dhh_gems_estates, dhh_gemz_estates, dhh_gem_estates, dhh_gem_estate, dhh_gems_estate, dhh_gemz_estate, dhh_gemsest, dhh_gemzest, dhh_gemest, dhh_gems_est, dhh_gemz_est, dhh_gem_est, dhh_gems, dhh_gemz, dhh_gem, dhh_dge, gemsestates.dhh, gemzestates.dhh, gemestates.dhh, gems.estates.dhh, gemz.estates.dhh, gem.estates.dhh, gem.estate.dhh, gems.estate.dhh, gemz.estate.dhh, gemsest.dhh, gemzest.dhh, gemest.dhh, gems.est.dhh, gemz.est.dhh, gem.est.dhh, gems.dhh, gemz.dhh, gem.dhh, dge.dhh, dhh.gemsestates, dhh.gemzestates, dhh.gemestates, dhh.gems.estates, dhh.gemz.estates, dhh.gem.estates, dhh.gem.estate, dhh.gems.estate, dhh.gemz.estate, dhh.gemsest, dhh.gemzest, dhh.gemest, dhh.gems.est, dhh.gemz.est, dhh.gem.est, dhh.gems, dhh.gemz, dhh.gem, dhh.dge, dhh / gemsestates, dhh / gemzestates, dhh / gemestates, dhh / gems estates, dhh / gemz estates, dhh / gem estates, dhh / gem estate, dhh / gems estate, dhh / gemz estate, dhh / gemsest, dhh / gemzest, dhh / gemest, dhh / gems est, dhh / gemz est, dhh / gem est, dhh / gems, dhh / gemz, dhh / gem, dhh / dge, gemsestates / dhh, gemzestates / dhh, gemestates / dhh, gems estates / dhh, gemz estates / dhh, gem estates / dhh, gem estate / dhh, gems estate / dhh, gemz estate / dhh, gemsest / dhh, gemzest / dhh, gemest / dhh, gems est / dhh, gemz est / dhh, gem est / dhh, gems / dhh, gemz / dhh, gem / dhh, dge / dhh, gemsestates (dhh), gemzestates (dhh), gemestates (dhh), gems estates (dhh), gemz estates (dhh), gem estates (dhh), gem estate (dhh), gems estate (dhh), gemz estate (dhh), gemsest (dhh), gemzest (dhh), gemest (dhh), gems est (dhh), gemz est (dhh), gem est (dhh), gems (dhh), gemz (dhh), gem (dhh), dge (dhh), dhh (gemsestates), dhh (gemzestates), dhh (gemestates), dhh (gems estates), dhh (gemz estates), dhh (gem estates), dhh (gem estate), dhh (gems estate), dhh (gemz estate), dhh (gemsest), dhh (gemzest), dhh (gemest), dhh (gems est), dhh (gemz est), dhh (gem est), dhh (gems), dhh (gemz), dhh (gem), dhh (dge), [gemsestates] dhh, [gemzestates] dhh, [gemestates] dhh, [gems estates] dhh, [gemz estates] dhh, [gem estates] dhh, [gem estate] dhh, [gems estate] dhh, [gemz estate] dhh, [gemsest] dhh, [gemzest] dhh, [gemest] dhh, [gems est] dhh, [gemz est] dhh, [gem est] dhh, [gems] dhh, [gemz] dhh, [gem] dhh, [dge] dhh, dhh [gemsestates], dhh [gemzestates], dhh [gemestates], dhh [gems estates], dhh [gemz estates], dhh [gem estates], dhh [gem estate], dhh [gems estate], dhh [gemz estate], dhh [gemsest], dhh [gemzest], dhh [gemest], dhh [gems est], dhh [gemz est], dhh [gem est], dhh [gems], dhh [gemz], dhh [gem], dhh [dge]"
Damac Heights,subcommunity,"Dubai Marina, Dubai","dh, damac height, damac hights, damac hieghts, damacheights, damac marina, damac heights marina, marina damac heights, damack heights, damac hieght, damac hite, damac hites, damac heits, damac hts, dh marina, damac heights dubai marina, heights marina, damachights, damac hights marina, damac hieghts marina"
DAMAC Maison Aykon City Hotel Apartments,subcommunity,"Business Bay, Dubai","aykon city, aykon maison, aykon hotel, aykon hotel apartments, aykon hotel apts, aykon tower, aykon tower b, aykon city tower b, aykon apartments, aykon city hotel, damac maison aykon, damac aykon city, aykon city business bay, aykon business bay, aykon city bb, aykon bb, aycon city, akon city, icon city, aykoncity, damacaykon, damacmaison, aycon, akon, ayken city, aykan city, aykon city tower, aykon city apartments, aykon maison hotel, aykon hotel damac, aykon city damac, dm aykon city, aykon b, aykon city b, aykon city residence, aykon tower apartments"
DAMAC Maison Canal Views,subcommunity,"Business Bay, Dubai","dmcv, canal views, damac maison canal, maison canal views, damac canal views, canal view, damac mason canal views, damac masion canal views, damac maisson canal views, maison canal, damac canal, damacmaison, canalviews, maisoncanalviews, canal views business bay, canal views bb, damac maison canal views bb, damac maison canal views business bay, dmc canal views, damac maison bb, damac mason, damac masion, dmcv bb, dmcv business bay, damac mason canal, damac masion canal, maison canal bb, damac maison canal bay, dmc canal, canalview, canalviews bb, dmcv businessbay, maison canal view, damac maison canalview, damac canalview, maisoncanal, damacmason, damacmasion, damac maison canalview bb, canal views businessbay, canalview bb, maison canal views bb, dmc canal bb, dmc canal view, dmc views, damac maison bay, canal bay damac, canal bay maison"
Damac Maison Cour Jardin,subcommunity,"Business Bay, Dubai","dmcj, cour jardin, courjardin, damac cour jardin, maison cour jardin, damac mayson, damac mayson cour jardin, damac maison cur jardin, damac maison cour garden, damac maison business bay, cour jardin business bay, damac maison bb, cour jardin bb, damacmaison, damacmaisoncj, damacmaisoncourjardin, maison jardin, damac maison cour jardine, cour jardin damac, dmc cour jardin, damac maison biz bay, cour jardin biz bay, damac maison cj, damac maison cour jardin bb, damac maison cour jardin biz bay, damac maison cour jardin business bay, maison cour jardin business bay, maison cour jardin bb, damac courjardin, maison courjardin, damac maison coeur jardin, coeur jardin, cour jardin dmc, cour jardin damac maison, damac cj, damac cj business bay"
DAMAC Maison De Ville Breeze,subcommunity,"Business Bay, Dubai","dmv breeze, mdv breeze, damac breeze, maison breeze, de ville breeze, damac maison breeze, damac maison deville breeze, damac breeze business bay, breeze business bay, breeze damac, damac breeze bb, dmv breeze bb, mdv breeze bb, damac maison breeze bb, maison breeze business bay, maison deville breeze, mayson breeze, mayson de ville breeze, damak breeze, dmac breeze, damacbreeze, maisondevillebreeze, damacmaisonbreeze, breeze bb, damac maison de vill, damac maison de vile, breeze business bay damac, maison deville breeze business bay, mdv breeze business bay, dmv breeze business bay, damac maison breeze business bay, maison de ville breeze business bay, maison deville breeze bb, damac breeze businessbay, maison breeze bb, de ville breeze bb"
Badri Building,subcommunity,"Deira, Dubai","bdr building, bdr bldg, badri bldg, badri bld, badri blg, badri bl, badri bldg., bdri building, bdri bldg, badri deira, deira badri, deira bldg, badri-deira, badri_deira, badri building deira, deira badri building, badri buiding, badri bilding, badri buidng, badri bu"
DAMAC Maison de Ville Tenora,subcommunity,"Dubai South (Dubai World Central), Dubai","tenora, damac tenora, maison tenora, dmv tenora, tenora dwc, tenora dubai south, tenora south, tenorra, tenara, tinora, damactenora, tenoradwc, tenoradubaisouth, maisontenora, dubai south tenora, dwc tenora, tenora damac, mason de ville tenora, masion de ville tenora, maison deville tenora, damac maison tenora, damac tenora south, dmv tenora dwc, tenora duba south, damac tenora dwc, maison de ville tenora dubai south, damac maison de ville, tenora building, maison de ville dwc, tenora damac dwc"
Damac Maison Mall Street,subcommunity,"Downtown Dubai, Dubai","dmms, dm mall st, damac maison mall st, damac maison mall, damac mall street, damac mall st, maison mall street, maison mall st, damac maison, damac maison downtown, downtown damac maison, damac mason, damac masion, damac meison, damak maison, damacmaison, damacmallstreet, maisonmallstreet, damac maison mall st downtown, dm maison mall, dm mall street, dm maison mall street, damac maison st, maison mall, dm maison st, dm mall street downtown, damac maison mall street downtown, downtown damac maison mall street, damac mason mall st, damac mason mall street, dmms downtown, damac maison dtn, maison mall dtn, damac mall dtn, damac maison street, maison mall street downtown, downtown maison mall, dm maison mall st, damac mason mall, damac maison mal st, damac maison mall street dtn, downtown maison mall st, damac mall street downtown, maison st downtown, maison street downtown, dm mall st dtn, dm maison mall dtn"
DAMAC Maison Privé,subcommunity,"Business Bay, Dubai","dmp, maison prive, prive, damac prive, damac maison, maison privet, maison priv, masion prive, damacprive, maisonprive, damacmaisonprive, bb prive, prive bb, business bay prive, damac prive business bay, prive business bay, damac prive bb, maison prive business bay, privee, damac privee, maison privee, damac maison priv, masion prive bb, damac maison privet, prive damac, maison prive by damac, prive tower, prive towers business bay"
Damac Maison The Distinction,subcommunity,"Downtown Dubai, Dubai","damac distinction, dt, damac dt, damac the dist, damac dist, dt damac, downtown damac, damac maison dt, damac dt downtown, damacdistinction, damacdist, damac thedist, damac dt maison, downtown dt, dt damac maison, damac dt dubai, damac dubai dt, damac dt downtown dubai, damac the distinction downtown, dt downtown damac, damac dt down town, damacthedistinction, damacdt, damacmaisondt, damacdtmaison, damacdtmaisondt, damacdtthe, damacdtthedistinction, damacdtthedish, damacdtthe-dist, damacdtthe_dist, damacdtthe_distinction, damacdtthe-distinction, damac maison the dist downtown, damac maison dt downtown, damac dt the distinction, damac dt the dist, damac dt the distinction downtown, damac dt the dist downtown, damac dt the distinction down town, damac dt the dist down town, damac dt downtown the distinction, damac dt downtown the dist, damac dt down town the distinction, damac dt down town the dist, damac dt the distinction downtown dubai, damac dt the dist downtown dubai, damac dt downtown the distinction dubai, damac dt downtown the dist dubai, damac dt down town the distinction dubai, damac dt down town the dist dubai, damac dt the distinction down town dubai, damac dt the dist down town dubai, damacdtmaisondtdowntown, damacdtmaisondtdowntowndubai, damacdtthe_distinctiondowntown, damacdtthe_distinctiondowntowndubai, damacdtthedistdowntown, damacdtthedistdowntowndubai, damacdtthedistinctiondowntown, damacdtthedistinctiondowntowndubai, damacdtthe_distdowntown, damacdtthe_distdowntowndubai"
Bahar,subcommunity,"Jumeirah Beach Residence, Dubai","bh, bah, bahr, baharjbr, jbrbahar, bahar jbr, jbr bahar, baharjumeirah, jumeirahbahar, bahardubai, dubai bahar, bahar‑jbr, jbr‑bahar, bahar‑jumeirah, jumeirah‑bahar, bahar‑dub, dub‑bahar, bahar‑res, res‑bahar, bahar‑beach, beach‑bahar, bahar‑jbr‑dub, jbr‑bahar‑dub, bahar‑jbr‑uae, uaebahar, baharuae, bahar‑uae, uaeb‑bahar, bah‑ar, baahr, baahar, baharr, bhar, bahrjbr, jbrbahr, baharjbr‑dub, dub‑jbr‑bahar, jbr‑dub‑bahar, bahar‑jbr‑res, res‑jbr‑bahar"
Bahkeet Tower,subcommunity,"Tourist Club Area, Abu Dhabi","bahkeet, bhkt, bhk tower, bahkt, bahkeettower, bahkeet twr, bhk t, bhktwr, bahkeet t, bhktower, bahkeet-t, bhk-tower, bahkeet-twr, touristclub bahkeet, bahkeet touristclub, touristclubarea bahkeet, bahkeet tourist club, bhktourist, bhkclub, bahkeetclb, bhktcl, bahkeetabudhabi, bahkeet abu dhabi, bahkeet-tca, tca bahkeet, bahkeet tca, bhktca, bhktc, bahkeet1, bahkeet01, bahkeet001, bhk1, bhk01, bhk001"
DAMAC Maison The Vogue,subcommunity,"Business Bay, Dubai","damac, dm, dv, damac maison, damac vogue, maison vogue, the vogue, vogue, damac maison vogue, damac maison the voge, damac maison the vaugue, damacmaisonvogue, damacvogue, maisonvogue, damacmbv, businessbay damac vogue, damac vogue businessbay, businessbay vogue, vogue businessbay, businessbay damac, damac businessbay, damacmb, damacmbvogue, damacmbthevogue, damacmbthevoge, damacmbthevaugue, damacmbthev"
DAMAC Majestine,subcommunity,"Business Bay, Dubai","damac maj, damac majst, damac majstine, damac majstn, damac maj., dm maj, dm majst, dm majstn, damacmajestine, damacmaj, damacmajst, damacmajstn, businessbay damac maj, businessbay damacmaj, businessbay damacmajst, businessbay damacmajstn, damac businessbay, damacmb, dmmb, damac majest, majestine, majest, maj, dm majest, damacmajest, damacmajst., damacmajstn."
Bahwan Centre,subcommunity,"Umm Al Sheif, Dubai","bc, b.c., bahwan ctr, bahwan cntr, bahwan cent, bahwan cent., bahwan centree, bahwan centere, bahwan cente"
Damac Residenze,subcommunity,"Dubai Marina, Dubai","damac rez, damac res, damac rezn, damac rezde, damac rezd, damac reznce, damac rezdce, damac"
Bahwan Tower Downtown,subcommunity,"Downtown Dubai, Dubai","bt, bwt, bahwan t, bahwan tow, bahwan dt, dt bahwan, downtown bahwan, bahwan downtown, bahwan towre, bahwan towrr, bahwan towre downtown, bahwan towerd, bahwan tower dt, bahwan tow dt, bahwan towre dt, bahwan towre dwn, bahwan tow dwn, bahwan towre d, bahwan towre dtn"
Damac Riverside - Ivy,subcommunity,"Dubai Investment Park (DIP), Dubai","damac riv, damac r, damac ivy, dr ivy, driv, damac riv ivy, damac riverside, damac riv., riv ivy, damac r iv, damac r ivy, damac rivrsde ivy, damac rivrsde ivvy, damac rivrsde iv, damacriversideivy, damacrivivy, damacriv, damacriviv, dip damac ivy, damac ivy dip, dip riv ivy, dip damac riv, damac riv dip"
Bainouna,subcommunity,"Madinat Zayed, Abu Dhabi","bn, bain, bnou, bnouna, bainou, bainna, bainona, bainun, b'nouna, bainoun, bainoua, madinatzayedbain, bainmadinat, zayedbain, bainzayed, madinatbain, bainmad, bnmad, bnzayed, madbn, zaydnbain"
DAMAC Sun City,subcommunity,"Dubai Land, Dubai","damac sc, dsc, damac sun, damac suncity, sun city, suncity, damac sun ct, damac s.c., damac s city, damac sun ctiy, damac sun ciy, damac sun cty, damac sun cit, damac sun cti, damac sun cityy, damac sun citty, damacsuncity, damacsuncty, dubai land damac sun city, damac sun city dubai land, dubailand damac sun city, damac sun city dubai"
Balfar Property Building,subcommunity,"Muroor Area, Abu Dhabi","balfar, balfar prop, bfp building, bfp, balfar prop bldg, balfar prop bld, balfar prop building, balfar propbldg, balfar propbld, balfar propb, balfar propbldg."
Bali Residences,subcommunity,"Jumeirah Village Triangle, Dubai","bali res, bali resi, bali res., balires, bali r, b r, jvt bali, bali jvt, jvtbali, baliresidences, baliresid, baliresidnce, baliresidn, baliresidenc, baliresidencs, baliresidncs, baliresidnse, balijvt, jvtbalires"
Damac Towers,subcommunity,"Business Bay, Dubai","damac twrs, damac t, damac tower, damac twr, damac b, damac b tower, damac b twr, damac b twrs, damac business bay, damac businessbay, damacbizbay, damacbiz, damacbay, damacbay twr, damacbay twrs, damacbay tower, damacbay t, damacbay t., damac b., damac b.t, damac b.twr, damac b.twr., damac b.t., damac b.twh"
Bangash Residence,subcommunity,"Dubai Sports City, Dubai","bangash res, bangash rs, bngsh residence, bangash rsd, bangashres, bangashresidence, bangash rs., bngash residence, bangash resd, bangash resi, bangash rsd., bangashres., bngsh rs"
DAMAC Towers by Paramount,subcommunity,"Business Bay, Dubai","damac towers, damac twr, dtp, damac param, damac pmt, damac towers param, damac towers by param, damac towers by paramont, dam"
DAMAC Villas by Paramount Hotels and Resorts,subcommunity,"DAMAC Hills, Dubai","damac v, dv, damac pv, damac villas param, damac param, damac villas by param, damac vllas, damac vilas, damac vilas param, damacvillas, damacvillasparam, damacvillasbyparam, damacparam, damacvbyparam, damac hills v, damac hills param, damac hills villas, damac hills damac villas, damac hills param villas"
Baniyas East,subcommunity,"Baniyas, Abu Dhabi","baniyas e, b east, be, baniyas-e, baniyas_e, baniyas east abu dhabi, abu dhabi baniyas east, baniyas east abudhabi, abudhabi baniyas east, baniyas eab, baniyas eest, baniyas eastt, baniyas eas, baniyas eist, baniyas eost, banias east, baniyaseast, baniyas-east, baniyas_east, baniyas eastabudhabi, baniyas eastab, b-e, beab, bead, beabudhabi, baniyas eabudhabi, baniyas e ad, baniys east, b east abu dhabi, be abu dhabi, be ad, (note: the list is intentionally long; duplicates trimmed for brevity.)"
Baniyas North,subcommunity,"Baniyas, Abu Dhabi","ban north, baniyas n, baniyas-n, baniyasnorth, banorth, b north, baniyas nrth, banyas north, baniyas nort, baniyas nrt, baniyas norht, abu dhabi baniyas north, baniyas north abu dhabi, abudhabi baniyas n"
Baniyas Road,subcommunity,"Deira, Dubai","bnr, baniyas rd, baniyas r, bnys rd, bnys r, baniyasroad, bnysroad, baniyas rd deira, deira baniyas rd, deira baniyas road, baniyas rd., baniyas r., bnys rd., bnys r., baniyas roaad, baniyas ro, baniys rd, baniyas r d, bnys r d, bnysroad deira, deira bnysroad, bnys rd deira, deira bnys rd, bnys r deira, deira bnys r"
Baniyas Square,subcommunity,"Deira, Dubai","baniyas sq, baniyas sq., baniyas sqaure, baniyas squre, baniyas squa, baniyas squar, bnys sq, baniyas, baniyasquare, baniyassquare, deira baniyas, deira baniyas sq, baniyas deira, baniyas sq deira"
Baniyas Tower,subcommunity,"Al Danah, Abu Dhabi","b.tower, b tower, baniyas twr, baniyas tw, baniyas t., baniyas, banyas tower, baniyas tow, baniyas towerr, baniyas towre, bnys tower, bnys twr, banya tower, al danah baniyas, al danah tower, al danahbaniyas, aldanah baniyas, aldanah tower, aldanahbaniyas, baniyas aldanah, baniyas al danah, al danah-baniyas, baniyas al-danah, aldanah-baniyas, baniyas aldanah tower, al danah baniyas tower, aldanah baniyas tower, al danahbaniyas tower, aldanahbaniyas tower, banias tower, banias twr, banias tw, banias t."
Baniyas West,subcommunity,"Baniyas, Abu Dhabi","bw, bnw, bnys w, bnyswest, baniyas w, baniyas wst, baniyaswest, baniyas wst., baniyas wset, baniyas weast, banyas west, bnys west, abu dhabi baniyas west, abu dhabi bnys w, ad baniyas west, ad bnys w, baniyaswest abu dhabi, bnyswest ad"
Damas Tower,subcommunity,"Sheikh Zayed Road, Dubai","damas twr, damas tow, damas towre, damas towor"
Banyan Tree Residences Hillside Dubai,subcommunity,"Jumeirah Lake Towers, Dubai","bt, btr, banyan tree res, banyan hills, banyan hillside, btr hills, btr hillside, banyan tre residences, banyan trree, banyan tr, banyan tre resid, banyan trr, banyan trr hillside, banyan tr hillside, banyan tr res, banyantreeresidences, banyantreeres, banyantreehillside, banyantreehills, banyantreeh, btrhillside, btrhills, btrres, banyanhillside, banyanhills, jlt banyan tree, jlt banyan, jlt btr, jlt banyanhills, jlt banyanhillside, banyan tree jlt, banyan jlt, btr jlt, banyanhills jlt"
Damisco 2,subcommunity,"Jumeirah Village Circle, Dubai","dm2, d2, dam2, damisco2, damisco02, dmsc2, dmsc, damisc, damisc2, damiscojvc, jvcdamisco2, jvcdamisco, damiscojvc2"
Barakah Building,subcommunity,"Dubai Industrial City, Dubai","brk, bkr, barak, baraka, barakh, barakah bldg, barakah blg, barakah bdg, barakah bldng, baraka building, barakha building, barakahbuilding, dubai industrial city barakah, barakah dubai industrial city"
Dana Al Garhoud,subcommunity,"Al Garhoud, Dubai","dga, d.garhoud, dgarhoud, d-alg, d al g, d garhoud, dana garhoud, dana algh, dana al garh, dana garh, dana al garoud, dana al garhud, dana al garhdu, danaalgarhoud, danaalg, algarhoud dana, garhoud dana, dana al garhoud dubai, al garhoud dana, garhoud al, dgarh"
Dana Gardens,subcommunity,"Dubai Production City (IMPZ), Dubai","dg, d.g., d-g, dana gdn, dana gdns, dana gar, dana garens, dana gardns, dana gardenss, dana garnds, dana-gardens, danagardens, dpc dana, dana dpc, dpc-dana, dubai production city dana, dubai production city dana gardens, dpcdg, dpcdgarden, dpcdgdn, dpcdgard, dpcdgardns, dpcdgardens"
Dana Tower,subcommunity,"Jumeirah Village Circle, Dubai","dt, d tower, dana t, d.tower, dtower, dana twr, dana tr, dn tower, dana towre, dana towrr, dana twer, dana tow, dana torer, danatower, danatwr, jvc dana tower, dana tower jvc, jvc dtower, dtower jvc"
Danah Bay,subcommunity,"Al Marjan Island, Ras Al Khaimah","d bay, db, danahb, danahbay, dnbay, danah, bay, danahbay almarjan, almarjan danahbay, danahbay rasalkhaimah, rasalkhaimah danahbay, danahbay rk, rk danahbay, danahbay rkh, rkh danahbay, danahbay al marjan, al marjan danahbay, danahbay almarjan island, almarjan island danahbay, danahbay almarjan isl, almarjan isl danahbay, danahbay almarjn, almarjn danahbay, danah bay almarjan, almarjan danah bay, danah bai, danah bayy, dnah bay"
Danat Towers,subcommunity,"Muroor Area, Abu Dhabi","dt, dnt, danat twr, danat twrs, danat t, d towers, danat tower, danat towrs, danat tow, danattowers, danattwr, danat towres, danatt towers, muroor danat, danat muroor, muroor dt, dt muroor"
Barari Hills Residence,subcommunity,"Majan, Dubai","barari hills, barari hill, barari h, bh residence, bh res, bararires, barariresidence, barari-hills, barari_hills, barari hills res, barari hills apt, barari hills dubai, majan barari hills, barari hills majan, bh majan, bararihills, bararihillsres, bh, bararih, barari hillss, barari hils, barari hillz, barri hills, barari hls, bararihls"
Dar Al Jawhara,subcommunity,"Jumeirah Village Circle, Dubai","daj, d aj, daraj, djal, dj, dar al, darjawhara, jawhara, darj, aljawhara, dar al jowhara, dar al jawhira, dar al jawhraa, daraljawhara, daraljwhara, daraljawh, jvc dar al jawhara, jvc-daj, jumeirah village circle daraljawhara, jvc darjawhara"
Barari Views,subcommunity,"Majan, Dubai","bv, bvs, brv, barv, bview, barari v, barari vw, barari vws, barari view, barari, views, barari vies, barari viws, barari veews, barari vews, barary views, barrari views, baarari views, bari views, barri views, borari views, berari views, burari views, barariviews, bararivws, barariview, majan barari views, barari views majan, majan bv, majan barari v, barari majan, majan barari, barari majan views"
Dar Al Salam Building,subcommunity,"Al Zahiyah, Abu Dhabi","dar al salam bldg, dar al salam bdg, dar al salam blg, dar al salam blk, dar al salam, dar al slm, darslm, darslm bldg, darslm bdg, darslm building, darslm blk, dar al salam al zahiyah, al zahiyah dar al salam, dar al salam alz, alz dar al salam, dar al salam abu dhabi, dar al salam bldg abu dhabi, dar al salam bdg abu dhabi, dar al salam al zahiyah abu dhabi, dar al salam alz abu dhabi, dar al salm, dar al salamm, dar al slamm, dar al aslam, dar al s lam, dar al salam bld, dar al salam bd, dar al salam bl, dar al salam blg abu dhabi, dar al salam blk abu dhabi, dar al salam alz building, al zahiyah dar al salam bldg"
Dar Al Salam Building,subcommunity,"Corniche Road, Abu Dhabi","dar al salam bldg, dar al salam blg, dar al salam, dar salam, das building, das bldg, d a s, d a s bldg, daralsalam, daralsalam bldg, daralsalamblg, daralsalambuilding, dar al salam corniche, corniche dar al salam, corniche road dar al salam, dar al salam corniche road, abu dhabi dar al salam, dar al salam abu dhabi, dar al salm, dar al salamm, dar al salim, dar al salam bldg., dar al salam blg."
Barashi,subcommunity,"Al Badie, Sharjah","bsh, brsh, brsi, barash, bara, rashi, barshi"
Dar Mira Building,subcommunity,"Meydan, Dubai","dm, dmb, dar mir, dar mir bldg, dar mir building, dar mirbldg, dar mirbld, dar mirab, dar mirabldg, dar mirabld, darmira, darmirab, darmirabldg, darmirabld, meydan dar mir, meydan dar mir bldg, meydan dar mir building, dar mir meydan, dar mir bldg meydan, dar mir building meydan, dar mira, dar mirra, dar mirra bldg, dar mirra building, dar mra, dar mir a, dar mir a bldg, dar mir a building, dar"
Barcelo Residences,subcommunity,"Dubai Marina, Dubai","br, barc, barcelo, barcelo res, barcelores, barceloresidences, barceloresid, barceloresidnce, barceloresidnces, barceloresidn, barceloresidncs, barceloresidnse"
Barclays Tower A,subcommunity,"Muroor Area, Abu Dhabi","bkt a, bt a, barclays t a, barclays twr a, barclays twr, barclays tower, barclays towre a, barkleys tower a, barclays tow, barclays twer a, bktower a, bktower, bktwr a, bktwr, barclaystowera, bktowera, muroor barclays tower a, barclays tower a muroor, muroor bkt a"
Dar Munira,subcommunity,"Dubai Silicon Oasis, Dubai","dar m, d.m, dm, dar mnr, darmun, dmunira, dmun, darmunira, darmunir, darmuni, dar-munira, darsilicon, dso dar, dar munira dso, dso dar munira, dubai silicon oasis dar, dubaisiliconoasis dar, darmuniradubai, darmuniradso, darmuniradubaisilicon, darmuniradubaisiliconoasis, dar mun, darmuni dubai, darmuni dso, darmuni silicon oasis, darmuni dubaisilicon, darmuni dubaisiliconoasis, darmuni dso dubai, darmuni dso silicon, darmuni dso oasis, darmuni dso oasis dubai, darmuni dso oasis dubaisilicon, darmuni dso oasis dubaisiliconoasis, darmuni dso oasis dubaisilicon oasis, darmuni dso oasis dubaisilicon oasis dubai"
dar wasl,subcommunity,"Al Wasl, Dubai","dw, dwasl, drwasl, darw, darws, darwsl, darwasl, alwasl dar, darwasl alwasl, alwasl-dar, darr wasl, der wasl, dar wosel, dar wasil, dar wsl, rad wasl, dar-wasl, d arwasl, darwasl."
Darwish Bin Ahmed Building,subcommunity,"Dubai Investment Park (DIP), Dubai","dw bldg, darwish b ahmed, darwish bin ahmed bldg, darwish bin ahmed, dbah bldg, darwish bin ahmed dip, dip darwish bin ahmed, darwishbinahmed, darwishbinahmedbldg, darwishbinahmedbuilding, darwish bin ahmad, darwish ben ahmed, darwish bin ahmedd, darwish bin ahmed blg, darwish bin ahmed bl, darwish bin ahmed bld, darwishb ahmed, darwishbinahmad, darwish bin ahmedbldg, darwish bin ahmed bldng, darwish bin ahmed blg., dip darwish bin ahmed building, darwish bin ahmed dip bldg, dip darwish bldg, darwish bldg dip, darwish bin ahmed dip bldng, darwish bin ahmed dip blg, darwish bin ahmed dip bl, darwish bin ahmed dip bld, darwish bin ahmed dip bldg."
Bareeq Tower,subcommunity,"Business Bay, Dubai","brt, bqt, bareeqt, bqtwr, bareqt, bqtower, bareeqtower, bbareeq, businessbaybareeq, bareeqbusinessbay, bbareeqtower, businessbaybt, btowerbb, barq, bareq, bareeqtwr"
Darwish Tower,subcommunity,"Danet Abu Dhabi, Abu Dhabi","dt, dwt, darwish t, darwish twr, darw tower, darw twr, darwishtower, darwishtr, darwish tlr, darwish twer, darwish towre, darwish tow, darwesh tower, darwishtwr, darwish dt, dtower, darwishdt, danet darwish, darwish danet, danet dt, dt danet, darwish tower abu dhabi, darwish tower danet, darwishtower abu dhabi, darwishtower danet, darwisht danet, dt abu dhabi, darwisht abu dhabi, darwishtwr abu dhabi, darwishtwr danet"
Barton House,subcommunity,"Motor City, Dubai","barton hs, barton hse, barton hs., barton h., b house, barton, bartonhome, bartonh, bartn house, bartn hse, bartn h., baron house, baron hse, baron h., bartn hs, bartn hse., bartonhs, bartonhs., bartonhsu, bartonhsu., motorcity barton, barton motorcity, motor city barton, barton mc, mc barton, barton mcity, mcity barton, barton motor, motor barton, barton m.c., barton m.c, barton m."
Dasman,subcommunity,"Halwan, Sharjah","dsm, dasm, dsmn, das, dmasn, dasmn, dasam, halwandas, halwandasman, dasmanhalwan, halwan dsm, halwan dsmn, dasm halwan, dsm halwan, dasmnh, dsmnh, dasmnsh, dsmhalwan"
Basateen Al Tai,subcommunity,"Al Tai, Sharjah","bta, basateen tai, basateen al, basateen al., basateen al-tai, basateenaltai, basateenalt, basateenaltai., basateen al tai., al tai basateen, al tai basateen., basateen al tai sharjah, al tai basateen sharjah, basatin al tai, basateen al tyi, basateen al taii, basatin tai, basateen al t, basateen al t., basateen al.t, basateen al.tai, basateen al.tai., basateenaltai sharjah, al tai basateen sharjah."
Base Metal Zone,subcommunity,"Dubai Industrial City, Dubai","bmz, bmetal zone, basemetal zone, basemetalz, basemetlz, basemetl zone, basemet zone, base mtl zone, base mt zone, basemetlzone, base metalz, base metel zone, base metal zon, bas metal zone, bse metal zone, basemetalzon, basemetalzone, basemetzone, bmzone, dubai industrial city bmz, dic bmz, dic basemetal zone, dubai industrial city basemetal zone, basemetalzone dubai industrial city, bmz dubai industrial city, base metal zone dubai industrial city, dubai industrial city base metalz, base metalz dic, basemetlz dic, basemetlzone dic, bmz dic, basemetlz dubai, basemetlzone dubai, base metalz dubai"
DaVinci Tower,subcommunity,"Business Bay, Dubai","davincitwr, davincitower, davincit"
Dawson House,subcommunity,"Meydan, Dubai","daw hse, daw hs, dawsonh, dawh, dawsonhs, dawsonhse, dawsonhouse, meydan dawson, dawson meydan, dawson hous, dawson houe, dawson hause, dawson housee, dawson housse, dawson huse, dawson hse"
Bashayer 3,subcommunity,"Nadd Al Hammar, Dubai","bash3, bashayer3, b3, bsh3, bashyr3, bashyer3, bashayer-3, bashayer_3, bashayer3dubai, naddbash3, naddalhammarbash3, naddbashayer3, bashayer3nadd, bashayer3dh, bashayer3uae, bashayer3dub, bashayer3dxb"
Deansgate By Ade,subcommunity,"Majan, Dubai","dba, dbya, dgba, deansgateade, deansgatebyade, deansgate b ade, deansgatebyad, deansgatebyaed, deansgatebyda, majan deansgate, deansgate majan, majandeansgate, majandeansgatebyade, deansgatebyade majan, deansgatebyade-majan, deans"
DEC Business Tower,subcommunity,"Business Bay, Dubai","dec bt, d e c bt, dec bus tower, dec b tower, dec busines tower, dec bussiness tower, dec busines towre, dec busines tow, decbusinesstower, decbustower, dbt, dbt business, businessbay dec, businessbay dec tower, dec businessbay, decbt businessbay, decbt, decbtower, dec-bt, dec_bt, decbtowerdubai, businessbaydecbt, decbusinesstwr, decbustwr"
Basswood,subcommunity,"Damac Hills 2, Dubai","bw, bwd, basw, bwood, basswd, baswd, bassw, bass, wood, basswod, baswood, bassowd, baswsod, damac2bass, bwdamac, damac2bw, damahills2bass, damahills2bw, damahills2basswood, damahills2bwood, basswooddamac, damachills2basswood, damachills2bwood, basswooddamachills2, basswooddamac2, basswooddh2, basswooddh, damacdh2basswood, damacdh2bwood, dh2basswood, dh2bwood, dhbasswood, dhbwood, damacdh2, basswooddamach2, damach2basswood, damach2bwood, damach2bass, damach2bw, damach2bwd, damach2basw, damach2basswd, damach2baswd, damach2bassw, damach"
Battersea Residence,subcommunity,"Al Jaddaf, Dubai","br, b-res, bres, batres, batsea, batsea res, battersea, battersea res, battersa, battersa res, battersa residence, battersea al jaddaf, al jaddaf battersea, aljaddaf battersea, aljaddaf battersea residence, battersea residence al jaddaf, aljaddafbattersea, aljaddafbatterseares, battersearesidence, batterseares, battersea residnce"
DEC Towers,subcommunity,"Dubai Marina, Dubai","dec t, d e c towers, d.towers, dec twrs, d e c twr, decmarina, decmar, decmarin, decmarinat, decmarinatwr, decmarint, decmarintwr, dubai marina dec, dec dubai marina, dubai dec, marina dec, decdubai, decmarintw"
Bay Avenue Mall,subcommunity,"Business Bay, Dubai","bay ave mall, bay av mall, bay av., bay ave., b av mall, b ave mall, bayav mall, bayav., bayavemall, bayavem, bayavem., bayavemall., bayave mall, bayave., bayave, bayav, b av., b av, bave mall, bave., bave, bayavenu, bayavenu., bayavenu mall, bayavmall"
Deema,subcommunity,"The Lakes, Dubai","dm, dima, dema, dee, dimaa, de"
Bay Central,subcommunity,"Dubai Marina, Dubai","bay ctr, b central, bay cen, bay cent, baycntl, bayc, b.c., bayc., bay centrl, bay"
Deema Residence,subcommunity,"Barsha Heights (Tecom), Dubai","deema res, deema rs, dmr, dr, deema rsd, deema rsn, deemares, deemaresidence, deema-res, deema_res, deema rs., deema rsn., deema rsd., deema rsnce, deema rsdnc, deema rsnce., deema rsdnc."
Defense Road,subcommunity,"City Downtown, Abu Dhabi","def rd, dfnc rd, defnce rd, def road, dfrd, defn rd, dfrc rd, defncrd, defroad, defncerd, downtown def rd, def rd downtown, downtown defense rd, defense rd abu dhabi, def rd abu dhabi"
Deira Enrichment Project,subcommunity,"Deira, Dubai","deira ep, deira eproj, deira enrich, deira enrich proj, deira enrichp, deira enrichement, deira enrcihment, deira enrichemnt, deira enrichemt, deiraenrichment, deiraenrichproj, deiraenrichproject, dubai deira enrichment, deira enrichment dubai"
Bay Central 3,subcommunity,"Dubai Marina, Dubai","bay ctr 3, bc3, bayc3, baycentral3, bay cent 3, b central 3, bayc 3, bay centrl 3, bay sentral 3, bay centrl3, bayc-3, bayc_3, baycentral-3, baycentral_3, baycentral three, bay central three, b c 3, b.c.3, bayc three, marina bay central 3, dubai marina bay central 3, bay central 3 marina, bay central 3 dubai, dubai bay central 3, marina bayc3, bayc3 marina, bayc3 dubai, bayc3 dubai marina, bayc3 dubii marina, bayc3 marinaa, bayc3 marna"
Delma Street,subcommunity,"Al Mushrif, Abu Dhabi","delma st, d.st, dlm st, delma str, delma, delm, dlma, delmae, dalma, delmma, dlema, delma strete, delma streeet, delmastreet, delmast, delmast al mushrif, al mushrif delma, al mushrif delma st, delma al mushrif, d street, dstr, dstrt, delma st., dlm street, del"
Delta Hotels By Marriott Jumeirah Beach,subcommunity,"Jumeirah Beach Residence, Dubai","delta hotels, delta jbr, delta jumeirah, delta beach, delta marriott, dhljbr, dhl jbr, d hotels jbr, d hotels jumeirah, d h jbr, d h jumeirah, deltha hotels, delata hotels, delat hotels, delt hotels, delta hotles, delta hotls, delta hotl, delta htl, deltahotels, deltahotel, deltahotelsjbr, deltahotelsjumeirah, deltahotelsmarriott, delta jumeirah beach, delta jbr beach, delta jbrresidence, delta jbrres, delta jbrresid, delta jbrresid., delta jbrresidenc, delta jbrresidnce"
Desert Dream Tower,subcommunity,"Business Bay, Dubai","dt, ddt, desert dt, ddtower, desert dream, desert dr, d dream tower, desert d tower, desert dtower, desert dreem tower, desert drem tower, dessert dream tower, desert dream towre, desert dream tow, desert dream twer, desertdreamtower, desertdreamtwr, desertdtower, businessbaydesertdream, desertdreambusinessbay, businessbaydt, dtbusinessbay"
Bay Square,subcommunity,"Business Bay, Dubai","bsq, bay sq, b sq, baysq, baysqr, bay-sq, bay sqr, bay squ, bay squa, bay squar, bay squre, bay sq., b sqr, b sq., bay sq business bay, b sq business bay, bsq business bay, baysq business bay, baysqr business bay, bay-sq business bay, bay sqr business bay, bay sq businessbay, baysq businessbay, baysqr businessbay, bay-sq businessbay, bay sqr businessbay, bay sq business bay dubai, bay sq businessbay dubai, bay sqr business bay dubai, bay sqr businessbay dubai, bsq dubai, bay sq dubai, baysq dubai, baysqr dubai, bay-sq dubai, bay sqr dubai, bay sqr businessbay dub"
Bay Tower,subcommunity,"Corniche Road, Abu Dhabi","bay twr, b tower, btower, baytower, bay tw, baytwr, bay tow, bay towre, bay towerr"
Bay View,subcommunity,"Tourist Club Area, Abu Dhabi","bv, bayv, bview, bayvw, bay, view, bayvi, bayviw, bayvie, bayvieu, bayviue, bayvwe, bayvwew, bayview, touristclubbay, tca bay, bayviewtca, bayview touristclub, touristclubarea bayview, tca bayview"
Desert Leaf,subcommunity,"Al Barari, Dubai","dleaf, dl, desertlf, desertl, desertleaf, desertleafdubai, albarari desert leaf, desert leaf al barari, albarari dleaf, dleaf al barari, dessrt leaf, desert leef, desert leav, desert leaff, desert lefe, desert leif"
Bay's Edge,subcommunity,"Business Bay, Dubai","baysedge, bayedge, bays edg, bay's edg, baysedg, bayse, baye, bays, b's edge, be, bay's, bay'sedg, bay'sed, bay'sedge, businessbaybaysedge, businessbaybayse, businessbayedge, businessbaybays, bay'sedge business bay, businessbay bay's edge, businessbay bayedge, businessbay baysedge, bay'sedgebiz, bizbayse, bizbaysedge, bizbayedge, baysedgebiz, baysebiz, bay'sedgbay, bay'sedg biz, bay'sedg businessbay, bay'sedgbus, bay'sedgbusbay, bay'sedgbusbiz, bay'sedgbusbizbay, bay'sedgbusbizbayedge"
Bayan Business Center,subcommunity,"Dubai Investment Park (DIP), Dubai","bayanc, bayan bc, bayanb, bayanb c, bayanbc, bayanbcentre, bayan centre, bayancenter, bayan cen, bayan cenr, bayan cenr dip, dip bayanc, dipbayanc, bayan dip, bayan dipc, bayan dip centre, bayan dipcenter, bayan dipc centre, bayan dipccenter, bayan dipc cen, bayan dipc cenr, bayan dipc cenr dip, bayan dipc dip, bayan dipc dip centre, bayan dipc dipcenter, bayan dipc dipc, bayan dipc dipc centre, bayan dipc dipccenter, bayan dipc dipc cen, bayan dipc dipc cenr, bayan dipc dipc cenr dip, bayan dipc dipc dip, bayan dipc dipc dip centre, bayan dipc dipc dipcenter, bayan dipc dipc dipc, bayan dipc dipc dipc centre, bayan dipc dipc dipccenter, bayan dipc dipc dipc cen, bayan dipc dipc dipc cenr, bayan dipc dipc dipc cenr dip, bayan dipc dipc dipc dip, bayan dipc dipc dipc dip centre, bayan dipc dipc dipc dipcenter, bayan dipc dipc dipc dipc, bayan dipc dipc dipc dipc centre, bayan dipc dipc dipc dipccenter, bayan dipc dipc dipc dipc cen, bayan dipc dipc dipc dipc cenr, bayan dipc dipc dipc dipc cenr dip, bayan dipc dipc dipc dipc dip, bayan dipc dipc dipc dipc dip centre, bayan dipc dipc dipc dipc dipcenter, bayan dipc dipc dipc dipc dipc, bayan dipc dipc dipc dipc dipc centre, bayan dipc dipc dipc dipc dipccenter, bayan dipc dipc dipc dipc dipc cen, bayan dipc dipc dipc dipc dipc cenr, bayan dipc dipc dipc dipc dipc cenr dip, bayan dipc dipc dipc dipc dipc dip, bayan dipc dipc dipc dipc dipc dip centre, bayan dipc dipc dipc dipc dipc dipcenter, bayan dipc dipc dipc dipc dipc dipc, bayan dipc dipc dipc dipc dipc dipc centre, bayan dipc dipc dipc dipc dipc dipccenter, bayan dipc dipc dipc dipc dipc dipc cen, bayan dipc dipc dipc dipc dipc dipc cenr, bayan dipc dipc dipc dipc dipc dipc cenr dip, bayan dipc dipc dipc dipc dipc dipc dip, bayan dipc dipc dipc dipc dipc dipc dip centre, bayan dipc dipc dipc dipc dipc dipc dipcenter, bayan dipc dipc dipc dipc dipc dipc dipc, bayan dipc dipc dipc dipc dipc dipc dipc centre, bayan dipc dipc dipc dipc dipc dipc dipccenter, bayan dipc dipc dipc dipc dipc dipc dipc cen, bayan dipc dipc dipc dipc dipc dipc dipc cenr, bayan dipc dipc dipc dipc dipc dipc dipc cenr dip, bayan dipc dipc dipc dipc dipc dipc dipc dip, bayan dipc dipc dipc dipc dipc dipc dipc dip centre, bayan dipc dipc dipc dipc dipc dipc dipc dipcenter, bayan dipc dipc dipc dipc dipc dipc dipc dipc, bayan dipc dipc dipc dipc dipc dipc dipc dipc centre, bayan dipc dipc dipc dipc dipc dipc dipc dipccenter, bayan dipc dipc dipc dipc dipc dipc dipc dipc cen, bayan dipc dipc dipc dipc dipc dipc dipc dipc cenr, bayan dipc dipc dipc dipc dipc dipc dipc dipc cenr dip, bayan dipc dipc dipc dipc dipc dipc dipc dipc dip, bayan dipc dipc dipc dipc dipc dipc dipc dipc dip centre, bayan dipc dipc dipc dipc dipc dipc dipc dipc dipcenter, bayan dipc dipc dipc dipc dipc dipc dipc dipc dipc, bayan dipc dipc dipc dipc dipc dipc dipc dipc dipc centre, bayan dipc dipc dipc dipc dipc dipc dipc dipc dipccenter, bayan dipc dipc dipc dipc dipc dipc dipc dipc dipc cen, bayan dipc dipc dipc dipc dipc dipc dipc dipc dipc cenr, bayan dipc dipc dipc dipc dipc dipc dipc dipc dipc cenr dip, bayan dipc dipc dipc dipc dipc dipc dipc dipc dipc dip, bayan dipc dipc dipc dipc dipc dipc dipc dipc dipc dip centre, bayan dipc dipc dipc dipc dipc dipc dipc dipc dipc dipcenter, bayan dipc dipc dipc dipc dipc dipc dipc dipc dipc dipc, bayan dipc dipc dipc dipc dipc dipc dipc dipc dipc dipc centre, bayan dipc dipc dipc dipc dipc dipc dipc dipc dipc dipccenter, bayan dipc dipc dipc dipc dipc dipc dipc dipc dipc dipc cen, bayan dipc dipc dipc dipc dipc dipc dipc dipc dipc dipc cenr, bayan dipc dipc dipc dipc dipc dipc dipc dipc dipc dipc cenr dip, bayan dipc dipc dipc dipc dipc dipc dipc dipc dipc dipc dip, bayan dipc dipc dipc dipc dipc dipc dipc dipc dipc dipc dip centre, bayan dipc dipc dipc dipc dipc dipc dipc dipc dipc dipc dipcenter, bayan dipc dipc dipc dipc dipc dipc dipc dipc dipc dipc dipc, bayan dipc dipc dipc dipc dipc dipc dipc dipc dipc dipc dipc centre, bayan dipc dipc dipc dipc dipc dipc dipc dipc dipc dipc dipccenter, bayan dipc dipc dipc dipc dipc dipc dipc dipc dipc dipc dipc cen, bayan dipc dipc dipc dipc dipc dipc dipc dipc dipc dipc dipc cenr, bayan dipc dipc dipc dipc dipc dipc dipc dipc dipc dipc dipc cenr dip, bayan dipc dipc dipc dipc dipc dipc dipc dipc dipc dipc dipc dip, bayan dipc dipc dipc dipc dipc dipc dipc dipc dipc dipc dipc dip centre, bayan dipc dipc dipc dipc dipc dipc dipc dipc dipc dipc dipc dipcenter, bayan dipc dipc dipc dipc dipc dipc dipc dipc dipc dipc dipc dipc, bayan dipc dipc dipc dipc dipc dipc dipc dipc dipc dipc dipc dipc centre, bayan dipc dipc dipc dipc dipc dipc dipc dipc dipc dipc dipc dipccenter, bayan dipc dipc dipc dipc dipc dipc dipc dipc dipc dipc dipc dipc cen, bayan dipc dipc dipc dipc dipc dipc dipc dipc dipc dipc dipc dipc dip, bayan dipc dipc dipc dipc dipc dipc dipc dipc dipc dipc dipc dipc dip centre, bayan dipc dipc dipc dipc dipc dipc dipc dipc dipc dipc dipc dipc dipcenter, bayan dipc dipc dipc dipc dipc dipc dipc dipc dipc dipc dipc dipc dipc, bayan dipc dipc dipc dipc dipc dipc dipc dipc dipc dipc dipc dipc dipc centre, bayan dipc dipc dipc dipc dipc dipc dipc dipc dipc dipc dipc dipc dipccenter, bayan dipc dipc dipc dipc dipc dipc dipc dipc dipc dipc dipc dipc dipc cen, bayan dipc dipc dipc dipc dipc dipc dipc dipc dipc dipc dipc dipc cenr, bayan dipc dipc dipc dipc dipc dipc dipc dipc dipc dipc dipc dipc cenr dip, bayan dipc dipc dipc dipc dipc dipc dipc dipc dipc dipc dipc dipc dipc dip, bayan dipc dipc dipc dipc dipc dipc dipc dipc dipc dipc dipc dipc dipc dip centre, bayan dipc dipc dipc dipc dipc dipc dipc dipc dipc dipc dipc dipc dipc dipcenter, bayan dipc dipc dipc dipc dipc dipc dipc dipc dipc dipc dipc dipc dipc dipc, bayan dipc dipc dipc dipc dipc dipc dipc dipc dipc dipc dipc dipc dipc dipc centre, bayan dipc dipc dipc dipc dipc dipc dipc dipc dipc dipc dipc dipc dipc dipccenter, bayan dipc dipc dipc dipc dipc dipc dipc dipc dipc dipc dipc dipc dipc dipc cen, bayan dipc dipc dipc dipc dipc dipc dipc dipc dipc dipc dipc dipc dipc dipc cenr, bayan dipc dipc dipc dipc dipc dipc dipc dipc dipc dipc dipc dipc dipc dipc cenr dip, bayan dipc dipc dipc dipc dipc dipc dipc dipc dipc dipc dipc dipc dipc dipc dip, bayan dipc dipc dipc dipc dipc dipc dipc dipc dipc dipc dipc dipc dipc dipc dip centre, bayan dipc dipc dipc dipc dipc dipc dipc dipc dipc dipc dipc dipc dipc dipc dipcenter, bayan dipc dipc dipc dipc dipc dipc dipc dipc dipc dipc dipc dipc dipc dipc dipc, bayan dipc dipc dipc dipc dipc dipc dipc dipc dipc dipc dipc dipc dipc dipc dipc centre, bayan dipc dipc dipc dipc dipc dipc dipc dipc dipc dipc dipc dipc dipc dipc dipccenter, bayan dipc dipc dipc dipc dipc dipc dipc dipc dipc dipc dipc dipc dipc dipc dipc cen, bayan dipc dipc dipc dipc dipc dipc dipc dipc dipc dipc dipc dipc dipc dipc dipc dip"
Baynonah Business Centre,subcommunity,"Jumeirah Village Circle, Dubai","bn business centre, baynonah bc, baynonah b.c., bn bc, baynonah centre, baynonah biz centre, baynonah biz ctr, baynonahbc, baynonahb.c., baynonahb, baynonahbctr, baynonahbiz, baynonahbizcentre, baynonahbizctr, baynonah bc jvc, jvc baynonah bc, baynonah jvc, jvc baynonah, baynonahbiz jvc, baynonahbizctr jvc, bn biz ctr, bn biz centre, bn business ctr, bn bc jvc, jvc bn bc, baynonah b.c jvc, baynonahbus centre, baynonahbusinss centre, baynonahbusinss ctr, baynonahbusinss, baynonahbus, baynonahbusc, baynonahbusc jvc, baynonahb.c jvc, baynonahbctr jvc, baynonahbizc, baynonahbizc jvc."
Baynuna Tower 1,subcommunity,"Corniche Road, Abu Dhabi","bn tower1, baynuna t1, baynuna t-1, baynuna twr1, baynuna twr, bn twr1, bn t1, baynuna1, baynuna01, baynuna tower01, baynuna tower-1, baynuna twr01, baynuna twr-1, baynuna t01, baynuna t-01, baynuna tower1, baynuna tower-01, baynuna twer, baynuna twer1, baynuna twer-1, baynuna tow1, baynuna tow-1, baynuna tor1, baynuna tor-1, baynuna corniche, corniche baynuna, corniche road baynuna, baynuna corniche road, baynuna rd, bn rd, baynuna rd1, baynuna rd-1, baynuna tower rd, baynuna t rd, baynuna t1 rd."
Baynuna Tower 2,subcommunity,"Corniche Road, Abu Dhabi","bn tower2, baynuna t2, baynuna twr2, baynuna tower2, baynuna twr, bn tower, bn twr, baynuna2, baynunatower2, baynunatwr2, bn2tower, tower2baynuna, corniche baynuna, baynuna corniche, corniche road baynuna, baynuna corniche road, baynona tower, baynuna towre, baynuna tow, baynuna twer, baynuna tow2, baynuna t0wer, b2tower, tower2, t2baynuna"
Bayside Residence,subcommunity,"Dubai Marina, Dubai","br, bayside res, b-res, b.r, baysid residence, baysid res, bayside r, bayside resid, baysideres, baysideresidence, baysider, baysid, baysid r, bayside, residence, bayside-residence, dubaimarina bayside, bayside dubaimarina, dubai marina bayside, bayside residence dubai marina, baysideresidence dubai marina, baysideres dubai marina, baysideresidence dubai, baysideres dubai, bayside residence dubai, bayside res dubai marina, bayside res dubai, bayside res dubaimarina, baysde residence, bayside residenc, bayside residnce, bayside resdence, bay side residence, bayside resi, baysideresidenc, baysideresid, baysideresidnce"
Bayswater,subcommunity,"Business Bay, Dubai","bayswtr, bayswt, baysw, baywater, bwater, bw, bwtr, businessbaybayswater, bayswaterbusinessbay, businessbay-bayswater, bayswater-bb, bbayswater, bayswaterbb"
Desert Rose,subcommunity,"Jumeirah Village Circle, Dubai","dr, drose, d-rose, desr, des rose, desert r, d. rose, desertrosee, desertros, desertroes, desert rosee, desert esro, desertrose, desrose, jvc desert rose, desert rose jvc, jvc dr, dr jvc, drose jvc, jvc d-rose"
Bayt Al Safa,subcommunity,"Al Jaddaf, Dubai","bas, b.s., ba s, bayt al s, bayt sfa, bayt saf, bayt alsf, bayt al safaa, bayt al safh, bayt al sfa, bayt al saf, baytalsafa, baytal sfa, baytal saf, aljaddaf bayt al saf, aljaddaf baytalsafa, aljaddafbaytalsafa, bayt al saf aljaddaf, baytalsafa aljaddaf, aljaddafbayt s, bayt al sfa aljaddaf, bayt"
Desert Sun,subcommunity,"Dubai Residence Complex, Dubai","ds, dsun, d.s., d-sun, desert s, desertsn, destrsun, dessertsun, desert suun, desert sn, desert sumn, desertsun, desertssun, dubai residence complex desert sun, desert sun dubai residence complex, drc desert sun, desert sun drc, dubairc desert sun, desert sun dubairc"
Bayti Townhouses,subcommunity,"Al Hamra Village, Ras Al Khaimah","bt, bayti, bti, bh, bayti th, bayti ths, bayti tow, bayti towhouses, bayti towhs, bayti towhses, bayti thouse, baytith, baytithouse, baytiths, alhamra bayti, hamra bayti, bayti alhamra, bayti village, alhamra townhouses, hamra townhouses"
Desert Towers,subcommunity,"Mohamed Bin Zayed City, Abu Dhabi","dt, d towers, desert twrs, desert twr, deserttowers, deserttower, desert tow, desert towrs, dessrt towers, deserttwr, mbz desert towers, mohamed bin zayed desert towers, desert towers mbz, desert towers mbzcity, mbzcity desert towers"
Bayz 102,subcommunity,"Business Bay, Dubai","bz102, b102, bayz102, bayz-102, bayz10, bayz1o2, bayz 10, bayz 1o2, bazy102, bayzz102, bay 102, bayz102businessbay, businessbaybayz102, bizbaybayz102, businessbay bayz, bayz businessbay, bayz102bizbay, b102businessbay, bizbay b102, bayz102bb, bb bayz102, bayz102 bb, bayz102 business bay"
Desert Village,subcommunity,"Grand Mosque District, Abu Dhabi","dv, dvl, desertv, d village, desert vil, desert vlg, desert v, desertvil, desertvlg, desertvillage, desertvllage, desertvilage, desertvill, desertvillagegm, gm desert village, grandmosque desert village, desert village grand mosque, gm dv, gm dvl, dvl gm, desertv gm, desertvillage grandmosque, desertvillage grand mosque, desertvillage gm, desertvillage gmd"
Destiny Tower,subcommunity,"Dubai Sports City, Dubai","dest tower, d tower, desti tower, destiny twr, destn tower, destncy tower, desti twr, d.tower, dstny tower, dubai sports city dest tower, dubai sports city d tower, dubaisportscity dest tower, dubaisportscity d tower, ds tower, dst tower, destncy twr, destn twr"
Detroit House,subcommunity,"Motor City, Dubai","det house, det hse, det h, det h., dh, detroit hse, detroit hs, detroit hous, detriot house, detrit house, detor house, detroithouse, detroithse, motor city det house, motorcity det house, det house motor city, det hse motor city, det house mc, det hse mc, det h motor city, det h mc, det hse motorcity, det h motorcity, det hse mcity, det h mcity, det h motor"
Bayz by Danube,subcommunity,"Business Bay, Dubai","bayz, bayzby, bayzbydanube, bayzbydn, bayzbyd, bayzbd, bayzbdn, bayzbdub, bby, bbyby, bbydanube, bbydn, bbyd, bbayz, bbayzby, bbayzdanube, businessbaybayz, businessbaybayzby, businessbaybayzdanube, businessbaybayzdn, businessbaybayzd, businessbaybayzbd, bayzz, baiz"
Bayz101 by Danube,subcommunity,"Business Bay, Dubai","bayz, b101, bayz101, bayz101db, bayzdb, bayzdan, bayzbydan, bayzbyd, bayz101bydanube, bayz101byd, baiz101, bayz10, bayz001, bayz1o1, bayz10l, bayzz101, businessbaybayz101, businessbaybayz, bayz101businessbay, bayzbusinessbay, bayz101bizbay, bayz101bb, b101bayz, 101bayz, bayz-101, bayz_101"
Devet 1 Tower,subcommunity,"Al Jaddaf, Dubai","devet1, devet 1, devet tower, d1 tower, d1t, devet1t, devet1tw, devet1twr, devett, devet i tower, devet one tower, devet1al jaddaf, al jaddaf devet1, aljaddaf devet1, devet1tower, d1, d1tower"
Deyaar Business Park,subcommunity,"Downtown Jebel Ali, Dubai","dey bp, dey b park, dey b p, dey biz park, dey biz pk, dey business pk, dey business p, dey bpark, deybuspark, deybus pk, deybus p, dyp, dypk, dyp park, dyp bp, dyp b park, dyp b p, dypbiz, dypbiz park, dypbiz pk, dypb, dypbpark, dypb pk, dypb p, dbp, dbp park, dbp pk, dbp p, deyarr business park, deyarr biz park, deyaar biz pk, deyarr b park, deyaar b p, downtown jebel ali dey park, downtown jebel ali dey bp, downtown jebel ali dyp, downtown jebel ali dbp, jebel ali dey park, jebel ali dey bp, jebel ali dyp, jebel ali dbp, downtown jebel ali business park, downtown jebel ali business pk, downtown jebel ali b park, downtown jebel ali b p, jebel ali business park, jebel ali business pk, jebel ali b park, jebel ali b p"
Deyaar Park,subcommunity,"Downtown Jebel Ali, Dubai","dey park, deypark, deyparkdubai, deyaar p, deyaar pk, deyaarpk, deyaarparkdubai, dpar, dpar dubai, dpar jebel ali, downtown jebel ali dey park, downtownjebelali dey park, downtownjebelali deypark, deyarr park, deyaar pak, deyaar prk, deyaarparc, deyaarpar, deyarrpark, deyaarp, deyaarpkr, deyaarpkr dubai, deyaarpark, deyaarpark dubai, dey park dubai, deyparkuae, deyaarp dubai, dparuae, dparuae dubai, downtownjebelali, jebel ali dey park, jebelali deypark, jebelali dey park, downtown jebel ali, downtownjebelali deyparkdubai, deyaarp park, deyaarp park dubai"
Dezire Residences,subcommunity,"Jumeirah Village Circle, Dubai","dzr, dez, dr, drez, dzres, dezire, dezires, dezire res, dezire resi, dezire resid, dezire residnce, dezire residnces, dezire residenc, dezire residencs, deziere, deziree, dezire residn, dezireres, dezireresidences, dezirejvc, jvcdezire, jumeirahvillagecircledezire"
BBZ,subcommunity,"Bur Dubai, Dubai","b.b.z, b-b-z, b b z, bzb, bzz, bbbz, bbzz, bzbz, burdubai bbz, bbz burdubai, bur dubai bbz, bbz bur dubai, burdubai-bbz, bbz-burdubai, burdubai_bbz, bbz_burdubai, bbzburdubai, bbzbur dubai, bbzurbz"
Dezire South Residences,subcommunity,"Dubai Industrial City, Dubai","dezire s, dezire south, dezire s resid, dezire s res, dezire s r, d s r, dsr, dez south, dezire s residence, dezire s resid., dezire south res, dezire south r, dezire south resid, dezire south resid., desire south, dezire south residnces, dezire south residnce, dezire soth resid, dezire suth res, dezire s residncs, dezire s residn, dezire s residn., dezire s r., dubai industrial city dezire south, industrial city dezire south, dubai ic dezire south, dubai industrial city dezire s, dubai ic dezire s"
Beach Rotana,subcommunity,"Tourist Club Area, Abu Dhabi","br rotana, beach r, b rotana, rotana beach, rotana b, beachrotana, beachrot, rotanabeach, beachrotana abu dhabi, tourist club area beach rotana, tca beach rotana, beachrotana tca, rotana tca, tca rotana, beachrotana tc, rotana tc, beachrotanaabudhabi, beachrotanaabudh, beachrotanaab, brt, brtca, brt tca, brt abu dhabi, beachrotanauae, beachrotana uae, beech rotana, beach rotanna, bech rotana, beach rotnna, beach rotn, rotana beech, rotana bech"
Beachfront,subcommunity,"Al Zorah, Ajman","bfrnt, bechfrnt, beachfrnt, bchfront, bchfrnt, bechfront, beachf, bf, bfront, beechfront, beechfrnt, beechf, beahcfront, beahcfrnt, alzorah bfrnt, alzorah bechfrnt, alzorah beachfrnt, alzorah bchfront, alzorah bf, alzorah beachf, alzorah bfront, alzorahbeach, alzorahbfrnt, alzorahbchfront, beach alzorah, bfrnt alzorah, bechfrnt alzorah, beachfrnt alzorah, bchfront alzorah, bf alzorah"
DG1,subcommunity,"Business Bay, Dubai","d g1, dg-1, d.g1, d g-1, dgone, dgi, dg01, d g one, businessbaydg1, businessbay-dg1, bizbaydg1, dg1bizbay, dg1businessbay, businessbay dg1, bizbay dg1, d g1 businessbay, dg1 businessbay, d g1bizbay"
Beachfront Living,subcommunity,"Dubai Waterfront, Dubai","bf living, beachfront liv, bfl, beachfrontliv, beachfrontl, beachfrnt living, bechfront living, beachfrntliv, beachfrontlvg, beachfrontlivng, beachfrontlivg, beachfrontlivin, beachfrontlivin', beachfrontlivin g, dubai waterfront beachfront, waterfront beachfront, beachfront waterfront, dubai waterfront bf, dubai waterfront bfl, waterfront bfl, bf waterfront, beachfront dubai waterfront, dubai waterfront beachfrnt, dubai waterfront bechfront, beachfrontdw, dw beachfront, dubai waterfront bl, dw bl, beachfront dw, beachfrontdwg, beachfrontdwng"
Beachfront Residence,subcommunity,"Nurai Island, Abu Dhabi","bfres, bfr, beachres, beachfrontres, bfront, bfres nurai, nurai bf, nurai beachfront, beachfront nurai, nuraibeachfront, beechfront, bechfront, beechfrontres, bechfrontres, beachfron, beachfrnt, bechfrnt, beachfrontr, beachfrontresidnce, beechfrontresidence, beachfrontrn, beachfrntres, beachfrontresidence, nuraiislandbeachfront, nuraiislandbf, nuraiislandbfr, nuraiislandbeachres"
Beda Bint Soud,subcommunity,"Al Hili, Al Ain","bb s, bbs, beda bint, bint soud, bint s, beda s, b.soud, beda bs, bintso, bedabint, bedabintsoud, al hili bbs, al hili beda, al hili bint, al hili bint soud, al hili bint s, al hili bs, al hili bedabint, al hili bedabintsoud, al ain bbs, al ain beda, al ain bint, al ain bint soud, al ain bint s, al ain bs, alainbedabint, alainbintsoud, alhilibedabintsoud, bedab, bedabint soud, al hili bedab, al ain bedab, al hili bintso, al ain bintso"
Dhafir Tower,subcommunity,"Al Najda Street, Abu Dhabi","dhafir twr, dhafir t., dhafir tlr, dhafir tr, dhafirtwr, dhafirtower, dhafir al najda, al najda dhafir, dhafir alnajda, alnajda dhafir, dhafir tn, dhafir tn., dhafir alnajda st, alnajda st dhafir, dhafir st, dhafir alnajda street, al najda street dhafir, dhafir alna, dhafir alnad"
Beirut Towers,subcommunity,"Dubai Production City (IMPZ), Dubai","bt, beirut t, beirut twr, beirut twrs, beir t, beir twr, beir twrs, beiruttower, beiruttowers, beirut-t, beirut_t, beiruttp, beirut tp, beirut tp., beirut-tower, beiruttw, beiruttwrs, dpc beirut, dubai production city beirut, dubai prod city beirut, dpcbeirut, beirutdpc, dubai production city beirut towers, dubai prod city beirut towers, beirut towers dpc, beirut towers dubai production city"
Bel Ghailam Tower,subcommunity,"Corniche Road, Abu Dhabi","bel gh, bg tower, belgh, belghailam, belghailam twr, belghailam tw, belghailam tr, belghailam tr., belghailam t., belghailam tower, belghailamtower, bel-ghailam, belghailam twr., bel gh tower, bel gh twr, bel gh tlr, belgh tlr, belgh tl, belgh tl., belghailam tlr, belghailam tl, belghailam tl., belghailam trl, belghailam trl., corniche road bel gh, corniche road bg tower, corniche bel ghailam, corniche belgh, corniche belghailam, corniche belgh tlr, corniche road belghailam, belghailam corniche, belghailam corniche road, belghailam corniche rd, belghailam cr, belghailam cr., belghailam cr tower, belghailam cr twr, belghailam cr tr, belghailam cr tr., belghailam cr tlr, belghailam cr tl, belghailam cr tl., belghailam cr t., belghailam cr tw, belghailam cr twr."
Belair Damac Hills - By Trump Estates,subcommunity,"DAMAC Hills, Dubai","bl damac hills, bl dh, bl trump, bdh, belair dh, belair dh trump, belair damac, belair trump estates, belair trump, belair dh estates, belair damac hills, belair damac hils, belair damc hills, belair damac hill, belairdamachills, belairdamac, belairtrump, belairdamactrump, damac hills belair, damac hills belair trump, damac hills trump, damac hills belair estates, damac hills belair dh"
Dhaher 1,subcommunity,"Al Dhahir, Al Ain","dh1, d1, dhaher1, dhaher-1, dhaher01, dhahr1, dhhr1, daher1, aldhahir dhaher1, aldhahir dh1, al ain dhaher1, alain dhaher1, aldhahir1, aldhahir-dh1, aldhahirdh1, aldhahirdhaher1, aldhahirdhaher, aldhahir dhaher, aldhahir dhahr, aldhahir dhhr, aldhahir d1, aldhaher1, aldh"
Belair Phase 2,subcommunity,"DAMAC Hills, Dubai","belair p2, belair ph2, belair phase2, belairph2, belairphase2, belair p-2, belair ph-2, belair2, belair phii, belair ph ii, belair phas2, belair phas e2, belair phas e, (note: the answer got stuck in repetitive generation; apologies.)"
Dhaher 2,subcommunity,"Al Dhahir, Al Ain","dh2, d2, dhaher2, dh2 al dhahir, al dhahir dh2, al dhahir dhaher2, al ain dh2, al ain dhaher2, dhaher-2, dhaher_2, dhaherii, dhaher i, dhaher ii, dhaher i i, dhaher2alain, dhaher2al dhahir, aldhahirdh2, aldhahirdhaher2, aldhahir dh2, aldhahir dhaher2, aldhahir2, aldhahir-2, aldhahir_2, aldhahir2 dh2, aldhahir2 dhaher, aldhahir2dh2, aldhahir2dhaher, aldhahir2dhaher2"
Belgravia Heights 1,subcommunity,"Jumeirah Village Circle, Dubai","belgravia hts1, belgravia ht1, belgravia heights1, belgravia hts, belgravia ht, belgravia h, belgraviaheights, belgraviaheights1, belgraviaheights-1, belgraviahts1, belgraviaht1, belgraviahts, belgraviaht, belgraviah, belgravia1, belgravia-1, belgrvlia heights, belgravia heigts, belgravia heigts1, belgraviaheigts, belgraviaheigts1, bgravia heights, belgravia jvc, jvc belgravia, jvc belgravia heights, jvc belgravia hts, jvc belgravia ht1, belgravia jvc 1, belgraviajvc, belgraviahts 1, belgraviahts-1, belgravia ht 1, belgravia ht-1, belgravia h 1, belgravia h-1, belgraviaheights 1, belgravia hts 1, belgravia hts-1"
Dhaher 3,subcommunity,"Al Dhahir, Al Ain","dh3, d3, dhaher3, dhaher-3, dhaher03, daher3, dahher3, dhaher33, dhaher3a, aldhahirdh3, aldhahirdhaher3, aldhahir3, aldhahir-dh3, aldhahir-dhaher3, alaindh3, alaindhaher3"
Belgravia Heights 2,subcommunity,"Jumeirah Village Circle, Dubai","bh2, belgravia h2, belgravia ht, belgravia hts, belgravia heights2, belgraviaheights2, belgraviaht2, belgraviahts, belgravia2, bh heights, bh h2, belgravia hts2, belgravia hts jvc, jvc belgravia heights2, belgravia heights jvc, jvc bh2, belgravia heigts, belgravia hights, belgravia height, belgravia ht2, belgraviahts2, belgraviahts jvc, belgraviaht jvc, jvc belgravia h2, belgravia h2 jvc"
Belgravia Square,subcommunity,"Jumeirah Village Circle, Dubai","belgravia sq, belgravia sqa, belgravia sqr, belgravia sq., belgravia sqr., belgrv sq, belgrv sqr, belgrv., belgrv sq., belgrv sqr., belgravia squre, belgravia squa, belgriva sq, belgravia sqare, belgrv sqare, belgrviasq, belgrviasqr, jvc belgravia sq, belgravia sq jvc, jumeirah village circle belgravia sq, belgravia sq jumeirah village circle"
Belgrove Residences,subcommunity,"Meydan, Dubai","bg, bgr, bgrs, belgrove res, belgrove rez, belgrove resid, belgrove r, belgrove r., belgrove resi, belgrove rez., belgrove rezid, belgrove rezid., belgrove rezidences, belgrove rezidnces, belgrove residnces, belgrove residnce, belgrove residn, belgrove rezidnce, belgrove rezidn, belgrove meydan, meydan belgrove, belgrove meydan residences, meydan belgrove residences"
Belhabb Tower,subcommunity,"Business Bay, Dubai","bh tower, belhabb twr, belhab tower, belhabb t, belhab t, belhabbtwr, belhabtwr, belhabbt, belhabt, bhtower, bh t, belhabbtower, belhabtower, businessbay belhabb, belhabb businessbay, bbtower, bhbtower, belhabb b, belhab b, belhabbbizbay, belhabbizbay, belhabbbay, belhabbay, belhabbtr, belhabtr, belhabbtrr, belhabtrr, belhabb tow, belhab tow, belhabb tor, belhab tor"
Bella Casa,subcommunity,"Serena, Dubai","bc, belc, belca, belac, belacasa, bellc, bellca, bellcasa, belacasa serena, serena bc, serena belc, serena belca, serena belac, serena bellc, serena bellca, serena bellcasa, bella-casa, bella c, bel la casa, belaa casa, bella csa, bella cs, bel la csa, bellacasa, bellacasa serena, serena-bellacasa, serena-bc, serena-belc, serena-belca, serena-belac, serena-bellc, serena-bellca, serena-bellcasa, bellac, bellac serena, bellacasa dubai, serena dubai, dubai serena, dubai bc, dubai belc, dubai belca, dubai belac, dubai bellc, dubai bellca, dubai bellcasa"
Dhaher 4,subcommunity,"Al Dhahir, Al Ain","dh4, d4, dhaher4, dhaher-4, d h4, dh4 aldhahir, aldhahir dh4, aldhahir dhaher4, al dhahir dh4, aldhahir4, aldhahir-dh4, aldhahirdh4, aldhahirdhaher4, aldhahir dhaher, al dhahir dhaher, aldhahir al ain dh4, al ain dhaher4, al ain dh4, alain dh4, alain dhaher4, alain dhaher, alain dhaher-4, alain dh4 aldhahir, alain dh4 al dhahir, alain dh4 al ain, alain dh4 alain, alain dh"
Belle Reve by Zimaya,subcommunity,"Jumeirah Village Circle, Dubai","brz, brrz, bellerev, bellereve, bellerevbyz, bellerevbyzim, bellerevbyzmy, bellerevzim, bellerevzimaya, bellerevbyzimaya, bell"
Dhaher 5,subcommunity,"Al Dhahir, Al Ain","dh5, d5, dhaher5, dhaher5 al dhahir, aldhahir dh5, aldhahir5, alain dh5, alain5, dh5 al ain, 5dhaher, dhaher5 al ain, aldhahirdh5, alain5 dh, dhaher5 al, dhaher5 alain, dh5 aldhahir, d5 al ain, dh5 alain, dh5 al dhahir, dh5alain, dh5aldhahir, dh5al dhahir, dh5al ain"
Bellevue Towers,subcommunity,"Downtown Dubai, Dubai","bt, b.t, bellevue t, bellev t, bellevue tr, bellev tr, bellevue towers dubai, downtown bellevue towers, bellevue towers downtown, downtown bt, bellevuetowers, bellevuet, bellevuetwr, bellevu towers, bellevu t, bellevu tr, bellevu towers dubai, downtown bellevu, bellevu dubai, bellevue towrs, bellevue torres, bellevue towrs dubai, bellevue torrs, bellevue towrs downtown, bellevue towrs downtown dubai, bellevue towrs dxb, bellevue towrs dxb downtown, bellevue towrs dxb downtown dubai, bellevue towrs dxb dubai, bellevue towrs dxb downtown dub"
Dhaher 7,subcommunity,"Al Dhahir, Al Ain","dh7, d7, dh7 al dhahir, dh7 al ain, aldhahir dh7, aldhahirdh7, aldhahirdhaher7, aldhahir7, alain dh7, alain dhaher7, dhaher7, dhaher-7, dhaher07, 7dhaher, al ain dh7, dhaher7 al dhahir, dhaher7 al ain, dhaher 7 al dhahir, dhaher 7 al ain, dhaher7 aldhahir, dh7 aldhahir, dh7 alain"
Belmont Residences,subcommunity,"Jumeirah Village Triangle, Dubai","belmont, belmont res, belmont resid, belmont residencs, belmont residnces, belmont residnce, belmont residncs, belmont residnse, belmont reesidences, belmontres, belmontresid, belmontresidncs, belmontresidnse"
Belshalat 27,subcommunity,"Al Karama, Dubai","belshalat27, b27, bel27, belshalat, belshalat27karama, alkaramabelshalat27, belshalat27dubai, belshalat27dxb, belshalat27dk, belshalat27a, belshalat27 al karama, belshalat27 alkarama, belshalat27 al karama dubai, belshalat27 alkarama dub, belshalat27 al karama dxb, belshalat27 alkarama dk, belshal"
Ben Karm Tower,subcommunity,"Hamdan Street, Abu Dhabi","benkarm tower, bk tower, benkarm twr, benkarm tr, bktower, benkarm, ben karm, bkt, benk, benkarmt, benkarmtw, benkarmtwr, benkarmtr, benkarmtor, benkarm tow, benkarm towre, benkarm twer, hamdan street benkarm, benkarm hamdan, hamdan benkarm, hamdanstreet benkarm, benkarm hamdanstreet, hamdanstreetbk, bk hamdan, hamdan bk, hamdanstreet bk, benkarm hamdan st, hamdan st benkarm, hamdan st bk tower, bk hamdan st, hamdan st bkt, benkarmtower, benkarmtwr."
Bennett House,subcommunity,"Motor City, Dubai","bennett hse, bennett hs, bennett h., b house, bennett houe, benett house, bennett hous, bennett huse, bennett housse, bennet house, bennett-house, motor city bennett, bennett motor city, motorcitybennett, bennettmotorcity, motorcity bennett house, bennett house motorcity, motorcityb house, b house motorcity, bennethouse, benetthouse"
Dhaher 9,subcommunity,"Al Dhahir, Al Ain","dh9, d9, dhaher9, dhaher-9, dhaher09, dhaher9 al dhahir, al dhahir dhaher9, al dhahir dh9, dh9 al ain, al ain dh9, dhaher nine, dhaher n9, daher9, dhaher9 al ain, al ain dhaher9, dhaher9aldhahir, aldhahirdhaher9, dhaher9alain, alain dhaher9, dh9aldhahir, aldhahir9, dhaher9a, dhaher9al"
DHP Residency,subcommunity,"Dubai Silicon Oasis, Dubai","dhp, dhp res, dhp resi, dhp rsdnc, dhp rsd, dhp r, dhp rds, dhp rseidency, dhp residenc, dhp residncy, dhpresidency, dso dhp, dhp dso, silicon oasis dhp, dhp silicon oasis"
Diamond Arch,subcommunity,"Jumeirah Village Circle, Dubai","da, darch, d-arch, diaarch, diamarch, dmdarch, diamondarch, diamondarchjvc, jvcdiamondarch, jvc-diamondarch, jvcda, jvcdarch, jumeirah village circle diamond arch, diamond arch jumeirah village circle, jvc diamond arch, diamond arch jvc, diamond arhc, diamon arch, dimaond arch, diamond arsh, diamond archh, diamond ar, dia arch, d arch, d.arc, jvc-darch"
Diamond Building,subcommunity,"Al Satwa, Dubai","db, diamond bldg, diamond blg, dia bldg, diamond, dia building, diamond bilding, diamond buiding, diamon building, diamondbuilding, diamondbldg, satwa diamond, diamond satwa, al satwa diamond"
Berlin Business Tower,subcommunity,"Dubai Land, Dubai","bbt, berlin bt, berlin b tower, berlin bus tower, berlin busines tower, berlin busines twr, berlin busi tower, berlin busi twr, berlin business twr, berlin bus twr, berlin b t, berlin bt dubai, berlin business tower dubai, dubai berlin business tower, dubai berlin bt, dubai berlin b tower, dubai berlin bus tower, dubai berlin bus twr, dubai berlin busi twr, dubai berlin busines tower, dubai berlin busines twr, dubai berlin busi tower, dubai berlin b t, dubai berlin b tower dubai, dubai berlin business twr, dubai berlin bus tower dubai, dubai berlin busi tower dubai, dubai berlin busines tower dubai, dubai berlin b t dubai, dubai berlin bt dubai, dubai berlin business tower dubai, dubai berlin bus twr dubai, dubai berlin busi twr dubai, dubai berlin busines twr dubai, dubai berlin b twr, dubai berlin b twr dubai, dubai berlin b tower dl, dubai berlin b tower dl dubai, dubdl, dlberlinbt, dlberlinb, dlberlinbus, dlberlinbust, dlberlinbustower, dlberlinbusinesstower, dlberlinbusinesstwr, dl"
Diamond Business Center,subcommunity,"Arjan, Dubai","dbcenter, diamond bc, dbc, d-bc, diamondbus, dcenter, d-bus, d-bc arjan, arjan d-bc, arjan diamond bc, arjan dcenter, diamondbus arjan, d-bc dubai, dubai d-bc, d-bc dub, dub d-bc, d-bc arj, arj d-bc, d-bc arjn, arjn d-bc, d-bc arjan dubai, arjan diamondbus, diamondb, diamondc, dimaond bc, dimond bc, diamon bc, diamond bcenter, diamond b cent, diamond b cent arjan, diamond bcent arjan, diamondbcenter, diamondbcent, diamondb cent, diamondb cent arjan, diamondbcent arjan, d-bc arjan dub, arjan d-bc dub, d-bc arjan dxb, dxb d-bc, dxb diamond bc, dxb diamondb, dxb arjan, arjan dxb, arjan dxb bc, dxb bc, dxb bc arjan, dxb diamondbcenter, dxb diamondb cent, dxb diamondbcent, dxb d-bc arjan, dxb arjan d-bc, dxb arjan dcenter, dxb arjan diamond bc, dxb arjan diamondb, dxb arjan diamondbcenter, dxb arjan diamondbcent, dxb arjan d-bc arjan, dxb arjan d-bc dub, dxb arjan d-bc dubai, dxb arj, arj dcenter, arj diamond bc, arj d-bc dub, arj d-bc dubai, arj d-bc dxb, arj d-bc d."
Diamond Business Center 2,subcommunity,"Arjan, Dubai","dbc2, db2, dbcenter2, dbc, dbcenter, diamondbc2, diamondbc, diambc2, diambc, diamondbuscent2, diamondbuscent, diambuscent2, diambuscent, diamondbusctr2, diamondbusctr, dbcenterarjan, dbc2arjan, arjandbc2, arjandb2, arjandbcenter2, arjandiamondbc2, diamondbusinesscenter2, diamondbusinesscenter02, diamondbusinessctr2, diamondbc02, dbcenter02, dbc02, arjan dbc, arjan dbcenter, arjan diamond bc, arjan diam bc, diamond business ctr 2, diamond bus cent 2, dimond business center 2, diamond bussiness center 2, diamond busines center 2, diammond business center 2, diamond business cntr 2, diamond busi ctr 2"
Diamond Tower 1,subcommunity,"Al Nahda, Sharjah","dt1, d1, dtower1, d-tower1, d tower1, d tower 1, diamond t1, diamond twr 1, diamond twr1, dmtwr1, dmtwr, diamond tower1, dimaond tower1, diamond towre 1, diamond tow 1, diamond tow1, diamond twer 1, diamond twer1, diamond towerr 1, diamond towerr1, diamontower1, diamondtower1, diamondtower01, alnahda dt1, alnahda d1, alnahda diamond t1, alnahda diamond tower1, diamond tower alnahda, dt01, d01, tower1, tower01, dmt1, dmt01, dmtwr01"
Diamond Views,subcommunity,"Jumeirah Village Circle, Dubai","dv, dview, dviews, diamond vws, diam views, diamon views, dimaond views, diamond viws, diamond vews, diamond view, diamond v, diamondviews, jvc diamond views, diamond views jvc, jvc-diamond, jvcdiamond, diamondviewsjvc"
Bermuda,subcommunity,"Mina Al Arab, Ras Al Khaimah","berm, bermu, bermda, bda, bermda rkh, bermda ras, bermda mina, bermda minaarab, bermda r.k., bermda rkh."
Diamondz By Danube,subcommunity,"Jumeirah Lake Towers, Dubai","dby, dbd, dbyjlt, jlt dby, jlt dbd, diamondzdanube, diamondzbydanube, diamondzbydanb, diamondzbydan, diamondzbydanbue, dmdz, dmdzjlt, jlt dmdz, dby jlt, jltdiamondz, diamondz jlt, dbydanube, dbdanube, dbydanb, dbdanb, dbydan, dbdan, diamondzbyd, dbydl, dlby, dlbyjlt, jlt dlby, dlby jlt, diamondzbydnb, diamondzbydnbue, dlbydanube, dlbydanb, dlbydan, dlbyd, dbydljlt, jlt dbydl, dbydl jlt, dbydlj?"
Bermuda Views,subcommunity,"Dubai Sports City, Dubai","bv, bermv, bermvws, berm, bermuda, bermuda vws, berm view, berm vws, bermudaviews, bermudavws, bermudaview, bermudav"
Beverly Boulevard,subcommunity,"Arjan, Dubai","bev blvd, bevy blvd, beverly blv, beverly bl, beverly blvd, beverly blvd., beverly blv., beveryl blvd, arjan bev blvd, arjan bevy blvd, arjan beverly blv, arjan beverly blvd, bev blvd arjan, bevy blvd arjan, beverly blv arjan, beverly blvd arjan"
Beverly Gardens,subcommunity,"Discovery Gardens, Dubai","bev gardens, bvg gardens, beverly gdn, bev gdn, b gardens, bvgdn, beverlygardens, bevgardens, discovery beverly, discovery gardens beverly, discovery beverly gardens, beverly gardns, beverly garndens, beverlyy gardens, bever gardens, beverlygdn, bevrly gardens, bevrly gdn, bevrlygardens, bevrlygdn, bevrlygardns"
Beverly Hills Drive,subcommunity,"DAMAC Hills, Dubai","bh dr, bh drive, bhd, bh d, beverly hls dr, beverly hls drive, beverly hills d, beverly hills dr, beverlyhillsdr, beverlyhillsdrive, beverlyhils dr, beverlyhils drive, beverly hillsdr, beverly hillsdrive, damac hills beverly hills dr, damac hills beverly hills drive, beverly hills dr damac hills, beverly hills drive damac hills"
Beverly Residences 2,subcommunity,"Jumeirah Village Circle, Dubai","bev resid 2, bevr 2, bevr2, bevr-2, bevrjvc, jvcbevr, beverly resid 2, beverly res 2, beverly res, beverly resid, bevr jvc, jvc bevr, bevr2 jvc, jvc bevr2, bevr2jvc, jvcbevr2, bevr2dubai, dubai bevr2, bevr2uae, uae bevr2, bevr, bevrly 2, bevrly2, bevrly-res, bevrlyres, bevrlyres2, bevrly-res2, bevrlyres jvc, jvc bevrly, bevrly jvc, jvc bevrly2, bevrly2 jvc, bevrly2jvc, bevrly2dubai, bevrly2uae, bevrlydubai, dubai bevrly, bevrlyuae, uae bevrly, bevrly-res jvc, jvc bevrly-res, jvc bevrlyres, bevrlyres2 jvc, jvc bevrlyres2, dubai bevrly2, uae bevrly2, bevrly2res, bevr2res, bevrres2, bevr-res2, bevrres jvc, jvc bevrres, bevrres2 jvc, jvc bevrres2, bevr2-res, bevr2res jvc, jvc bevr2res, bevr2res2, bevr2-res2, bevr2resdubai, dubai bevr2res, bevr2resuae, uae bevr2res)."
Bianca,subcommunity,"City of Arabia, Dubai","b, bi, bia, bian, bnca, bnc, bian ca, bi anca, bian-c, bian_c, cityofarabia b, b cityofarabia, cityofarabia bi, bi cityofarabia, arabia b, b arabia, cityarabia b, bcityofarabia, arabia bianca, biancacity, biancacityofarabia, cityofarabia bianc, bianc cityofarabia"
DIC-EIB 01,subcommunity,"Dubai Internet City, Dubai","dic eib, dic eib01, dic eib1, dic-eib, dic-eib01, dic-eib1, d-ic eib, d-ic eib01, d-ic eib1, diceib01, diceib1, diceib, dic eib 01, dic eib 1, dic eib01 dubai, dubai internet city dic eib, dubai internet city dic eib01, dic eib dubai, dic eib01 dubai internet city, dic eib1 dubai, dic eib01 dics"
Bianca,subcommunity,"Dubai Land, Dubai","b, bnca, bca, bian, biana, binca, bna, bian ca, bianc, bianc a, biancaa, bianca dubailand, dubailand bianca, dubai land bianca, bianc dubailand, dubailand b, dubailand bnca, dubailand bca, dubailand bian, dubailand biana, dubailand binca, dubailand bna, dubai b, dubai bnca, dubai bca, dubai bian, dubai biana, dubai binca, dubai bna, dubai land b, dubai land bnca, dubai land bca, dubai land bian, dubai land biana, dubai land binca, dubai land bna"
Bida Bin Ammar,subcommunity,"Asharej, Al Ain","bba, b.b., bb, bida b, ba, bida bin, bida ammar, bid bin ammar, bid bin am, bida ben ammar, bida binn ammar, bida ibn ammar, bidabinammar, bidabinammr, asharej bida bin ammar, bida bin ammar asharej, asharej bba, bba asharej, bida-bin-ammar, bida_bin_ammar, bida-bin-ammr, bida_bin_ammr"
Bin Arar Building,subcommunity,"Al Najda Street, Abu Dhabi","bin arar, binarar, bin arar bldg, bin arar blg, bin arar bdg, binarar bldg, binarar blg, binarar bdg, ba building, ba bldg, ba blg, ba bdg, binar, ba, binarar building, bin arar al najda, al najda bin arar, alnajda binarar, alnajda bin arar, al najda binarar, al najda bin arar building, alnajda binarar bldg, bin arar buiding, bin arar buidling, bin arar buidng, bin arar buiilding, bin arar buiildng, binn arar, bin ararr, binararbuilding, binararblg, binararbdg, binararbldg"
DIC-EIB 03,subcommunity,"Dubai Internet City, Dubai","dic eib 03, dic eib3, dic eib03, dic eib-03, dic eib-3, dic eib 3, d"
Dickens Circus,subcommunity,"Motor City, Dubai","dckns circ, dcknscr, dickens circ, dics circ, dckns, d.circ, d.circ motor, motor city dckns, motorcity dckns, motorcity dickens, motorcity d.circ, dckns motor, d.circ dubai, dickins circus, dicken circus, dicken's circ, dicken s circ, dicsn circus, dicsn circ, dicken sircus, dicken cirucs, dickenscircus, dcknscircus, motorcitydickens, motorcitydckns"
Bin Haider 2 Building,subcommunity,"Al Karama, Dubai","bh2, b2, binh2, bh2bldg, bh2blk, binh2b, binh2building, binh2bldg, binh2blk, binh2bld, binh2bldng, binhaider2, binhaider2b, binhaider2bldg, binhaider2blk, binhaider2building, binhaider2bld, binhaider2bldng, binhaiderbldg, binhaiderblk, binhaiderb, binhaider2karama, karama bh2, karama binhaider2, alkarama binhaider2, binhaider2 alkarama, binhaider"
Bin Ham Towers,subcommunity,"Al Taawun, Sharjah","bh towers, bht, binham, binhm, binhm towers, binhm twr, binhm twrs, binham twr, binham twrs, binhamt, binhamtw, binhamtor, binhmtor, binhm t, binhm tw, binhmtr, binham t, binham tw, binhamtr, altaawun bh, altaawun binhm, binhm altaawun, binham altaawun, altaawun bht, altaawun bh towers, bh altaawun, bht altaawun, binham al taawun, binhm al taawun, al taawun binhm, al taawun bh, al taawun bht"
Bin Majid Tower,subcommunity,"Al Mina, Abu Dhabi","bmt, bm tower, bin majid twr, binmajid tower, binmajid twr, binmajdtower, binmajdtwr, binmajid t., bin majid t., binmajid almina, almina bin majid, almina bmt, bmt almina, binmajid al mina, al mina binmajid, binmajidtwr, bin majid tw, bin majid al mina, al mina bin majid, binn majid tower, bin majidd tower, bin majad tower, bin majid towre, bin majid twer, bin majdi tower, bin majid tow, bmtwr, binmajidtw"
Bin Sardah Villas 2,subcommunity,"Al Garhoud, Dubai","bsv2, bs v2, bsv, bs villas, bin srdh v2, bin srdh, bsv2 al garhoud, bin sardah v2, bin sardah villas2, sardah villas, sardah v2, bin sardah v2 al garhoud, sardah v2 al garhoud, bin sarda villas 2, bin sardah vllas 2, bin sardah vilas 2, binsardahvillas2, binsardahv2, binsardahvillas, binsardah2, binsardahv2algarhoud, algarhoud binsardah v2, binsardah v2 al garhoud, al garhoud binsardah, algarhoud binsardahv2, bsv02, binsardahvillas02, binsardah02"
Bin Sougat Building,subcommunity,"Dubai Investment Park (DIP), Dubai","b.s., bs building, bin sougat bldg, bin sougat blg, bin sougat bld, bin sougat, bin sougat dip, dip bin sougat, binsougat, binsougatbldg, bin-sougat, binsougat building, b.s building, b.s bldg, bin sougatbldg, bin sougatblg, bin sougatbld, bin sougatbldng, bin sougatbldg., bin sougat bl, bin sougat bldg., bin sougat blg."
Bin Thabet Building,subcommunity,"Dubai South (Dubai World Central), Dubai","btb, bin thbt, b t bldg, bin thabet, bin thbt bldg, bin thabet bldng, bin thabet buiding, bin thabet bilding, bin thabet bldg, bin thabet bldg., bin thbabet, binthabetbuilding, binthabetbldg, dubai south bin thabet, bin thabet dubai south"
DIFC Living,subcommunity,"DIFC, Dubai","difc liv, difc livg, difc livng, difc lvg, difc livin, difc livin', difc lving, difc lviing, difc lviingg, difc lviingn, difc lviing', difcliving, difc-living, difc_living, living difc, difc living dubai, difc livng dubai, difc livin dubai, difc lvg dubai, difc lving dubai, dfc living, dfc liv, difc livv, difc lvi ng, difc livng., difc livng- dubai, dfc livng, dfc livin, dfc lvg, dfc lving, dfc living dubai"
Binal Jesrain,subcommunity,"Between Two Bridges, Abu Dhabi","bj, bjn, binj, binjes"
DIFC Tower,subcommunity,"DIFC, Dubai","difc twr, difc tw, difc tr, difc tlr, dtower, difc towre, difc towerr, difc-tower, difc_tower, dubai difc tower, difc tower dubai, dubai difc twr, difc twr dubai"
Binghatti Apartments,subcommunity,"Dubai Silicon Oasis, Dubai","bghatti, bhatti apt, bing apt, binghatti apt, binghatti apts, binghatti ap, binghatti apart, binghatti apartmnt, binghatti apartmnts, binghatti apartmen, binghatti apart., binghati apartments, binghattiapts, binghattiapt, bghattiapts, bghattiapt, dso binghatti, dso binghatti apt, dso binghatti apts, dubaisilicon oasis binghatti, dubaisilicon oasis binghatti apt, dubaisilicon oasis binghatti apts, binghatti dubaisilicon oasis, binghatti apt dubaisilicon oasis, binghatti apts dubaisilicon oasis, binghattiapartment, binghattiaprt, binghattiaprtmnt, binghattiaprtmnts, binghattiaprtmnts."
Binghatti Apex,subcommunity,"Jumeirah Village Circle, Dubai","bh apex, binghatti apx, b apex, binghatti a, apex jvc, jvc apex, jvc binghatti, binghattiapex, binghatti-apex, binghattiapx, binghattiap, binghati apex, binghattiapexjvc, jvcbinghattiapex, apexbinghatti, binghattiapex jvc, binghatti aex, binghatti apexx, binghatti apxe, binghatti aapex, binghattiapexj, jvcapex, apexjvc"
Binghatti Avenue,subcommunity,"Al Jaddaf, Dubai","bnghatti ave, bnghatti av, binghatti av, binghatti ave, bghatti ave, binghati ave, bnghattiav, binghattiav, bghatti av, bghattiave, binghatti al jaddaf, al jaddaf binghatti, binghatti aljaddaf, aljaddaf binghatti, binghattiaj, bj av, bj ave, bnghatti, bnghatti al jaddaf, aljaddaf bnghatti, binghatti-ave, binghattiave, binghatti a, binghatti av., binghattiav., bnghatti-ave, bnghattiave, bnghatti a, bnghatti av., bnghattiav."
Binghatti Azure,subcommunity,"Jumeirah Village Circle, Dubai","bh, ba, bza, b-azure, bing, azure, bnghatti, bnghatti az, bnghatti a, binghatti az, bing az, b-az, binghatti azur, binghatti azzure, binghatti aazure, binghatti azr, binghatti aazur, binghattiazure, binghatti-azure, binghatti_azure, jvc binghatti azure, binghatti azure jvc, jumeirah village circle binghatti azure, binghatti azure jumeirah village circle"
Binghatti Canal,subcommunity,"Business Bay, Dubai","bgh canal, bg canal, bnghatti canal, binghatti cnl, binghatti canl, binghatti can, binghatti cannal, binghatti canel, binghatti canaal, binghatti cnal, binghatti canlbd, binghatti canalbd, businessbay binghatti canal, binghatti canal businessbay, bh canal, bghc, binghatti c, binghatti c., binghatti ca, binghatti ca., binghatti caal, binghatti caal., binghatti caalbd, binghatti ca bd, binghatti ca bd., b canal, b canal., bgc, bh canal businessbay, canal binghatti, canal binghatti bd, canal binghatti businessbay, canal bgh, canal bgh businessbay, canal bgh bd, canal bgh bd., canal bghbd, canal bghbd., canal bghbd businessbay"
Dilan Tower,subcommunity,"Culture Village, Dubai","dt, d.tower, dilan twr, dilan tr, dilan tow, dilan twer, dilan towre, dilan towerr, dilantower, dilantwr, dilan tr., dilan t., cv dilan tower, culture village dilan tower, dilan tower cv, culture village dilan, cv dilan, dilan cv, dilan trr, dilan twr., dilan"
DIO Twin Tower,subcommunity,"Marmooka City, Ajman","dio tw, dio twin, dio twn, dio twr, dio twn tlr, dio twn tower, dio twin tl, dio twin tk, dio twin t, dio twin tow, dio twin tow., dio twin twr, dio twin tor, dio twin tr, dio twin tr., dio twin trr, dio twin trr."
Diplomatic Area,subcommunity,"Airport Road, Abu Dhabi","da, dip area, dip ar, diplom area, diplo area, diplo ar, dipolmatic area, dipolmatic ar, diplomtic area, diplomtic ar, dipolmaticarea, diplomaticarea, airport road dip area, dip area airport road, airport road diplomatic area, diplomatic area airport road, airportroad dip area, airportroad diplomaticarea, diparea, dipareaabudhabi"
Binghatti Corner,subcommunity,"Jumeirah Village Circle, Dubai","bhc, bcr, bc, bingc, bcorner, binghatti crn, binghatti cor, binghatti cnr, binghatti cornr, binghatti cor., bnghatti corner, binghatti corer, binghatti corne, binghatti coren"
Binghatti Creek,subcommunity,"Al Jaddaf, Dubai","bgc, bcr, bcrk, bjc, binghatti cr, binghatti crk, binghatti crek, binghatti criek, binghatti creck, binghatti-creek, binghatticreek, aljaddaf binghatti cr, aljaddaf binghatti crk, binghatti cr aljaddaf, binghatti crk aljaddaf"
Binghatti Crescent,subcommunity,"Jumeirah Village Circle, Dubai","bh cres, bcr, binghatti cr, binghatti cres, binghatti cres., binghatti cr., binghatti crsnt, binghatti crecent, binghatti cresnt, binghatti crsnt., binghatti cresnt., binghatti crs, binghatti crs., binghatti crescent dubai, jvc binghatti cres, binghatti cres jvc, jumeirah village circle binghatti, binghatti jvc, binghatti cres jumeirah village circle, binghatti cres jvc dubai, binghatti crescentjvc, binghatticrescent, binghatti-crescent, binghatti_crescent, binghatti crescent dub, binghatti cres dub, binghatti cres dxb, binghatti cr dxb, binghatti cr dubai, binghatti cres dxb."
Binghatti Crest,subcommunity,"Jumeirah Village Circle, Dubai","bghatti crest, bnghatti crest, binghatti crst, binghatti cr, binghatti c, bingh cr, bingh crst, binghatti jvc, jvc binghatti, jvc binghatti crest, binghatti crest jvc, binghatti cr jvc, bghatti jvc, bnghatti jvc, bingh cr jvc, bingh crst jvc, binghatti-c, binghatti_crest, binghatti-crest, binghatti cre, binghatti cret, binghatti crezt, binghatti crset, binghatti crstt, binghatti crstjvc, binghatti jvc crest, jvc-binghatti, jvcbinghatti, jvcbinghatti crest, binghatti jvc-crest"
Binghatti Crystals,subcommunity,"Dubai Silicon Oasis, Dubai","bhc, bc, bcr, bcrys, bcrystal, binghatti cryst, binghatti cr, binghatti crstl, binghatti crs, binghatti crst, binghatti crsyt, binghatti crsytl, binghatti crstal, binghatti crsytals, binghatti crystl, binghatti-crystals, binghatticrystals, binghatticryst, binghatticrystl, dso binghatti, binghatti dso, dubai silicon oasis binghatti, dso bc, dso bcr, dso bhc, dso bcrys, dso bcrystal, dubai silicon oasis bc, dubai silicon oasis bcr, dubai silicon oasis bhc"
Discovery Gardens Pavilion,subcommunity,"Discovery Gardens, Dubai","dg pavilion, dgp, dg pavil, dgpav, disc gard pavil, discgard pavil, discgardens pavil, discgardens pavilion, discgard pavilion, discgardenspav, discgardpav, discoverygardenspavilion, discoverygardens pavil, discoverygardens pavilion, discoverygardenspav, discgardenspavilion, discgardens"
Binghatti Dawn,subcommunity,"Jumeirah Village Circle, Dubai","bda, binghatti dwn, binghatti dawn jvc, bjvc, dawn jvc, jvc dawn, binghatti d, binghatti daw, binghatti dwn jvc, binghatti dawn jumeirah, binghatti dawn jumeirah village circle, binghatti dawn jvc dubai, binghatti dawn dub, binghatti dawn dubai, binghatti dawn dv, binghatti dawn dv circle, binghatti dawn jvc dub, binghatti dawn jvc dxb, binghati dawn, binghati dwn, binghati d, binghatti d jvc, bda jvc, bda dubai, bda dxb, bdawn, bdawn jvc, bdawn dub, bdawn dxb, bda jumeirah, bda jumeirah village, bda jvc dub, bda jvc dxb, bda j..."
Display Centre,subcommunity,"Sheikh Zayed Road, Dubai","disp, dcp, d-centre, dcenter, d.c., dispctr, dctr, displayctr, displaycent, dispcentre, dispcent, dpycentre, dpyctr, displycentre, displaycentere, displaycentrr, displa centre, displai centre, displycent, displaycentre, sheikhzayeddisplay, sheikhzayeddisplaycentre, displaycentresheikhzayed, sheikhzayeddisp, dispcentresheikhzayed, sheikhzayeddcp"
Binghatti Diamonds,subcommunity,"Dubai Silicon Oasis, Dubai","bh diamonds, bdh, binghatti dm, binghatti d, binghatti diams, binghatti diams., binghatti diam., binghatti diamnds, binghatti diomonds, binghatti diomand, binghatti diomnds, binghatti diamon, binghatti diamon., binghatti-diamonds, binghattidiamonds, silicon oasis binghatti diamonds, binghatti diamonds silicon oasis, dubai silicon oasis binghatti diamonds, binghatti diamonds dso, dso binghatti diamonds, binghatti dmn, binghatti dmd, bnghatti diamonds, binghatti diomand."
Binghatti Emerald,subcommunity,"Jumeirah Village Circle, Dubai","bgh emerald, bingh emerald, binghatti em, bgh em, binghatti emrd, bgh emrd, binghatti emerald jvc, bgh emerald jvc, jvc binghatti emerald, jvc bgh emerald, bingh emerald dubai, bgh emerald dubai, binghatti emerald dubai, bgh emerald jvc dubai, binghatti emerald jvc dubai, binghatti emrald, binghatti emarld, binghatti emarald, benghatti emerald, binghatti emeraldd, binghatti emeral d, binghattiemerald, bghemerald"
Binghatti Galaxy,subcommunity,"Jumeirah Village Circle, Dubai","bgh, binghatti gal, binghatti g, binghatti galaxy jvc, jvc binghatti gal, binghatti glxy, binghatti glx, binghatti gxy, binghatti galxy, binghatti gllaxy, binghatti galxy jvc, binghatti galaxyjvc, binghatti galjvc, binghatti g jvc, bnghatti galaxy, binghatti gal jvc, binghatti glaxy, binghatti gaxy, bingh2021, bgh2022, jvcgalaxy, jvcgal, jvcg, jvcgalaxy2023, jvcg2023"
District 10,subcommunity,"Jumeirah Village Circle, Dubai","dist 10, d10, dist10, d-10, d10 jvc, jvc district 10, jvc d10, jvcdist10, dist10 jvc, jvc10, dist ten, d ten, distict 10, distrct 10, distirct 10, distirct10, distict10, distric 10, district10jvc, dist10jvc"
District 11,subcommunity,"Jumeirah Village Circle, Dubai","d11, dist11, d-11, d11jvc, jvc d11, jvc d-11, district11, dist 11, dist-11, dis 11, dis-11, dstrct11, dstrct 11, disctrict 11, distric 11, disctrct 11, districti 11, disctrict11, jumeirah village circle district 11, jvc district 11, district 11 jvc, 11 district, 11dist, 11d, dist11jvc, jvcdistrict11, dist11 jvc, dist-11 jvc, 11 d, 11-d"
District 11D,subcommunity,"Jumeirah Village Circle, Dubai","d11d, d-11d, 11d, jvc11d, jvc11, jvc-11d, jvc 11d, jumeirah village circle 11d, dist11d, dist-11d, disctr11d, disctrict11d, dstrct11d, dstr11d, d1 1d, 11-d, d11, jvc-d11, d11djvc, dist11djvc, dist-11djvc, dist11dj, dist-11dj"
Binghatti Gardenia,subcommunity,"Jumeirah Village Circle, Dubai","bgardenia, binghatti gdn, binghatti gdnia, binghatti gar, binghatti garden, b gardenia, bgn, gardenia jvc, jvc gardenia, jvc binghatti, jvcbg, jvc-binghatti, jvc_gardenia, jvcgardenia, binghatti jvc, gardenia jumeirah, jumeirah gardenia, binghatti gdn jvc, binghatti garden jvc, binghatti gar jvc, binghatti gardeni, binghatti gardnia, binghatti garndia, binghatti garenia, binghatti"
Binghatti Gardens,subcommunity,"Dubai Silicon Oasis, Dubai","bg, bgh, binghatti gdn, binghatti gdns, binghatti gar, binghatti garnds, binghatti gardns, binghatti gardenss, binghatti garens, binghatti-gardens, binghatti_gardens, binghattigardens, dso binghatti gardens, binghatti gardens dso, dubai silicon oasis binghatti, binghatti gardens dubai silicon oasis"
Binghatti Gate,subcommunity,"Jumeirah Village Circle, Dubai","bgate, bgate jvc, bgate dubai, bgatejvc, bgatedubai, bgatejvc dubai, bgatejvc-dubai, bgatejvcdubai, bgatejvcdub, binghatti g, binghatti gt, binghattigt, binghatti-gate, binghatti_gate, binghatti gte, binghatti gat, binghatti gat e, binghatti g., binghatti gte dubai, binghatti gate jvc, binghatti gate dubai, binghatti gatejvc, binghatti gatejvc dubai, binghatti gatejvc-dubai, binghatti gatejvcdubai, binghatti gatejvcdub, jvc binghatti, jvc bgate, jvcbgate, jvcbg, jvcbg dubai, jvcbgdubai, jvcbgdub, jvcbgdubai dubai, binghatti g jvc, binghatti gt jvc, binghattigt jvc, binghattigtjvc, binghatti gtjvc, jvcbinghatti gate, jvcbinghattigt, jvcbinghatti gt, binghatti gatejvcdubai dubai, binghatti gatejvcdubai dub, binghatti gatejvcdubai dubai."
Binghatti Gateway,subcommunity,"Al Jaddaf, Dubai","bgateway, bgt, binghatti gw, binghatti gtw, binghatti gate, binghatti g, binghatti-gateway, binghatti_gateway, aljaddaf binghatti, binghatti aljaddaf, aljaddaf gateway, gateway aljaddaf, binghatti gatewy, binghatti gatway, binghatti gway, binghatti gteway, binghatti gatwy, binghatti gtewy, binghattigateway, binghattigw, binghattigate, aljaddafbinghatti, binghattialjaddaf"
District 12,subcommunity,"Jumeirah Village Circle, Dubai","d12, dist12, dist 12, distr12, distr 12, d12jvc, jvc d12, d12 jvc, district12, distict 12, distirct 12, distrct 12, distric 12, dist 12 jvc, jvc district12, 12district, 12 d12, 12dist, jvc12, dist12jvc, dist"
Binghatti Gems,subcommunity,"Jumeirah Village Circle, Dubai","bgh gems, binghatti gms, binghatti gem, bgh gem, binghatti g, binghatti, bingh gem, bgh, bghjvc, jvc binghatti gems, binghatti gems jvc, binghatti gemz, binghatti gemms, bing"
Binghatti Ghost,subcommunity,"Al Jaddaf, Dubai","bg, bgh, binghatti g, binghatti ghst, bingh ghst, binghatti gost, binghatti gohst, binghatti ghozt, binghatti gh0st, binghatti-ghost, binghatti_ghost, binghatti-ghost aljaddaf, aljaddaf binghatti-ghost, aljaddaf binghatti ghost, binghatti ghost al jaddaf, al jaddaf binghatti ghost, binghatti-ghost dubai, dubai binghatti ghost, binghatti ghs, binghatti gho, binghatti gho st, binghatti gho-st, binghatti ghst aljaddaf, aljaddaf binghatti ghst, binghatti-ghost al jaddaf, al jaddaf binghatti-ghost, binghatti ghost aljaddaf, dubai binghatti-ghost, binghattighost, binghatti-ghst, binghatti-gho, binghatti-gh, binghatti-gh0st, binghatti-gh0st aljaddaf, aljaddaf binghatti-gh0st, binghatti ghst dubai, dubai binghatti ghst."
Binghatti Heights,subcommunity,"Jumeirah Village Circle, Dubai","bh, bgh, binghatti ht, binghatti hts, binghatti h, binghatti heigts, binghatti hights, binghatti hitegs, binghattiheights, binghattiht, jvc binghatti, binghatti jvc, jumeirah village circle binghatti, binghatti jumeirah village circle"
District 12,subcommunity,"Jumeirah Village Triangle, Dubai","d12, dist12, d-12, d12jvt, jvt d12, jvt12, jvt-d12, jvtdistrict12, district12jvt, dist12jvt, dist12 jvt, disctrict12, distric12, distirct12, distirct 12, distirct12jvt, distirct12 jvt, 12d, 12dist, 12district, d12 jvt, jvt12dist, jvt12dist12, dist12jvt12, dist"
District 12H,subcommunity,"Jumeirah Village Circle, Dubai","d12h, dist12h, d12, jvc d12h, jvc12h, 12h jvc, 12h, jvc12h district, d12h jvc, dist12h jvc, d12h jumeirah village circle, jumeirah village circle d12h, jvc d12, d12 jvc, disctrict12h, disctr12h, distric12h, districtt12h, d12hh, dist12hh, jvcd12h, jvcdist12h, jvcd12, 12hjvc, 12h district, jvc12hdist, dist12hjvc, 12h jumeirah village circle"
Binghatti Hills,subcommunity,"Dubai Science Park, Dubai","bhills, binghatti hls, binghatti hl, binghatti hill, bh, binghatti h, binghatti hlz, binghatti hls dubai, binghatti hills dsp, dsp binghatti hills, binghatti hls dsp, binghatti hls ds, binghatti hls sp, binghatti hls dubai science park, binghatti hills dubai science park, binghatti hills dsp dubai, binghatti hls dubai sp, binghati hills, binghatti hlils, binghatti hils, binghatti hillz, binghatti hillss, binghatti hlis, binghatti hlsd, binghatti hlsdsp, binghatti hlsdspdubai, binghatti hlsdubai, binghatti hlsdubaisp, binghatti hlsdubai science park, binghatti hillsdubai, binghatti hillsdubaisp, binghatti hillsdubai science park, dspbinghatti hills, binghatti hillsdsp, binghatti hillsdspdubai, dsp binghatti hls, dsp binghatti hills dubai, binghatti hlsdubai sp, binghatti hillsdubai sp, binghatti hillsdspdubaisp, bh dubai, bh dsp, bh dubai science park, bh dubai sp, bh dubaisp, bh dubaisciencepark, bh dubaiscienc park, bh dubaisciencpark, bh ds, bh ds p, bh dspark, bh dspark dubai, bh dspark dubaisp, bh dspark dubai science park, bh dsparkdubai, bh dsparkdubaisp, bh dsparkdubaisciencepark, bh dsparkdubaiscienc park, bh dsparkdubaisciencpark"
Binghatti Horizons,subcommunity,"Dubai Silicon Oasis, Dubai","bh, bhorizons, bhh, binghatti hor, binghatti horz, binghatti hzn, binghatti horinzons, binghatti horozons, binghatti horzons, binghatti horzns, binghatti horinz, binghatti horinzns, binghatti-horizons, binghattihorizons, dso binghatti hor, dso bh, dso bhorizons, binghatti horizons dso, bh dso, bhorizons dso, binghatti hor dso, binghatti hzn dso, binghatti horz dso, binghatti horinz dso, binghatti horozons dso, binghatti horzons dso, binghatti horzns dso, binghatti horinzns dso"
District 12K,subcommunity,"Jumeirah Village Circle, Dubai","d12k, dist12k, d12, 12kdistrict, 12kd, 12kjvc, d12kjvc, jvc12k, jvc12, district12k, jvcdistrict12k, jvc12kdubai, 12kjvcdubai, dist12kjvc, disctrict12k, distric12k, disctr12k, distirct12k, 12k jvc, 12k dubai, dist12k dubai, 12k jumeirah, dist12k jvc, 12k jvc dubai, dist12k jumeirah village circle, dist12k jvc dubai, dist12k jvc dub, (note: list truncated due to length)"
District 12S,subcommunity,"Jumeirah Village Circle, Dubai","d12s, d12, dist12s, dist12, district12s, dist12s jvc, d12s jvc, jvc d12s, jvc d12, jvc12s, jvc12, jvc12s district, jvc12 district, d12 jvc, d12s-jvc, d12-jvc, d12s jvc dubai, jvc district12s, jvc district12, dist12s dubai, d12s dubai, d12 dubai, dist12 dubai, district12 dubai, dstrct12s, distict12s, distric12s, d12s dub, jvc12s dub, jvc12 dub, d12s jvc dub, jvc d12s dub, d12s jvcuae, jvcuae d12s"
District 12T,subcommunity,"Jumeirah Village Circle, Dubai","d12t, dist12t, d12, district12t, d12t jvc, jvc d12t, jvc12t, jvc12, d12t jvc dubai, jvc d12, d12t jvc dub, d12t jvcuae, dist12, d12tjvc, jvcd12t, d12tj, d12t‑jvc, disctrict12t, dis12t, d12tt, d1 2t, d12t."
Binghatti House,subcommunity,"Jumeirah Village Circle, Dubai","bgh, binghatti hse, binghatti hs, binghatti, binghatti h., bh house, bh hse, bh hs, binghatti hse jvc, binghatti house jvc, binghatti hse jumeirah village circle, binghatti house jumeirah village circle, binghatti hse jvc dubai, binghatti house jvc dubai, binghatti hse dubai, binghatti house dubai, binghatti hse dv, binghatti house dv, binghatti hse jvc dub, binghatti house jvc dub, binghatti hse jvc dxb, binghatti house jvc dxb, binghatti hse jvcuae, binghatti house jvcuae, binghatti hse jvcuae dub, binghatti house jvcuae dub, binghatti hse jvcuae dxb, binghatti house jvcuae dxb, binghatti hse jvcuae dubai, binghatti house jvcuae dubai, binghatti house jvcua"
District 12U,subcommunity,"Jumeirah Village Circle, Dubai","d12u, d12, dist12u, dist12, district12u, district12, d12u jvc, jvc d12u, jvc d12, jvc12u, jvc12, jumeirah village circle d12u, jumeirah village circle d12, d12u jvc dubai, jvc d12 dubai, d12u dubai, d12 dubai, dist12 dubai, district12 dubai, d12uuae, d12uae, d12u emarat, d12 emarat, d12u- jvc, d12u_jvc, d12u-jvc, d12u j"
District 12V,subcommunity,"Jumeirah Village Circle, Dubai","d12v, dist12v, d12, dist12, d12v jvc, jvc d12v, jvc12v, d12v jumeirah, jumeirah d12v, d12v jvcircle, jvcircle d12v, jvc d12, dist12 jvc, d12v j"
District 12X,subcommunity,"Jumeirah Village Circle, Dubai","d12x, dist12x, district12x, d12, d12jvc, jvc12x, jvc12, jvc d12x, d12x jvc, jvc district12, district12 jvc, d12xjvc, jvc12x district, dist12, disctrict12x, distric12x, disctr12x, d12x dubai, jvc12x dubai, 12x district, 12x jvc, 12x dubai, d12xjv, jvcd12x, d12xjvc dubai, jvc d12, d12xjvcd, d12xjvcd dubai"
District 13,subcommunity,"Jumeirah Village Circle, Dubai","d13, dist13, dis13, dstr13, d-13, 13d, 13dist, 13district, jvc13, jvc-d13, jvc d13, jvcd13, jvcdist13, jvcdistrict13, jumeirahvillagecircle13, jumeirahvillagecircle-d13, jumeirahvillagecircle d13, distirct13, disrict13, disctrict13, jvc13dist, jvc13d, 13jvc, 13jvcdist, 13jvcd, 13jvcdistrict, 13jvcdist13, 13jvcd13, dist13jvc, dist13jvc13, dist13jvcd, dist13jvcd13, 13d13, 13dstr, 13d-13, 13-d13, 13d jvc, 13dist jvc, 13dist13, 13distd, 13distd13"
Binghatti Lavender,subcommunity,"Jumeirah Village Circle, Dubai","bh lav, bg lav, blav, bglav, binglav, b.lav, binghatti lav, binghatti lvd, binghatti lavndr, binghatti lavendar, binghatti lavenderr, binghatti lavendr, binghatti lavend, binghatti lavd, binghatti lavd., binghatti-lavender, binghattilavender, binghattilav, jvc binghatti lav, jvc binghatti lavender, jumeirah village circle binghatti lav, jumeirah village circle binghatti lavender, binghatti lavender jvc, binghatti lav jvc, binghatti lav jumeirah, binghatti lav jvc., bingh...bh lav"
District 13H,subcommunity,"Jumeirah Village Circle, Dubai","d13h, d13, dist13h, dist13, d-13h, d13h jvc, jvc d13h, jvc13h, jvc13, jvc13h dubai, district13h, district13, d13hjvc, jvc-d13h, 13hdistrict, 13hd, 13h-d, 13h jvc, disctrict13h, disctr13h, distirct13h, d13hh, d13h., 13h district, 13h d, 13hdist, 13h-district, dubai jvc13h, dubai d13h, jvc dubai 13h, dubai 13h jvc"
District 14,subcommunity,"Jumeirah Village Circle, Dubai","d14, dist 14, distr 14, dist14, d14 jvc, jvc d14, d14 jumeirah village circle, jvc district 14, distict 14, distrct 14, distric 14, distirct 14, 14 district, d-14, district14jvc, dist14jvc, dist"
Binghatti LUNA,subcommunity,"Jumeirah Village Circle, Dubai","bnghatti luna, bghatti luna, binghatti lna, binghatti lun, binghatti l, b.luna, luna jvc, jvc luna, jvc binghatti, binghatti jvc, binghatti-luna, binghattiluna, binghatti_luna, binghatti.luna, bnghatti-luna, binghatti1, binghatti one, binghati luna, binghatti lunn, binghatti lunna"
District 15,subcommunity,"Jumeirah Village Circle, Dubai","d15, dist15, d-15, d_15, d15jvc, jvc d15, jvcdist15, jvcd15, jvcdistrict15, district15jvc, district15, dist 15, d 15, jvc district15, district15 jvc, jvc15, 15d, 15dist, disctrict15, disctr15, disct15, districti15, districtl5, distric15, dist15 jvc, d15 jvc, jvc d 15, jvcdist 15"
Binghatti Mercedes Benz,subcommunity,"Downtown Dubai, Dubai","bmh, binghatti mb, binghatti mercedes, binghatti benz, bh mb, bh mercedes, bh benz, binghatti m, binghatti m.b., binghatti m.b, binghatti m-b, binghatti mbenz, binghatti mbz, binghatti mer, binghatti merz, binghatti mercedesb, binghatti mercedez, binghatti mercedezb, binghatti mercedezbenz, binghatti mercedz, binghatti mercedzbenz, binghatti mercedzbn, binghatti mercedzbnz"
District 16,subcommunity,"Jumeirah Village Circle, Dubai","d16, dist 16, dist16, d-16, disctrict 16, disctrict16, distict 16, distict16, dstrct 16, dstrct16, jvc d16, jvcdist16, jvcdist 16, jvc d-16, jvc district 16, jvcdistrict16, jumeirah village circle d16, jumeirah village circle district 16, jvc16, jvc-d16, 16 district, 16dist, 16d, dist16jvc, distjvc16, distjvc 16, distjvcd16, distjvc-d16, distjvc-16, distjvcd-16, distjvcd 16, distjvc d16, distjvc d-16, distjvc d 16, distjvc"
Binghatti Mirage,subcommunity,"Jumeirah Village Circle, Dubai","bmh, bm, bingh mirage, bingh mirg, binghatti mirag, binghatti mirgae, binghati mirage, binghatti miragejvc, binghattimirage, jvc binghatti mirage, binghatti mirage jvc, jvc bmh, bmirage, binghatti-mirage, binghatti_mirage, binghatti mirage dubai, mirage jvc, mirage jumeirah village circle, jvc mirage, mirage jvc dubai, mirage jvc jumeirah, mirage jvc jvc, mirage jvc jumeirah village circle, mirage jvc jvc dubai, mirage jvc jvc jumeirah, mirage jvc jvc jvc, mirage jvc jvc jvc dubai, mirage jvc jvc jvc jumeirah, mirage jvc jvc jvc jvc, mirage jvc jvc jvc jvc dubai, mirage jvc jvc jvc jvc jumeirah, mirage jvc jvc jvc jvc jvc, mirage jvc jvc jvc jvc jvc dubai, mirage jvc jvc jvc jvc jvc jumeirah, mirage jvc jvc jvc jvc jvc jvc, mirage jvc jvc jvc jvc jvc jvc dubai, mirage jvc jvc jvc jvc jvc jvc jumeirah, mirage jvc jvc jvc jvc jvc jvc jvc, mirage jvc jvc jvc jvc jvc jvc jvc dubai, mirage jvc jvc jvc jvc jvc jvc jvc jumeirah, mirage jvc jvc jvc jvc jvc jvc jvc jvc, mirage jvc jvc jvc jvc jvc jvc jvc jvc dubai, mirage jvc jvc jvc jvc jvc jvc jvc jvc jumeirah, mirage jvc jvc jvc jvc jvc jvc jvc jvc jvc, mirage jvc jvc jvc jvc jvc jvc jvc jvc jvc dubai, mirage jvc jvc jvc jvc jvc jvc jvc jvc jvc jumeirah, mirage jvc jvc jvc jvc jvc jvc jvc jvc jvc jvc, mirage jvc jvc jvc jvc jvc jvc jvc jvc jvc jvc dubai, mirage jvc jvc jvc jvc jvc jvc jvc jvc jvc jvc jumeirah, mirage jvc jvc jvc jvc jvc jvc jvc jvc jvc jvc jvc, mirage jvc jvc jvc jvc jvc jvc jvc jvc jvc jvc jvc dubai, mirage jvc jvc jvc jvc jvc jvc jvc jvc jvc jvc jvc jumeirah, mirage jvc jvc jvc jvc jvc jvc jvc jvc jvc jvc jvc jvc, mirage jvc jvc jvc jvc jvc jvc jvc jvc jvc jvc jvc jvc dubai, mirage jvc jvc jvc jvc jvc jvc jvc jvc jvc jvc jvc jvc jumeirah, mirage jvc jvc jvc jvc jvc jvc jvc jvc jvc jvc jvc jvc jvc, mirage jvc jvc jvc jvc jvc jvc jvc jvc jvc jvc jvc jvc jvc dubai, mirage jvc jvc jvc jvc jvc jvc jvc jvc jvc jvc jvc jvc jvc jumeirah, mirage jvc jvc jvc jvc jvc jvc jvc jvc jvc jvc jvc jvc jvc jvc, mirage jvc jvc jvc jvc jvc jvc jvc jvc jvc jvc jvc jvc jvc jvc dubai, mirage jvc jvc jvc jvc jvc jvc jvc jvc jvc jvc jvc jvc jvc jvc jumeirah, mirage jvc jvc jvc jvc jvc jvc jvc jvc jvc jvc jvc jvc jvc jvc jvc, mirage jvc jvc jvc jvc jvc jvc jvc jvc jvc jvc jvc jvc jvc jvc jvc dubai, mirage jvc jvc jvc jvc jvc jvc jvc jvc jvc jvc jvc jvc jvc jvc jvc jumeirah, mirage jvc jvc jvc jvc jvc jvc jvc jvc jvc jvc jvc jvc jvc jvc jvc jvc, mirage jvc jvc jvc jvc jvc jvc jvc jvc jvc jvc jvc jvc jvc jvc jvc jvc dubai, mirage jvc jvc jvc jvc jvc jvc jvc jvc jvc jvc jvc jvc jvc jvc jvc jvc jumeirah, mirage jvc jvc jvc jvc jvc jvc jvc jvc jvc jvc jvc jvc jvc jvc jvc jvc jvc, mirage jvc jvc jvc jvc jvc jvc jvc jvc jvc jvc jvc jvc jvc jvc jvc jvc jvc dubai, mirage jvc jvc jvc jvc jvc jvc jvc jvc jvc jvc jvc jvc jvc jvc jvc jvc jvc jumeirah, mirage jvc jvc jvc jvc jvc jvc jvc jvc jvc jvc jvc jvc jvc jvc jvc jvc jvc jvc, mirage jvc jvc jvc jvc jvc jvc jvc jvc jvc jvc jvc jvc jvc jvc jvc jvc jvc jvc dubai, mirage jvc jvc jvc jvc jvc jvc jvc jvc jvc jvc jvc jvc jvc jvc jvc jvc jvc jvc jumeirah, mirage jvc jvc jvc jvc jvc jvc jvc jvc jvc jvc jvc jvc jvc jvc jvc jvc jvc jvc jvc, mirage jvc jvc jvc jvc jvc jvc jvc jvc jvc jvc jvc jvc jvc jvc jvc jvc jvc jvc jvc dubai, mirage jvc jvc jvc jvc jvc jvc jvc jvc jvc jvc jvc jvc jvc jvc jvc jvc jvc jvc jvc jumeirah, mirage jvc jvc jvc jvc jvc jvc jvc jvc jvc jvc jvc jvc jvc jvc jvc jvc jvc jvc jvc jvc, mirage jvc jvc jvc jvc jvc jvc jvc jvc jvc jvc jvc jvc jvc jvc jvc jvc jvc jvc jvc jvc dubai, mirage jvc jvc jvc jvc jvc jvc jvc jvc jvc jvc jvc jvc jvc jvc jvc jvc jvc jvc jvc jvc jumeirah, mirage jvc jvc jvc jvc jvc jvc jvc jvc jvc jvc jvc jvc jvc jvc jvc jvc jvc jvc jvc jvc jvc, mirage jvc jvc jvc jvc jvc jvc jvc jvc jvc jvc jvc jvc jvc jvc jvc jvc jvc jvc jvc jvc jvc dubai, mirage jvc jvc jvc jvc jvc jvc jvc jvc jvc jvc jvc jvc jvc jvc jvc jvc jvc jvc jvc jvc jvc jumeirah, mirage jvc jvc jvc jvc jvc jvc jvc jvc jvc jvc jvc jvc jvc jvc jvc jvc jvc jvc jvc jvc jvc jvc, mirage jvc jvc jvc jvc jvc jvc jvc jvc jvc jvc jvc jvc jvc jvc jvc jvc jvc jvc jvc jvc jvc jvc dubai, mirage jvc jvc jvc jvc jvc jvc jvc jvc jvc jvc jvc jvc jvc jvc jvc jvc jvc jvc jvc jvc jvc jvc jumeirah, mirage jvc jvc jvc jvc jvc jvc jvc jvc jvc jvc jvc jvc jvc jvc jvc jvc jvc jvc jvc jvc jvc jvc jvc, mirage jvc jvc jvc jvc jvc jvc jvc jvc jvc jvc jvc jvc jvc jvc jvc jvc jvc jvc jvc jvc jvc jvc jvc dubai, mirage jvc jvc jvc jvc jvc jvc jvc jvc jvc jvc jvc jvc jvc jvc jvc jvc jvc jvc jvc jvc jvc jvc jvc jumeirah, mirage jvc jvc jvc jvc jvc jvc jvc jvc jvc jvc jvc jvc jvc jvc jvc jvc jvc jvc jvc jvc jvc jvc jvc jvc, mirage jvc jvc jvc jvc jvc jvc jvc jvc jvc jvc jvc jvc jvc jvc jvc jvc jvc jvc jvc jvc jvc jvc jvc jvc dubai, mirage jvc jvc jvc jvc jvc jvc jvc jvc jvc jvc jvc jvc jvc jvc jvc jvc jvc jvc jvc jvc jvc jvc jvc jvc jumeirah, mirage jvc jvc jvc jvc jvc jvc jvc jvc jvc jvc jvc jvc jvc jvc jvc jvc jvc jvc jvc jvc jvc jvc jvc jvc jvc, mirage jvc jvc jvc jvc jvc jvc jvc jvc jvc jvc jvc jvc jvc jvc jvc jvc jvc jvc jvc jvc jvc jvc jvc jvc jvc dubai, mirage jvc jvc jvc jvc jvc jvc jvc jvc jvc jvc jvc jvc jvc jvc jvc jvc jvc jvc jvc jvc jvc jvc jvc jvc jvc jumeirah, mirage jvc jvc jvc jvc jvc jvc jvc jvc jvc jvc jvc jvc jvc jvc jvc jvc jvc jvc jvc jvc jvc jvc jvc jvc jvc jvc, mirage jvc jvc jvc jvc jvc jvc jvc jvc jvc jvc jvc jvc jvc jvc jvc jvc jvc jvc jvc jvc jvc jvc jvc jvc jvc jvc dubai, mirage jvc jvc jvc jvc jvc jvc jvc jvc jvc jvc jvc jvc jvc jvc jvc jvc jvc jvc jvc jvc jvc jvc jvc jvc jvc jvc jumeirah, mirage jvc jvc jvc jvc jvc jvc jvc jvc jvc jvc jvc jvc jvc jvc jvc jvc jvc jvc jvc jvc jvc jvc jvc jvc jvc jvc jvc, mirage jvc jvc jvc jvc jvc jvc jvc jvc jvc jvc jvc jvc jvc jvc jvc jvc jvc jvc jvc jvc jvc jvc jvc jvc jvc jvc jvc dubai, mirage jvc jvc jvc jvc jvc jvc jvc jvc jvc jvc jvc jvc jvc jvc jvc jvc jvc jvc jvc jvc jvc jvc jvc jvc jvc jvc jvc jumeirah, mirage jvc jvc jvc jvc jvc jvc jvc jvc jvc jvc jvc jvc jvc jvc jvc jvc jvc jvc jvc jvc jvc jvc jvc jvc jvc jvc jvc jvc, mirage jvc jvc jvc jvc jvc jvc jvc jvc jvc jvc jvc jvc jvc jvc jvc jvc jvc jvc jvc jvc jvc jvc jvc jvc jvc jvc jvc jvc dubai, mirage jvc jvc jvc jvc jvc jvc jvc jvc jvc jvc jvc jvc jvc jvc jvc jvc jvc jvc jvc jvc jvc jvc jvc jvc jvc jvc jvc jvc jumeirah, mirage jvc jvc jvc jvc jvc jvc jvc jvc jvc jvc jvc jvc jvc jvc jvc jvc jvc jvc jvc jvc jvc jvc jvc jvc jvc jvc jvc jvc jvc, mirage jvc jvc jvc jvc jvc jvc jvc jvc jvc jvc jvc jvc jvc jvc jvc jvc jvc jvc jvc jvc jvc jvc jvc jvc jvc jvc jvc jvc jvc dubai, mirage jvc jvc jvc jvc jvc jvc jvc jvc jvc jvc jvc jvc jvc jvc jvc jvc jvc jvc jvc jvc jvc jvc jvc jvc jvc jvc jvc jvc jvc jumeirah, mirage jvc jvc jvc jvc jvc jvc jvc jvc jvc jvc jvc jvc jvc jvc jvc jvc jvc jvc jvc jvc jvc jvc jvc jvc jvc jvc jvc jvc jvc jvc, mirage jvc jvc jvc jvc jvc jvc jvc jvc jvc jvc jvc jvc jvc jvc jvc jvc jvc jvc jvc jvc jvc jvc jvc jvc jvc jvc jvc jvc jvc jvc dubai, mirage jvc jvc jvc jvc jvc jvc jvc jvc jvc jvc jvc jvc jvc jvc jvc jvc jvc jvc jvc jvc jvc jvc jvc jvc jvc jvc jvc jvc jvc jvc jumeirah, mirage jvc jvc jvc jvc jvc jvc jvc jvc jvc jvc jvc jvc jvc jvc jvc jvc jvc jvc jvc jvc jvc jvc jvc jvc jvc jvc jvc jvc jvc jvc jvc, mirage jvc jvc jvc jvc jvc jvc jvc jvc jvc jvc jvc jvc jvc jvc jvc jvc jvc jvc jvc jvc jvc jvc jvc jvc jvc jvc jvc jvc jvc jvc jvc dubai, mirage jvc jvc jvc jvc jvc jvc jvc jvc jvc jvc jvc jvc jvc jvc jvc jvc jvc jvc jvc jvc jvc jvc jvc jvc jvc jvc jvc jvc jvc jvc jvc jumeirah, mirage jvc jvc jvc jvc jvc jvc jvc jvc jvc jvc jvc jvc jvc jvc jvc jvc jvc jvc jvc jvc jvc jvc jvc jvc jvc jvc jvc jvc jvc jvc jvc jvc, mirage jvc jvc jvc jvc jvc jvc jvc jvc jvc jvc jvc jvc jvc jvc jvc jvc jvc jvc jvc jvc jvc jvc jvc jvc jvc jvc jvc jvc jvc jvc jvc jvc dubai, mirage jvc jvc jvc jvc jvc jvc jvc jvc jvc jvc jvc jvc jvc jvc jvc jvc jvc jvc jvc jvc jvc jvc jvc jvc jvc jvc jvc jvc jvc jvc jvc jvc jumeirah, mirage jvc jvc jvc jvc jvc jvc jvc jvc jvc jvc jvc jvc jvc jvc jvc jvc jvc jvc jvc jvc jvc jvc jvc jvc jvc jvc jvc jvc jvc jvc jvc jvc jvc, mirage jvc jvc jvc jvc jvc jvc jvc jvc jvc jvc jvc jvc jvc jvc jvc jvc jvc jvc jvc jvc jvc jvc jvc jvc jvc jvc jvc jvc jvc jvc jvc jvc jvc dubai, mirage jvc jvc jvc jvc jvc jvc jvc jvc jvc jvc jvc jvc jvc jvc jvc jvc jvc jvc jvc jvc jvc jvc jvc jvc jvc jvc jvc jvc jvc jvc jvc jvc jvc jumeirah, mirage jvc jvc jvc jvc jvc jvc jvc jvc jvc jvc jvc jvc jvc jvc jvc jvc jvc jvc jvc jvc jvc jvc jvc jvc jvc jvc jvc jvc jvc jvc jvc jvc jvc jvc, mirage jvc jvc jvc jvc jvc jvc jvc jvc jvc jvc jvc jvc jvc jvc jvc jvc jvc jvc jvc jvc jvc jvc jvc jvc jvc jvc jvc jvc jvc jvc jvc jvc jvc jvc dubai, mirage jvc jvc jvc jvc jvc jvc jvc jvc jvc jvc jvc jvc jvc jvc jvc jvc jvc jvc jvc jvc jvc jvc jvc jvc jvc jvc jvc jvc jvc jvc jvc jvc jvc jvc jumeirah, mirage jvc jvc jvc jvc jvc jvc jvc jvc jvc jvc jvc jvc jvc jvc jvc jvc jvc jvc jvc jvc jvc jvc jvc jvc jvc jvc jvc jvc jvc jvc jvc jvc jvc jvc jvc, mirage jvc jvc jvc jvc jvc jvc jvc jvc jvc jvc jvc jvc jvc jvc jvc jvc jvc jvc jvc jvc jvc jvc jvc jvc jvc jvc jvc jvc jvc jvc jvc jvc jvc jvc jvc dubai, mirage jvc jvc jvc jvc jvc jvc jvc jvc jvc jvc jvc jvc jvc jvc jvc jvc jvc jvc jvc jvc jvc jvc jvc jvc jvc jvc jvc jvc jvc jvc jvc jvc jvc jvc jvc jumeirah, mirage jvc jvc jvc jvc jvc jvc jvc jvc jvc jvc jvc jvc jvc jvc jvc jvc jvc jvc jvc jvc jvc jvc jvc jvc jvc jvc jvc jvc jvc jvc jvc jvc jvc jvc jvc jvc, mirage jvc jvc jvc jvc jvc jvc jvc jvc jvc jvc jvc jvc jvc jvc jvc jvc jvc jvc jvc jvc jvc jvc jvc jvc jvc jvc jvc jvc jvc jvc jvc jvc jvc jvc jvc jvc dubai, mirage jvc jvc jvc jvc jvc jvc jvc jvc jvc jvc jvc jvc jvc jvc jvc jvc jvc jvc jvc jvc jvc jvc jvc jvc jvc jvc jvc jvc jvc jvc jvc jvc jvc jvc jvc jvc jumeirah, mirage jvc jvc jvc jvc jvc jvc jvc jvc jvc jvc jvc jvc jvc jvc jvc jvc jvc jvc jvc jvc jvc jvc jvc jvc jvc jvc jvc jvc jvc jvc jvc jvc jvc jvc jvc jvc jvc, mirage jvc jvc jvc jvc jvc jvc jvc jvc jvc jvc jvc jvc jvc jvc jvc jvc jvc jvc jvc jvc jvc jvc jvc jvc jvc jvc jvc jvc jvc jvc jvc jvc jvc jvc jvc jvc jvc dubai, mirage jvc jvc jvc jvc jvc jvc jvc jvc jvc j... (truncated)"
Binghatti Nova,subcommunity,"Jumeirah Village Circle, Dubai","bnh, bn, bnova, bng, binghatti nava, binghati nova, binghatti novaa, binghatti-nova, binghattinova, jvc binghatti nova, binghatti nova jvc, jumeirah village circle binghatti nova, binghatti nova jumeirah village circle, nova jvc, jvc nova, nova jumeirah village circle, bnghatti nova, bnghatti nava, binghatti nov, binghatti nva, binghatti nova dubai, nova dubai, jvc binghatti, binghatti jvc, bnghatti, bnova dubai, nova dubai jvc"
Binghatti Onyx,subcommunity,"Jumeirah Village Circle, Dubai","bghatti onyx, bghatti ony, binghatti onx, binghatti ony, bingh onyx, bgh onyx, binghatti, bingh onx, bgh onx, binghatti jvc, onyx jvc, jvc onyx, jvc binghatti, binghattijvc, onyxjvc, jvcbinghatti, binghatti circle, jvc circle, jvc onx, onx jvc, binghatti onyx dubai, onyx dubai, dubai onyx, dubai binghatti, binghatti dubai, bghatti onyx dubai, bgh onx dubai, binghatti0nyx, binghatti0nx, binghatti onyx1, binghatti onyx2, binghatti onyx3, binghatti onyx4, binghatti onyx5, binghatti onyx6, binghatti onyx7, binghatti onyx8, binghatti onyx9"
Binghatti Orchid,subcommunity,"Jumeirah Village Circle, Dubai","bh orchid, bgh orchid, bh-orchid, bgh-orch, bgh orc, binghatti orch, binghatti orc, orchid, binghatti orchd, binghatti orcid, binghatti orhcid, binghati orchid, binghattiorch, bghorchid, binghattiorchid, jvc binghatti orchid, binghatti orchid jvc, jumeirah village circle binghatti orchid, binghatti orchid jumeirah village circle"
District 16A,subcommunity,"Jumeirah Village Circle, Dubai","d16a, dist16a, d-16a, dist 16a, district16a, district-16a, dist-16a, dist16a jvc, jvc d16a, jvc district16a, district16ajvc, 16a d, 16a district, d16 jvc, jvc16a, distict16a, disctrict16a, distric16a, dstrct16a, distirct16a, distirct 16a, dist 16a jvc, jvc dist16a, dist16ajvc, 16adist, 16adistrict, dist16a-jvc, jvc-d16a, 16a-jvc"
Binghatti Pearls,subcommunity,"Dubai Silicon Oasis, Dubai","bh, bgh, bpp, binghatti prls, binghatti prl, binghatti p, binghattipearls, binghatti-pearl, binghattipearlsdubai, silicon oasis binghatti pearls, binghatti pearls silicon oasis, binghatti perls, binghatti per"
Binghatti Phantom,subcommunity,"Jumeirah Village Circle, Dubai","bh phantom, bph, binghatti ph, binghatti phtm, binghatti phntm, binghatti phantam, binghatti phanton, binghatti phantoum, binghatti phanotm, binghatti phantm, binghatti phan, binghatti phnt, binghatti phanmt, binghatti phantom jvc, jvc binghatti phantom, jvc binghatti ph, binghatti ph jvc, phantom jvc, binghattiphantom, binghatti-phantom, binghatti_phantom, binghati phantom, binghatti phamtom, binghatti phanto, binghatti phantoon, bh phantom jvc, jvc bh phantom"
Binghatti Phoenix,subcommunity,"Jumeirah Village Circle, Dubai","bph, bp, bingpho, binghatti phx, binghatti ph, phoenix jvc, binghati phoenix, binghatti pheonix, binghatti phoeinx, binghatti phoeix, binghattiphx, binghattiph, jvc binghatti phoenix, binghatti phoenix jvc, jvc bph"
District 16C,subcommunity,"Jumeirah Village Circle, Dubai","d16c, dist16c, d-16c, dist 16c, d16, 16c, district16c, distc16c, dstrct16c, disctrict16c, district16c jvc, jvc d16c, jvc district16c, 16c jvc, dist16 jvc, d16 jvc, distc16, jvc16c, 16c district, jvc district 16c, dist 16c jvc, d16c jvc, distc 16c, distc-16c, d16c-jvc, jvc-d16c, dist16c jvc, 16c-district, distc16c jvc, dist16cjvc, jvc16c district, dist16c-district, distc16c-jvc, distc16cjvc, distc"
Binghatti Platinum,subcommunity,"Dubai Silicon Oasis, Dubai","bh platinum, bplatinum, binghatti plat, binghatti pltn, binghatti pl, binghatti pltnm, bnghatti platinum, binghati platinum, binghatti platin, binghatti platinm, binghatti pltnum, binghatti-platinum, binghattiplatinum, dso binghatti platinum, dubai silicon oasis binghatti platinum, binghatti platinum dso, dubai silicon oasis platinum, platinum binghatti, platinum dso, platinum dubai silicon oasis, binghatti dso platinum, dso platinum, dso binghatti, dubai silicon oasis pl, dso pl, binghatti pltnum dubai, binghatti platinum dubai, binghatti platinum oasis, binghatti platinum so, binghatti platinum ds, binghatti platinum ds oasis."
District 16E,subcommunity,"Jumeirah Village Circle, Dubai","d16e, d-16e, 16e, 16e jvc, jvc16e, jvc-16e, dist16e, dist16, dstrct16e, dstrct16, disctrict16e, disctrict16, distric16e, distric16, jvcdistrict16e, district16ejvc, jumeirahvillagecircle16e, jvc district16e, district16e jvc, 16e-d, 16e-district, d16, 16e-dvc"
Binghatti Point,subcommunity,"Dubai Silicon Oasis, Dubai","bp, bpt, binghatti p, binghatti pt, binghatti, binghatti pt., binghatti pnt, binghati point, binghatti poin, binghatti pooint, binghatti pount, binghatti poitn, binghattipoint, binghatti-point, binghatti_pt, silicon oasis binghatti point, binghatti point silicon oasis, dso binghatti, dso point"
District 16J,subcommunity,"Jumeirah Village Circle, Dubai","d16j, d-16j, 16j, d16, dist16j, dstrct16j, jvc16j, jvc-d16j, jvcdistrict16j, 16jjvc, jumeirahvillagecircle16j, jvc16, disctrict16j, distric16j, district16, district1 6j, district16jj, dist-16j, 16-j, dl16j, dt16j, dl16, dt16"
Building 12,subcommunity,"City Walk, Dubai","b12, bldg 12, bld 12, blg 12, building12, bldg12, b12 city walk, b12 citywalk, b12 cw, building 12 city walk, building 12 citywalk, bldg 12 city walk, bldg 12 citywalk, city walk b12, citywalk b12, city walk bldg 12, citywalk bldg 12, city walk building 12, citywalk building 12, cw b12, cw bldg 12, cw building 12, city walk 12, citywalk 12, bulding 12, bilding 12, bulding 12 city walk, citywalk bulding 12, b-12, b-12 city walk, b-12 citywalk, cw b-12"
Creek Views II,subcommunity,"Dubai Healthcare City, Dubai","cv2, cv ii, cv2 dhcc, cv ii dhcc, dhcc cv2, creek views 2, creek view 2, creekviews 2, creekview 2, creekviews ii, creekview ii, creek views two, creekviews2, creekview2, creekviewsii, creekviewii, dhcc creek views 2, creek views 2 dhcc, healthcare city creek views 2, creek views 2 healthcare city, crek views 2, creek vews 2, creek viws 2, creek views2, creek view2, dhcc creekview 2, dhcc creekviews 2, cv2 healthcare city, cv 2 dhcc, cv 2, creekview two, creekviews two, crek view 2, crekview 2, crekviews 2"
Damac Executive Heights,subcommunity,"Barsha Heights (Tecom), Dubai","deh, executive heights, damac executive, exec heights, executive heights tecom, tecom executive heights, damac executive tecom, damac exec heights, damacexecutiveheights, executiveheights, damac exective heights, executive hights, damac executive hights, deh tecom, exectutive heights"
District 16L,subcommunity,"Jumeirah Village Circle, Dubai","d16l, dist 16l, dist16l, district16l, d 16l, district 16 l, distric 16l, distict 16l, 16l, 16l jvc, jvc 16l, jvc d16l, jvc dist 16l, jvc district 16l, dist 16l jvc, jvc d 16l, jvc district16l, jvc dist16l, jumeirah village circle d16l, jumeirah village circle district 16l, jvc d 16 l, d16l jvc"
District 16M,subcommunity,"Jumeirah Village Circle, Dubai","d16m, d 16m, district16m, dist 16m, distric 16m, distrcit 16m, destrict 16m, d16m jvc, jvc d16m, jvc district 16m, jvc dist 16m, district 16m jvc, jvc d 16m, d 16 m, d-16m, d16-m, district 16 m, dist 16 m, jvc district 16 m, jvc d16 m"
Binghatti Royale,subcommunity,"Jumeirah Village Circle, Dubai","bghatti, bingh, binghatti r, bingh ro, binghatti roy, binghatti royle, binghatti royl, binghatti roylle, binghatti roy., b r, br, bh roy, bh r, jvc binghatti, binghatti jvc, jvc bingh ro, bingh jvc, binghattiroy, binghattiroyle, binghattiroy., binghatti-roy, binghatti_roy, binghattiroyale, binghatti-royale, binghatti ro, binghatti r., binghatti royle."
Binghatti Sapphires,subcommunity,"Dubai Silicon Oasis, Dubai","bsh, bsh sapphires, binghatti saph, binghatti sp, binghatti s, bnghatti sapphires, binghatti sapp, binghatti saphir, binghatti sapph, binghatti sapphi, binghatti sapphires dso, dso binghatti sapphires, binghatti dso, dso bsh, binghatti saphires, binghatti sapphiers, binghatti sapphiires, binghatti sapphires dubai, dubai binghatti sapphires, binghatti sapphires silicons oasis, silicons oasis binghatti sapphires, binghatti sapphires so, so binghatti sapphires, binghatti sapphires ds, ds binghatti sapphires"
District 18,subcommunity,"Jumeirah Village Circle, Dubai","d18, dist 18, district18, dist18, d 18, distric 18, distirct 18, distict 18, destrict 18, jvc d18, jvc dist 18, jvc district 18, district 18 jvc, d18 jvc, dist 18 jvc, jvc district18, jvc d 18, jumeirah village circle district 18, jumeirah village circle d18, district eighteen, d18 jumeirah village circle"
District 19,subcommunity,"Jumeirah Village Circle, Dubai","d19, dist 19, district19, dist19, district nineteen, districtnineteen, dist nineteen, distict 19, distric 19, distrct 19, dstrct 19, jvc district 19, jvc dist 19, jvc d19, district 19 jvc, dist 19 jvc, d19 jvc, jumeirah village circle district 19, jumeirah village circle dist 19, jumeirah village circle d19, jvc district19, jvcd19, jvc d-19, d-19, d-19 jvc, jvc distict 19, jvc distrct 19"
District 1A,subcommunity,"Jumeirah Village Triangle, Dubai","d1a, dist 1a, district1a, dist1a, jvt district 1a, jvt d1a, jvt dist 1a, district 1a jvt, d1a jvt, jvt district1a, jvt dist1a, district one a, district onea, dist one a, jvt district one a, jumeirah village triangle district 1a, jumeirah village triangle d1a, distric 1a, distirct 1a, destrict 1a, disctrict 1a, jvt dist 1, jvt district 1, jvt d1, dist 1, district 1, district1, dist1, d1a jumeirah village triangle, district 1a jumeirah village triangle"
District 1B,subcommunity,"Jumeirah Village Triangle, Dubai","d1b, dist 1b, district1b, dist1b, district 1 b, d 1b, jvt d1b, jvt district 1b, district 1b jvt, d1b jvt, jvt dist 1b, jvt district1b, district1b jvt, destrict 1b, district 1-b, d1-b, jvt d1-b, jvt d 1b, district one b, distric 1b"
Binghatti Stars,subcommunity,"Dubai Silicon Oasis, Dubai","bh, bhs, bstar, bstars, binghatti st, binghatti s, binghatti strs, binghatti starz, binghatti sars, binghatti star, binghatti s tars, binghatti-stars, binghatti_stars, binghattistars, bnghatti stars, bnghatti st, dso binghatti stars, binghatti stars dso, dubai silicon oasis binghatti stars, binghatti stars dubai silicon oasis, binghatti st., binghatti s., bnghatti st., bnghatti s., bhs dso, bh dso, bh dubai silicon oasis, bhs dubai silicon oasis"
District 1C,subcommunity,"Jumeirah Village Triangle, Dubai","d1c, dist 1c, district1c, d 1c, district 1 c, distric 1c, destrict 1c, jvt d1c, jvt dist 1c, jvt district 1c, jvt district1c, d1c jvt, dist 1c jvt, district 1c jvt, district1c jvt, jvt d 1c, jumeirah village triangle d1c, jumeirah village triangle district 1c"
District 1D,subcommunity,"Jumeirah Village Triangle, Dubai","d1d, dist 1d, district1d, dist1d, 1d, district 1 d, dist 1 d, jvt d1d, jvt dist 1d, jvt district 1d, jvt 1d, district 1d jvt, d1d jvt, 1d jvt, jvtd1d, jvtdistrict1d, jumeirah village triangle district 1d, distric 1d, distirct 1d, destrict 1d, district one d, dist one d, jvt district one d"
District 1I,subcommunity,"Jumeirah Village Triangle, Dubai","d1i, dist1i, jvt1i, jvt dist 1i, jvt district 1i, district one i, dist one i, jvt d1i, d 1 i, jvtd1i, dist1, d1, jvt1"
District 1J,subcommunity,"Jumeirah Village Triangle, Dubai","dist 1j, d1j, d 1j, district 1 j, district1j, distic 1j, distric 1j, jvt district 1j, jvt dist 1j, jvt d1j, district 1j jvt, dist 1j jvt, d1j jvt, jvt district1j, jvtd1j, jumeirah village triangle district 1j, district one j, dist one j, district 1-j, jvt district one j"
District 2,subcommunity,"Jumeirah Village Triangle, Dubai","d2, dist 2, dst 2, district2, dist2, destrict 2, distrit 2, distirct 2, jvt d2, jvt district 2, jvt dist 2, district 2 jvt, d2 jvt, jvtd2, d2jvt, jvt district2, jvt dist2, dist 2 jvt"
District 2B,subcommunity,"Jumeirah Village Triangle, Dubai","d2b, dist 2b, dist2b, district2b, d 2b, district 2 b, district two b, dist two b, d two b, distric 2b, distrcit 2b, destrict 2b, distrct 2b, jvt district 2b, jvt dist 2b, jvt d2b, district 2b jvt, dist 2b jvt, d2b jvt, jumeirah village triangle district 2b, jumeirah village triangle dist 2b, jvt district2b, jvt d 2b, district 2b in jvt"
District 2C,subcommunity,"Jumeirah Village Triangle, Dubai","d2c, dist 2c, district2c, dist2c, jvt d2c, jvt district 2c, jvt dist 2c, jvt dist2c, jvtd2c, district 2c jvt, d2c jvt, dist 2c jvt, jumeirah village triangle district 2c, jumeirah village triangle d2c, district 2 c, d 2c, d-2c, district2-c, distric 2c, destrict 2c, district two c"
District 2D,subcommunity,"Jumeirah Village Triangle, Dubai","d2d, dist 2d, district2d, dist2d, jvt d2d, jvt district 2d, jvt dist 2d, district 2d jvt, d2d jvt, jumeirah village triangle district 2d, distric 2d, distict 2d, distrit 2d, jvt 2d, 2d jvt, district two d"
District 2E,subcommunity,"Jumeirah Village Triangle, Dubai","d2e, dist 2e, district2e, jvt d2e, jvt dist 2e, jvt district 2e, jvt district2e, district 2e jvt, district2e jvt, d2e jvt, dist 2e jvt, jumeirah village triangle district 2e, jumeirah village triangle d2e, distric 2e, distrct 2e, dist2e, district two e, jvt 2e, 2e jvt, district 2 e, jvt district 2 e"
District 2F,subcommunity,"Jumeirah Village Triangle, Dubai","d2f, dist2f, jvt2f, jvt dist 2f, jvt district 2f, jvtd2f, jvt d2f, dist 2f, d-2f, jvt 2f, district2f, jvt district2f, jvtdist2f, dist2f jvt"
District 2G,subcommunity,"Jumeirah Village Triangle, Dubai","d2g, dist 2g, district2g, distric 2g, distict 2g, ditrict 2g, d 2g, dist2g, jvt district 2g, jvt dist 2g, jvt d2g, district 2g jvt, dist 2g jvt, d2g jvt, jvt district2g, district2g jvt, jumeirah village triangle district 2g, jumeirah village triangle dist 2g, jumeirah village triangle d2g, district 2 g, dist 2 g, district two g, district twog, distrct 2g, distrcit 2g"
District 3A,subcommunity,"Jumeirah Village Triangle, Dubai","d3a, dist 3a, dist3a, district3a, 3a, 3a jvt, jvt 3a, jvt d3a, jvt dist 3a, jvt district 3a, d3a jvt, dist 3a jvt, district 3a jvt, jumeirah village triangle 3a, jumeirah village triangle district 3a, distric 3a, distrcit 3a, dstrict 3a, district 3 a, dist 3 a, destrict 3a, destrict3a"
District 3B,subcommunity,"Jumeirah Village Triangle, Dubai","d3b, dist 3b, district 3 b, district3b, dist3b, jvt d3b, jvt district 3b, jvt dist 3b, jvt d 3b, district 3b jvt, dist 3b jvt, d3b jvt, jvt 3b, jvt3b, distric 3b, distict 3b, distirct 3b, jumeirah village triangle district 3b, jumeirah village triangle dist 3b, jvt dist3b, jvt district3b"
District 3C,subcommunity,"Jumeirah Village Triangle, Dubai","d3c, dist 3c, district3c, dist3c, d 3c, dst 3c, distrcit 3c, distict 3c, distric 3c, distirct 3c, 3c, district 3 c, d3 c, jvt d3c, jvt district 3c, jvt dist 3c, jvt 3c, district 3c jvt, dist 3c jvt, d3c jvt, 3c jvt, jumeirah village triangle d3c, jumeirah village triangle district 3c, jumeirah village triangle dist 3c, jvt district3c, jvt dist3c, district three c, d three c, dist three c"
District 3D,subcommunity,"Jumeirah Village Triangle, Dubai","dist 3d, jvt dist 3d, d3d, jvt d3d, district3d, jvt district 3d, dist3d, jvt dist3d, dist 3-d, d 3d, jvt d 3d"
District 4,subcommunity,"Jumeirah Village Circle, Dubai","dist 4, d4, dvc 4, jvc dist 4, jvc d4, jvcdist4, jvcd4, dist4, district4, distt 4, distirct 4, destrict 4, dirstrict 4, jvc district 4, jvc d 4, d 4 jvc"
District 4A,subcommunity,"Jumeirah Village Triangle, Dubai","dist4a, d4a, jvt dist 4a, jvt dist4a, jvt d4a, dist 4a jvt, d4a jvt, district4a, district 4 a, dist 4 a, d 4a, jvt 4a, dist-4a, distr4a, jvt dist four a"
District 4B,subcommunity,"Jumeirah Village Triangle, Dubai","d4b, jvt d4b, dist 4b, d 4b, district4b, jvt district 4b, jvt d-4b, d-4b, district four b, d4-b, jvt4b, dist4b, d4 b, jvt dist 4b"
District 4C,subcommunity,"Jumeirah Village Triangle, Dubai","dist4c, d4c, jvt d4c, jvt dist 4c, jvt district 4c, dist4 c, d 4 c, jvt dist 4, jvt d 4c, dist 4 c, jvt district4c, district4c"
District 4D,subcommunity,"Jumeirah Village Triangle, Dubai","d4d, dist4d, jvt d4d, jvt dist 4d, jvtd4d, district4d, d-4d, jvt district 4d, dist 4d jvt, d4d jvt"
District 4E,subcommunity,"Jumeirah Village Triangle, Dubai","dist4e, d4e, d4 e, jvt 4e, jvt dist 4e, dist4-e, district 4 e, jvt district 4e, d 4 e, d4e jvt, jvt 4 e, dist 4e, district 4e jvt"
District 4F,subcommunity,"Jumeirah Village Triangle, Dubai","dist4f, d4f, jvt d4f, jvt district 4f, dist 4f, district4f, jvt dist 4f, d4f jvt, 4f jvt, districtfourf, jvtd4f, dist four f, jvt dist4f"
District 4G,subcommunity,"Jumeirah Village Triangle, Dubai","dist 4g, d4g, djt 4g, jvt 4g, dist4g, district4g, jvt district 4g, d4g jvt, dist 4g jvt, d 4g, distfourg, jvt d4g, jvt dist 4g, dist4g jvt, jvt4g"
District 4H,subcommunity,"Jumeirah Village Triangle, Dubai","d4h, dist4h, jvt d4h, jvt district 4h, district4h, d 4h, jvt d 4h, jvt d-4h, d-4h, jvtd4h, district4h jvt, d4h jvt, 4h jvt, 4h district, jvt 4h, dist 4h, jvt dist 4h, jvt dist4h"
District 5A,subcommunity,"Jumeirah Village Triangle, Dubai","dist5a, d5a, jvt dist 5a, jvt d5a, jvt 5a, dist 5-a, d-5a, district5a, jvt district 5a, jvt dist5a, d5-a, jvt 5-a, distric 5a, destrict 5a, dist 5aa"
District 5B,subcommunity,"Jumeirah Village Triangle, Dubai","dist 5b, d5b, jvt dist 5b, jvt 5b, jvt district 5b, dist5b, d 5b, jvtdist5b, jvt5b, jvt dist5b, district5b, dist 5 b, jvt d5b"
District 5C,subcommunity,"Jumeirah Village Triangle, Dubai","dist5c, jvt 5c, jvt dist 5c, jvt district 5c, d5c, district5c, jvt5c, jvt-5c, dist 5 c, jvt dist5c, jvt d5c, d-5c, jvt district5c, jvt district-5c"
District 5D,subcommunity,"Jumeirah Village Triangle, Dubai","dist5d, d5d, jvt dist 5d, jvt district 5d, d5d jvt, dist5d jvt, jvtdist5d, distric 5d, distric5d, dist 5 d, d5 d, jvt d 5d, jvtd5d, dist5 d, distict 5d"
District 5E,subcommunity,"Jumeirah Village Triangle, Dubai","d5e, dist 5e, jvt d5e, jvt district 5e, dist5e, d 5e, jvt 5e, jvt dist 5e, jvt d5, district 5 e, d-5e, jvt-d5e, dist-5e"
District 5F,subcommunity,"Jumeirah Village Triangle, Dubai","d5f, dist 5f, jvt 5f, jvt dist 5f, dist5f, d5f jvt, jvt d5f, jvt district 5f, dist 5 f, jvt dist5f, district5f, d-5f, jvt-5f, jvt 5 f"
District 5G,subcommunity,"Jumeirah Village Triangle, Dubai","jvt 5g, dist 5g, d5g, 5g jvt, jvt district 5g, dist5g, d-5g, 5g, jvt5g, distric 5g, distrcit 5g, 5g district, jvt-5g"
District 6,subcommunity,"Jumeirah Village Circle, Dubai","dist6, d6, jvc dist 6, jvc district 6, jvc d6, distric 6, dist 6 jvc, d6 jvc, distric6, d6jvc, dist 6, distict 6, distt 6, dist-6, jvc dist6, district6"
District 6A,subcommunity,"Jumeirah Village Triangle, Dubai","d6a, dist 6a, jvt 6a, jvt dist 6a, dist6a, d6a jvt, jvt d6a, dist-6a, d-6a, jvt district 6a, dist6, dista6a, d6, jvt6a"
District 7A,subcommunity,"Jumeirah Village Triangle, Dubai","dist 7a, d7a, jvt 7a, jvt dist 7a, jvt district 7a, 7a jvt, dist7a, d7a jvt, jvtdist7a, jvtd7a, dist 7, 7a district, jvt7a"
District 7B,subcommunity,"Jumeirah Village Triangle, Dubai","dist 7b, d7b, jvt d7b, jvtd7b, jvt district 7b, dist7b, d7 b, jvt dist 7b, jvtdist7b, district7b, d-7b, jvt-d7b, 7b jvt, 7bdst, d7-b, jvt 7b"
District 7C,subcommunity,"Jumeirah Village Triangle, Dubai","dist 7c, d7c, jvt 7c, jvt dist 7c, jvt district 7c, dist7c, d7, jvt d7c, district 7, d-7c, dist seven c, jvt dist seven c, jvt 7-c, 7c jvt"
District 7D,subcommunity,"Jumeirah Village Triangle, Dubai","d7d, dist 7d, jvt d7d, d7d jvt, jvtd7d, dist7d, d-7d, dist7d jvt, jvt dist 7d, dist7-d, dist 7 d, d7-d, jvt 7d, 7d jvt"
District 7E,subcommunity,"Jumeirah Village Triangle, Dubai","dist7e, d7e, dist 7e, jvt 7e, jvt dist 7e, jvt district 7e, jvtdist7e, jvtd7e, dist7, d7, district7, jvt 7, jvt7, d7 e, dist7 e"
District 7F,subcommunity,"Jumeirah Village Triangle, Dubai","dist7f, d7f, jvt d7f, jvt dist 7f, dist7, d7f jvt, jvt7f, dist 7 f, district7f, jvtd7f, dist 7f, d 7f, jvt dist7f, dist seven f, dist7-f"
District 7G,subcommunity,"Jumeirah Village Triangle, Dubai","d7g, dist7g, jvt d7g, jvtd7g, jvt district 7g, district7g, d 7g, jvt dist 7g, jvt dist7g, dstrct 7g, dist 7 g, dist7 g, jvt d-7g"
District 8A,subcommunity,"Jumeirah Village Triangle, Dubai","d8a, dist8a, jvt8a, 8a, district8, jvtdistrict8a, dist8, jvt8, dist 8a, d8a jvt, jvt d8a, distric8a, distri8a, dista8, jvtd8a"
District 8B,subcommunity,"Jumeirah Village Triangle, Dubai","d8b, dist8b, jvt8b, jvt district 8b, dist 8b jvt, dist8b jvt, jvt dist 8b, distrit 8b, distict 8b, dist8, jvt 8b, d8b jvt, district8b, dist8bjvt, 8b jvt, dist 8 b, d 8b"
District 8C,subcommunity,"Jumeirah Village Triangle, Dubai","dist 8c, d8c, jvt dist 8c, jvt district 8c, district8c, jvt8c, jvt 8c, dist8c, d 8c, jvt district8c, dist eight c, jvt dist8c"
District 8D,subcommunity,"Jumeirah Village Triangle, Dubai","dist8d, d8d, jvt dist 8d, jvt district 8d, jvt 8d, dist 8 d, district8d, dist8-d, jvt8d, distric 8d, destrict 8d, d 8 d, jvt distric 8d, jvt dist 8-d"
District 8E,subcommunity,"Jumeirah Village Triangle, Dubai","dist8e, d8e, jvt dist 8e, jvt district 8e, jvt 8e, dist 8e jvt, d8e jvt, dist8e jvt, districteighte, dist 8 e, dist8 e, jvt8e, jvt dist8e, dist 8 e jvt, district8e, dist 8e, jvt district8e"
District 8F,subcommunity,"Jumeirah Village Triangle, Dubai","dist 8f, jvt dist 8f, jvt 8f, d8f, dist8f, dist-8f, jvt district 8f, jvt d8f, d 8f, dist eight f, jvt 8-f, 8f jvt, jvt8f"
District 8G,subcommunity,"Jumeirah Village Triangle, Dubai","dist8g, d8g, jvt dist 8g, jvt 8g, dist 8 g, distri8g, dist 8gee, d8 g, jvt district 8g, dist8 g"
District 8H,subcommunity,"Jumeirah Village Triangle, Dubai","d8h, jvt 8h, 8h jvt, dist 8h, district8h, jvt8h, d8h jvt, 8hjvt, dist8h, dist8 h, jvt district 8h, jvt d8h"
District 8I,subcommunity,"Jumeirah Village Triangle, Dubai","dist 8i, d8i, jvt 8i, jvt district 8i, dist8i, d8i jvt, dist 8, jvt dist 8, jvt 8 i, district8i, d 8i, jvt8i"
District 8J,subcommunity,"Jumeirah Village Triangle, Dubai","d8j, dist8j, jvt d8j, jvt district 8j, jvt d-8j, d-8j, dist 8j, dist 8j jvt, district8j, d8 jvt, jvt 8j, district 8 j, dist8 jvt, jvt8j"
District 8K,subcommunity,"Jumeirah Village Triangle, Dubai","dist8k, d8k, jvt dist 8k, jvt district 8k, jvt d8k, d 8k, dist8, distric 8k, dist 8 k, d8k jvt, dist 8k jvt, jvt8k, d8k dubai, dist8k jvt, jvt dist8k"
District 8L,subcommunity,"Jumeirah Village Triangle, Dubai","d8l, dist8l, district8l, jvt d8l, jvt district 8l, jvt 8l, jvt d-8l, dist 8l, d 8l, jvt dist 8l, jvt dist8l, jvt8l, district 8 l, dist 8 l, jvt district 8 l"
District 8M,subcommunity,"Jumeirah Village Triangle, Dubai","d8m, dist8m, district8m, jvt 8m, jvt district 8m, jvt d8m, jvt dist 8m, jvt dist8m, dist 8m, d 8m, d-8m, jvtd8m, jvtdist8m, distric 8m, distrit 8m, distric8m, destrict 8m, destrict8m, jvt8m, jvt dist 8, jvt d 8"
District 8N,subcommunity,"Jumeirah Village Triangle, Dubai","d8n, dist8n, jvt8n, jvtd8n, dist8, d8, jvtdist8n, jvtdist8, distric8n, jvt dist 8n, jvt 8n, jvt district 8n, d8 n, dist 8 n, jvt8"
District 8O,subcommunity,"Jumeirah Village Triangle, Dubai","dist 80, d80, jvt dist 80, jvt d80, dist80, d8o, dist 8o, jvt district 80, district80, distric 80, jvt 80, 80 jvt"
District 8P,subcommunity,"Jumeirah Village Triangle, Dubai","dist 8p, d8p, jvt dist 8p, jvt d8p, dist8p, district8p, jvt district 8p, jvt dist8p, jvtd8p, jvtdist8p, dist 8-p, dist-8p, jvt8p"
District 8Q,subcommunity,"Jumeirah Village Triangle, Dubai","dist 8q, d8q, jvt dist 8q, jvt 8q, district8q, d8q jvt, jvt dist8q, dist8q, jvt district 8q, d-8q, jvt d8q, district 8 q, dist 8 q, d 8 q"
District 8R,subcommunity,"Jumeirah Village Triangle, Dubai","d8r, dist8r, jvt dist 8r, jvt d8r, jvt district 8r, dist 8 r, dist8, jvt d8, district 8, d 8r, jvt dist8r, dist-8r, jvt-d8r, jvt district8r"
District 8S,subcommunity,"Jumeirah Village Triangle, Dubai","dist8s, d8s, jvt dist 8s, jvt district 8s, dist8 s, d8 s, jvtdist8s, distict 8s, dist 8 s, dist8s jvt, jvt8s, dist8-s, d-8s, distrit 8s, district8s, dist8ss, jvt dist8s"
District 8T,subcommunity,"Jumeirah Village Triangle, Dubai","d8t, jvt 8t, jvt district 8t, dist 8t, jvt d8t, 8t jvt, d 8t, jvt8t, dist8t, district8t, d8 t, jvt district8t, 8tdistrict, jvtdistrict8t"
District 8U,subcommunity,"Jumeirah Village Triangle, Dubai","dist8u, d8u, jvt 8u, jvt dist 8u, dist-8u, dist 8, jvt dist8, distric 8u, distict 8u, dist8, jvtdist8u, district8u, d8u jvt, jvt8u"
District 8V,subcommunity,"Jumeirah Village Triangle, Dubai","dist8v, d8v, jvt dist 8v, jvt district 8v, jvt d8v, jvt8v, dist8v jvt, dist 8, jvt 8, jvt8, distrit 8v, distric 8v, d8v jvt, district8v"
District 9,subcommunity,"Al Zorah, Ajman","d9, dist9, d-9, dist 9, alzorah d9, d9 alzorah, alzorah dist 9, dist9 alzorah, alzorahdistrict9, alzorahd9, dist9ajman, d9ajman, alzorad9, alzoradist9, alzoradistrict9"
District 9A,subcommunity,"Jumeirah Village Triangle, Dubai","d9a, dist9a, jvt9a, d9a jvt, jvt dist 9a, dist 9a jvt, jvt district 9a, dist9-a, d-9a, jvt d9a, district 9a jvt, dist. 9a, jvt dist9a"
District 9B,subcommunity,"Jumeirah Village Triangle, Dubai","d9b, dist9b, jvt d9b, d9b jvt, district9b, jvt district 9b, jvt 9b, 9b jvt, jvt9b, dist 9b, d-9b, jvt dist 9b"
District 9C,subcommunity,"Jumeirah Village Triangle, Dubai","d9c, dist 9c, district9c, jvt 9c, jvt dist 9c, jvt district 9c, 9c jvt, dist9c, jvt9c, distc9, distict 9c, distrcit 9c, distric 9c, jvt dist9c"
District 9D,subcommunity,"Jumeirah Village Triangle, Dubai","dist9d, d9d, dist 9d, jvt dist 9d, jvt d9d, jvt 9d, d 9d, dist9, d9, distnine d, jvt district 9d, dist.9d, dist9-d, d-9d, jvt9d"
Binghatti Terraces,subcommunity,"Dubai Silicon Oasis, Dubai","bingt, bht, binghatti t, binghatti ter, binghatti ter., binghatti teras, binghatti teracs, binghatti terass, binghatti terasss, binghatti teraces, binghati terraces, binghatti terraces dso, dso binghatti terraces, dso binghatti, binghatti dso, dso bht, binghatti terr, binghatti terr., binghatti terrs, binghatti terrac, binghatti terrac., binghatti terracess, binghatti terracss, binghatti terracss., binghatti terracss dso, dso binghatti terr, binghatti terr dso, dso binghatti t, binghatti t dso, binghatti t."
District 9E,subcommunity,"Jumeirah Village Triangle, Dubai","d9e, dist9e, jvt 9e, jvt dist 9e, jvt district 9e, dist9e jvt, d9e jvt, dist 9 e, distict 9e, distrcit 9e, jvt d9e, 9e jvt, jvt-9e, jvt 9-e"
District 9F,subcommunity,"Jumeirah Village Triangle, Dubai","d9f, dist 9f, jvt 9f, jvt district 9f, d9 f, dist9f, jvtd9f, jvt d9f, district9f, 9f jvt, 9f jumeirah village triangle, distninef, jvt dist 9f"
District 9G,subcommunity,"Jumeirah Village Triangle, Dubai","d9g, jvt d9g, d 9g, dist 9g, d-9g, jvt d-9g, d9g jvt, district9g, jvtd9g, d9 g, d9g jumeirah village triangle"
District 9H,subcommunity,"Jumeirah Village Triangle, Dubai","d9h, jvt d9h, d9h jvt, d9h jumeirah village triangle, dist 9h, d9h triangle, jvt dist 9h, jvt district 9h, d9h-jvt, d9hjvt, jvt9h, d9 h, dist9h"
District 9I,subcommunity,"Jumeirah Village Triangle, Dubai","dist 9i, d9i, jvt dist 9i, jvt 9i, dist9i, d 9i, distninei, dist nine i, dist 9 i, jvt district 9i, district9i, distric 9i, dist 9-i, jvt 9-i, 9i jvt, dist nine-i"
District 9J,subcommunity,"Jumeirah Village Triangle, Dubai","dist 9j, d9j, jvt 9j, jvt district 9j, district9j, d9j jvt, dist9j, jvt9j, dist 9-j, dist 9 j, 9j jvt, 9j district, jvt dist 9j, distric 9j, distrct 9j"
District 9K,subcommunity,"Jumeirah Village Triangle, Dubai","dist 9k, d9k, jvt dist 9k, jvt district 9k, jvt 9k, jvt9k, dist9k, district9k, d-9k, jvt dist9k, jvt d9k, d 9k, district nine k, dist nine k"
District 9L,subcommunity,"Jumeirah Village Triangle, Dubai","dist9l, d9l, jvt 9l, jvt dist 9l, dist9l jvt, d9l jvt, jvt dist9l, jvt d9l, distnine l, dist nine l, d9 l, dist 9 l, jvt distnine l, distrit 9l, distrct 9l, dist 9l jvt, jvt district 9l"
District 9M,subcommunity,"Jumeirah Village Triangle, Dubai","dist 9m, d9m, jvt dist 9, jvt 9m, dist9m, district9m, jvt district 9m, d9m jvt, jvtd9m, dist nine m, d9m jumeirah village triangle, dist ninem, jvt d9m, dist9m jvt, 9m jvt"
District 9N,subcommunity,"Jumeirah Village Triangle, Dubai","dist9n, d9n, dist9, jvt9n, jvt dist 9n, jvt district 9n, district9n, dist-9n, d9 n, jvt9, distric 9n, distr 9n, jvt 9n, distn9"
District 9O,subcommunity,"Jumeirah Village Triangle, Dubai","dist9, d9o, d9, jvt d9, jvt dist 9, dist 9o, dist9o, jvt district 9o, jvtd9, dist9o jvt, dist nine o, d 9 o, jvt d9o"
Diva,subcommunity,"Yas Island, Abu Dhabi","diva yas, yas diva, diva yas island, dv yas, divayas, dyas, diva residences, diva ya, divaisland"
Divine homes,subcommunity,"Jumeirah Village Circle, Dubai","divine, divinejvc, divinehomesjvc, jvcdivine, divine hms, divin homes, divinehome, divinhome, divinehms, divine jvc, divinehmes, divinhomes, divinehomejvc"
Divine Living,subcommunity,"Arjan, Dubai","divine, divinelivingarjan, divineliving, dl arjan, dlarjan, divinliving, divien living, devine living, divineliving arjan, divin living arjan, divinearjan"
Divine Residence,subcommunity,"Arjan, Dubai","divine res, divineres, divineresidence, divin resid, divin residence, divine arjan, arjan divine, divineres arjan, divin res arjan, divinres, divinres arjan, divineresd, dvine res, divine residnce, divine resdnce"
DMC Staff Accommodation,subcommunity,"Maritime City, Dubai","dmc staff, dmc staff acco, dmc staff accom, dmc staff acc, dmc acco, maritime city staff, maritime staff, dmc staff accmd, dmcstaff, dmcstaffacc, dmcstaffaccommodation, dmcstaf, dmcc staff, maritime city staff acc, dmc staff housing, dmc housing, dmc staff accommodation dubai"
DMS Building,subcommunity,"Jumeirah Village Circle, Dubai","dms, dms bldg, dms jvc, jvc dms, dmsbuilding, dmsbuild, dms resid, dms res, dmsjvc, jvcdms, dms jumeirah village circle, dms village circle"
Dolphin Tower,subcommunity,"Business Bay, Dubai","dolphintwr, dolphtwr, dolphin, dolphinbb, bbdolphin, dolphintowerbb, dolphintowr, dolphintw, dolphintowre, dolphintowerbusinessbay, businessbaydolphin, dolpin, dolphentower, dolphentwr, dlphintwr"
Dome Tower,subcommunity,"Al Jaddaf, Dubai","dometwr, dome, jaddaf dome, dome al jaddaf, dome tower al jaddaf, dome tower jaddaf, dome jaddaf, dome twr, dometower, dometower jaddaf, dometower aljaddaf, aljaddaf dome, jaddaf dome tower, dome towerr, dom tower, dme tower"
Domestic Staff Accommodation,subcommunity,"Arjan, Dubai","staff accom, arjan staff accom, staff accommodation arjan, staff acco, staff acc, staffaccom, staffacomm, arjan staff, staff accommodation, arjan staff accommodation, staff accomdation, staff accomodation, staff acommodation, staff accomodation arjan"
Donna Towers,subcommunity,"Dubai Silicon Oasis, Dubai","donna tower, donnatowers, donna, dso donna, donna dso, silicon oasis donna, donna silicon, dnatowers, donatowers, donatower, donatwr, dntwr, donna twr, donna turs"
Dorchester Collection Dubai,subcommunity,"Business Bay, Dubai","dorchester, dc, dorchester collection, dorchester dubai, dc business bay, dorchester business bay, the dorchester, dch, dorchester col, dorchester coll, dorchestercol, dorchestercolldubai, dorchestr, dorchester res, dorchester residences, dorchestr collection, dcresidences, dcbusinessbay, dorchesterbb, dorchestor, dorchesta"
Dorna Tower,subcommunity,"Jumeirah Village Circle, Dubai","dorna, dornatower, jvc dornatower, jvcdorna, dorna jvc, drona tower, dorna twr, dornatwr, dorna tr, jvc dorna tower, dorna tower jvc"
Dorra Bay,subcommunity,"Dubai Marina, Dubai","db, dorra, dorabay, dorra bay marina, dorama, dorraby, dorrabay marina, dorabay marina, db marina, dorr bay, doral bay, dorrabay dxb"
DoubleTree by Hilton Abu Dhabi,subcommunity,"Yas Island, Abu Dhabi","dt hilton, double tree ad, dt yas, doubletree yas, dt abu dhabi, doubletree ad, dt hilton yas, double tree yas, doubletree, dt hilton abu dhabi, yas double tree, dt ad, double tree hilton, doubletree hilton yas, dt hilton yas island, doubletree yas island, doubletreead, dthilton, dtyas, doubletreeyas"
DoubleTree By Hilton Al Jadaf,subcommunity,"Al Jaddaf, Dubai","doubletree jaddaf, dt al jaddaf, dt jaddaf, double tree jadaf, doubletree al jadaf, dt al jadaf, jaddaf doubletree, al jaddaf doubletree, doubletree al jadhaf, dt jadhaf, doubletree al jdaf, dt al jdaf, doubletreealjaddaf, doubletreealjadaf, dtaljaddaf, dtaljadaf, dthilton jaddaf, double tree hilton jaddaf"
DoubleTree by Hilton Ras Al Khaimah,subcommunity,"Dafan Al Khor, Ras Al Khaimah","dt rak, double tree rak, doubletree rak, doubletree ras al khaimah, dt ras al khaimah, dafan al khor doubletree, doubletree dafan, dt dafan, dbl tree rak, dbltree rak, doubletre rak, doubletree rk, dt rk, double tree khor, dbl tree khor, double tree al khor, dt al khor, doubletreeal khor, doubletreerak, dtrak, dbltreerak"
Downtown Avenue,subcommunity,"Marmooka City, Ajman","downtown ave, dt avenue, dt ave, downtownav, downtownmarmooka, marmooka downtown, marmookadt, dtown ave, downtown aven, downtown av, downtownavenue, dtavenue, marmookadowntown, downtownaveajman, dtownavenue"
Downtown Plaza Hotel Apartments,subcommunity,"Hamdan Street, Abu Dhabi","downtown plaza, dt plaza, downtown plaza hotel, downtown plaza apts, downtown plaza hotel apts, dt plaza auh, hamdan downtown plaza, downtown plaza hamdan st, downtownplazahotel, downtownplazahotelapts, dwn twn plaza, downton plaza, downtown plazza, dtown plaza, dt plaza hamdan, hamdan st downtown plaza, downtown plaza apartment, dt plaza hotel"
Downtown Views II,subcommunity,"Downtown Dubai, Dubai","dt views 2, downtown views 2, dv2, dt views ii, dv ii, downtownviews2, dtviews2, downtownview2, dtview2, dtview 2, dwn twn views 2, dwn twn views ii, dt views two, downtown views two, dtown views 2, dt view 2, dtv2"
Dragon Mart,subcommunity,"International City, Dubai","dragomart, dragonmart1, dragonmart2, dragonmrt, dm, dmart, dragomarket, dragon mart 1, dragon mart 2, intl city dragon mart, dragonmart international city, dragomartic, dragomartintl, dragonmrt1, dragonmrt2, d-mart"
Dragon Views,subcommunity,"International City, Dubai","dv, dragonview, drgn views, dragon v, int city dragon views, dragon views intl city, dragonviews, dragonv, dragonveiws, dragno views, dragon viwes, intl city dv, dv international city, dragon views international city"
Dream Harbour Tower,subcommunity,"Dubai Waterfront, Dubai","dreamharbour, dht, dream harbour, dwh dream harbour, dream harbor, dreamharbortower, dht dubai waterfront, dreamhbr, dhr dream harbour, dream harbr, dreamharbour twr, dwt dream harbour, dht waterfront, dreamharbourtwr"
Dream Island,subcommunity,"Al Marjan Island, Ras Al Khaimah","dream isl, dreamis, dream island rak, rak dream island, al marjan dream, d-island, dream isl rak, dreamisld, dreamisl, dreamiseland, drem island, dreamis land, marjan dream, rak dream, dream islnd"
Dream Tower,subcommunity,"Dubai Marina, Dubai","dt, d-twr, dreamtwr, dream tower marina, dream tower dm, drem tower, dreem tower, dreamtower, dreamtowers, marina dream tower, dm dream tower, dreamtwr marina, drem twr"
Dream Towers,subcommunity,"Dubai Marina, Dubai","dt, dt marina, dreamtowers, dream tower, dtm, dreamtwr, dtm marina, dream twr, dreamtowers marina, dream tower marina, dream towers marina, dreamtowersmarina, dreamtowermarina"
DT1,subcommunity,"Downtown Dubai, Dubai","dt1 tower, dt-1, dt one, downtown dt1, dt1 downtown, dt one dubai, downtowndt1, dtone, dt 1, downtown dt one"
Dubai Autism Center,subcommunity,"Al Garhoud, Dubai","dac, dubai autism, autism center, dxb autism, al garhoud autism, autism center garhoud, dac garhoud, autisim center, autizm center, garhoud autism center, dacdubai, garhouddac, autismcenter, autismctr, dxbautismcenter"
Dubai Autodrome and Business Park,subcommunity,"Motor City, Dubai","autodrome, motor city autodrome, dap, motor city dap, autodrom, motorcity autodrome, autodrome business park, d-a-p, motorcitydap, autodrom business park, motor city business park, motorcity business park, abp, motor city abp"
Dubai Commercity,subcommunity,"Umm Ramool, Dubai","dcc, commercity, dubai commer city, dubaicommercity, comercity umm ramool, dcc umm ramool, umm ramool dcc, dcc dubai, commersity, commercity dubai, dccubai"
Dubai Creek Golf and Yacht Club Residences,subcommunity,"Al Garhoud, Dubai","creek golf, creek golf residences, dxb creek golf, creek golf yatch, creek golf yacht, creek golf club, garhoud creek golf, creek golf garhoud, dxb creek golf residences, creekgolf, creekgolfresidences, creek golf res, creek golf club res, creek golf yatch club, creek golf yacht club, creek golf yatch res, creek golf yacht res, creek golf and yacht, creek golf and yatch, creekgolfgarhoud, garhoudcreekgolf"
Dubai Creek Residence Tower 1 North,subcommunity,"Dubai Creek Harbour (The Lagoons), Dubai","dch t1, dch tower 1, creek residence 1, creek tower 1, dch north, creek harbour t1, dch t1 north, creek res 1, dubai creek 1, dch tower 1 north, creek harbour tower 1, dch t1 n, creek res t1, dch t1north, dch t1n, creek residence n, creek residence north, dch-t1, dch-t1-north, creek residence 1 n, dch tower 1n, creek harbor t1, creek residnce 1, creek resedence 1, dch t 1, creek residnce t1, dch tower one, creek residence one, dch north tower 1"
Dubai Creek Residence Tower 1 South,subcommunity,"Dubai Creek Harbour (The Lagoons), Dubai","dcr1, dcr south, creek residence 1, creek towers 1, dcr tower 1, creek harbour tower 1, dch tower 1, creek residence south, dcr 1 south, dcr-1, creek residences 1, dch t1, dcr t1, creek residence t1, creek harbour south tower 1, dch tower 1 south, dcr1 south, creekresidence1, dcr1south, dcr tower one, creek residence one, dch t1 south, creek harbour t1, creek harbour tower one, dcr south tower 1"
Dubai Creek Residence Tower 2 North,subcommunity,"Dubai Creek Harbour (The Lagoons), Dubai","dch t2, dch tower 2, creek residence t2, creek harbour t2, dch t2 north, creek tower 2, creek t2, creek residence north, dch north t2, creekresidence, creekres, dch tower2, creek harbour tower 2, creek harbour t2 north, dch t2n, creek t2 north, crek residence t2, creek residance t2, dch t-2, creek harbour t2n, creek t2n, dch t 2, creek harbour t-2, creekres t2"
Dubai Creek Residence Tower 2 South,subcommunity,"Dubai Creek Harbour (The Lagoons), Dubai","dch t2, dch tower 2 south, creek residence 2, dch t2s, creek harbour t2, dcrt2, dch t2 south, creek t2, creek residences 2, dch tower 2, creek harbour residence 2, dch t 2 south, creek t2s, dch tower2, creek tower 2, creek residence t2, dcrt 2, dch 2s, creek harbour t2s, dch south tower 2, creekresidences2, dch tower 2s, creek residences south 2, creek t2 south"
Dubai Creek Residence Tower 3 North,subcommunity,"Dubai Creek Harbour (The Lagoons), Dubai","dch t3, creek harbour t3, dch tower 3, creek residence 3, dch t3 north, creek harbour tower 3, creek residence t3, dch residence 3, creek harbour t3n, dch t3n, creekresidence3, creekresidence, dcht3, creek t3, dch tower 3 north, creek harbour t3 north, creekresidence3north, creek res 3, creekres3, creek harbor t3, creek harbour tower 3 north, creek residence 3n, creek residence t3n"
Dubai Creek Residence Tower 3 South,subcommunity,"Dubai Creek Harbour (The Lagoons), Dubai","dcr3, dcr tower 3, creek residence 3, creek residences 3, dch tower 3, creek harbour tower 3, dcr-3, dcr south, creek res 3, dch res 3, dch res tower 3, creek residences south, dcr3 south, dch t3, creek tower 3, dubai creek res 3, dcr t3, creek harbour res 3, dch residences 3, creekresidence3, dcr3south, dch3, creek res tower 3, dch t3 south, creekres3"
Dubai Harbour Residences,subcommunity,"Dubai Harbour, Dubai","dhr, dh residences, harbour residences, dubai harbour res, dh res, dhres, dubaiharbourresidences, dubaiharbourres, harbourres, dhr residences, harbourresidences, dubia harbour residences, dubi harbour residences, dxb harbour residences, dh residence, dhr res"
Dubai Insurance Building,subcommunity,"Al Satwa, Dubai","dib, satwa dib, dubai insurance, insurance bldg, ins bldg, dib satwa, satwa ins bldg, dubai ins, satwainsurance, insbldg, dxb insurance, dubai ins building, satwa insurance building, dibuilding"
Dubai Investment Park 1 (DIP 1),subcommunity,"Dubai Investment Park (DIP), Dubai","dip1, dip 1, dip one, dubai investment park 1, dipfirst, dip-1, dipone, d i p 1, dip, dip-one, dip-i, dip i, dubai investment park one, dip 1 area, dip1area"
Dubai Investment Park 2 (DIP 2),subcommunity,"Dubai Investment Park (DIP), Dubai","dip2, dip 2, dubai investment park 2, dip two, dip-2, dip phase 2, dip phase2, dip ii, dubai investment park ii, investment park 2, dip2 dubai, dip 2 dubai, d i p 2, dipii, dubainvestmentpark2, dip2nd, dip 2nd, dip 2 phase"
Dubai Islands,subcommunity,"Deira, Dubai","di, dubaiislands, d islands, deira islands, deiraislands, dubai island, di islands, deiraisland, dubaii, d-islands, d.islands"
Dubai Jewel Tower,subcommunity,"Dubai Media City, Dubai","dj tower, jewel tower, djt, media city jewel, jewel tower media city, jewel dmc, djtmc, dubai jewel, jeweltower, djtower, jewel t, jw tower, jewell tower, jewel tower dmc, dmc jewel tower, dmc jewel, dj tower media city"
Dubai Lagoon,subcommunity,"Dubai Investment Park (DIP), Dubai","dl, dlagoons, d-lagoon, dubailagoon, dip lagoon, lagoon dip, d.l, dlagon, dubaidip, dip dl, dlagoon, d. lagoon"
Dubai Logistics City,subcommunity,"Dubai South (Dubai World Central), Dubai","dlc, dubai logistics, logistics city, dlc dubai, dlc south, dwc logistics, dubai south logistics, dubailogisticscity, dlc community, logistisc city, logistcs city, dlc logistcs, dlc logistics, dlc dxb, dxb logistics, dlc-dxb, logistcs cty, dlc dxb south"
Dubai Marina Mall Hotel,subcommunity,"Dubai Marina, Dubai","marina mall hotel, dmmh, marina mall, marina mall htl, dubaimarina mall hotel, marina mallhotl, marinamall, marinamallhotel, marina mall h, dmm hotel, marina mal hotel, marina mall hotell, marinamallhtl, marina mall htel"
Dubai Marina Moon,subcommunity,"Dubai Marina, Dubai","marinamoon, moon marina, dmm, marina moon dxb, dubaimarinamoon, marina moon dubai, mrmoon, marinamoonresidence, moon res, marinamoon tower, marina moon bldg"
Dubai Marina Walk,subcommunity,"Dubai Marina, Dubai","marina walk, mwalk, m-walk, marina walk dubai, walk marina, mrinawalk, marina wlk, mrina walk, marinawalk, marina walk dxb, mwalk dubai, marina walk sub, marina walk area"
Binghatti Tulip,subcommunity,"Jumeirah Village Circle, Dubai","bh tulip, bgt, bing tul, binghatti tul, binghatti tlp, binghatti tulp, binghatti tulpi, binghatti tulipjvc, jvc binghatti tulip, binghattitulip, bingtulip, binghatti-tulip, binghatti tulip dubai, binghatti tulip jvc, bhtulip, binghatti tulip., bing"
Binghatti Venus,subcommunity,"Jumeirah Village Circle, Dubai","bh venus, bvh, binghatti v, binghatti ven, binghatti venus dub, binghatti vns, bnghatti venus, binghatti-venus, binghattivenus, binghatti venuse, binghatti veenus, binghatti venos, binghatti vneus, binghatti vns dub, jvc binghatti venus, binghatti venus jvc, jumeirah village circle binghatti venus, binghatti venus jumeirah village circle, jvc binghatti v, binghatti v jvc, jvc binghatti, binghatti jvc, jvc venus, venus jvc, jvcbinghatti venus, binghatti venusjvc, jvcbinghatti, binghatti jvc venus, jvc binghatti ven, binghatti ven jvc"
